"index","short_name","name","position","team","bye_week","injury_text","injury_class","game_status","points","stat_2","stat_3","stat_4","stat_5","stat_6","stat_7","stat_8","stat_9","stat_10","stat_11","stat_12"
"1","D. Jones","D. Jones","QB","NYG","10","","injury-status","Final L 13-27 vs DEN","167","62","298","2","1","1","16","-","232","361","2428","10"
"2","T. Lance","T. Lance","QB","SF","6","","injury-status","Final W 41-33 @ DET","67","38","168","1","-","-","-","-","41","71","603","5"
"3","J. Fields","J. Fields","QB","CHI","10","","injury-status","Final L 14-34 @ LAR","125","72","420","2","-","-","-","-","159","270","1870","7"
"4","B. Mayfield","B. Mayfield","QB","CLE","13","","injury-status","Final L 29-33 @ KC","188","37","134","1","-","-","11","-","253","418","3010","17"
"5","M. Ryan","M. Ryan","QB","ATL","6","","injury-status","Final L 6-32 vs PHI","224","40","82","1","-","-","-","-","375","560","3968","20"
"6","T. Lawrence","T. Lawrence","QB","JAX","7","","injury-status","Final L 21-37 @ HOU","207","73","334","2","-","-","-","-","359","602","3641","12"
"7","T. Taylor","T. Taylor","QB","HOU","10","Ques","injury-status questionable","Final W 37-21 vs JAX","84","19","151","3","-","-","-","-","91","150","966","5"
"8","D. Hopkins","D. Hopkins","WR","ARI","12","Ques","injury-status questionable","Final W 38-13 @ TEN","126","-","-","-","42","64","572","8","-","-","-","-"
"9","J. Winston","J. Winston","QB","NO","6","","injury-status","Final W 38-3 vs GB","118","32","166","1","-","-","-","-","95","161","1170","14"
"10","J. Goff","J. Goff","QB","DET","9","","injury-status","Final L 33-41 vs SF","194","17","87","-","-","-","-","-","332","494","3245","19"
"11","Z. Wilson","Z. Wilson","QB","NYJ","6","","injury-status","Final L 14-19 @ CAR","158","29","185","4","-","1","-","-","213","383","2334","9"
"12","M. Jones","M. Jones","QB","NE","14","Ques","injury-status questionable","Final L 16-17 vs MIA","231","44","129","-","-","-","-","-","352","521","3801","22"
"13","T. Bridgewater","T. Bridgewater","QB","DEN","11","","injury-status","Final W 27-13 @ NYG","209","30","106","2","-","-","-","-","285","426","3052","18"
"14","B. Roethlisberger","B. Roethlisberger","QB","PIT","7","","injury-status","Final W 23-16 @ BUF","217","20","5","1","-","-","-","-","390","605","3740","22"
"15","A. Robinson","A. Robinson","WR","CHI","10","","injury-status","Final L 14-34 @ LAR","68","-","-","-","38","66","410","1","-","-","-","-"
"16","J. Garoppolo","J. Garoppolo","QB","SF","6","","injury-status","Final W 41-33 @ DET","232","38","51","3","-","-","-","-","301","441","3810","20"
"17","R. Woods","R. Woods","WR","LAR","11","","injury-status","Final W 34-14 vs CHI","115","8","46","1","45","69","556","4","-","-","-","-"
"18","M. Sanders","M. Sanders","RB","PHI","14","","injury-status","Final W 32-6 @ ATL","103","137","754","-","26","34","158","-","-","-","-","-"
"19","D. Waller","D. Waller","TE","LV","8","","injury-status","Final W 33-27 vs BAL","106","-","-","-","55","93","665","2","-","-","-","-"
"20","J. Jeudy","J. Jeudy","WR","DEN","11","","injury-status","Final W 27-13 @ NYG","65","2","3","-","38","56","467","-","-","-","-","-"
"21","C. Newton","C. Newton","QB","CAR","13","","injury-status","Final W 19-14 vs NYJ","87","47","230","5","-","-","-","-","69","126","684","4"
"22","D. Henderson","D. Henderson","RB","LAR","11","","injury-status","Final W 34-14 vs CHI","149","149","688","5","29","40","176","3","-","-","-","-"
"23","K. Golladay","K. Golladay","WR","NYG","10","","injury-status","Final L 13-27 vs DEN","71","-","-","-","37","76","521","-","-","-","-","-"
"24","T. Hockenson","T. Hockenson","TE","DET","9","","injury-status","Final L 33-41 vs SF","115","-","-","-","61","84","583","4","-","-","-","-"
"25","D. Lock","D. Lock","QB","DEN","11","","injury-status","Final W 27-13 @ NYG","51","10","53","2","1","1","1","-","67","111","787","2"
"26","M. Thomas","M. Thomas","WR","NO","6","","injury-status","Final W 38-3 vs GB","-","-","-","-","-","-","-","-","-","-","-","-"
"27","A. Dalton","A. Dalton","QB","CHI","10","Ques","injury-status questionable","Final L 14-34 @ LAR","92","16","76","-","-","-","-","-","149","236","1515","8"
"28","T. Sermon","T. Sermon","RB","SF","6","","injury-status","Final W 41-33 @ DET","27","41","167","1","3","4","26","-","-","-","-","-"
"29","R. Moore","R. Moore","WR","ARI","12","IR","injury-status ir","Final W 38-13 @ TEN","79","18","76","-","54","64","435","1","-","-","-","-"
"30","W. Fuller","W. Fuller","WR","MIA","14","Ques","injury-status questionable","Final W 17-16 @ NE","7","-","-","-","4","8","26","-","-","-","-","-"
"31","R. Mostert","R. Mostert","RB","SF","6","","injury-status","Final W 41-33 @ DET","2","2","20","-","-","-","-","-","-","-","-","-"
"32","D. Mooney","D. Mooney","WR","CHI","10","Ques","injury-status questionable","Final L 14-34 @ LAR","179","6","32","1","81","140","1055","4","-","-","-","-"
"33","J. Reagor","J. Reagor","WR","PHI","14","Out","injury-status out","Final W 32-6 @ ATL","60","10","32","-","33","57","299","2","-","-","-","-"
"34","G. Davis","G. Davis","WR","BUF","7","Out","injury-status out","Final L 16-23 vs PIT","108","-","-","-","35","63","549","6","-","-","-","-"
"35","H. Ruggs","H. Ruggs","WR","","","","injury-status","BYE","73","3","16","-","24","36","469","2","-","-","-","-"
"36","S. Shepard","S. Shepard","WR","NYG","10","","injury-status","Final L 13-27 vs DEN","60","1","-9","-","36","53","366","1","-","-","-","-"
"37","T. Williams","T. Williams","RB","BAL","8","","injury-status","Final L 27-33 @ LV","36","35","185","1","9","12","84","-","-","-","-","-"
"38","S. Darnold","S. Darnold","QB","CAR","13","","injury-status","Final W 19-14 vs NYJ","161","48","222","5","-","-","-","-","243","406","2527","9"
"39","T. Marshall","T. Marshall","WR","CAR","13","","injury-status","Final W 19-14 vs NYJ","24","-","-","-","17","30","138","-","-","-","-","-"
"40","J. Palmer","J. Palmer","WR","LAC","7","","injury-status","Final W 20-16 @ WAS","76","1","6","-","33","49","353","4","-","-","-","-"
"41","T. Williams","T. Williams","WR","","","Ques","injury-status questionable","BYE","2","-","-","-","2","3","14","-","-","-","-","-"
"42","P. Campbell","P. Campbell","WR","IND","14","Ques","injury-status questionable","Final L 16-28 vs SEA","27","-","-","-","10","20","162","1","-","-","-","-"
"43","D. Brown","D. Brown","WR","WAS","9","","injury-status","Final L 16-20 vs LAC","22","1","-4","-","12","25","165","-","-","-","-","-"
"44","T. Smith","T. Smith","WR","NO","6","","injury-status","Final W 38-3 vs GB","71","-","-","-","32","50","377","3","-","-","-","-"
"45","D. Slayton","D. Slayton","WR","NYG","10","","injury-status","Final L 13-27 vs DEN","55","1","-13","-","26","58","339","2","-","-","-","-"
"46","R. Cobb","R. Cobb","WR","GB","13","","injury-status","Final L 3-38 @ NO","79","1","1","-","28","39","375","5","-","-","-","-"
"47","Q. Cephus","Q. Cephus","WR","DET","9","","injury-status","Final L 33-41 vs SF","42","-","-","-","15","22","204","2","-","-","-","-"
"48","J. Love","J. Love","QB","GB","13","","injury-status","Final L 3-38 @ NO","21","12","27","-","-","-","-","-","36","62","411","2"
"49","Z. Pascal","Z. Pascal","WR","IND","14","","injury-status","Final L 16-28 vs SEA","75","2","21","-","38","69","384","3","-","-","-","-"
"50","N. Collins","N. Collins","WR","HOU","10","","injury-status","Final W 37-21 vs JAX","67","-","-","-","33","61","446","1","-","-","-","-"
"51","S. Watkins","S. Watkins","WR","BAL","8","","injury-status","Final L 27-33 @ LV","56","-","-","-","27","49","394","1","-","-","-","-"
"52","D. Robinson","D. Robinson","WR","KC","12","Sus","injury-status sus","Final W 33-29 vs CLE","57","-","-","-","25","41","264","3","-","-","-","-"
"53","Q. Watkins","Q. Watkins","WR","PHI","14","Ques","injury-status questionable","Final W 32-6 @ ATL","95","1","3","-","43","62","647","1","-","-","-","-"
"54","K. Hamler","K. Hamler","WR","DEN","11","","injury-status","Final W 27-13 @ NYG","10","-","-","-","5","10","74","-","-","-","-","-"
"55","M. Goodwin","M. Goodwin","WR","CHI","10","","injury-status","Final L 14-34 @ LAR","47","2","-1","-","20","40","313","1","-","-","-","-"
"56","T. Hilton","T. Hilton","WR","IND","14","","injury-status","Final L 16-28 vs SEA","63","-","-","-","23","37","331","3","-","-","-","-"
"57","C. Samuel","C. Samuel","WR","WAS","9","Ques","injury-status questionable","Final L 16-20 vs LAC","7","4","11","-","6","9","27","-","-","-","-","-"
"58","J. Brown","J. Brown","WR","TB","7","","injury-status","Final W 31-29 vs DAL","-","-","-","-","-","3","-","-","-","-","-","-"
"59","O. Zaccheaus","O. Zaccheaus","WR","ATL","6","","injury-status","Final L 6-32 vs PHI","74","1","2","-","31","53","406","3","-","-","-","-"
"60","J. Guyton","J. Guyton","WR","LAC","7","","injury-status","Final W 20-16 @ WAS","81","7","34","-","31","48","448","3","-","-","-","-"
"61","T. Jones","T. Jones","RB","NO","6","","injury-status","Final W 38-3 vs GB","20","54","142","-","5","8","29","-","-","-","-","-"
"62","D. Mims","D. Mims","WR","NYJ","6","","injury-status","Final L 14-19 @ CAR","17","-","-","-","8","23","133","-","-","-","-","-"
"63","A. Rodgers","A. Rodgers","WR","GB","13","","injury-status","Final L 3-38 @ NO","6","1","11","-","4","8","45","-","-","-","-","-"
"64","B. Pringle","B. Pringle","WR","KC","12","","injury-status","Final W 33-29 vs CLE","105","-","-","-","42","60","568","5","-","-","-","-"
"65","P. Williams","P. Williams","WR","MIA","14","","injury-status","Final W 17-16 @ NE","11","1","7","-","6","16","71","-","-","-","-","-"
"66","J. Smith","J. Smith","TE","NE","14","Ques","injury-status questionable","Final L 16-17 vs MIA","52","9","40","-","28","45","294","1","-","-","-","-"
"67","C. Kmet","C. Kmet","TE","CHI","10","","injury-status","Final L 14-34 @ LAR","91","1","-","-","60","93","612","-","-","-","-","-"
"68","B. Jarwin","B. Jarwin","TE","DAL","7","","injury-status","Final L 29-31 @ TB","27","-","-","-","11","18","96","2","-","-","-","-"
"69","D. Harty","D. Harty","WR","NO","6","Ques","injury-status questionable","Final W 38-3 vs GB","93","5","41","-","36","59","570","3","-","-","-","-"
"70","P. Lindsay","P. Lindsay","RB","MIA","14","","injury-status","Final W 17-16 @ NE","43","88","249","1","4","5","45","1","-","-","-","-"
"71","D. Arnold","D. Arnold","TE","JAX","7","","injury-status","Final L 21-37 @ HOU","57","-","-","-","35","52","408","-","-","-","-","-"
"72","L. Rountree","L. Rountree","RB","LAC","7","","injury-status","Final W 20-16 @ WAS","15","36","87","1","1","2","-1","-","-","-","-","-"
"73","Washington. Commanders","Washington. Commanders","DEF","WAS","9","","injury-status","Final L 16-20 vs LAC","101","-","-","-","-","-","-","-","-","-","-","-"
"74","R. Higgins","R. Higgins","WR","CLE","13","","injury-status","Final L 29-33 @ KC","46","-","-","-","24","47","275","1","-","-","-","-"
"75","K. Cole","K. Cole","WR","NYJ","6","","injury-status","Final L 14-19 @ CAR","65","-","-","-","28","51","449","1","-","1","-","-"
"76","O. Howard","O. Howard","TE","TB","9","","injury-status","Final W 31-29 vs DAL","27","-","-","-","14","21","135","1","-","-","-","-"
"77","C. Sims","C. Sims","WR","WAS","9","Ques","injury-status questionable","Final L 16-20 vs LAC","41","1","7","-","15","23","211","2","-","-","-","-"
"78","S. Miller","S. Miller","WR","TB","9","","injury-status","Final W 31-29 vs DAL","18","2","43","1","5","9","38","-","-","-","-","-"
"79","G. Minshew","G. Minshew","QB","PHI","14","","injury-status","Final W 32-6 @ ATL","34","9","21","-","-","-","-","-","41","60","439","4"
"80","T. Conklin","T. Conklin","TE","MIN","7","","injury-status","Final L 24-27 @ CIN","107","-","-","-","61","87","593","3","-","-","-","-"
"81","T. Billy-Johnson","T. Billy-Johnson","WR","LV","8","","injury-status","Final W 33-27 vs BAL","4","-","-","-","2","5","16","-","-","-","-","-"
"82","A. Trautman","A. Trautman","TE","NO","6","","injury-status","Final W 38-3 vs GB","49","-","-","-","27","43","263","2","-","-","-","-"
"83","A. Miller","A. Miller","WR","PIT","7","","injury-status","Final W 23-16 @ BUF","12","-","-","-","6","12","25","1","-","-","-","-"
"84","S. Ahmed","S. Ahmed","RB","MIA","14","IR","injury-status ir","Final W 17-16 @ NE","33","54","149","-","12","19","117","-","-","-","-","-"
"85","Pittsburgh. Steelers","Pittsburgh. Steelers","DEF","PIT","7","","injury-status","Final W 23-16 @ BUF","128","-","-","-","-","-","-","-","-","-","-","-"
"86","D. Eskridge","D. Eskridge","WR","SEA","9","Ques","injury-status questionable","Final W 28-16 @ IND","23","4","59","-","10","20","64","1","-","-","-","-"
"87","E. Ebron","E. Ebron","TE","PIT","7","","injury-status","Final W 23-16 @ BUF","27","1","1","1","12","18","84","1","-","-","-","-"
"88","T. Atwell","T. Atwell","WR","LAR","11","","injury-status","Final W 34-14 vs CHI","-1","-","-","-","-","-","-","-","-","-","-","-"
"89","Minnesota. Vikings","Minnesota. Vikings","DEF","MIN","7","","injury-status","Final L 24-27 @ CIN","135","-","-","-","-","-","-","-","-","-","-","-"
"90","D. Byrd","D. Byrd","WR","CHI","10","","injury-status","Final L 14-34 @ LAR","51","-","-","-","26","38","329","1","-","-","-","-"
"91","T. Johnson","T. Johnson","RB","NYJ","6","","injury-status","Final L 14-19 @ CAR","98","61","238","2","34","55","372","2","-","-","-","-"
"92","A. Firkser","A. Firkser","TE","TEN","13","","injury-status","Final L 13-38 vs ARI","60","-","-","-","34","43","291","2","-","-","-","-"
"93","H. Hurst","H. Hurst","TE","ATL","6","","injury-status","Final L 6-32 vs PHI","48","-","-","-","26","31","221","3","-","-","-","-"
"94","K. Gainwell","K. Gainwell","RB","PHI","14","","injury-status","Final W 32-6 @ ATL","105","68","291","5","33","50","253","1","-","-","-","-"
"95","D. Johnson","D. Johnson","RB","HOU","10","","injury-status","Final W 37-21 vs JAX","64","67","228","-","32","42","225","1","-","-","-","-"
"96","Arizona. Cardinals","Arizona. Cardinals","DEF","ARI","12","","injury-status","Final W 38-13 @ TEN","145","-","-","-","-","-","-","-","-","-","-","-"
"97","G. Smith","G. Smith","QB","SEA","9","","injury-status","Final W 28-16 @ IND","54","9","42","1","-","-","-","-","65","95","702","5"
"98","Kansas City. Chiefs","Kansas City. Chiefs","DEF","KC","12","","injury-status","Final W 33-29 vs CLE","147","-","-","-","-","-","-","-","-","-","-","-"
"99","J. Agnew","J. Agnew","WR","JAX","7","Ques","injury-status questionable","Final L 21-37 @ HOU","69","7","111","1","24","39","229","1","-","-","-","-"
"100","J. Myers","J. Myers","K","SEA","9","","injury-status","Final W 28-16 @ IND","95","-","-","-","-","-","-","-","-","-","-","-"
"101","J. Hurd","J. Hurd","WR","","","","injury-status","BYE","-","-","-","-","-","-","-","-","-","-","-","-"
"102","A. Schwartz","A. Schwartz","WR","CLE","13","Ques","injury-status questionable","Final L 29-33 @ KC","28","6","39","-","10","23","135","1","-","-","-","-"
"103","J. Doyle","J. Doyle","TE","IND","14","","injury-status","Final L 16-28 vs SEA","65","-","-","-","29","43","302","3","-","-","-","-"
"104","J. Grant","J. Grant","WR","CHI","10","","injury-status","Final L 14-34 @ LAR","31","5","33","-","11","17","132","2","-","-","-","-"
"105","New York. Giants","New York. Giants","DEF","NYG","10","","injury-status","Final L 13-27 vs DEN","99","-","-","-","-","-","-","-","-","-","-","-"
"106","Tennessee. Titans","Tennessee. Titans","DEF","TEN","13","","injury-status","Final L 13-38 vs ARI","134","-","-","-","-","-","-","-","-","-","-","-"
"107","T. Johnson","T. Johnson","WR","TB","9","","injury-status","Final W 31-29 vs DAL","54","-","-","-","36","55","360","-","-","-","-","-"
"108","J. Funk","J. Funk","RB","LAR","11","","injury-status","Final W 34-14 vs CHI","1","2","5","-","-","-","-","-","-","-","-","-"
"109","Y. Koo","Y. Koo","K","ATL","6","","injury-status","Final L 6-32 vs PHI","123","-","-","-","-","-","-","-","-","-","-","-"
"110","M. Prater","M. Prater","K","ARI","12","Ques","injury-status questionable","Final W 38-13 @ TEN","145","-","-","-","-","-","-","-","-","-","-","-"
"111","J. Washington","J. Washington","WR","PIT","7","","injury-status","Final W 23-16 @ BUF","54","2","13","-","24","44","285","2","-","-","-","-"
"112","Q. Nordin","Q. Nordin","K","NE","14","Ques","injury-status questionable","Final L 16-17 vs MIA","-","-","-","-","-","-","-","-","-","-","-","-"
"113","T. Wallace","T. Wallace","WR","BAL","8","","injury-status","Final L 27-33 @ LV","3","-","-","-","2","6","23","-","-","-","-","-"
"114","L. Bell","L. Bell","RB","TB","9","","injury-status","Final W 31-29 vs DAL","36","39","101","2","5","7","30","1","-","-","-","-"
"115","A. Lazard","A. Lazard","WR","GB","13","Ques","injury-status questionable","Final L 3-38 @ NO","123","3","32","-","40","60","513","8","-","-","-","-"
"116","D. Duvernay","D. Duvernay","WR","BAL","8","","injury-status","Final L 27-33 @ LV","66","7","50","-","33","47","272","2","-","-","-","-"
"117","M. Crosby","M. Crosby","K","GB","13","","injury-status","Final L 3-38 @ NO","123","-","-","-","-","-","-","-","-","-","-","-"
"118","T. Vizcaino","T. Vizcaino","K","LAC","7","","injury-status","Final W 20-16 @ WAS","23","-","-","-","-","-","-","-","-","-","-","-"
"119","M. Badgley","M. Badgley","K","IND","14","","injury-status","Final L 16-28 vs SEA","97","-","-","-","-","-","-","-","-","-","-","-"
"120","J. Sanders","J. Sanders","K","MIA","14","IR","injury-status ir","Final W 17-16 @ NE","106","-","-","-","-","-","-","-","-","-","-","-"
"121","R. Gould","R. Gould","K","SF","6","","injury-status","Final W 41-33 @ DET","108","-","-","-","-","-","-","-","-","-","-","-"
"122","D. Njoku","D. Njoku","TE","CLE","13","","injury-status","Final L 29-33 @ KC","90","1","1","-","36","53","475","4","-","-","-","-"
"123","W. Gallman","W. Gallman","RB","MIN","7","","injury-status","Final L 24-27 @ CIN","13","28","104","-","1","3","21","-","-","-","-","-"
"124","Carolina. Panthers","Carolina. Panthers","DEF","CAR","13","","injury-status","Final W 19-14 vs NYJ","102","-","-","-","-","-","-","-","-","-","-","-"
"125","R. Blankenship","R. Blankenship","K","IND","14","","injury-status","Final L 16-28 vs SEA","41","-","-","-","-","-","-","-","-","-","-","-"
"126","C. McLaughlin","C. McLaughlin","K","CLE","13","","injury-status","Final L 29-33 @ KC","86","-","-","-","-","-","-","-","-","-","-","-"
"127","G. Gano","G. Gano","K","NYG","10","","injury-status","Final L 13-27 vs DEN","119","-","-","-","-","-","-","-","-","-","-","-"
"128","J. Ross","J. Ross","WR","NYG","10","Ques","injury-status questionable","Final L 13-27 vs DEN","35","1","16","-","11","20","224","1","-","-","-","-"
"129","Cincinnati. Bengals","Cincinnati. Bengals","DEF","CIN","10","","injury-status","Final W 27-24 vs MIN","125","-","-","-","-","-","-","-","-","-","-","-"
"130","D. Jackson","D. Jackson","WR","LV","8","","injury-status","Final W 33-27 vs BAL","65","1","4","-","20","34","454","2","-","-","-","-"
"131","D. Evans","D. Evans","RB","TEN","13","Ques","injury-status questionable","Final L 13-38 vs ARI","3","2","7","-","2","2","11","-","-","-","-","-"
"132","J. Lambo","J. Lambo","K","","","","injury-status","BYE","-","-","-","-","-","-","-","-","-","-","-","-"
"133","M. Boykin","M. Boykin","WR","BAL","8","","injury-status","Final L 27-33 @ LV","1","-","-","-","1","1","6","-","-","-","-","-"
"134","M. Strachan","M. Strachan","WR","IND","14","","injury-status","Final L 16-28 vs SEA","4","-","-","-","2","3","26","-","-","-","-","-"
"135","J. White","J. White","RB","NE","14","","injury-status","Final L 16-17 vs MIA","25","10","38","1","12","14","94","-","-","-","-","-"
"136","S. Smith","S. Smith","WR","CAR","13","Sus","injury-status sus","Final W 19-14 vs NYJ","13","1","-3","-","6","11","104","-","-","-","-","-"
"137","R. Santoso","R. Santoso","K, P - LAR(11)","","","","injury-status","Final W 34-14 vs CHI","15","-","-","-","-","-","-","-","-","-","-","-"
"138","M. Brown","M. Brown","RB","MIA","14","","injury-status","Final W 17-16 @ NE","21","33","125","1","3","5","10","-","-","-","-","-"
"139","S. Perine","S. Perine","RB","CIN","10","","injury-status","Final W 27-24 vs MIN","70","55","246","1","27","31","196","1","-","-","-","-"
"140","C. Johnson","C. Johnson","WR","NYG","10","","injury-status","Final L 13-27 vs DEN","16","-","-","-","11","21","105","-","-","-","-","-"
"141","New York. Jets","New York. Jets","DEF","NYJ","6","","injury-status","Final L 14-19 @ CAR","70","-","-","-","-","-","-","-","-","-","-","-"
"142","Las Vegas. Raiders","Las Vegas. Raiders","DEF","LV","8","","injury-status","Final W 33-27 vs BAL","76","-","-","-","-","-","-","-","-","-","-","-"
"143","Atlanta. Falcons","Atlanta. Falcons","DEF","ATL","6","","injury-status","Final L 6-32 vs PHI","76","-","-","-","-","-","-","-","-","-","-","-"
"144","K. Hill","K. Hill","RB","GB","13","","injury-status","Final L 3-38 @ NO","3","10","24","-","1","2","5","-","-","-","-","-"
"145","J. McKinnon","J. McKinnon","RB","KC","12","","injury-status","Final W 33-29 vs CLE","29","12","62","-","13","20","107","1","-","-","-","-"
"146","D. Booker","D. Booker","RB","NYG","10","","injury-status","Final L 13-27 vs DEN","124","145","593","2","40","45","268","1","-","-","-","-"
"147","W. Lutz","W. Lutz","K","NO","6","","injury-status","Final W 38-3 vs GB","-","-","-","-","-","-","-","-","-","-","-","-"
"148","C. Santos","C. Santos","K","CHI","10","","injury-status","Final L 14-34 @ LAR","111","-","-","-","-","-","-","-","-","-","-","-"
"149","D. Westbrook","D. Westbrook","WR","MIN","7","","injury-status","Final L 24-27 @ CIN","10","-","-","-","10","15","68","-","-","-","-","-"
"150","T. Kroft","T. Kroft","TE","NYJ","6","","injury-status","Final L 14-19 @ CAR","31","-","-","-","16","25","173","1","-","-","-","-"
"151","M. Alie-Cox","M. Alie-Cox","TE","IND","14","","injury-status","Final L 16-28 vs SEA","67","-","-","-","24","45","316","4","-","-","-","-"
"152","D. Williams","D. Williams","RB","CHI","10","Ques","injury-status questionable","Final L 14-34 @ LAR","53","40","164","2","16","23","103","1","-","-","-","-"
"153","M. Mariota","M. Mariota","QB","LV","8","Ques","injury-status questionable","Final W 33-27 vs BAL","14","13","87","1","-","-","-","-","1","2","4","-"
"154","G. Bernard","G. Bernard","RB","TB","9","","injury-status","Final W 31-29 vs DAL","47","8","58","-","23","29","123","3","-","-","-","-"
"155","Jacksonville. Jaguars","Jacksonville. Jaguars","DEF","JAX","7","","injury-status","Final L 21-37 @ HOU","69","-","-","-","-","-","-","-","-","-","-","-"
"156","N. Harry","N. Harry","TE","NE","14","","injury-status","Final L 16-17 vs MIA","21","-","-","-","12","22","184","-","-","-","-","-"
"157","A. Okwuegbunam","A. Okwuegbunam","TE","DEN","11","","injury-status","Final W 27-13 @ NYG","59","-","-","-","33","40","330","2","-","-","-","-"
"158","K. Coutee","K. Coutee","WR","IND","14","","injury-status","Final L 16-28 vs SEA","1","-","-","-","1","1","5","-","-","-","-","-"
"159","B. Perriman","B. Perriman","WR","TB","9","","injury-status","Final W 31-29 vs DAL","28","1","-3","-","11","18","167","1","-","-","-","-"
"160","Detroit. Lions","Detroit. Lions","DEF","DET","9","","injury-status","Final L 33-41 vs SF","69","-","-","-","-","-","-","-","-","-","-","-"
"161","M. Mack","M. Mack","RB","IND","14","Ques","injury-status questionable","Final L 16-28 vs SEA","12","28","101","-","2","5","8","-","-","-","-","-"
"162","H. Bryant","H. Bryant","TE","CLE","13","","injury-status","Final L 29-33 @ KC","52","-","-","-","21","28","233","3","-","-","-","-"
"163","J. Elliott","J. Elliott","K","PHI","14","","injury-status","Final W 32-6 @ ATL","147","-","-","-","-","-","-","-","-","-","-","-"
"164","R. Freeman","R. Freeman","RB","HOU","10","","injury-status","Final W 37-21 vs JAX","30","56","169","-","10","16","77","-","-","-","-","-"
"165","G. Brightwell","G. Brightwell","RB","NYG","10","","injury-status","Final L 13-27 vs DEN","2","1","4","-","1","1","6","-","-","-","-","-"
"166","A. Tate","A. Tate","WR","CIN","10","","injury-status","Final W 27-24 vs MIN","11","-","-","-","3","4","39","1","-","-","-","-"
"167","A. Wilson","A. Wilson","WR","MIA","14","","injury-status","Final W 17-16 @ NE","36","4","17","-","25","39","213","-","-","1","-","-"
"168","A. Seibert","A. Seibert","K","DET","9","Ques","injury-status questionable","Final L 33-41 vs SF","40","-","-","-","-","-","-","-","-","-","-","-"
"169","J. Eason","J. Eason","QB","SEA","9","","injury-status","Final W 28-16 @ IND","-","-","-","-","-","-","-","-","2","5","25","-"
"170","L. Bowden","L. Bowden","WR","MIA","14","","injury-status","Final W 17-16 @ NE","-","-","-","-","-","-","-","-","-","-","-","-"
"171","T. Cannon","T. Cannon","RB","SF","6","","injury-status","Final W 41-33 @ DET","-3","3","4","-","-","-","-","-","-","-","-","-"
"172","Houston. Texans","Houston. Texans","DEF","HOU","10","","injury-status","Final W 37-21 vs JAX","101","-","-","-","-","-","-","-","-","-","-","-"
"173","J. Patterson","J. Patterson","RB","WAS","9","Ques","injury-status questionable","Final L 16-20 vs LAC","50","68","266","2","10","11","73","-","-","-","-","-"
"174","J. Graham","J. Graham","TE","CHI","10","","injury-status","Final L 14-34 @ LAR","44","-","-","-","14","23","167","3","-","-","-","-"
"175","K. Raymond","K. Raymond","WR","DET","9","","injury-status","Final L 33-41 vs SF","108","4","28","-","48","71","576","4","-","-","-","-"
"176","L. Perine","L. Perine","RB","NYJ","6","","injury-status","Final L 14-19 @ CAR","3","8","31","-","-","-","-","-","-","-","-","-"
"177","C. Brate","C. Brate","TE","TB","9","","injury-status","Final W 31-29 vs DAL","64","-","-","-","30","57","245","4","-","-","-","-"
"178","D. Moore","D. Moore","WR","GB","13","","injury-status","Final L 3-38 @ NO","-","-","-","-","-","2","-","-","-","-","-","-"
"179","D. Amendola","D. Amendola","WR","HOU","10","","injury-status","Final W 37-21 vs JAX","56","-","-","-","24","37","248","3","-","1","-","-"
"180","J. Akins","J. Akins","TE","HOU","10","","injury-status","Final W 37-21 vs JAX","28","1","3","-","24","33","214","-","-","-","-","-"
"181","R. Bullock","R. Bullock","K","TEN","13","","injury-status","Final L 13-38 vs ARI","122","-","-","-","-","-","-","-","-","-","-","-"
"182","K. Smith","K. Smith","TE","NYG","10","","injury-status","Final L 13-27 vs DEN","5","-","-","-","3","3","33","-","-","-","-","-"
"183","B. Jordan","B. Jordan","TE","HOU","10","IR","injury-status ir","Final W 37-21 vs JAX","46","-","-","-","20","28","178","3","-","-","-","-"
"184","K. Fairbairn","K. Fairbairn","K","HOU","10","","injury-status","Final W 37-21 vs JAX","61","-","-","-","-","-","-","-","-","-","-","-"
"185","Z. Gonzalez","Z. Gonzalez","K","CAR","13","","injury-status","Final W 19-14 vs NYJ","95","-","-","-","-","-","-","-","-","-","-","-"
"186","J. Jefferson","J. Jefferson","RB","DET","9","","injury-status","Final L 33-41 vs SF","24","15","74","2","4","5","23","-","-","-","-","-"
"187","F. Swain","F. Swain","WR","SEA","9","Ques","injury-status questionable","Final W 28-16 @ IND","73","5","32","-","25","40","343","4","-","-","-","-"
"188","M. White","M. White","QB","NYJ","6","","injury-status","Final L 14-19 @ CAR","52","5","-1","-","-","-","-","-","88","132","953","5"
"189","M. Trubisky","M. Trubisky","QB","BUF","7","","injury-status","Final L 16-23 vs PIT","9","13","24","1","-","-","-","-","6","8","43","-"
"190","J. Reynolds","J. Reynolds","WR","DET","9","","injury-status","Final L 33-41 vs SF","66","-","-","-","29","49","396","2","-","-","-","-"
"191","C. Rogers","C. Rogers","WR","TEN","13","","injury-status","Final L 13-38 vs ARI","46","1","9","-","30","43","301","1","-","-","-","-"
"192","P. Walker","P. Walker","QB","CAR","13","","injury-status","Final W 19-14 vs NYJ","14","7","13","-","-","-","-","-","36","66","362","1"
"193","C. Moore","C. Moore","WR","HOU","10","","injury-status","Final W 37-21 vs JAX","45","-","-","-","21","22","227","2","-","-","-","-"
"194","J. Kelley","J. Kelley","RB","LAC","7","","injury-status","Final W 20-16 @ WAS","14","33","102","-","5","6","38","-","-","-","-","-"
"195","J. Johnson","J. Johnson","TE","NO","6","","injury-status","Final W 38-3 vs GB","46","-","-","-","13","22","159","4","-","-","-","-"
"196","D. Hilliard","D. Hilliard","RB","TEN","13","Ques","injury-status questionable","Final L 13-38 vs ARI","61","56","350","2","19","26","87","-","-","-","-","-"
"197","R. Burkhead","R. Burkhead","RB","HOU","10","","injury-status","Final W 37-21 vs JAX","91","122","427","3","25","32","186","-","-","1","-","-"
"198","D. Fitzpatrick","D. Fitzpatrick","WR","TEN","13","Ques","injury-status questionable","Final L 13-38 vs ARI","13","-","-","-","5","8","49","1","-","-","-","-"
"199","M. Ammendola","M. Ammendola","K, P - NYJ(6)","","","","injury-status","Final L 14-19 @ CAR","48","-","-","-","-","-","-","-","-","-","-","-"
"200","C. Herndon","C. Herndon","TE","MIN","7","","injury-status","Final L 24-27 @ CIN","12","-","-","-","4","7","40","1","-","-","-","-"
"201","J. Brissett","J. Brissett","QB","MIA","14","","injury-status","Final W 17-16 @ NE","70","19","70","1","-","-","-","-","141","225","1283","5"
"202","C. Evans","C. Evans","RB","CIN","10","","injury-status","Final W 27-24 vs MIN","42","17","77","-","15","17","151","2","-","-","-","-"
"203","M. Breida","M. Breida","RB","BUF","7","","injury-status","Final L 16-23 vs PIT","38","26","125","1","7","9","72","2","-","-","-","-"
"204","C. Blewitt","C. Blewitt","K","CLE","13","","injury-status","Final L 29-33 @ KC","8","-","-","-","-","-","-","-","-","-","-","-"
"205","K. Granson","K. Granson","TE","IND","14","","injury-status","Final L 16-28 vs SEA","16","-","-","-","11","15","106","-","-","-","-","-"
"206","P. Brown","P. Brown","TE","HOU","10","","injury-status","Final W 37-21 vs JAX","26","-","-","-","23","34","171","-","-","-","-","-"
"207","D. Dallas","D. Dallas","RB","SEA","9","","injury-status","Final W 28-16 @ IND","50","33","138","2","21","23","133","-","-","-","-","-"
"208","G. Ward","G. Ward","WR","PHI","14","","injury-status","Final W 32-6 @ ATL","31","-","-","-","7","11","95","3","1","2","2","-"
"209","C. Conley","C. Conley","WR","HOU","10","","injury-status","Final W 37-21 vs JAX","53","1","3","-","22","37","323","2","-","-","-","-"
"210","B. Bolden","B. Bolden","RB","NE","14","","injury-status","Final L 16-17 vs MIA","103","44","226","1","41","49","405","2","-","-","-","-"
"211","T. Tremble","T. Tremble","TE","CAR","13","Ques","injury-status questionable","Final W 19-14 vs NYJ","43","3","11","1","20","35","180","1","-","-","-","-"
"212","D. Johnson","D. Johnson","RB","MIA","14","","injury-status","Final W 17-16 @ NE","57","71","330","3","4","5","41","-","-","-","-","-"
"213","T. Sweeney","T. Sweeney","TE","BUF","7","Out","injury-status out","Final L 16-23 vs PIT","14","-","-","-","9","12","44","1","-","-","-","-"
"214","A. McFarland","A. McFarland","RB","PIT","7","","injury-status","Final W 23-16 @ BUF","2","3","3","-","1","1","11","-","-","-","-","-"
"215","B. Bortles","B. Bortles","QB","NO","6","","injury-status","Final W 38-3 vs GB","-","-","-","-","-","-","-","-","-","-","-","-"
"216","T. Cohen","T. Cohen","RB","CHI","10","","injury-status","Final L 14-34 @ LAR","-","-","-","-","-","-","-","-","-","-","-","-"
"217","K. Rudolph","K. Rudolph","TE","NYG","10","","injury-status","Final L 13-27 vs DEN","47","-","-","-","26","39","257","1","-","-","-","-"
"218","T. Burton","T. Burton","TE","","","","injury-status","BYE","-","-","-","-","-","-","-","-","-","-","-","-"
"219","T. Fulgham","T. Fulgham","WR","DEN","11","","injury-status","Final W 27-13 @ NYG","-","-","-","-","-","-","-","-","-","-","-","-"
"220","P. Hart","P. Hart","WR","SEA","9","Ques","injury-status questionable","Final W 28-16 @ IND","9","-","-","-","7","12","59","-","-","-","-","-"
"221","J. Gordon","J. Gordon","WR","KC","12","","injury-status","Final W 33-29 vs CLE","12","-","-","-","5","14","32","1","-","-","-","-"
"222","A. Isabella","A. Isabella","WR","ARI","12","Ques","injury-status questionable","Final W 38-13 @ TEN","2","-","-","-","1","1","13","-","-","-","-","-"
"223","C. Uzomah","C. Uzomah","TE","CIN","10","Ques","injury-status questionable","Final W 27-24 vs MIN","104","-","-","-","49","63","493","5","-","-","-","-"
"224","T. Benson","T. Benson","WR","DET","9","","injury-status","Final L 33-41 vs SF","15","-","-","-","10","22","103","-","-","-","-","-"
"225","A. Collins","A. Collins","RB","SEA","9","","injury-status","Final W 28-16 @ IND","63","108","411","2","9","10","87","-","-","-","-","-"
"226","S. Gostkowski","S. Gostkowski","K","","","","injury-status","BYE","-","-","-","-","-","-","-","-","-","-","-","-"
"227","R. McCloud","R. McCloud","WR","PIT","7","","injury-status","Final W 23-16 @ BUF","43","2","15","-","39","66","277","-","-","-","-","-"
"228","K. Juszczyk","K. Juszczyk","RB","SF","6","","injury-status","Final W 41-33 @ DET","59","8","22","1","30","38","296","1","-","-","-","-"
"229","M. Boone","M. Boone","RB","DEN","11","","injury-status","Final W 27-13 @ NYG","7","4","35","-","2","2","22","-","-","-","-","-"
"230","T. Montgomery","T. Montgomery","RB","NO","6","","injury-status","Final W 38-3 vs GB","22","15","44","-","16","26","95","-","-","-","-","-"
"231","G. Swaim","G. Swaim","TE","TEN","13","Ques","injury-status questionable","Final L 13-38 vs ARI","55","-","-","-","31","40","210","3","-","-","-","-"
"232","T. Sherfield","T. Sherfield","WR","SF","6","","injury-status","Final W 41-33 @ DET","21","-","-","-","9","20","87","1","-","-","-","-"
"233","J. Darden","J. Darden","WR","TB","9","","injury-status","Final W 31-29 vs DAL","8","1","11","-","6","12","43","-","-","-","-","-"
"234","J. Richard","J. Richard","RB","LV","8","","injury-status","Final W 33-27 vs BAL","17","9","40","-","12","14","72","-","-","-","-","-"
"235","C. Hogan","C. Hogan","WR","","","","injury-status","BYE","12","-","-","-","4","8","41","1","-","-","-","-"
"236","K. Trask","K. Trask","QB","TB","9","","injury-status","Final W 31-29 vs DAL","-","-","-","-","-","-","-","-","-","-","-","-"
"237","D. Felton","D. Felton","RB","CLE","13","","injury-status","Final L 29-33 @ KC","39","7","24","-","18","21","181","2","-","-","-","-"
"238","C. Wilson","C. Wilson","WR","DAL","7","","injury-status","Final L 29-31 @ TB","122","2","11","-","45","61","602","6","3","3","88","-"
"239","L. Humphrey","L. Humphrey","WR","NO","6","","injury-status","Final W 38-3 vs GB","43","-","-","-","13","18","249","2","-","-","-","-"
"240","J. Hightower","J. Hightower","WR","PHI","14","","injury-status","Final W 32-6 @ ATL","-1","-","-","-","-","-","-","-","-","-","-","-"
"241","J. O'Shaughnessy","J. O'Shaughnessy","TE","JAX","7","","injury-status","Final L 21-37 @ HOU","38","-","-","-","24","34","244","-","-","-","-","-"
"242","R. Seals-Jones","R. Seals-Jones","TE","WAS","9","Ques","injury-status questionable","Final L 16-20 vs LAC","54","-","-","-","30","49","271","2","-","-","-","-"
"243","P. Dorsett","P. Dorsett","WR","HOU","10","","injury-status","Final W 37-21 vs JAX","15","1","-","-","7","14","110","-","-","-","-","-"
"244","K. Vaughn","K. Vaughn","RB","TB","9","","injury-status","Final W 31-29 vs DAL","35","36","180","2","4","8","26","-","-","-","-","-"
"245","W. Snead","W. Snead","WR","CAR","13","","injury-status","Final W 19-14 vs NYJ","6","-","-","-","4","8","38","-","-","-","-","-"
"246","T. Kennedy","T. Kennedy","WR","DET","9","","injury-status","Final L 33-41 vs SF","15","-","-","-","6","10","54","-","1","1","75","1"
"247","R. James","R. James","WR","SF","6","","injury-status","Final W 41-33 @ DET","-","-","-","-","-","-","-","-","-","-","-","-"
"248","M. Glennon","M. Glennon","QB","NYG","10","","injury-status","Final L 13-27 vs DEN","35","7","33","1","-","-","-","-","90","167","790","4"
"249","A. Jeffery","A. Jeffery","WR","","","","injury-status","BYE","-","-","-","-","-","-","-","-","-","-","-","-"
"250","J. Wilkins","J. Wilkins","RB","TEN","13","","injury-status","Final L 13-38 vs ARI","-","-","-","-","-","-","-","-","-","-","-","-"
"251","K. Yeboah","K. Yeboah","TE","NYJ","6","IR","injury-status ir","Final L 14-19 @ CAR","5","-","-","-","2","3","36","-","-","-","-","-"
"252","M. Johnson","M. Johnson","WR","TEN","13","","injury-status","Final L 13-38 vs ARI","20","2","-2","-","9","19","160","-","-","-","-","-"
"253","J. Proche","J. Proche","WR","BAL","8","","injury-status","Final L 27-33 @ LV","28","-","-","-","16","20","202","-","-","-","-","-"
"254","A. Humphries","A. Humphries","WR","WAS","9","","injury-status","Final L 16-20 vs LAC","59","-","-","-","41","62","383","-","-","-","-","-"
"255","L. Treadwell","L. Treadwell","WR","JAX","7","","injury-status","Final L 21-37 @ HOU","66","-","-","-","33","51","434","1","-","-","-","-"
"256","T. Siemian","T. Siemian","QB","NO","6","","injury-status","Final W 38-3 vs GB","90","9","20","1","-","-","-","-","108","188","1154","11"
"257","W. Dissly","W. Dissly","TE","SEA","9","","injury-status","Final W 28-16 @ IND","39","-","-","-","21","26","231","1","-","-","-","-"
"258","D. Keene","D. Keene","TE","NE","14","Ques","injury-status questionable","Final L 16-17 vs MIA","-","-","-","-","-","-","-","-","-","-","-","-"
"259","R. Adams","R. Adams","WR","NYJ","10","","injury-status","Final L 14-19 @ CAR","-","-","-","-","-","1","-","-","-","-","-","-"
"260","C. Naggar","C. Naggar","K","DAL","13","","injury-status","Final L 29-31 @ TB","3","-","-","-","-","-","-","-","-","-","-","-"
"261","I. McKenzie","I. McKenzie","WR","BUF","7","","injury-status","Final L 16-23 vs PIT","41","9","47","1","20","26","178","1","-","-","-","-"
"262","J. Fromm","J. Fromm","QB","NYG","10","","injury-status","Final L 13-27 vs DEN","12","8","65","-","-","-","-","-","27","60","210","1"
"263","J. Smith","J. Smith","WR","NYJ","6","Ques","injury-status questionable","Final L 14-19 @ CAR","15","1","-1","-","8","17","113","-","-","-","-","-"
"264","T. Austin","T. Austin","WR","JAX","7","","injury-status","Final L 21-37 @ HOU","38","3","21","-","24","37","213","1","-","-","-","-"
"265","C. Beebe","C. Beebe","WR","","","","injury-status","BYE","-","-","-","-","-","-","-","-","-","-","-","-"
"266","D. Funchess","D. Funchess","TE","","","","injury-status","BYE","-","-","-","-","-","-","-","-","-","-","-","-"
"267","J. Harris","J. Harris","WR","LAR","11","","injury-status","Final W 34-14 vs CHI","-","-","-","-","-","-","-","-","-","-","-","-"
"268","S. Sims","S. Sims","WR","PIT","7","Ques","injury-status questionable","Final W 23-16 @ BUF","-","-","-","-","-","-","-","-","-","-","-","-"
"269","D. Sample","D. Sample","TE","CIN","10","Ques","injury-status questionable","Final W 27-24 vs MIN","14","-","-","-","11","15","81","-","-","-","-","-"
"270","D. Gore","D. Gore","RB","KC","12","","injury-status","Final W 33-29 vs CLE","52","51","256","2","8","9","105","-","-","-","-","-"
"271","D. Watson","D. Watson","QB","HOU","10","PUP","injury-status pup","Final W 37-21 vs JAX","-","-","-","-","-","-","-","-","-","-","-","-"
"272","G. Tate","G. Tate","WR","","","","injury-status","BYE","-","-","-","-","-","-","-","-","-","-","-","-"
"273","J. Hollister","J. Hollister","TE","JAX","7","","injury-status","Final L 21-37 @ HOU","16","-","-","-","9","14","55","1","-","-","-","-"
"274","K. Ballage","K. Ballage","RB","PIT","7","","injury-status","Final W 23-16 @ BUF","5","12","36","-","2","7","8","-","-","-","-","-"
"275","J. Deguara","J. Deguara","TE","GB","13","","injury-status","Final L 3-38 @ NO","49","-","-","-","25","33","245","2","-","-","-","-"
"276","J. Fortson","J. Fortson","TE","KC","12","Ques","injury-status questionable","Final W 33-29 vs CLE","19","-","-","-","5","5","47","2","-","-","-","-"
"277","A. Shaheen","A. Shaheen","TE","MIA","14","","injury-status","Final W 17-16 @ NE","17","-","-","-","12","16","110","-","-","-","-","-"
"278","K. Stills","K. Stills","WR","NO","6","","injury-status","Final W 38-3 vs GB","16","1","1","-","6","23","68","1","-","-","-","-"
"279","J. Howard","J. Howard","RB","PHI","14","","injury-status","Final W 32-6 @ ATL","62","86","406","3","2","5","19","-","-","-","-","-"
"280","D. Pettis","D. Pettis","WR","NYG","10","","injury-status","Final L 13-27 vs DEN","19","-","-","-","10","16","87","1","1","1","16","-"
"281","J. Kumerow","J. Kumerow","WR","BUF","7","Ques","injury-status questionable","Final L 16-23 vs PIT","4","-","-","-","2","6","28","-","-","-","-","-"
"282","A. Wesley","A. Wesley","WR","ARI","12","","injury-status","Final W 38-13 @ TEN","48","-","-","-","19","32","208","3","-","-","-","-"
"283","J. Horsted","J. Horsted","TE","CHI","10","","injury-status","Final L 14-34 @ LAR","15","-","-","-","2","3","21","2","-","-","-","-"
"284","F. Darby","F. Darby","WR","ATL","6","","injury-status","Final L 6-32 vs PHI","3","-","-","-","1","4","14","-","-","-","-","-"
"285","E. St. Brown","E. St. Brown","WR","GB","13","Ques","injury-status questionable","Final L 3-38 @ NO","16","3","14","-","9","17","98","-","-","-","-","-"
"286","B. Maher","B. Maher","K","NO","6","","injury-status","Final W 38-3 vs GB","58","-","-","-","-","-","-","-","-","-","-","-"
"287","M. Sanu","M. Sanu","WR","SF","6","","injury-status","Final W 41-33 @ DET","25","-","-","-","15","24","177","-","-","-","-","-"
"288","D. Smythe","D. Smythe","TE","MIA","14","","injury-status","Final W 17-16 @ NE","53","2","3","-","34","41","357","-","-","-","-","-"
"289","J. Flacco","J. Flacco","QB","NYJ","6","","injury-status","Final L 14-19 @ CAR","23","2","3","-","-","-","-","-","27","42","338","3"
"290","N. Boyle","N. Boyle","TE","BAL","8","","injury-status","Final L 27-33 @ LV","1","-","-","-","1","2","2","-","-","-","-","-"
"291","S. Phillips","S. Phillips","RB","HOU","10","","injury-status","Final W 37-21 vs JAX","3","6","13","-","2","3","9","-","-","-","-","-"
"292","H. Long","H. Long","TE","MIA","14","","injury-status","Final W 17-16 @ NE","1","-","-","-","1","3","8","-","-","-","-","-"
"293","I. Thomas","I. Thomas","TE","CAR","13","","injury-status","Final W 19-14 vs NYJ","28","-","-","-","18","30","188","-","-","-","-","-"
"294","C. Blake","C. Blake","WR","ATL","6","","injury-status","Final L 6-32 vs PHI","5","-","-","-","4","9","25","-","-","-","-","-"
"295","A. Dulin","A. Dulin","WR","IND","14","Ques","injury-status questionable","Final L 16-28 vs SEA","40","3","32","-","13","22","173","2","-","-","-","-"
"296","J. Oliver","J. Oliver","TE","BAL","8","","injury-status","Final L 27-33 @ LV","10","-","-","-","9","15","66","-","-","-","-","-"
"297","R. Patterson","R. Patterson","K","DET","9","","injury-status","Final L 33-41 vs SF","58","-","-","-","-","-","-","-","-","-","-","-"
"298","A. Walter","A. Walter","RB","NYJ","6","Ques","injury-status questionable","Final L 14-19 @ CAR","18","26","101","1","2","3","9","-","-","-","-","-"
"299","B. Skowronek","B. Skowronek","WR","LAR","11","","injury-status","Final W 34-14 vs CHI","19","-","-","-","11","20","133","-","-","-","-","-"
"300","B. Snell","B. Snell","RB","PIT","7","","injury-status","Final W 23-16 @ BUF","12","36","98","-","2","4","13","-","-","-","-","-"
"301","T. Huntley","T. Huntley","QB","BAL","8","","injury-status","Final L 27-33 @ LV","83","47","294","2","-","-","-","-","122","188","1081","3"
"302","D. Parham","D. Parham","TE","LAC","7","IR","injury-status ir","Final W 20-16 @ WAS","49","-","-","-","20","27","190","3","-","-","-","-"
"303","K. Forbath","K. Forbath","K","","","","injury-status","BYE","-","-","-","-","-","-","-","-","-","-","-","-"
"304","I. Ford","I. Ford","WR","MIA","14","","injury-status","Final W 17-16 @ NE","34","-","-","-","12","16","161","2","-","-","-","-"
"305","D. Harris","D. Harris","TE","ARI","12","","injury-status","Final W 38-13 @ TEN","3","-","-","-","3","6","10","-","-","-","-","-"
"306","D. Asiasi","D. Asiasi","TE","NE","14","","injury-status","Final L 16-17 vs MIA","-","-","-","-","-","-","-","-","-","-","-","-"
"307","T. McKitty","T. McKitty","TE","LAC","7","","injury-status","Final W 20-16 @ WAS","8","-","-","-","6","8","45","-","-","-","-","-"
"308","N. Brown","N. Brown","WR","DAL","7","Ques","injury-status questionable","Final L 29-31 @ TB","26","-","-","-","16","25","184","-","-","-","-","-"
"309","M. Williams","M. Williams","WR","","","","injury-status","BYE","-","-","-","-","-","-","-","-","-","-","-","-"
"310","D. Bryant","D. Bryant","WR","","","","injury-status","BYE","-","-","-","-","-","-","-","-","-","-","-","-"
"311","B. Hundley","B. Hundley","QB","IND","14","","injury-status","Final L 16-28 vs SEA","-","-","-","-","-","-","-","-","-","-","-","-"
"312","K. Johnson","K. Johnson","WR","SF","14","","injury-status","Final W 41-33 @ DET","-","-","-","-","-","-","-","-","-","-","-","-"
"313","C. Grayson","C. Grayson","WR","TB","9","","injury-status","Final W 31-29 vs DAL","40","1","14","-","10","12","212","2","-","-","-","-"
"314","M. Pruitt","M. Pruitt","TE","TEN","13","","injury-status","Final L 13-38 vs ARI","42","-","-","-","14","18","145","3","-","-","-","-"
"315","Z. Jones","Z. Jones","WR","LV","8","","injury-status","Final W 33-27 vs BAL","81","2","3","-","47","70","546","1","-","-","-","-"
"316","D. Fells","D. Fells","TE","TB","9","","injury-status","Final W 31-29 vs DAL","6","-","-","-","4","5","43","-","-","-","-","-"
"317","M. Lewis","M. Lewis","TE","GB","13","","injury-status","Final L 3-38 @ NO","32","-","-","-","23","28","214","-","-","-","-","-"
"318","N. Mullens","N. Mullens","QB","CLE","13","","injury-status","Final L 29-33 @ KC","10","-","-","-","-","-","-","-","20","30","147","1"
"319","B. Berrios","B. Berrios","WR","NYJ","6","","injury-status","Final L 14-19 @ CAR","97","7","40","2","46","65","431","2","-","-","-","-"
"320","J. Slye","J. Slye","K","WAS","9","","injury-status","Final L 16-20 vs LAC","94","-","-","-","-","-","-","-","-","-","-","-"
"321","J. Sternberger","J. Sternberger","TE","PIT","7","","injury-status","Final W 23-16 @ BUF","-","-","-","-","-","-","-","-","-","-","-","-"
"322","E. Saubert","E. Saubert","TE","DEN","11","","injury-status","Final W 27-13 @ NYG","15","-","-","-","8","12","47","1","-","-","-","-"
"323","S. Reyes","S. Reyes","TE","WAS","9","","injury-status","Final L 16-20 vs LAC","-","-","-","-","-","-","-","-","-","-","-","-"
"324","M. Hall","M. Hall","WR","","","","injury-status","BYE","2","-","-","-","1","1","10","-","-","-","-","-"
"325","J. Jennings","J. Jennings","WR","SF","6","Ques","injury-status questionable","Final W 41-33 @ DET","69","-","-","-","24","38","282","5","-","-","-","-"
"326","D. Fountain","D. Fountain","WR","KC","12","","injury-status","Final W 33-29 vs CLE","-","-","-","-","-","-","-","-","-","-","-","-"
"327","M. Thomas","M. Thomas","WR","CIN","10","Ques","injury-status questionable","Final W 27-24 vs MIN","9","-","-","-","5","11","52","-","-","-","-","-"
"328","R. Dwelley","R. Dwelley","TE","SF","6","","injury-status","Final W 41-33 @ DET","13","-","-","-","4","5","51","1","-","-","-","-"
"329","M. Kemp","M. Kemp","WR","KC","12","","injury-status","Final W 33-29 vs CLE","3","-","-","-","2","5","24","-","-","-","-","-"
"330","L. Farrell","L. Farrell","TE","JAX","7","","injury-status","Final L 21-37 @ HOU","8","-","-","-","7","11","56","-","-","-","-","-"
"331","T. Benjamin","T. Benjamin","WR","SF","6","","injury-status","Final W 41-33 @ DET","-3","-","-","-","-","5","-","-","-","-","-","-"
"332","D. Carter","D. Carter","WR","WAS","9","","injury-status","Final L 16-20 vs LAC","72","10","89","-","24","44","296","3","-","-","-","-"
"333","M. Wilcox","M. Wilcox","TE","CIN","10","","injury-status","Final W 27-24 vs MIN","3","-","-","-","3","5","16","-","-","-","-","-"
"334","R. McMath","R. McMath","WR","TEN","13","","injury-status","Final L 13-38 vs ARI","-1","-","-","-","2","6","8","-","-","-","-","-"
"335","D. Newsome","D. Newsome","WR","CHI","10","","injury-status","Final L 14-34 @ LAR","3","-","-","-","2","5","23","-","-","-","-","-"
"336","A. Kessman","A. Kessman","K","CAR","13","","injury-status","Final W 19-14 vs NYJ","-2","-","-","-","-","-","-","-","-","-","-","-"
"337","M. Stevenson","M. Stevenson","WR","BUF","7","","injury-status","Final L 16-23 vs PIT","-2","-","-","-","-","-","-","-","-","-","-","-"
"338","Q. Ollison","Q. Ollison","RB","ATL","6","","injury-status","Final L 6-32 vs PHI","18","21","105","1","4","6","12","-","-","-","-","-"
"339","Z. Gentry","Z. Gentry","TE","PIT","7","","injury-status","Final W 23-16 @ BUF","26","-","-","-","19","25","167","-","-","-","-","-"
"340","M. Nugent","M. Nugent","K","","","","injury-status","BYE","-","-","-","-","-","-","-","-","-","-","-","-"
"341","R. Griffin","R. Griffin","TE","NYJ","6","","injury-status","Final L 14-19 @ CAR","51","-","-","-","27","42","261","2","-","-","-","-"
"342","D. Milne","D. Milne","WR","WAS","9","","injury-status","Final L 16-20 vs LAC","10","1","1","-","9","14","83","-","-","-","-","-"
"343","B. Dillon","B. Dillon","TE","NYJ","6","Ques","injury-status questionable","Final L 14-19 @ CAR","-","-","-","-","-","-","-","-","-","-","-","-"
"344","R. Rodgers","R. Rodgers","TE","PHI","14","Ques","injury-status questionable","Final W 32-6 @ ATL","2","-","-","-","2","2","11","-","-","-","-","-"
"345","T. Jackson","T. Jackson","TE","PHI","14","IR","injury-status ir","Final W 32-6 @ ATL","10","-","-","-","3","7","22","1","-","-","-","-"
"346","J. Adams","J. Adams","WR","","","","injury-status","BYE","-","-","-","-","-","-","-","-","-","-","-","-"
"347","J. James","J. James","TE","CHI","10","","injury-status","Final L 14-34 @ LAR","16","-","-","-","7","8","62","1","-","-","-","-"
"348","B. Hopkins","B. Hopkins","TE","LAR","11","","injury-status","Final W 34-14 vs CHI","1","-","-","-","1","1","9","-","-","-","-","-"
"349","K. Hill","K. Hill","WR","LAC","7","","injury-status","Final W 20-16 @ WAS","5","-","-","-","3","3","30","-","-","-","-","-"
"350","S. Ehlinger","S. Ehlinger","QB","IND","14","","injury-status","Final L 16-28 vs SEA","1","3","9","-","-","-","-","-","-","-","-","-"
"351","C. Manhertz","C. Manhertz","TE","JAX","7","","injury-status","Final L 21-37 @ HOU","16","-","-","-","6","9","71","1","-","-","-","-"
"352","G. Olszewski","G. Olszewski","WR","NE","14","","injury-status","Final L 16-17 vs MIA","1","1","9","-","2","3","31","-","-","-","-","-"
"353","I. Smith-Marsette","I. Smith-Marsette","WR","MIN","7","","injury-status","Final L 24-27 @ CIN","26","-","-","-","5","6","116","2","-","-","-","-"
"354","K. Hodge","K. Hodge","WR","DET","9","","injury-status","Final L 33-41 vs SF","24","-","-","-","13","27","157","-","-","-","-","-"
"355","D. Bailey","D. Bailey","K","","","","injury-status","BYE","-","-","-","-","-","-","-","-","-","-","-","-"
"356","J. Arcega-Whiteside","J. Arcega-Whiteside","TE","PHI","14","","injury-status","Final W 32-6 @ ATL","6","-","-","-","2","5","36","-","-","-","-","-"
"357","C. Ham","C. Ham","RB","MIN","7","IR","injury-status ir","Final L 24-27 @ CIN","24","7","34","-","17","18","125","-","-","-","-","-"
"358","J. Stoll","J. Stoll","TE","PHI","14","","injury-status","Final W 32-6 @ ATL","4","-","-","-","4","5","22","-","-","-","-","-"
"359","A. Erickson","A. Erickson","WR","CAR","13","","injury-status","Final W 19-14 vs NYJ","7","-","-","-","3","4","55","-","-","-","-","-"
"360","T. Hudson","T. Hudson","TE","SF","6","","injury-status","Final W 41-33 @ DET","-","-","-","-","-","-","-","-","-","-","-","-"
"361","K. Baker","K. Baker","WR","NO","6","","injury-status","Final W 38-3 vs GB","-","-","-","-","-","-","-","-","-","-","-","-"
"362","J. Taylor","J. Taylor","RB","NE","14","","injury-status","Final L 16-17 vs MIA","16","19","37","2","4","4","8","-","-","-","-","-"
"363","D. Stoner","D. Stoner","WR","LV","8","","injury-status","Final W 33-27 vs BAL","-","-","-","-","-","-","-","-","-","-","-","-"
"364","N. Vannett","N. Vannett","TE","NO","6","","injury-status","Final W 38-3 vs GB","24","-","-","-","9","15","133","1","-","-","-","-"
"365","T. Grimes","T. Grimes","WR","","","Ques","injury-status questionable","BYE","-","-","-","-","-","-","-","-","-","-","-","-"
"366","A. Rosas","A. Rosas","K","DET","9","Ques","injury-status questionable","Final L 33-41 vs SF","19","-","-","-","-","-","-","-","-","-","-","-"
"367","J. Winfree","J. Winfree","WR","GB","13","Ques","injury-status questionable","Final L 3-38 @ NO","6","-","-","-","8","13","58","-","-","-","-","-"
"368","R. Nall","R. Nall","RB","CHI","10","","injury-status","Final L 14-34 @ LAR","1","1","4","-","1","1","4","-","-","-","-","-"
"369","C. White","C. White","WR","PIT","7","","injury-status","Final W 23-16 @ BUF","6","-","-","-","5","6","33","-","-","-","-","-"
"370","T. Nixon","T. Nixon","WR","NE","14","","injury-status","Final L 16-17 vs MIA","-","-","-","-","-","-","-","-","-","-","-","-"
"371","J. Patrick","J. Patrick","RB","BAL","8","","injury-status","Final L 27-33 @ LV","1","2","12","-","-","-","-","-","-","-","-","-"
"372","C. Clement","C. Clement","RB","DAL","7","","injury-status","Final L 29-31 @ TB","26","33","140","-","6","7","29","1","-","-","-","-"
"373","C. Powell","C. Powell","WR","KC","12","","injury-status","Final W 33-29 vs CLE","-","-","-","-","-","-","-","-","-","-","-","-"
"374","F. Moreau","F. Moreau","TE","LV","8","PUP","injury-status pup","Final W 33-27 vs BAL","71","-","-","-","30","44","373","3","-","-","-","-"
"375","J. Samuels","J. Samuels","RB","ARI","10","","injury-status","Final W 38-13 @ TEN","4","5","9","-","3","4","14","-","-","-","-","-"
"376","M. Williams","M. Williams","TE","ARI","12","","injury-status","Final W 38-13 @ TEN","33","-","-","-","16","17","193","1","-","-","-","-"
"377","J. Wolford","J. Wolford","QB","LAR","11","","injury-status","Final W 34-14 vs CHI","-1","2","-1","-","-","-","-","-","1","4","5","-"
"378","J. Sprinkle","J. Sprinkle","TE","DAL","7","Ques","injury-status questionable","Final L 29-31 @ TB","5","-","-","-","3","3","31","-","-","-","-","-"
"379","K. Allen","K. Allen","QB","WAS","9","","injury-status","Final L 16-20 vs LAC","7","2","11","-","-","-","-","-","12","19","120","1"
"380","D. Montgomery","D. Montgomery","WR","NYJ","6","IR","injury-status ir","Final L 14-19 @ CAR","5","-","-","-","3","6","36","-","-","-","-","-"
"381","M. Taylor","M. Taylor","WR","GB","13","","injury-status","Final L 3-38 @ NO","-1","-","-","-","2","3","14","-","-","-","-","-"
"382","T. Eifert","T. Eifert","TE","","","","injury-status","BYE","-","-","-","-","-","-","-","-","-","-","-","-"
"383","T. Homer","T. Homer","RB","SEA","9","IR","injury-status ir","Final W 28-16 @ IND","55","21","177","1","16","20","161","-","-","-","-","-"
"384","H. Butler","H. Butler","TE","","","","injury-status","BYE","-","-","-","-","-","-","-","-","-","-","-","-"
"385","J. Camp","J. Camp","WR","HOU","10","","injury-status","Final W 37-21 vs JAX","-","-","-","-","-","-","-","-","-","-","-","-"
"386","S. McKeon","S. McKeon","TE","DAL","7","","injury-status","Final L 29-31 @ TB","11","-","-","-","4","6","27","1","-","-","-","-"
"387","B. Allen","B. Allen","QB","CIN","10","","injury-status","Final W 27-24 vs MIN","13","7","-1","-","-","-","-","-","17","34","149","2"
"388","C. Parkinson","C. Parkinson","TE","SEA","9","","injury-status","Final W 28-16 @ IND","6","-","-","-","5","8","33","-","-","-","-","-"
"389","K. Wilkerson","K. Wilkerson","WR","NE","14","","injury-status","Final L 16-17 vs MIA","18","-","-","-","4","8","42","2","-","-","-","-"
"390","A. Auclair","A. Auclair","TE","HOU","10","","injury-status","Final W 37-21 vs JAX","13","-","-","-","5","5","47","1","-","-","-","-"
"391","D. Daniels","D. Daniels","TE","ARI","12","","injury-status","Final W 38-13 @ TEN","1","-","-","-","1","4","-","-","-","-","-","-"
"392","D. Dafney","D. Dafney","TE","GB","13","","injury-status","Final L 3-38 @ NO","5","-","-","-","2","4","34","-","-","-","-","-"
"393","S. Sloman","S. Sloman","K","PIT","7","","injury-status","Final W 23-16 @ BUF","-","-","-","-","-","-","-","-","-","-","-","-"
"394","C. Myarick","C. Myarick","TE","CIN","10","","injury-status","Final W 27-24 vs MIN","9","-","-","-","3","6","17","1","-","-","-","-"
"395","T. Gurley","T. Gurley","RB","","","","injury-status","BYE","-","-","-","-","-","-","-","-","-","-","-","-"
"396","J. Matthews","J. Matthews","TE","SF","6","","injury-status","Final W 41-33 @ DET","-","-","-","-","-","-","-","-","-","-","-","-"
"397","N. McCrary","N. McCrary","RB","BAL","8","Ques","injury-status questionable","Final L 27-33 @ LV","-0","1","-1","-","-","-","-","-","-","-","-","-"
"398","G. Nabers","G. Nabers","RB","LAC","7","","injury-status","Final W 20-16 @ WAS","4","3","8","-","3","3","17","-","-","-","-","-"
"399","J. Bradley","J. Bradley","WR","CLE","13","","injury-status","Final L 29-33 @ KC","8","-","-","-","4","4","64","-","-","-","-","-"
"400","A. Ingold","A. Ingold","RB","LV","8","","injury-status","Final W 33-27 vs BAL","20","2","1","-","10","12","85","1","-","-","-","-"
"401","J. Kelly","J. Kelly","RB","CLE","13","","injury-status","Final L 29-33 @ KC","1","2","13","-","-","-","-","-","-","-","-","-"
"402","H. Bryant","H. Bryant","TE","DET","9","Ques","injury-status questionable","Final L 33-41 vs SF","-","-","-","-","-","-","-","-","-","-","-","-"
"403","A. Abdullah","A. Abdullah","RB","CAR","13","Ques","injury-status questionable","Final W 19-14 vs NYJ","71","51","166","-","38","53","289","1","-","-","-","-"
"404","W. Smallwood","W. Smallwood","RB","WAS","9","","injury-status","Final L 16-20 vs LAC","7","5","25","-","4","5","22","-","-","-","-","-"
"405","A. Janovich","A. Janovich","RB","CLE","13","","injury-status","Final L 29-33 @ KC","10","2","-","1","3","4","9","-","-","-","-","-"
"406","D. Ozigbo","D. Ozigbo","RB","NE","14","","injury-status","Final L 16-17 vs MIA","1","1","-3","-","1","1","7","-","-","-","-","-"
"407","I. Book","I. Book","QB","NO","6","","injury-status","Final W 38-3 vs GB","4","3","6","-","-","-","-","-","12","20","135","-"
"408","E. Pineiro","E. Pineiro","K","NYJ","6","","injury-status","Final L 14-19 @ CAR","37","-","-","-","-","-","-","-","-","-","-","-"
"409","C. Batson","C. Batson","WR","TEN","13","","injury-status","Final L 13-38 vs ARI","10","2","15","-","2","5","15","1","-","-","-","-"
"410","S. Anderson","S. Anderson","TE","LAC","7","","injury-status","Final W 20-16 @ WAS","31","-","-","-","16","19","165","1","-","-","-","-"
"411","D. Crockett","D. Crockett","RB","DEN","11","","injury-status","Final W 27-13 @ NYG","1","3","7","-","-","-","-","-","-","-","-","-"
"412","J. Reed","J. Reed","WR","LAC","7","Ques","injury-status questionable","Final W 20-16 @ WAS","-","-","-","-","-","-","-","-","-","-","-","-"
"413","K. Shurmur","K. Shurmur","QB","","","","injury-status","BYE","-","-","-","-","-","-","-","-","-","-","-","-"
"414","B. Johnson","B. Johnson","K","WAS","9","","injury-status","Final L 16-20 vs LAC","38","-","-","-","-","-","-","-","-","-","-","-"
"415","G. Gilbert","G. Gilbert","QB","WAS","9","","injury-status","Final L 16-20 vs LAC","7","-","-","-","-","-","-","-","20","31","194","-"
"416","A. Armah","A. Armah","RB","WAS","9","","injury-status","Final L 16-20 vs LAC","9","5","21","-","1","1","1","1","-","-","-","-"
"417","D. Mills","D. Mills","QB","HOU","10","","injury-status","Final W 37-21 vs JAX","162","18","44","-","-","-","-","-","263","394","2664","16"
"418","C. Carter","C. Carter","TE","MIA","14","","injury-status","Final W 17-16 @ NE","3","-","-","-","2","2","16","-","-","-","-","-"
"419","R. Gilliam","R. Gilliam","RB","BUF","7","","injury-status","Final L 16-23 vs PIT","4","3","3","-","3","5","23","-","-","-","-","-"
"420","J. Johnson","J. Johnson","RB","NE","14","","injury-status","Final L 16-17 vs MIA","7","-","-","-","4","5","43","-","-","-","-","-"
"421","C. Beathard","C. Beathard","QB","JAX","7","","injury-status","Final L 21-37 @ HOU","2","1","2","-","-","-","-","-","2","2","33","-"
"422","D. Jackson","D. Jackson","RB","IND","14","","injury-status","Final L 16-28 vs SEA","9","13","31","1","-","-","-","-","-","-","-","-"
"423","J. Stidham","J. Stidham","QB","NE","14","","injury-status","Final L 16-17 vs MIA","-","-","-","-","-","-","-","-","-","-","-","-"
"424","M. Rudolph","M. Rudolph","QB","PIT","7","","injury-status","Final W 23-16 @ BUF","18","5","53","-","-","-","-","-","35","58","277","1"
"425","R. Smith","R. Smith","RB","","","","injury-status","BYE","7","-","-","-","5","5","48","-","-","-","-","-"
"426","A. Gandy-Golden","A. Gandy-Golden","TE","WAS","9","","injury-status","Final L 16-20 vs LAC","-","-","-","-","-","-","-","-","-","-","-","-"
"427","N. Bowers","N. Bowers","TE","LV","8","","injury-status","Final W 33-27 vs BAL","-","-","-","-","-","-","-","-","-","-","-","-"
"428","D. Thompson","D. Thompson","RB","KC","9","","injury-status","Final W 33-29 vs CLE","-","-","-","-","-","-","-","-","-","-","-","-"
"429","A. Beck","A. Beck","RB","DEN","11","","injury-status","Final W 27-13 @ NYG","-","-","-","-","-","-","-","-","-","-","-","-"
"430","D. Carrier","D. Carrier","TE","LV","8","","injury-status","Final W 33-27 vs BAL","2","-","-","-","2","2","13","-","-","-","-","-"
"431","N. Gray","N. Gray","TE","KC","12","","injury-status","Final W 33-29 vs CLE","13","-","-","-","7","10","36","1","-","-","-","-"
"432","T. Boyle","T. Boyle","QB","DET","9","","injury-status","Final L 33-41 vs SF","29","2","13","-","-","-","-","-","61","94","526","3"
"433","I. McKoy","I. McKoy","WR","","","","injury-status","BYE","-","-","-","-","-","-","-","-","-","-","-","-"
"434","M. Burton","M. Burton","RB","KC","12","IR","injury-status ir","Final W 33-29 vs CLE","13","8","26","1","3","3","31","-","-","-","-","-"
"435","L. Hajrullahu","L. Hajrullahu","K","CAR","13","","injury-status","Final W 19-14 vs NYJ","19","-","-","-","-","-","-","-","-","-","-","-"
"436","C. Rush","C. Rush","QB","DAL","7","","injury-status","Final L 29-31 @ TB","24","9","-8","-","-","-","-","-","30","47","422","3"
"437","J. Holtz","J. Holtz","TE","CHI","10","","injury-status","Final L 14-34 @ LAR","-","-","-","-","-","-","-","-","-","-","-","-"
"438","B. Ellefson","B. Ellefson","TE","MIN","7","","injury-status","Final L 24-27 @ CIN","-","-","-","-","-","1","-","-","-","-","-","-"
"439","J. Moore","J. Moore","WR","LAC","7","","injury-status","Final W 20-16 @ WAS","7","-","-","-","3","4","56","-","-","-","-","-"
"440","S. Williams","S. Williams","WR","DEN","11","Ques","injury-status questionable","Final W 27-13 @ NYG","4","-","-","-","1","1","34","-","-","-","-","-"
"441","P. Laird","P. Laird","RB","MIA","14","","injury-status","Final W 17-16 @ NE","4","1","4","-","3","3","17","-","-","-","-","-"
"442","M. Hollins","M. Hollins","WR","MIA","14","","injury-status","Final W 17-16 @ NE","53","-","-","-","14","28","223","4","-","-","-","-"
"443","B. Wright","B. Wright","TE","DET","9","","injury-status","Final L 33-41 vs SF","30","-","-","-","12","17","117","2","-","-","-","-"
"444","N. Togiai","N. Togiai","TE","PHI","14","","injury-status","Final W 32-6 @ ATL","-","-","-","-","-","-","-","-","-","-","-","-"
"445","J. Mundt","J. Mundt","TE","LAR","11","","injury-status","Final W 34-14 vs CHI","1","-","-","-","1","1","9","-","-","-","-","-"
"446","C. McCoy","C. McCoy","QB","ARI","12","","injury-status","Final W 38-13 @ TEN","38","22","37","-","-","-","-","-","74","99","740","3"
"447","D. Brown","D. Brown","TE","NYJ","6","Ques","injury-status questionable","Final L 14-19 @ CAR","4","-","-","-","2","2","29","-","-","-","-","-"
"448","C. Keenum","C. Keenum","QB","CLE","13","Ques","injury-status questionable","Final L 29-33 @ KC","29","12","22","-","-","-","-","-","47","72","462","3"
"449","D. Helm","D. Helm","TE","ATL","8","","injury-status","Final L 6-32 vs PHI","0","-","-","-","1","2","-1","-","-","-","-","-"
"450","L. Stocker","L. Stocker","TE","MIN","7","","injury-status","Final L 24-27 @ CIN","2","-","-","-","2","2","12","-","-","-","-","-"
"451","S. Mannion","S. Mannion","QB","MIN","7","","injury-status","Final L 24-27 @ CIN","13","2","14","-","-","-","-","-","22","36","189","1"
"452","S. Fehoko","S. Fehoko","WR","DAL","7","","injury-status","Final L 29-31 @ TB","-","-","-","-","-","-","-","-","-","-","-","-"
"453","Z. Davidson","Z. Davidson","TE","MIN","7","","injury-status","Final L 24-27 @ CIN","-","-","-","-","-","-","-","-","-","-","-","-"
"454","C. Board","C. Board","WR","NYG","10","Ques","injury-status questionable","Final L 13-27 vs DEN","8","1","6","-","4","6","51","-","-","-","-","-"
"455","N. Webster","N. Webster","WR","CHI","10","","injury-status","Final L 14-34 @ LAR","-1","-","-","-","-","-","-","-","-","-","-","-"
"456","P. Williams","P. Williams","RB","CIN","10","","injury-status","Final W 27-24 vs MIN","-","-","-","-","-","-","-","-","-","-","-","-"
"457","T. Wesco","T. Wesco","TE","NYJ","6","","injury-status","Final L 14-19 @ CAR","5","-","-","-","3","5","35","-","-","-","-","-"
"458","D. Haskins","D. Haskins","QB","PIT","7","","injury-status","Final W 23-16 @ BUF","-","-","-","-","-","-","-","-","-","-","-","-"
"459","R. Smith","R. Smith","RB","","","","injury-status","BYE","-","-","-","-","-","-","-","-","-","-","-","-"
"460","M. Mitchell","M. Mitchell","WR","MIN","7","","injury-status","Final L 24-27 @ CIN","-","-","-","-","-","-","-","-","-","-","-","-"
"461","M. Wright","M. Wright","K","JAX","7","","injury-status","Final L 21-37 @ HOU","82","-","-","-","-","-","-","-","-","-","-","-"
"462","S. Ficken","S. Ficken","K","TEN","13","","injury-status","Final L 13-38 vs ARI","-","-","-","-","-","-","-","-","-","-","-","-"
"463","T. Mabry","T. Mabry","TE","SEA","9","Ques","injury-status questionable","Final W 28-16 @ IND","-","-","-","-","-","-","-","-","-","-","-","-"
"464","O. Anderson","O. Anderson","RB","","","","injury-status","BYE","-","-","-","-","-","-","-","-","-","-","-","-"
"465","F. Franks","F. Franks","TE","ATL","6","","injury-status","Final L 6-32 vs PHI","-0","3","6","-","-","-","-","-","-","1","-","-"
"466","J. Bates","J. Bates","TE","WAS","9","","injury-status","Final L 16-20 vs LAC","40","-","-","-","20","25","249","1","-","-","-","-"
"467","J. Johnson","J. Johnson","QB","BAL","8","","injury-status","Final L 27-33 @ LV","46","9","28","-","-","-","-","-","57","85","638","5"
"468","M. Forristall","M. Forristall","TE","CLE","13","Ques","injury-status questionable","Final L 29-33 @ KC","-","-","-","-","-","-","-","-","-","-","-","-"
"469","N. Foles","N. Foles","QB","CHI","10","","injury-status","Final L 14-34 @ LAR","16","4","8","-","-","-","-","-","24","35","250","1"
"470","I. Coulter","I. Coulter","WR","CHI","10","","injury-status","Final L 14-34 @ LAR","-","-","-","-","-","1","-","-","-","-","-","-"
"471","G. Allison","G. Allison","WR","","","","injury-status","BYE","-","-","-","-","-","2","-","-","-","-","-","-"
"472","P. Hesse","P. Hesse","TE","ATL","6","","injury-status","Final L 6-32 vs PHI","7","-","-","-","5","6","43","-","-","-","-","-"
"473","S. Morgan","S. Morgan","WR","CIN","10","","injury-status","Final W 27-24 vs MIN","2","1","3","-","2","4","11","-","-","-","-","-"
"474","B. Proehl","B. Proehl","WR","","","","injury-status","BYE","-","-","-","-","-","-","-","-","-","-","-","-"
"475","E. Benjamin","E. Benjamin","RB","ARI","12","","injury-status","Final W 38-13 @ TEN","25","34","118","1","6","7","42","-","-","-","-","-"
"476","J. Watson","J. Watson","WR","KC","9","","injury-status","Final W 33-29 vs CLE","-","-","-","-","-","-","-","-","-","-","-","-"
"477","A. Pierce","A. Pierce","RB","CLE","13","","injury-status","Final L 29-33 @ KC","-","-","-","-","-","-","-","-","-","-","-","-"
"478","C. Thompson","C. Thompson","RB","","","","injury-status","BYE","-","-","-","-","-","-","-","-","-","-","-","-"
"479","D. Sills","D. Sills","WR","NYG","10","","injury-status","Final L 13-27 vs DEN","3","-","-","-","2","6","17","-","-","-","-","-"
"480","B. Bell","B. Bell","TE","KC","12","","injury-status","Final W 33-29 vs CLE","14","4","10","-","9","13","87","-","-","-","-","-"
"481","K. Smith","K. Smith","RB","ATL","6","Ques","injury-status questionable","Final L 6-32 vs PHI","13","9","31","-","9","10","56","-","-","-","-","-"
"482","K. Hinton","K. Hinton","WR","DEN","11","","injury-status","Final W 27-13 @ NYG","31","-","-","-","15","23","175","1","1","1","1","-"
"483","T. Irwin","T. Irwin","WR","CIN","10","","injury-status","Final W 27-24 vs MIN","4","-","-","-","2","5","34","-","-","-","-","-"
"484","J. Hawkins","J. Hawkins","RB","LAR","11","","injury-status","Final W 34-14 vs CHI","-","-","-","-","-","-","-","-","-","-","-","-"
"485","E. Fry","E. Fry","K","CIN","10","","injury-status","Final W 27-24 vs MIN","15","-","-","-","-","-","-","-","-","-","-","-"
"486","D. Dukes","D. Dukes","WR","","","","injury-status","BYE","-","-","-","-","-","-","-","-","-","-","-","-"
"487","G. Ricci","G. Ricci","TE","CAR","13","","injury-status","Final W 19-14 vs NYJ","-","-","-","-","-","2","-","-","-","-","-","-"
"488","C. Woerner","C. Woerner","TE","SF","6","","injury-status","Final W 41-33 @ DET","8","-","-","-","5","6","52","-","-","-","-","-"
"489","P. Ricard","P. Ricard","RB","BAL","8","Ques","injury-status questionable","Final L 27-33 @ LV","17","2","4","-","8","13","63","1","-","-","-","-"
"490","J. Pinkney","J. Pinkney","TE","DET","9","Ques","injury-status questionable","Final L 33-41 vs SF","-","-","-","-","-","-","-","-","-","-","-","-"
"491","N. Cottrell","N. Cottrell","RB","JAX","7","Ques","injury-status questionable","Final L 21-37 @ HOU","0","1","3","-","-","-","-","-","-","-","-","-"
"492","J. Ward","J. Ward","RB","ARI","12","","injury-status","Final W 38-13 @ TEN","9","9","33","-","3","4","34","-","-","-","-","-"
"493","L. Smith","L. Smith","TE","ATL","6","","injury-status","Final L 6-32 vs PHI","17","-","-","-","9","11","65","1","-","-","-","-"
"494","K. Blasingame","K. Blasingame","RB","TEN","13","","injury-status","Final L 13-38 vs ARI","-1","3","6","-","2","2","4","-","-","-","-","-"
"495","C. Wedington","C. Wedington","WR","SF","6","","injury-status","Final W 41-33 @ DET","-","-","-","-","-","-","-","-","-","-","-","-"
"496","P. Cooper","P. Cooper","WR","NYG","10","","injury-status","Final L 13-27 vs DEN","5","1","3","-","4","11","33","-","-","-","-","-"
"497","J. Hill","J. Hill","TE","","","","injury-status","BYE","-","-","-","-","-","-","-","-","-","-","-","-"
"498","J. Johnson","J. Johnson","RB","SEA","9","Ques","injury-status questionable","Final W 28-16 @ IND","-","-","-","-","-","-","-","-","-","-","-","-"
"499","J. Haydel","J. Haydel","WR","","","","injury-status","BYE","-","-","-","-","-","-","-","-","-","-","-","-"
"500","E. Penny","E. Penny","RB","NYG","10","","injury-status","Final L 13-27 vs DEN","31","24","99","1","9","13","30","1","-","-","-","-"
"501","K. Rader","K. Rader","TE","PIT","7","Ques","injury-status questionable","Final W 23-16 @ BUF","2","-","-","-","2","3","8","-","-","-","-","-"
"502","C. Huntley","C. Huntley","RB","ATL","6","","injury-status","Final L 6-32 vs PHI","-","-","-","-","-","-","-","-","-","-","-","-"
"503","P. Taylor","P. Taylor","RB","GB","13","IR","injury-status ir","Final L 3-38 @ NO","16","23","89","1","2","2","3","-","-","-","-","-"
"504","B. Zylstra","B. Zylstra","WR","CAR","13","","injury-status","Final W 19-14 vs NYJ","40","-","-","-","18","25","250","1","-","1","-","-"
"505","J. Williams","J. Williams","RB","WAS","9","Ques","injury-status questionable","Final L 16-20 vs LAC","19","17","79","1","4","6","28","-","-","-","-","-"
"506","C. Hollister","C. Hollister","WR","TEN","13","Ques","injury-status questionable","Final L 13-38 vs ARI","5","-","-","-","4","7","33","-","-","-","-","-"
"507","A. Rose","A. Rose","RB","MIN","7","","injury-status","Final L 24-27 @ CIN","-","-","-","-","-","-","-","-","-","-","-","-"
"508","A. Lynn","A. Lynn","TE","","","","injury-status","BYE","-","-","-","-","-","-","-","-","-","-","-","-"
"509","K. Blanton","K. Blanton","TE","LAR","11","","injury-status","Final W 34-14 vs CHI","5","-","-","-","4","7","37","-","-","-","-","-"
"510","B. Howell","B. Howell","RB","LAR","11","","injury-status","Final W 34-14 vs CHI","1","5","11","-","-","-","-","-","-","-","-","-"
"511","J. Adams","J. Adams","RB","NO","6","","injury-status","Final W 38-3 vs GB","-","-","-","-","-","-","-","-","-","-","-","-"
"512","B. Knox","B. Knox","RB","","","","injury-status","BYE","-","-","-","-","-","-","-","-","-","-","-","-"
"513","I. Smith","I. Smith","RB","DAL","7","","injury-status","Final L 29-31 @ TB","6","1","4","1","-","-","-","-","-","-","-","-"
"514","G. Igwebuike","G. Igwebuike","RB","DET","9","","injury-status","Final L 33-41 vs SF","21","18","118","1","7","10","60","-","-","-","-","-"
"515","S. Zylstra","S. Zylstra","TE","DET","9","","injury-status","Final L 33-41 vs SF","5","-","-","-","3","7","34","-","-","-","-","-"
"516","C. Akers","C. Akers","RB","LAR","11","","injury-status","Final W 34-14 vs CHI","3","5","3","-","3","3","10","-","-","-","-","-"
"517","J. Huntley","J. Huntley","RB","PHI","14","","injury-status","Final W 32-6 @ ATL","5","13","51","-","-","1","-","-","-","-","-","-"
"518","D. Washington","D. Washington","RB","NO","6","Ques","injury-status questionable","Final W 38-3 vs GB","4","4","16","-","2","2","12","-","-","-","-","-"
"519","M. Perry","M. Perry","WR","NE","6","","injury-status","Final L 16-17 vs MIA","-","-","-","-","-","-","-","-","-","-","-","-"
"520","A. Roberts","A. Roberts","WR","LAC","7","","injury-status","Final W 20-16 @ WAS","5","3","19","-","1","2","35","-","-","-","-","-"
"521","G. Doaks","G. Doaks","RB","MIA","14","","injury-status","Final W 17-16 @ NE","-","-","-","-","-","-","-","-","-","-","-","-"
"522","P. Barber","P. Barber","RB","LV","8","","injury-status","Final W 33-27 vs BAL","43","55","212","2","10","13","67","-","-","-","-","-"
"523","S. Buechele","S. Buechele","QB","KC","12","","injury-status","Final W 33-29 vs CLE","-","-","-","-","-","-","-","-","-","-","-","-"
"524","J. Cabinda","J. Cabinda","RB","DET","9","","injury-status","Final L 33-41 vs SF","12","3","23","-","4","7","16","1","-","-","-","-"
"525","R. Boyd","R. Boyd","RB","","","","injury-status","BYE","-","-","-","-","-","-","-","-","-","-","-","-"
"526","M. Warren","M. Warren","RB","DET","9","","injury-status","Final L 33-41 vs SF","-","-","-","-","-","-","-","-","-","-","-","-"
"527","D. Eberle","D. Eberle","K","CAR","13","","injury-status","Final W 19-14 vs NYJ","12","-","-","-","-","-","-","-","-","-","-","-"
"528","B. Miller","B. Miller","RB","","","","injury-status","BYE","-","-","-","-","-","-","-","-","-","-","-","-"
"529","A. Sherman","A. Sherman","RB","","","","injury-status","BYE","-","-","-","-","-","-","-","-","-","-","-","-"
"530","L. Kendricks","L. Kendricks","TE","","","","injury-status","BYE","-","-","-","-","-","-","-","-","-","-","-","-"
"531","D. Harris","D. Harris","WR","","","Ques","injury-status questionable","BYE","-","-","-","-","-","-","-","-","-","-","-","-"
"532","C. Henne","C. Henne","QB","KC","12","","injury-status","Final W 33-29 vs CLE","1","8","-","-","-","-","-","-","11","16","82","-"
"533","T. Jones","T. Jones","RB","BUF","7","","injury-status","Final L 16-23 vs PIT","1","-","-","-","-","-","-","-","-","-","-","-"
"534","V. Green","V. Green","TE","","","Ques","injury-status questionable","BYE","-","-","-","-","-","-","-","-","-","-","-","-"
"535","B. Gabbert","B. Gabbert","QB","TB","9","","injury-status","Final W 31-29 vs DAL","2","9","-7","-","-","-","-","-","7","11","67","-"
"536","B. Powell","B. Powell","RB","","","","injury-status","BYE","-","-","-","-","-","-","-","-","-","-","-","-"
"537","M. Corral","M. Corral","QB","","","","injury-status","BYE","-","-","-","-","-","-","-","-","-","-","-","-"
"538","P. Invalid","P. Invalid","QB","","","","injury-status","BYE","-","-","-","-","-","-","-","-","-","-","-","-"
"539","S. Howell","S. Howell","QB","","","","injury-status","BYE","-","-","-","-","-","-","-","-","-","-","-","-"
"540","M. Willis","M. Willis","QB","","","","injury-status","BYE","-","-","-","-","-","-","-","-","-","-","-","-"
"541","K. Pickett","K. Pickett","QB","","","Ques","injury-status questionable","BYE","-","-","-","-","-","-","-","-","-","-","-","-"
"542","D. Ridder","D. Ridder","QB","","","","injury-status","BYE","-","-","-","-","-","-","-","-","-","-","-","-"
"543","C. Strong","C. Strong","QB","","","","injury-status","BYE","-","-","-","-","-","-","-","-","-","-","-","-"
"544","B. Zappe","B. Zappe","QB","","","","injury-status","BYE","-","-","-","-","-","-","-","-","-","-","-","-"
"545","P. Invalid","P. Invalid","QB","","","","injury-status","BYE","-","-","-","-","-","-","-","-","-","-","-","-"
"546","B. Hall","B. Hall","RB","","","","injury-status","BYE","-","-","-","-","-","-","-","-","-","-","-","-"
"547","B. Robinson","B. Robinson","RB","","","","injury-status","BYE","-","-","-","-","-","-","-","-","-","-","-","-"
"548","I. Spiller","I. Spiller","RB","","","","injury-status","BYE","-","-","-","-","-","-","-","-","-","-","-","-"
"549","K. Brooks","K. Brooks","RB","","","","injury-status","BYE","-","-","-","-","-","-","-","-","-","-","-","-"
"550","K. Walker","K. Walker","RB","","","","injury-status","BYE","-","-","-","-","-","-","-","-","-","-","-","-"
"551","K. Williams","K. Williams","RB","","","","injury-status","BYE","-","-","-","-","-","-","-","-","-","-","-","-"
"552","M. Teague","M. Teague","RB","","","","injury-status","BYE","-","-","-","-","-","-","-","-","-","-","-","-"
"553","J. Williams","J. Williams","WR","","","","injury-status","BYE","-","-","-","-","-","-","-","-","-","-","-","-"
"554","J. Metchie","J. Metchie","WR","","","","injury-status","BYE","-","-","-","-","-","-","-","-","-","-","-","-"
"555","G. Wilson","G. Wilson","WR","","","","injury-status","BYE","-","-","-","-","-","-","-","-","-","-","-","-"
"556","J. Ruckert","J. Ruckert","TE","","","","injury-status","BYE","-","-","-","-","-","-","-","-","-","-","-","-"
"557","C. Olave","C. Olave","WR","","","","injury-status","BYE","-","-","-","-","-","-","-","-","-","-","-","-"
"558","J. Ford","J. Ford","RB","","","","injury-status","BYE","-","-","-","-","-","-","-","-","-","-","-","-"
"559","A. Pierce","A. Pierce","WR","","","","injury-status","BYE","-","-","-","-","-","-","-","-","-","-","-","-"
"560","P. Invalid","P. Invalid","WR","","","","injury-status","BYE","-","-","-","-","-","-","-","-","-","-","-","-"
"561","J. Ross","J. Ross","WR","","","","injury-status","BYE","-","-","-","-","-","-","-","-","-","-","-","-"
"562","Z. White","Z. White","RB","","","","injury-status","BYE","-","-","-","-","-","-","-","-","-","-","-","-"
"563","J. Cook","J. Cook","RB","","","","injury-status","BYE","-","-","-","-","-","-","-","-","-","-","-","-"
"564","G. Pickens","G. Pickens","WR","","","","injury-status","BYE","-","-","-","-","-","-","-","-","-","-","-","-"
"565","R. White","R. White","RB","","","Ques","injury-status questionable","BYE","-","-","-","-","-","-","-","-","-","-","-","-"
"566","T. Burks","T. Burks","WR","","","IR","injury-status ir","BYE","-","-","-","-","-","-","-","-","-","-","-","-"
"567","K. Shakir","K. Shakir","WR","","","Ques","injury-status questionable","BYE","-","-","-","-","-","-","-","-","-","-","-","-"
"568","P. Invalid","P. Invalid","WR","","","","injury-status","BYE","-","-","-","-","-","-","-","-","-","-","-","-"
"569","T. Allgeier","T. Allgeier","RB","","","","injury-status","BYE","-","-","-","-","-","-","-","-","-","-","-","-"
"570","I. Likely","I. Likely","TE","","","Ques","injury-status questionable","BYE","-","-","-","-","-","-","-","-","-","-","-","-"
"571","T. McBride","T. McBride","TE","","","","injury-status","BYE","-","-","-","-","-","-","-","-","-","-","-","-"
"572","D. Pierce","D. Pierce","RB","","","","injury-status","BYE","-","-","-","-","-","-","-","-","-","-","-","-"
"573","P. Invalid","P. Invalid","TE","","","","injury-status","BYE","-","-","-","-","-","-","-","-","-","-","-","-"
"574","C. Kolar","C. Kolar","TE","","","","injury-status","BYE","-","-","-","-","-","-","-","-","-","-","-","-"
"575","W. Robinson","W. Robinson","WR","","","","injury-status","BYE","-","-","-","-","-","-","-","-","-","-","-","-"
"576","C. Austin","C. Austin","WR","","","Ques","injury-status questionable","BYE","-","-","-","-","-","-","-","-","-","-","-","-"
"577","P. Invalid","P. Invalid","TE","","","","injury-status","BYE","-","-","-","-","-","-","-","-","-","-","-","-"
"578","H. Haskins","H. Haskins","RB","","","","injury-status","BYE","-","-","-","-","-","-","-","-","-","-","-","-"
"579","B. Knight","B. Knight","RB","","","","injury-status","BYE","-","-","-","-","-","-","-","-","-","-","-","-"
"580","R. Doubs","R. Doubs","WR","","","","injury-status","BYE","-","-","-","-","-","-","-","-","-","-","-","-"
"581","J. Ealy","J. Ealy","RB","","","","injury-status","BYE","-","-","-","-","-","-","-","-","-","-","-","-"
"582","J. Dotson","J. Dotson","WR","","","","injury-status","BYE","-","-","-","-","-","-","-","-","-","-","-","-"
"583","D. Bell","D. Bell","WR","","","PUP","injury-status pup","BYE","-","-","-","-","-","-","-","-","-","-","-","-"
"584","J. Tolbert","J. Tolbert","WR","","","","injury-status","BYE","-","-","-","-","-","-","-","-","-","-","-","-"
"585","P. Strong","P. Strong","RB","","","IR","injury-status ir","BYE","-","-","-","-","-","-","-","-","-","-","-","-"
"586","J. Wydermyer","J. Wydermyer","TE","","","","injury-status","BYE","-","-","-","-","-","-","-","-","-","-","-","-"
"587","E. Ezukanma","E. Ezukanma","WR","","","","injury-status","BYE","-","-","-","-","-","-","-","-","-","-","-","-"
"588","P. Invalid","P. Invalid","RB","","","","injury-status","BYE","-","-","-","-","-","-","-","-","-","-","-","-"
"589","D. London","D. London","WR","","","","injury-status","BYE","-","-","-","-","-","-","-","-","-","-","-","-"
"590","C. Otton","C. Otton","TE","","","Ques","injury-status questionable","BYE","-","-","-","-","-","-","-","-","-","-","-","-"
"591","J. Ferguson","J. Ferguson","TE","","","","injury-status","BYE","-","-","-","-","-","-","-","-","-","-","-","-"
"592","D. Dedmon","D. Dedmon","WR - MIA","","","","injury-status","Final W 17-16 @ NE","-","-","-","-","-","-","-","-","-","-","-","-"
"593","N. Kalinic","N. Kalinic","TE","IND","10","","injury-status","Final L 16-28 vs SEA","-","-","-","-","-","-","-","-","-","-","-","-"
"594","B. Lenius","B. Lenius","TE - ATL","","","","injury-status","Final L 6-32 vs PHI","-","-","-","-","-","-","-","-","-","-","-","-"
"595","R. Willis","R. Willis","QB","CHI","10","","injury-status","Final L 14-34 @ LAR","-","-","-","-","-","-","-","-","-","-","-","-"
"596","D. Williams","D. Williams","TE","","","","injury-status","BYE","-","-","-","-","-","-","-","-","-","-","-","-"
"597","M. Vital","M. Vital","TE","KC","12","","injury-status","Final W 33-29 vs CLE","-","-","-","-","-","-","-","-","-","-","-","-"
"598","D. Harris-DUP","D. Harris-DUP","WR","","","","injury-status","BYE","-","-","-","-","-","-","-","-","-","-","-","-"
"599","G. Adomitis","G. Adomitis","TE","","","","injury-status","BYE","-","-","-","-","-","-","-","-","-","-","-","-"
"600","M. Jacobson","M. Jacobson","TE","IND","14","","injury-status","Final L 16-28 vs SEA","-","-","-","-","-","-","-","-","-","-","-","-"
"601","C. Taylor","C. Taylor","RB","","","","injury-status","BYE","-","-","-","-","-","-","-","-","-","-","-","-"
"602","D. Crawford","D. Crawford","TE","","","","injury-status","BYE","-","-","-","-","-","-","-","-","-","-","-","-"
"603","S. Cannella","S. Cannella","TE","MIA","13","","injury-status","Final W 17-16 @ NE","-","-","-","-","-","-","-","-","-","-","-","-"
"604","K. Jackson","K. Jackson","TE","MIA","14","","injury-status","Final W 17-16 @ NE","-","-","-","-","-","-","-","-","-","-","-","-"
"605","K. Costello","K. Costello","QB","","","","injury-status","BYE","-","-","-","-","-","-","-","-","-","-","-","-"
"606","M. Sargent","M. Sargent","RB","JAX","7","","injury-status","Final L 21-37 @ HOU","1","5","11","-","-","1","-","-","-","-","-","-"
"607","M. Bandy","M. Bandy","WR","LAC","7","","injury-status","Final W 20-16 @ WAS","-","-","-","-","-","-","-","-","-","-","-","-"
"608","M. Seybert","M. Seybert","TE","","","","injury-status","BYE","-","-","-","-","-","-","-","-","-","-","-","-"
"609","T. Toivonen","T. Toivonen","WR","NYG","10","","injury-status","Final L 13-27 vs DEN","-","-","-","-","-","-","-","-","-","-","-","-"
"610","C. Saunders","C. Saunders","WR","CAR","13","","injury-status","Final W 19-14 vs NYJ","2","-","-","-","2","2","11","-","-","-","-","-"
"611","J. Hausmann","J. Hausmann","TE","NYG","10","","injury-status","Final L 13-27 vs DEN","-","-","-","-","-","-","-","-","-","-","-","-"
"612","K. Bahar","K. Bahar","QB","","","","injury-status","BYE","-","-","-","-","-","-","-","-","-","-","-","-"
"613","J. Verity","J. Verity","K","IND","8","","injury-status","Final L 16-28 vs SEA","-","-","-","-","-","-","-","-","-","-","-","-"
"614","D. Sylencieux","D. Sylencieux","WR","","","Ques","injury-status questionable","BYE","-","-","-","-","-","-","-","-","-","-","-","-"
"615","J. Blount","J. Blount","TE","","","","injury-status","BYE","-","-","-","-","-","-","-","-","-","-","-","-"
"616","N. Guggemos","N. Guggemos","TE","CLE","13","","injury-status","Final L 29-33 @ KC","-","-","-","-","-","-","-","-","-","-","-","-"
"617","B. Seikovits","B. Seikovits","TE","ARI","12","","injury-status","Final W 38-13 @ TEN","-","-","-","-","-","-","-","-","-","-","-","-"
"618","T. Harbison","T. Harbison","RB - CLE","","","Ques","injury-status questionable","Final L 29-33 @ KC","-","-","-","-","-","-","-","-","-","-","-","-"
"619","L. Rice","L. Rice","TE","","","","injury-status","BYE","-","-","-","-","-","-","-","-","-","-","-","-"
"620","A. Prentice","A. Prentice","RB","NO","6","","injury-status","Final W 38-3 vs GB","4","3","5","-","3","3","16","-","-","-","-","-"
"621","B. Mack","B. Mack","WR","","","","injury-status","BYE","-","-","-","-","-","-","-","-","-","-","-","-"
"622","S. Beyer","S. Beyer","TE","DEN","11","","injury-status","Final W 27-13 @ NYG","-","-","-","-","-","-","-","-","-","-","-","-"
"623","T. Jones","T. Jones","WR","JAX","7","","injury-status","Final L 21-37 @ HOU","-","-","-","-","-","-","-","-","-","-","-","-"
"624","C. Clay","C. Clay","TE","","","","injury-status","BYE","-","-","-","-","-","-","-","-","-","-","-","-"
"625","J. Imatorbhebhe","J. Imatorbhebhe","WR","","","","injury-status","BYE","-","-","-","-","-","-","-","-","-","-","-","-"
"626","T. Black","T. Black","WR","NYJ","6","","injury-status","Final L 14-19 @ CAR","2","-","-","-","1","2","10","-","-","-","-","-"
"627","T. Ragas","T. Ragas","RB","LV","8","Ques","injury-status questionable","Final W 33-27 vs BAL","3","1","9","-","2","2","6","-","-","-","-","-"
"628","M. Bushman","M. Bushman","TE","KC","12","","injury-status","Final W 33-29 vs CLE","-","-","-","-","-","-","-","-","-","-","-","-"
"629","G. Groshek","G. Groshek","RB","","","","injury-status","BYE","-","-","-","-","-","-","-","-","-","-","-","-"
"630","D. Turner","D. Turner","WR","LV","8","Ques","injury-status questionable","Final W 33-27 vs BAL","-","-","-","-","-","-","-","-","-","-","-","-"
"631","R. Lees","R. Lees","WR","","","","injury-status","BYE","-","-","-","-","-","-","-","-","-","-","-","-"
"632","P. Wells","P. Wells","TE","","","","injury-status","BYE","-","-","-","-","-","-","-","-","-","-","-","-"
"633","C. Hill","C. Hill","QB","","","","injury-status","BYE","-","-","-","-","-","-","-","-","-","-","-","-"
"634","J. Raine","J. Raine","TE","ATL","6","","injury-status","Final L 6-32 vs PHI","-","-","-","-","-","-","-","-","-","-","-","-"
"635","T. Walker","T. Walker","WR","","","","injury-status","BYE","-","-","-","-","-","-","-","-","-","-","-","-"
"636","T. Poljan","T. Poljan","TE","BAL","8","","injury-status","Final L 27-33 @ LV","-","-","-","-","-","-","-","-","-","-","-","-"
"637","J. Borregales","J. Borregales","K","TB","9","","injury-status","Final W 31-29 vs DAL","-","-","-","-","-","-","-","-","-","-","-","-"
"638","T. Simmons","T. Simmons","WR","","","","injury-status","BYE","-","-","-","-","-","-","-","-","-","-","-","-"
"639","C. Johnson","C. Johnson","WR","SEA","9","","injury-status","Final W 28-16 @ IND","-","-","-","-","-","-","-","-","-","-","-","-"
"640","B. Emmons","B. Emmons","RB","","","","injury-status","BYE","-","-","-","-","-","-","-","-","-","-","-","-"
"641","N. Ralston","N. Ralston","RB","DAL","7","","injury-status","Final L 29-31 @ TB","-","-","-","-","-","-","-","-","-","-","-","-"
"642","H. Kampmoyer","H. Kampmoyer","TE","LAC","7","","injury-status","Final W 20-16 @ WAS","-","-","-","-","-","-","-","-","-","-","-","-"
"643","E. Stove","E. Stove","WR","","","","injury-status","BYE","-","-","-","-","-","-","-","-","-","-","-","-"
"644","C. Tucker","C. Tucker","TE","","","","injury-status","BYE","-","-","-","-","-","-","-","-","-","-","-","-"
"645","L. Akers","L. Akers","WR","LAR","11","","injury-status","Final W 34-14 vs CHI","-","-","-","-","-","-","-","-","-","-","-","-"
"646","D. Soehner","D. Soehner","TE","NO","6","Ques","injury-status questionable","Final W 38-3 vs GB","-","-","-","-","-","-","-","-","-","-","-","-"
"647","S. Scott","S. Scott","RB","","","","injury-status","BYE","-","-","-","-","-","-","-","-","-","-","-","-"
"648","B. Moore","B. Moore","TE","TEN","13","","injury-status","Final L 13-38 vs ARI","-","-","-","-","-","-","-","-","-","-","-","-"
"649","R. Bussey","R. Bussey","WR","PIT","7","","injury-status","Final W 23-16 @ BUF","-","-","-","-","-","-","-","-","-","-","-","-"
"650","R. Rivers","R. Rivers","QB","","","","injury-status","BYE","-","-","-","-","-","-","-","-","-","-","-","-"
"651","D. Mills","D. Mills","RB","","","","injury-status","BYE","-","-","-","-","-","-","-","-","-","-","-","-"
"652","J. McKinley","J. McKinley","WR","DET","9","","injury-status","Final L 33-41 vs SF","-","-","-","-","-","-","-","-","-","-","-","-"
"653","D. Lewis","D. Lewis","RB","","","","injury-status","BYE","-","-","-","-","-","-","-","-","-","-","-","-"
"654","M. Stokke","M. Stokke","RB","CAR","13","","injury-status","Final W 19-14 vs NYJ","-","-","-","-","-","-","-","-","-","-","-","-"
"655","S. Brown","S. Brown","RB","CAR","13","","injury-status","Final W 19-14 vs NYJ","-","-","-","-","-","-","-","-","-","-","-","-"
"656","B. Smith","B. Smith","WR","DAL","7","","injury-status","Final L 29-31 @ TB","-","-","-","-","-","-","-","-","-","-","-","-"
"657","J. Hardy","J. Hardy","RB","DAL","7","","injury-status","Final L 29-31 @ TB","9","4","29","1","-","-","-","-","-","-","-","-"
"658","T. Vasher","T. Vasher","WR","DAL","7","","injury-status","Final L 29-31 @ TB","-","-","-","-","-","-","-","-","-","-","-","-"
"659","O. Mitchell","O. Mitchell","WR","DAL","7","Ques","injury-status questionable","Final L 29-31 @ TB","-","-","-","-","-","-","-","-","-","-","-","-"
"660","N. Eubanks","N. Eubanks","TE","","","","injury-status","BYE","-","-","-","-","-","-","-","-","-","-","-","-"
"661","B. Haubeil","B. Haubeil","K","","","","injury-status","BYE","-","-","-","-","-","-","-","-","-","-","-","-"
"662","T. Carter","T. Carter","RB","TEN","13","","injury-status","Final L 13-38 vs ARI","1","-","-","-","-","-","-","-","-","-","-","-"
"663","S. Harrington","S. Harrington","TE","","","","injury-status","BYE","-","-","-","-","-","-","-","-","-","-","-","-"
"664","A. Williams","A. Williams","RB","ATL","6","","injury-status","Final L 6-32 vs PHI","-","-","-","-","-","-","-","-","-","-","-","-"
"665","B. Mason","B. Mason","TE","BAL","10","Ques","injury-status questionable","Final L 27-33 @ LV","-","-","-","-","-","-","-","-","-","-","-","-"
"666","S. Hauschka","S. Hauschka","K","","","","injury-status","BYE","-","-","-","-","-","-","-","-","-","-","-","-"
"667","A. Trammell","A. Trammell","WR","ATL","6","","injury-status","Final L 6-32 vs PHI","-","-","-","-","-","-","-","-","-","-","-","-"
"668","A. Nunn","A. Nunn","WR","","","","injury-status","BYE","-","-","-","-","-","-","-","-","-","-","-","-"
"669","C. Angeline","C. Angeline","TE","","","","injury-status","BYE","-","-","-","-","-","-","-","-","-","-","-","-"
"670","B. Labelle","B. Labelle","TE","","","Ques","injury-status questionable","BYE","-","-","-","-","-","-","-","-","-","-","-","-"
"671","J. Pederson","J. Pederson","TE","","","Ques","injury-status questionable","BYE","-","-","-","-","-","-","-","-","-","-","-","-"
"672","C. Williams","C. Williams","TE","","","","injury-status","BYE","-","-","-","-","-","-","-","-","-","-","-","-"
"673","D. Roberson","D. Roberson","WR","","","","injury-status","BYE","-","-","-","-","-","-","-","-","-","-","-","-"
"674","M. Sexton","M. Sexton","WR","","","","injury-status","BYE","-","-","-","-","-","-","-","-","-","-","-","-"
"675","M. Simon","M. Simon","WR","CAR","13","","injury-status","Final W 19-14 vs NYJ","-","-","-","-","-","-","-","-","-","-","-","-"
"676","K. Locksley","K. Locksley","WR","","","","injury-status","BYE","-","-","-","-","-","-","-","-","-","-","-","-"
"677","D. Clark","D. Clark","RB","","","Ques","injury-status questionable","BYE","-","-","-","-","-","-","-","-","-","-","-","-"
"678","B. Eagles","B. Eagles","WR","","","","injury-status","BYE","-","-","-","-","-","-","-","-","-","-","-","-"
"679","J. Ausbon","J. Ausbon","WR","","","","injury-status","BYE","-","-","-","-","-","-","-","-","-","-","-","-"
"680","K. Mond","K. Mond","QB","MIN","7","","injury-status","Final L 24-27 @ CIN","0","-","-","-","-","-","-","-","2","3","5","-"
"681","K. McClain","K. McClain","WR","","","","injury-status","BYE","-","-","-","-","-","-","-","-","-","-","-","-"
"682","A. Watkins","A. Watkins","WR","TB","6","","injury-status","Final W 31-29 vs DAL","-","-","-","-","-","-","-","-","-","-","-","-"
"683","S. Surratt","S. Surratt","TE","","","Ques","injury-status questionable","BYE","-","-","-","-","-","-","-","-","-","-","-","-"
"684","D. Hazelton","D. Hazelton","WR","HOU","10","","injury-status","Final W 37-21 vs JAX","-","-","-","-","-","-","-","-","-","-","-","-"
"685","W. Philyor","W. Philyor","WR","","","","injury-status","BYE","-","-","-","-","-","-","-","-","-","-","-","-"
"686","P. Invalid","P. Invalid","TE","","","","injury-status","BYE","-","-","-","-","-","-","-","-","-","-","-","-"
"687","J. Newman","J. Newman","QB","","","","injury-status","BYE","-","-","-","-","-","-","-","-","-","-","-","-"
"688","W. Jackson","W. Jackson","WR","LAR","11","Ques","injury-status questionable","Final W 34-14 vs CHI","-","-","-","-","-","-","-","-","-","-","-","-"
"689","C. Marable","C. Marable","RB","","","","injury-status","BYE","-","-","-","-","-","-","-","-","-","-","-","-"
"690","T. Vaughns","T. Vaughns","WR","PIT","7","","injury-status","Final W 23-16 @ BUF","-","-","-","-","-","-","-","-","-","-","-","-"
"691","Q. Morris","Q. Morris","TE","BUF","7","","injury-status","Final L 16-23 vs PIT","-","-","-","-","-","-","-","-","-","-","-","-"
"692","H. Thedford","H. Thedford","TE","","","","injury-status","BYE","-","-","-","-","-","-","-","-","-","-","-","-"
"693","C. Blair","C. Blair","WR","GB","13","","injury-status","Final L 3-38 @ NO","-","-","-","-","-","-","-","-","-","-","-","-"
"694","T. Russolino","T. Russolino","K","","","","injury-status","BYE","-","-","-","-","-","-","-","-","-","-","-","-"
"695","S. Castillo","S. Castillo","K","","","","injury-status","BYE","-","-","-","-","-","-","-","-","-","-","-","-"
"696","C. Davis","C. Davis","TE","","","","injury-status","BYE","-","-","-","-","-","-","-","-","-","-","-","-"
"697","P. Quessenberry","P. Quessenberry","TE","HOU","10","","injury-status","Final W 37-21 vs JAX","-","-","-","-","-","-","-","-","-","-","-","-"
"698","F. Green","F. Green","TE","IND","14","","injury-status","Final L 16-28 vs SEA","-","-","-","-","-","-","-","-","-","-","-","-"
"699","C. Harrell","C. Harrell","TE","","","","injury-status","BYE","-","-","-","-","-","-","-","-","-","-","-","-"
"700","N. Maxwell","N. Maxwell","RB","","","","injury-status","BYE","-","-","-","-","-","-","-","-","-","-","-","-"
"701","N. Tiano","N. Tiano","QB","","","","injury-status","BYE","-","-","-","-","-","-","-","-","-","-","-","-"
"702","C. Slomka","C. Slomka","RB","","","","injury-status","BYE","-","-","-","-","-","-","-","-","-","-","-","-"
"703","S. Guidry","S. Guidry","WR","","","","injury-status","BYE","-","-","-","-","-","-","-","-","-","-","-","-"
"704","J. Burt","J. Burt","TE","","","","injury-status","BYE","-","-","-","-","-","-","-","-","-","-","-","-"
"705","I. Zuber","I. Zuber","WR","","","Ques","injury-status questionable","BYE","-","-","-","-","-","-","-","-","-","-","-","-"
"706","M. Dereus","M. Dereus","WR","","","","injury-status","BYE","-","-","-","-","-","-","-","-","-","-","-","-"
"707","J. Hurst","J. Hurst","WR","TB","9","Ques","injury-status questionable","Final W 31-29 vs DAL","-","-","-","-","-","-","-","-","-","-","-","-"
"708","T. Jonsen","T. Jonsen","WR","TB","9","","injury-status","Final W 31-29 vs DAL","-","-","-","-","-","-","-","-","-","-","-","-"
"709","J. Pearson","J. Pearson","WR","","","","injury-status","BYE","-","-","-","-","-","-","-","-","-","-","-","-"
"710","M. Lynch","M. Lynch","RB","","","","injury-status","BYE","-","-","-","-","-","-","-","-","-","-","-","-"
"711","T. McCann","T. McCann","K","","","","injury-status","BYE","-","-","-","-","-","-","-","-","-","-","-","-"
"712","T. Hudson","T. Hudson","TE","TEN","13","Ques","injury-status questionable","Final L 13-38 vs ARI","5","-","-","-","3","6","31","-","-","-","-","-"
"713","K. Williams","K. Williams","WR","","","","injury-status","BYE","-","-","-","-","-","-","-","-","-","-","-","-"
"714","M. Kinsey","M. Kinsey","WR","TEN","13","","injury-status","Final L 13-38 vs ARI","-","-","-","-","-","-","-","-","-","-","-","-"
"715","C. Scarlett","C. Scarlett","RB","","","","injury-status","BYE","-","-","-","-","-","-","-","-","-","-","-","-"
"716","S. Dawkins","S. Dawkins","WR","","","","injury-status","BYE","-","-","-","-","-","-","-","-","-","-","-","-"
"717","P. Carr","P. Carr","RB","","","Ques","injury-status questionable","BYE","-","-","-","-","-","-","-","-","-","-","-","-"
"718","A. Jones","A. Jones","RB","","","","injury-status","BYE","-","-","-","-","-","-","-","-","-","-","-","-"
"719","J. Hokit","J. Hokit","RB","SF","6","","injury-status","Final W 41-33 @ DET","-","-","-","-","-","-","-","-","-","-","-","-"
"720","B. Rutter","B. Rutter","QB","","","","injury-status","BYE","-","-","-","-","-","-","-","-","-","-","-","-"
"721","J. Johnson","J. Johnson","WR","","","","injury-status","BYE","-","-","-","-","-","-","-","-","-","-","-","-"
"722","S. Platzgummer","S. Platzgummer","RB","NYG","10","","injury-status","Final L 13-27 vs DEN","-","-","-","-","-","-","-","-","-","-","-","-"
"723","I. Wright","I. Wright","WR","","","","injury-status","BYE","-","-","-","-","-","-","-","-","-","-","-","-"
"724","K. Tate","K. Tate","WR","","","","injury-status","BYE","-","-","-","-","-","-","-","-","-","-","-","-"
"725","M. Bailey","M. Bailey","WR","","","","injury-status","BYE","-","-","-","-","-","-","-","-","-","-","-","-"
"726","P. Houston","P. Houston","TE","","","","injury-status","BYE","-","-","-","-","-","-","-","-","-","-","-","-"
"727","D. Phelps","D. Phelps","WR","","","","injury-status","BYE","-","-","-","-","-","-","-","-","-","-","-","-"
"728","R. Medaris","R. Medaris","WR","","","","injury-status","BYE","-","-","-","-","-","-","-","-","-","-","-","-"
"729","J. Braswell","J. Braswell","WR","","","","injury-status","BYE","-","-","-","-","-","-","-","-","-","-","-","-"
"730","G. Campbell","G. Campbell","WR","","","","injury-status","BYE","-","-","-","-","-","-","-","-","-","-","-","-"
"731","R. John","R. John","TE","NYG","10","","injury-status","Final L 13-27 vs DEN","-","-","-","-","-","-","-","-","-","-","-","-"
"732","K. Markway","K. Markway","TE","LAR","11","","injury-status","Final W 34-14 vs CHI","-","-","-","-","-","-","-","-","-","-","-","-"
"733","C. Cookus","C. Cookus","QB","","","","injury-status","BYE","-","-","-","-","-","-","-","-","-","-","-","-"
"734","J. Ward","J. Ward","WR","","","","injury-status","BYE","-","-","-","-","-","-","-","-","-","-","-","-"
"735","S. Riley","S. Riley","WR","","","","injury-status","BYE","-","-","-","-","-","-","-","-","-","-","-","-"
"736","W. Hastings","W. Hastings","WR","","","","injury-status","BYE","-","-","-","-","-","-","-","-","-","-","-","-"
"737","N. Griffin-Stewart","N. Griffin-Stewart","TE","KC","12","","injury-status","Final W 33-29 vs CLE","-","-","-","-","-","-","-","-","-","-","-","-"
"738","J. Bargas","J. Bargas","RB","MIN","7","","injury-status","Final L 24-27 @ CIN","-","-","-","-","-","-","-","-","-","-","-","-"
"739","D. Chisena","D. Chisena","WR","MIN","7","Ques","injury-status questionable","Final L 24-27 @ CIN","-","-","-","-","-","-","-","-","-","-","-","-"
"740","M. Cole","M. Cole","WR","SEA","9","","injury-status","Final W 28-16 @ IND","-","-","-","-","-","-","-","-","-","-","-","-"
"741","K. Merritt","K. Merritt","WR","NO","14","","injury-status","Final W 38-3 vs GB","2","-","-","-","1","3","13","-","-","-","-","-"
"742","B. Polk","B. Polk","WR","","","","injury-status","BYE","-","-","-","-","-","-","-","-","-","-","-","-"
"743","J. Koski","J. Koski","WR","LAR","11","","injury-status","Final W 34-14 vs CHI","-3","-","-","-","-","-","-","-","-","-","-","-"
"744","E. Winston","E. Winston","WR","NO","6","","injury-status","Final W 38-3 vs GB","1","-","-","-","1","1","5","-","-","-","-","-"
"745","J. Gilbert","J. Gilbert","RB","","","","injury-status","BYE","-","-","-","-","-","-","-","-","-","-","-","-"
"746","B. Perkins","B. Perkins","QB","LAR","11","","injury-status","Final W 34-14 vs CHI","-","-","-","-","-","-","-","-","-","-","-","-"
"747","E. Edwards","E. Edwards","WR","","","","injury-status","BYE","-","-","-","-","-","-","-","-","-","-","-","-"
"748","D. Schoen","D. Schoen","WR","","","","injury-status","BYE","-","-","-","-","-","-","-","-","-","-","-","-"
"749","J. Cotton","J. Cotton","WR","JAX","7","Ques","injury-status questionable","Final L 21-37 @ HOU","-","-","-","-","-","-","-","-","-","-","-","-"
"750","J. Rice","J. Rice","TE","","","","injury-status","BYE","-","-","-","-","-","-","-","-","-","-","-","-"
"751","D. Bradwell","D. Bradwell","RB","CAR","7","","injury-status","Final W 19-14 vs NYJ","-","-","-","-","-","1","-","-","-","-","-","-"
"752","B. Holly","B. Holly","RB","","","","injury-status","BYE","-","-","-","-","-","-","-","-","-","-","-","-"
"753","S. Mariner","S. Mariner","WR","","","","injury-status","BYE","-","-","-","-","-","-","-","-","-","-","-","-"
"754","J. Shelton-Mosley","J. Shelton-Mosley","WR","","","","injury-status","BYE","-","-","-","-","-","-","-","-","-","-","-","-"
"755","B. Wright","B. Wright","P, K - LAR","","","","injury-status","Final W 34-14 vs CHI","-","-","-","-","-","-","-","-","-","-","-","-"
"756","J. Hammond","J. Hammond","WR","JAX","7","","injury-status","Final L 21-37 @ HOU","-","-","-","-","-","-","-","-","-","-","-","-"
"757","M. Ross","M. Ross","WR","","","","injury-status","BYE","-","-","-","-","-","-","-","-","-","-","-","-"
"758","D. Harris","D. Harris","WR","IND","14","","injury-status","Final L 16-28 vs SEA","-","-","-","-","-","-","-","-","-","-","-","-"
"759","T. Simmons","T. Simmons","WR","","","","injury-status","BYE","-","-","-","-","-","-","-","-","-","-","-","-"
"760","D. Stapleton","D. Stapleton","TE","","","","injury-status","BYE","-","-","-","-","-","-","-","-","-","-","-","-"
"761","J. Jones","J. Jones","RB","","","","injury-status","BYE","-","-","-","-","-","-","-","-","-","-","-","-"
"762","J. Morton","J. Morton","QB","IND","14","","injury-status","Final L 16-28 vs SEA","-","-","-","-","-","-","-","-","-","-","-","-"
"763","L. Sellers","L. Sellers","RB","","","","injury-status","BYE","-","-","-","-","-","-","-","-","-","-","-","-"
"764","N. Wieting","N. Wieting","TE","","","","injury-status","BYE","-","-","-","-","-","-","-","-","-","-","-","-"
"765","K. Davidson","K. Davidson","QB","","","","injury-status","BYE","-","-","-","-","-","-","-","-","-","-","-","-"
"766","S. Washington","S. Washington","WR","CIN","10","","injury-status","Final W 27-24 vs MIN","-","-","-","-","-","-","-","-","-","-","-","-"
"767","D. Whaley","D. Whaley","RB","","","","injury-status","BYE","-","-","-","-","-","-","-","-","-","-","-","-"
"768","A. Hifo","A. Hifo","WR","","","","injury-status","BYE","-","-","-","-","-","-","-","-","-","-","-","-"
"769","M. Ffrench","M. Ffrench","WR","LAC","7","","injury-status","Final W 20-16 @ WAS","0","1","3","-","-","-","-","-","-","-","-","-"
"770","A. Baccellia","A. Baccellia","WR","ARI","12","","injury-status","Final W 38-13 @ TEN","-","-","-","-","-","-","-","-","-","-","-","-"
"771","A. Wagner","A. Wagner","WR","","","","injury-status","BYE","-","-","-","-","-","-","-","-","-","-","-","-"
"772","C. Sutton","C. Sutton","TE","","","","injury-status","BYE","-","-","-","-","-","-","-","-","-","-","-","-"
"773","T. Hights","T. Hights","WR","","","","injury-status","BYE","-","-","-","-","-","-","-","-","-","-","-","-"
"774","S. Nigh","S. Nigh","RB","","","","injury-status","BYE","-","-","-","-","-","-","-","-","-","-","-","-"
"775","Z. Manning","Z. Manning","WR","","","","injury-status","BYE","-","-","-","-","-","-","-","-","-","-","-","-"
"776","A. Williams","A. Williams","RB","NYG","7","","injury-status","Final L 13-27 vs DEN","-","-","-","-","-","-","-","-","-","-","-","-"
"777","N. Vogel","N. Vogel","K","","","","injury-status","BYE","-","-","-","-","-","-","-","-","-","-","-","-"
"778","J. Moore","J. Moore","WR","BAL","8","Ques","injury-status questionable","Final L 27-33 @ LV","-","-","-","-","-","-","-","-","-","-","-","-"
"779","B. Rechsteiner","B. Rechsteiner","RB","","","","injury-status","BYE","-","-","-","-","-","-","-","-","-","-","-","-"
"780","C. Repp","C. Repp","TE","","","","injury-status","BYE","-","-","-","-","-","-","-","-","-","-","-","-"
"781","C. Rowland","C. Rowland","WR","","","","injury-status","BYE","-","-","-","-","-","-","-","-","-","-","-","-"
"782","J. Green","J. Green","WR","","","","injury-status","BYE","-","-","-","-","-","-","-","-","-","-","-","-"
"783","J. McCleskey","J. McCleskey","WR - NO","","","","injury-status","Final W 38-3 vs GB","-","-","-","-","-","-","-","-","-","-","-","-"
"784","M. Daniel","M. Daniel","RB","","","","injury-status","BYE","-","-","-","-","-","-","-","-","-","-","-","-"
"785","R. Becker","R. Becker","TE","","","","injury-status","BYE","-","-","-","-","-","-","-","-","-","-","-","-"
"786","S. Leatherbury","S. Leatherbury","WR","","","","injury-status","BYE","-","-","-","-","-","-","-","-","-","-","-","-"
"787","R. Sinnett","R. Sinnett","QB","PHI","14","","injury-status","Final W 32-6 @ ATL","-","-","-","-","-","-","-","-","-","-","-","-"
"788","R. Neal","R. Neal","QB","","","","injury-status","BYE","-","-","-","-","-","-","-","-","-","-","-","-"
"789","J. Love","J. Love","QB","","","","injury-status","BYE","-","-","-","-","-","-","-","-","-","-","-","-"
"790","J. Smith","J. Smith","QB","","","","injury-status","BYE","-","-","-","-","-","-","-","-","-","-","-","-"
"791","T. Stevens","T. Stevens","QB","NYG","10","","injury-status","Final L 13-27 vs DEN","-","-","-","-","-","-","-","-","-","-","-","-"
"792","B. DiNucci","B. DiNucci","QB","DAL","7","","injury-status","Final L 29-31 @ TB","-","-","-","-","-","-","-","-","-","-","-","-"
"793","T. Davis","T. Davis","TE","GB","13","","injury-status","Final L 3-38 @ NO","6","-","-","-","4","5","35","-","-","-","-","-"
"794","J. Rohrwasser","J. Rohrwasser","K","","","","injury-status","BYE","-","-","-","-","-","-","-","-","-","-","-","-"
"795","L. Cager","L. Cager","TE","NYJ","13","","injury-status","Final L 14-19 @ CAR","-","-","-","-","-","-","-","-","-","-","-","-"
"796","R. Ahmed","R. Ahmed","K","","","","injury-status","BYE","-","-","-","-","-","-","-","-","-","-","-","-"
"797","T. Feaster","T. Feaster","RB","ARI","12","","injury-status","Final W 38-13 @ TEN","-","-","-","-","-","-","-","-","-","-","-","-"
"798","D. Dillon","D. Dillon","WR - NYG","","","","injury-status","Final L 13-27 vs DEN","-","-","-","-","-","-","-","-","-","-","-","-"
"799","A. MacGinnis","A. MacGinnis","K","","","","injury-status","BYE","-","-","-","-","-","-","-","-","-","-","-","-"
"800","A. Killins","A. Killins","RB","DEN","11","","injury-status","Final W 27-13 @ NYG","-","-","-","-","-","-","-","-","-","-","-","-"
"801","C. Finke","C. Finke","WR","","","","injury-status","BYE","-","-","-","-","-","-","-","-","-","-","-","-"
"802","A. Parker","A. Parker","WR","CAR","13","","injury-status","Final W 19-14 vs NYJ","-","-","-","-","-","-","-","-","-","-","-","-"
"803","X. Jones","X. Jones","RB","","","Ques","injury-status questionable","BYE","-","-","-","-","-","-","-","-","-","-","-","-"
"804","J. Luton","J. Luton","QB","MIA","14","","injury-status","Final W 17-16 @ NE","-","-","-","-","-","-","-","-","-","-","-","-"
"805","J. Morgan","J. Morgan","QB","IND","14","","injury-status","Final L 16-28 vs SEA","-","-","-","-","-","-","-","-","-","-","-","-"
"806","O. Bayless","O. Bayless","WR","","","","injury-status","BYE","-","-","-","-","-","-","-","-","-","-","-","-"
"807","P. Guerriero","P. Guerriero","RB","","","","injury-status","BYE","-","-","-","-","-","-","-","-","-","-","-","-"
"808","T. Brown","T. Brown","WR","","","","injury-status","BYE","-","-","-","-","-","-","-","-","-","-","-","-"
"809","J. Thomas","J. Thomas","WR","","","","injury-status","BYE","-","-","-","-","-","-","-","-","-","-","-","-"
"810","J. Molson","J. Molson","K","GB","13","","injury-status","Final L 3-38 @ NO","-","-","-","-","-","-","-","-","-","-","-","-"
"811","E. Wolf","E. Wolf","TE","IND","14","","injury-status","Final L 16-28 vs SEA","-","-","-","-","-","-","-","-","-","-","-","-"
"812","S. Patterson","S. Patterson","QB","","","","injury-status","BYE","-","-","-","-","-","-","-","-","-","-","-","-"
"813","D. Stewart","D. Stewart","WR","","","","injury-status","BYE","-","-","-","-","-","-","-","-","-","-","-","-"
"814","S. Olonilua","S. Olonilua","RB","DAL","7","Ques","injury-status questionable","Final L 29-31 @ TB","-","-","-","-","-","-","-","-","-","-","-","-"
"815","B. LeMay","B. LeMay","RB","CLE","13","","injury-status","Final L 29-33 @ KC","-","-","-","-","-","-","-","-","-","-","-","-"
"816","D. Anderson","D. Anderson","RB","HOU","10","","injury-status","Final W 37-21 vs JAX","-","-","-","-","-","-","-","-","-","-","-","-"
"817","K. Rogers","K. Rogers","WR","","","","injury-status","BYE","-","-","-","-","-","-","-","-","-","-","-","-"
"818","T. Cleveland","T. Cleveland","WR","DEN","11","","injury-status","Final W 27-13 @ NYG","-","-","-","-","-","1","-","-","-","-","-","-"
"819","R. Dowdle","R. Dowdle","RB","DAL","7","","injury-status","Final L 29-31 @ TB","-","-","-","-","-","-","-","-","-","-","-","-"
"820","J. Breeland","J. Breeland","TE","","","","injury-status","BYE","-","-","-","-","-","-","-","-","-","-","-","-"
"821","S. Montez","S. Montez","QB","DET","9","","injury-status","Final L 33-41 vs SF","-","-","-","-","-","-","-","-","-","-","-","-"
"822","T. Jackson","T. Jackson","WR","MIN","7","IR","injury-status ir","Final L 24-27 @ CIN","-","-","-","-","-","-","-","-","-","-","-","-"
"823","B. Lewerke","B. Lewerke","QB","NYG","10","","injury-status","Final L 13-27 vs DEN","-","-","-","-","-","-","-","-","-","-","-","-"
"824","B. Herrien","B. Herrien","RB","","","","injury-status","BYE","-","-","-","-","-","-","-","-","-","-","-","-"
"825","D. Wood-Anderson","D. Wood-Anderson","TE","","","","injury-status","BYE","-","-","-","-","-","-","-","-","-","-","-","-"
"826","R. Calais","R. Calais","RB","LAR","11","","injury-status","Final W 34-14 vs CHI","-","-","-","-","-","-","-","-","-","-","-","-"
"827","D. Patmon","D. Patmon","WR","IND","14","","injury-status","Final L 16-28 vs SEA","9","-","-","-","2","4","21","1","-","-","-","-"
"828","C. O'Grady","C. O'Grady","TE","","","","injury-status","BYE","-","-","-","-","-","-","-","-","-","-","-","-"
"829","S. Sullivan","S. Sullivan","TE","CAR","13","Out","injury-status out","Final W 19-14 vs NYJ","-","-","-","-","-","1","-","-","-","-","-","-"
"830","A. Fuller","A. Fuller","WR","SEA","9","","injury-status","Final W 28-16 @ IND","-","-","-","-","-","-","-","-","-","-","-","-"
"831","J. Leake","J. Leake","RB","","","","injury-status","BYE","-","-","-","-","-","-","-","-","-","-","-","-"
"832","L. Bellamy","L. Bellamy","RB","","","","injury-status","BYE","-","-","-","-","-","-","-","-","-","-","-","-"
"833","C. McDonald","C. McDonald","QB","","","","injury-status","BYE","-","-","-","-","-","-","-","-","-","-","-","-"
"834","T. Ginn","T. Ginn","WR","","","","injury-status","BYE","-","-","-","-","-","-","-","-","-","-","-","-"
"835","B. Victor","B. Victor","WR","BAL","8","","injury-status","Final L 27-33 @ LV","-","-","-","-","-","-","-","-","-","-","-","-"
"836","C. Taumoepeau","C. Taumoepeau","TE","","","","injury-status","BYE","-","-","-","-","-","-","-","-","-","-","-","-"
"837","I. Hodgins","I. Hodgins","WR","BUF","7","","injury-status","Final L 16-23 vs PIT","-","-","-","-","-","-","-","-","-","-","-","-"
"838","T. Moss","T. Moss","TE","","","","injury-status","BYE","-","-","-","-","-","-","-","-","-","-","-","-"
"839","A. Gordon","A. Gordon","QB","DEN","11","","injury-status","Final W 27-13 @ NYG","-","-","-","-","-","-","-","-","-","-","-","-"
"840","N. Stanley","N. Stanley","QB","","","","injury-status","BYE","-","-","-","-","-","-","-","-","-","-","-","-"
"841","Q. Davis","Q. Davis","WR","IND","14","Ques","injury-status questionable","Final L 16-28 vs SEA","-","-","-","-","-","-","-","-","-","-","-","-"
"842","A. Mack","A. Mack","WR","SF","6","","injury-status","Final W 41-33 @ DET","-","-","-","-","-","-","-","-","-","-","-","-"
"843","K. Lipscomb","K. Lipscomb","WR","","","","injury-status","BYE","-","-","-","-","-","-","-","-","-","-","-","-"
"844","J. Dobbins","J. Dobbins","RB","BAL","8","","injury-status","Final L 27-33 @ LV","-","-","-","-","-","-","-","-","-","-","-","-"
"845","C. Streveler","C. Streveler","QB","BAL","8","","injury-status","Final L 27-33 @ LV","1","3","6","-","-","-","-","-","6","9","36","-"
"846","R. Begelton","R. Begelton","WR","","","","injury-status","BYE","-","-","-","-","-","-","-","-","-","-","-","-"
"847","D. Clark","D. Clark","TE","","","","injury-status","BYE","-","-","-","-","-","-","-","-","-","-","-","-"
"848","L. McCoy","L. McCoy","RB","","","","injury-status","BYE","-","-","-","-","-","-","-","-","-","-","-","-"
"849","T. Salter","T. Salter","WR","","","NA","injury-status na","BYE","-","-","-","-","-","-","-","-","-","-","-","-"
"850","M. Young","M. Young","RB","","","","injury-status","BYE","-","-","-","-","-","-","-","-","-","-","-","-"
"851","M. Crum","M. Crum","TE","","","","injury-status","BYE","-","-","-","-","-","-","-","-","-","-","-","-"
"852","J. Ta'amu","J. Ta'amu","QB","","","","injury-status","BYE","-","-","-","-","-","-","-","-","-","-","-","-"
"853","J. Harris","J. Harris","TE","","","","injury-status","BYE","-","-","-","-","-","-","-","-","-","-","-","-"
"854","J. Walker","J. Walker","WR","","","","injury-status","BYE","-","-","-","-","-","-","-","-","-","-","-","-"
"855","V. Testaverde","V. Testaverde","QB","","","","injury-status","BYE","-","-","-","-","-","-","-","-","-","-","-","-"
"856","J. Way","J. Way","WR","","","","injury-status","BYE","-","-","-","-","-","-","-","-","-","-","-","-"
"857","M. Simms","M. Simms","WR","","","Ques","injury-status questionable","BYE","-","-","-","-","-","-","-","-","-","-","-","-"
"858","J. Caldwell","J. Caldwell","RB","","","","injury-status","BYE","-","-","-","-","-","-","-","-","-","-","-","-"
"859","T. McGowan","T. McGowan","RB","","","","injury-status","BYE","-","-","-","-","-","-","-","-","-","-","-","-"
"860","F. Trevillion","F. Trevillion","WR","","","","injury-status","BYE","-","-","-","-","-","-","-","-","-","-","-","-"
"861","M. Sutton","M. Sutton","RB","","","","injury-status","BYE","-","-","-","-","-","-","-","-","-","-","-","-"
"862","F. Allen","F. Allen","WR","","","","injury-status","BYE","-","-","-","-","-","-","-","-","-","-","-","-"
"863","J. Horn","J. Horn","WR","","","","injury-status","BYE","-","-","-","-","-","-","-","-","-","-","-","-"
"864","J. Horn","J. Horn","WR","","","","injury-status","BYE","-","-","-","-","-","-","-","-","-","-","-","-"
"865","J. Greene","J. Greene","WR","","","","injury-status","BYE","-","-","-","-","-","-","-","-","-","-","-","-"
"866","J. Forson","J. Forson","WR - KC","","","NA","injury-status na","Final W 33-29 vs CLE","-","-","-","-","-","-","-","-","-","-","-","-"
"867","A. Ouellette","A. Ouellette","RB","","","","injury-status","BYE","-","-","-","-","-","-","-","-","-","-","-","-"
"868","M. Wright","M. Wright","WR","","","","injury-status","BYE","-","-","-","-","-","-","-","-","-","-","-","-"
"869","J. Parker","J. Parker","WR","","","","injury-status","BYE","-","-","-","-","-","-","-","-","-","-","-","-"
"870","N. Evans","N. Evans","RB","","","","injury-status","BYE","-","-","-","-","-","-","-","-","-","-","-","-"
"871","B. Watson","B. Watson","TE","","","","injury-status","BYE","-","-","-","-","-","-","-","-","-","-","-","-"
"872","B. Burt","B. Burt","WR","","","","injury-status","BYE","-","-","-","-","-","-","-","-","-","-","-","-"
"873","V. Bryant","V. Bryant","WR","","","","injury-status","BYE","-","-","-","-","-","-","-","-","-","-","-","-"
"874","I. Zico","I. Zico","WR","","","","injury-status","BYE","-","-","-","-","-","-","-","-","-","-","-","-"
"875","C. Hatfield","C. Hatfield","K","","","","injury-status","BYE","-","-","-","-","-","-","-","-","-","-","-","-"
"876","J. Baron","J. Baron","K","","","","injury-status","BYE","-","-","-","-","-","-","-","-","-","-","-","-"
"877","I. Searight","I. Searight","TE","","","","injury-status","BYE","-","-","-","-","-","-","-","-","-","-","-","-"
"878","A. Lindsey","A. Lindsey","WR","","","","injury-status","BYE","-","-","-","-","-","-","-","-","-","-","-","-"
"879","N. Fitzgerald","N. Fitzgerald","QB","","","","injury-status","BYE","-","-","-","-","-","-","-","-","-","-","-","-"
"880","C. Simpson","C. Simpson","WR","","","","injury-status","BYE","-","-","-","-","-","-","-","-","-","-","-","-"
"881","J. McClendon","J. McClendon","QB","","","","injury-status","BYE","-","-","-","-","-","-","-","-","-","-","-","-"
"882","D. Hodges","D. Hodges","QB","","","","injury-status","BYE","-","-","-","-","-","-","-","-","-","-","-","-"
"883","S. Schnell","S. Schnell","WR","","","","injury-status","BYE","-","-","-","-","-","-","-","-","-","-","-","-"
"884","D. Strickland","D. Strickland","RB","","","","injury-status","BYE","-","-","-","-","-","-","-","-","-","-","-","-"
"885","C. Jones","C. Jones","TE","","","","injury-status","BYE","-","-","-","-","-","-","-","-","-","-","-","-"
"886","M. Colubiale","M. Colubiale","TE","","","","injury-status","BYE","-","-","-","-","-","-","-","-","-","-","-","-"
"887","M. Stephens","M. Stephens","TE","","","","injury-status","BYE","-","-","-","-","-","-","-","-","-","-","-","-"
"888","T. Brooks-James","T. Brooks-James","RB","","","","injury-status","BYE","-","-","-","-","-","-","-","-","-","-","-","-"
"889","S. Poindexter","S. Poindexter","WR","","","","injury-status","BYE","-","-","-","-","-","-","-","-","-","-","-","-"
"890","M. Henry","M. Henry","WR","","","","injury-status","BYE","-","-","-","-","-","-","-","-","-","-","-","-"
"891","D. Willis","D. Willis","WR","","","","injury-status","BYE","-","-","-","-","-","-","-","-","-","-","-","-"
"892","M. Marshall","M. Marshall","RB","","","","injury-status","BYE","-","-","-","-","-","-","-","-","-","-","-","-"
"893","D. Thompkins","D. Thompkins","WR","GB","13","Ques","injury-status questionable","Final L 3-38 @ NO","-","-","-","-","-","-","-","-","-","-","-","-"
"894","D. Jackson","D. Jackson","RB","","","","injury-status","BYE","-","-","-","-","-","-","-","-","-","-","-","-"
"895","N. Becker","N. Becker","TE","","","Ques","injury-status questionable","BYE","-","-","-","-","-","-","-","-","-","-","-","-"
"896","J. Jordan","J. Jordan","WR","","","","injury-status","BYE","-","-","-","-","-","-","-","-","-","-","-","-"
"897","T. Linta","T. Linta","QB","","","","injury-status","BYE","-","-","-","-","-","-","-","-","-","-","-","-"
"898","D. Shepherd","D. Shepherd","WR","","","Ques","injury-status questionable","BYE","-","-","-","-","-","-","-","-","-","-","-","-"
"899","T. Gray","T. Gray","RB","","","","injury-status","BYE","-","-","-","-","-","-","-","-","-","-","-","-"
"900","C. Conrad","C. Conrad","TE","","","","injury-status","BYE","-","-","-","-","-","-","-","-","-","-","-","-"
"901","C. Hedlund","C. Hedlund","K","","","","injury-status","BYE","-","-","-","-","-","-","-","-","-","-","-","-"
"902","J. Johnson","J. Johnson","TE","","","","injury-status","BYE","-","-","-","-","-","-","-","-","-","-","-","-"
"903","T. Wright","T. Wright","WR","","","","injury-status","BYE","-","-","-","-","-","-","-","-","-","-","-","-"
"904","A. Choice","A. Choice","RB","","","","injury-status","BYE","-","-","-","-","-","-","-","-","-","-","-","-"
"905","M. Deane","M. Deane","TE","","","","injury-status","BYE","-","-","-","-","-","-","-","-","-","-","-","-"
"906","T. Christion","T. Christion","QB","","","","injury-status","BYE","-","-","-","-","-","-","-","-","-","-","-","-"
"907","C. Scarff","C. Scarff","TE","","","","injury-status","BYE","-","-","-","-","-","-","-","-","-","-","-","-"
"908","D. Koppenhaver","D. Koppenhaver","TE","","","","injury-status","BYE","-","-","-","-","-","-","-","-","-","-","-","-"
"909","M. Eaton","M. Eaton","WR","","","","injury-status","BYE","-","-","-","-","-","-","-","-","-","-","-","-"
"910","T. Ives","T. Ives","WR","CHI","10","Ques","injury-status questionable","Final L 14-34 @ LAR","-","-","-","-","-","-","-","-","-","-","-","-"
"911","E. Richardson","E. Richardson","TE","","","","injury-status","BYE","-","-","-","-","-","-","-","-","-","-","-","-"
"912","C. Herdman","C. Herdman","TE","","","","injury-status","BYE","-","-","-","-","-","-","-","-","-","-","-","-"
"913","S. Modster","S. Modster","WR","","","","injury-status","BYE","-","-","-","-","-","-","-","-","-","-","-","-"
"914","S. Carlson","S. Carlson","TE","CLE","13","","injury-status","Final L 29-33 @ KC","-","-","-","-","-","-","-","-","-","-","-","-"
"915","D. Blough","D. Blough","QB","DET","9","","injury-status","Final L 33-41 vs SF","-0","1","6","-","-","-","-","-","-","-","-","-"
"916","D. Baker","D. Baker","WR","","","","injury-status","BYE","-","-","-","-","-","-","-","-","-","-","-","-"
"917","D. Hall","D. Hall","RB","","","","injury-status","BYE","-","-","-","-","-","-","-","-","-","-","-","-"
"918","J. Hilliman","J. Hilliman","RB","","","","injury-status","BYE","-","-","-","-","-","-","-","-","-","-","-","-"
"919","E. Dungey","E. Dungey","QB","","","","injury-status","BYE","-","-","-","-","-","-","-","-","-","-","-","-"
"920","H. Hentges","H. Hentges","TE","","","","injury-status","BYE","-","-","-","-","-","-","-","-","-","-","-","-"
"921","K. McKnight","K. McKnight","WR","","","","injury-status","BYE","-","-","-","-","-","-","-","-","-","-","-","-"
"922","G. Aston","G. Aston","RB","","","","injury-status","BYE","-","-","-","-","-","-","-","-","-","-","-","-"
"923","J. Johnson","J. Johnson","WR","","","","injury-status","BYE","-","-","-","-","-","-","-","-","-","-","-","-"
"924","T. Rahming","T. Rahming","WR","","","","injury-status","BYE","-","-","-","-","-","-","-","-","-","-","-","-"
"925","K. Dillon","K. Dillon","TE","","","","injury-status","BYE","-","-","-","-","-","-","-","-","-","-","-","-"
"926","A. Fort","A. Fort","TE","TEN","13","","injury-status","Final L 13-38 vs ARI","-","-","-","-","-","-","-","-","-","-","-","-"
"927","R. Guerrier","R. Guerrier","WR","","","","injury-status","BYE","-","-","-","-","-","-","-","-","-","-","-","-"
"928","J. Lloyd","J. Lloyd","WR","","","","injury-status","BYE","-","-","-","-","-","-","-","-","-","-","-","-"
"929","K. Brown","K. Brown","TE","","","","injury-status","BYE","-","-","-","-","-","-","-","-","-","-","-","-"
"930","R. Brooker","R. Brooker","TE","","","","injury-status","BYE","-","-","-","-","-","-","-","-","-","-","-","-"
"931","A. Bachman","A. Bachman","WR","NYG","10","","injury-status","Final L 13-27 vs DEN","-0","1","-3","-","-","-","-","-","-","-","-","-"
"932","M. Colburn","M. Colburn","RB","","","","injury-status","BYE","-","-","-","-","-","-","-","-","-","-","-","-"
"933","J. Sumpter","J. Sumpter","WR","","","","injury-status","BYE","-","-","-","-","-","-","-","-","-","-","-","-"
"934","A. Hollins","A. Hollins","WR","","","","injury-status","BYE","-","-","-","-","-","-","-","-","-","-","-","-"
"935","D. Davis","D. Davis","WR","HOU","10","","injury-status","Final W 37-21 vs JAX","2","-","-","-","1","3","17","-","-","-","-","-"
"936","J. Washington","J. Washington","TE","","","","injury-status","BYE","-","-","-","-","-","-","-","-","-","-","-","-"
"937","D. Belcher","D. Belcher","TE","","","","injury-status","BYE","-","-","-","-","-","-","-","-","-","-","-","-"
"938","A. Richardson","A. Richardson","WR","","","","injury-status","BYE","-","-","-","-","-","-","-","-","-","-","-","-"
"939","X. Turner","X. Turner","RB","","","","injury-status","BYE","-","-","-","-","-","-","-","-","-","-","-","-"
"940","D. Anderson","D. Anderson","QB","","","","injury-status","BYE","-","-","-","-","-","-","-","-","-","-","-","-"
"941","D. Jeanpiere","D. Jeanpiere","WR","","","","injury-status","BYE","-","-","-","-","-","-","-","-","-","-","-","-"
"942","C. Meier","C. Meier","TE","","","","injury-status","BYE","-","-","-","-","-","-","-","-","-","-","-","-"
"943","P. White","P. White","WR","","","","injury-status","BYE","-","-","-","-","-","-","-","-","-","-","-","-"
"944","M. Walker","M. Walker","WR","","","Ques","injury-status questionable","BYE","-","-","-","-","-","-","-","-","-","-","-","-"
"945","D. Snelson","D. Snelson","WR","","","","injury-status","BYE","-","-","-","-","-","-","-","-","-","-","-","-"
"946","R. Leonard","R. Leonard","WR","","","","injury-status","BYE","-","-","-","-","-","-","-","-","-","-","-","-"
"947","C. Worton","C. Worton","WR","","","","injury-status","BYE","-","-","-","-","-","-","-","-","-","-","-","-"
"948","K. Lewis","K. Lewis","WR","","","","injury-status","BYE","-","-","-","-","-","-","-","-","-","-","-","-"
"949","S. Bane","S. Bane","WR","","","","injury-status","BYE","-","-","-","-","-","-","-","-","-","-","-","-"
"950","M. Wilkins","M. Wilkins","QB","","","","injury-status","BYE","-","-","-","-","-","-","-","-","-","-","-","-"
"951","S. Louis","S. Louis","WR","","","","injury-status","BYE","-","-","-","-","-","-","-","-","-","-","-","-"
"952","X. Ubosi","X. Ubosi","WR","","","","injury-status","BYE","-","-","-","-","-","-","-","-","-","-","-","-"
"953","J. Duhart","J. Duhart","WR","","","","injury-status","BYE","-","-","-","-","-","-","-","-","-","-","-","-"
"954","J. Ellis","J. Ellis","RB","","","","injury-status","BYE","-","-","-","-","-","-","-","-","-","-","-","-"
"955","J. Dolegala","J. Dolegala","QB","","","","injury-status","BYE","-","-","-","-","-","-","-","-","-","-","-","-"
"956","I. Bunting","I. Bunting","TE","DAL","7","Ques","injury-status questionable","Final L 29-31 @ TB","-","-","-","-","-","-","-","-","-","-","-","-"
"957","C. Cox","C. Cox","RB","","","","injury-status","BYE","-","-","-","-","-","-","-","-","-","-","-","-"
"958","C. Gillaspia","C. Gillaspia","RB","NYG","10","Ques","injury-status questionable","Final L 13-27 vs DEN","-","-","-","-","-","-","-","-","-","-","-","-"
"959","M. Green","M. Green","WR","","","","injury-status","BYE","-","-","-","-","-","-","-","-","-","-","-","-"
"960","T. Wood","T. Wood","TE","","","","injury-status","BYE","-","-","-","-","-","-","-","-","-","-","-","-"
"961","R. White","R. White","WR","","","","injury-status","BYE","-","-","-","-","-","-","-","-","-","-","-","-"
"962","J. Powell","J. Powell","TE","","","","injury-status","BYE","-","-","-","-","-","-","-","-","-","-","-","-"
"963","D. Holland","D. Holland","RB","","","","injury-status","BYE","-","-","-","-","-","-","-","-","-","-","-","-"
"964","T. Thompson","T. Thompson","WR","","","","injury-status","BYE","-","-","-","-","-","-","-","-","-","-","-","-"
"965","J. Cox","J. Cox","RB","","","","injury-status","BYE","-","-","-","-","-","-","-","-","-","-","-","-"
"966","T. Mayfield","T. Mayfield","TE","","","","injury-status","BYE","-","-","-","-","-","-","-","-","-","-","-","-"
"967","W. Speight","W. Speight","QB","","","","injury-status","BYE","-","-","-","-","-","-","-","-","-","-","-","-"
"968","T. McMillian","T. McMillian","RB","","","","injury-status","BYE","-","-","-","-","-","-","-","-","-","-","-","-"
"969","M. Sokol","M. Sokol","TE","DET","7","","injury-status","Final L 33-41 vs SF","-","-","-","-","-","-","-","-","-","-","-","-"
"970","J. Lovett","J. Lovett","RB","","","Ques","injury-status questionable","BYE","-","-","-","-","-","-","-","-","-","-","-","-"
"971","N. Easley","N. Easley","WR","","","","injury-status","BYE","-","-","-","-","-","-","-","-","-","-","-","-"
"972","I. Hyman","I. Hyman","WR","","","Ques","injury-status questionable","BYE","-","-","-","-","-","-","-","-","-","-","-","-"
"973","B. Silvers","B. Silvers","QB","","","","injury-status","BYE","-","-","-","-","-","-","-","-","-","-","-","-"
"974","V. Holmes","V. Holmes","RB","","","","injury-status","BYE","-","-","-","-","-","-","-","-","-","-","-","-"
"975","C. Wade","C. Wade","RB","","","","injury-status","BYE","-","-","-","-","-","-","-","-","-","-","-","-"
"976","D. Sheehy-Guiseppi","D. Sheehy-Guiseppi","WR","","","","injury-status","BYE","-","-","-","-","-","-","-","-","-","-","-","-"
"977","C. Murphy","C. Murphy","K","","","","injury-status","BYE","-","-","-","-","-","-","-","-","-","-","-","-"
"978","S. Smith","S. Smith","RB","LV","8","","injury-status","Final W 33-27 vs BAL","-","-","-","-","-","-","-","-","-","-","-","-"
"979","A. Ware","A. Ware","RB","","","","injury-status","BYE","-","-","-","-","-","-","-","-","-","-","-","-"
"980","E. Stick","E. Stick","QB","LAC","7","","injury-status","Final W 20-16 @ WAS","-","-","-","-","-","-","-","-","-","-","-","-"
"981","K. Whyte","K. Whyte","RB","GB","13","","injury-status","Final L 3-38 @ NO","-","-","-","-","-","-","-","-","-","-","-","-"
"982","C. Thompson","C. Thompson","WR","SEA","9","","injury-status","Final W 28-16 @ IND","-","-","-","-","-","-","-","-","-","-","-","-"
"983","J. Williams","J. Williams","RB","","","","injury-status","BYE","-","-","-","-","-","-","-","-","-","-","-","-"
"984","J. Ursua","J. Ursua","WR","SEA","9","","injury-status","Final W 28-16 @ IND","-","-","-","-","-","-","-","-","-","-","-","-"
"985","J. Scarlett","J. Scarlett","RB","MIA","14","","injury-status","Final W 17-16 @ NE","-","-","-","-","-","-","-","-","-","-","-","-"
"986","K. Warring","K. Warring","TE","JAX","7","","injury-status","Final L 21-37 @ HOU","-","-","-","-","-","-","-","-","-","-","-","-"
"987","A. Wesley","A. Wesley","WR","","","","injury-status","BYE","-","-","-","-","-","-","-","-","-","-","-","-"
"988","L. Scott","L. Scott","RB","","","","injury-status","BYE","-","-","-","-","-","-","-","-","-","-","-","-"
"989","M. Weber","M. Weber","RB","","","","injury-status","BYE","-","-","-","-","-","-","-","-","-","-","-","-"
"990","J. Smith","J. Smith","WR - NE","","","","injury-status","Final L 16-17 vs MIA","-","-","-","-","-","-","-","-","-","-","-","-"
"991","D. Williams","D. Williams","RB","CLE","13","","injury-status","Final L 29-33 @ KC","-","-","-","-","-","-","-","-","-","-","-","-"
"992","C. Thorson","C. Thorson","QB","NYG","10","","injury-status","Final L 13-27 vs DEN","-","-","-","-","-","-","-","-","-","-","-","-"
"993","T. Williams","T. Williams","RB","CIN","10","","injury-status","Final W 27-24 vs MIN","6","15","51","-","1","2","4","-","-","-","-","-"
"994","C. Wilson","C. Wilson","TE","DEN","11","","injury-status","Final W 27-13 @ NYG","-","-","-","-","-","-","-","-","-","-","-","-"
"995","I. Smith","I. Smith","TE","MIN","7","IR","injury-status ir","Final L 24-27 @ CIN","-","-","-","-","-","-","-","-","-","-","-","-"
"996","W. Hills","W. Hills","RB","","","","injury-status","BYE","-","-","-","-","-","-","-","-","-","-","-","-"
"997","J. Browning","J. Browning","QB","CIN","10","","injury-status","Final W 27-24 vs MIN","-","-","-","-","-","-","-","-","-","-","-","-"
"998","E. Butler","E. Butler","WR","","","","injury-status","BYE","-","-","-","-","-","-","-","-","-","-","-","-"
"999","J. Custis","J. Custis","WR","","","","injury-status","BYE","-","-","-","-","-","-","-","-","-","-","-","-"
"1000","B. Johnson","B. Johnson","WR","MIN","7","Ques","injury-status questionable","Final L 24-27 @ CIN","-","-","-","-","-","-","-","-","-","-","-","-"
"1001","B. Anderson","B. Anderson","RB","","","","injury-status","BYE","-","-","-","-","-","-","-","-","-","-","-","-"
"1002","J. Webb","J. Webb","QB","","","","injury-status","BYE","-","-","-","-","-","-","-","-","-","-","-","-"
"1003","T. Brady","T. Brady","WR","","","","injury-status","BYE","-","-","-","-","-","-","-","-","-","-","-","-"
"1004","D. Mitchell","D. Mitchell","WR","","","","injury-status","BYE","-","-","-","-","-","-","-","-","-","-","-","-"
"1005","G. Jennings","G. Jennings","WR","","","","injury-status","BYE","-","-","-","-","-","-","-","-","-","-","-","-"
"1006","B. Rypien","B. Rypien","QB","DEN","11","","injury-status","Final W 27-13 @ NYG","-","-","-","-","-","-","-","-","-","2","-","-"
"1007","R. Davis","R. Davis","WR","","","","injury-status","BYE","-","-","-","-","-","-","-","-","-","-","-","-"
"1008","K. Doss","K. Doss","WR","","","Ques","injury-status questionable","BYE","-","-","-","-","-","-","-","-","-","-","-","-"
"1009","A. Barnes","A. Barnes","RB","","","","injury-status","BYE","-","-","-","-","-","-","-","-","-","-","-","-"
"1010","N. Brossette","N. Brossette","RB","","","","injury-status","BYE","-","-","-","-","-","-","-","-","-","-","-","-"
"1011","J. Dixon","J. Dixon","WR","","","","injury-status","BYE","-","-","-","-","-","-","-","-","-","-","-","-"
"1012","D. Lodge","D. Lodge","WR","","","","injury-status","BYE","-","-","-","-","-","-","-","-","-","-","-","-"
"1013","D. Raymond","D. Raymond","TE","PIT","7","","injury-status","Final W 23-16 @ BUF","-","-","-","-","-","-","-","-","-","-","-","-"
"1014","R. Armstead","R. Armstead","RB","JAX","7","","injury-status","Final L 21-37 @ HOU","11","15","80","-","3","4","16","-","-","-","-","-"
"1015","J. Ferguson","J. Ferguson","WR","","","","injury-status","BYE","-","-","-","-","-","-","-","-","-","-","-","-"
"1016","J. Hill","J. Hill","RB","BAL","8","","injury-status","Final L 27-33 @ LV","-","-","-","-","-","-","-","-","-","-","-","-"
"1017","A. Ratliff-Williams","A. Ratliff-Williams","WR","","","","injury-status","BYE","-","-","-","-","-","-","-","-","-","-","-","-"
"1018","T. Godwin","T. Godwin","WR","JAX","7","","injury-status","Final L 21-37 @ HOU","-","-","-","-","-","-","-","-","-","-","-","-"
"1019","K. Higdon","K. Higdon","RB","","","","injury-status","BYE","-","-","-","-","-","-","-","-","-","-","-","-"
"1020","A. Mack","A. Mack","TE - GB","","","Ques","injury-status questionable","Final L 3-38 @ NO","-","-","-","-","-","-","-","-","-","-","-","-"
"1021","T. McSorley","T. McSorley","QB","ARI","12","","injury-status","Final W 38-13 @ TEN","-","-","-","-","-","-","-","-","-","-","-","-"
"1022","G. Dortch","G. Dortch","WR","ARI","12","","injury-status","Final W 38-13 @ TEN","5","1","24","-","3","3","15","-","-","-","-","-"
"1023","J. Moore","J. Moore","RB","","","","injury-status","BYE","-","-","-","-","-","-","-","-","-","-","-","-"
"1024","I. Nauta","I. Nauta","TE","GB","13","Ques","injury-status questionable","Final L 3-38 @ NO","-","-","-","-","-","-","-","-","-","-","-","-"
"1025","N. Murray","N. Murray","WR","","","","injury-status","BYE","-","-","-","-","-","-","-","-","-","-","-","-"
"1026","F. Davis","F. Davis","WR","","","","injury-status","BYE","-","-","-","-","-","-","-","-","-","-","-","-"
"1027","A. Johnson","A. Johnson","WR","","","","injury-status","BYE","-","-","-","-","-","-","-","-","-","-","-","-"
"1028","E. Hall","E. Hall","WR","","","Ques","injury-status questionable","BYE","-","-","-","-","-","-","-","-","-","-","-","-"
"1029","E. Holyfield","E. Holyfield","RB","CIN","10","","injury-status","Final W 27-24 vs MIN","-","-","-","-","-","-","-","-","-","-","-","-"
"1030","R. Anderson","R. Anderson","RB","","","","injury-status","BYE","-","-","-","-","-","-","-","-","-","-","-","-"
"1031","W. Grier","W. Grier","QB","DAL","7","","injury-status","Final L 29-31 @ TB","-","-","-","-","-","-","-","-","-","-","-","-"
"1032","B. Love","B. Love","RB","","","Ques","injury-status questionable","BYE","-","-","-","-","-","-","-","-","-","-","-","-"
"1033","R. Finley","R. Finley","QB","","","","injury-status","BYE","-","-","-","-","-","-","-","-","-","-","-","-"
"1034","K. Harmon","K. Harmon","WR","WAS","9","","injury-status","Final L 16-20 vs LAC","-","-","-","-","-","-","-","-","-","-","-","-"
"1035","R. Ridley","R. Ridley","WR","","","","injury-status","BYE","-","-","-","-","-","-","-","-","-","-","-","-"
"1036","L. Paulsen","L. Paulsen","TE","","","","injury-status","BYE","-","-","-","-","-","-","-","-","-","-","-","-"
"1037","P. Andersen","P. Andersen","K","","","","injury-status","BYE","-","-","-","-","-","-","-","-","-","-","-","-"
"1038","R. Jones","R. Jones","K","","","","injury-status","BYE","-","-","-","-","-","-","-","-","-","-","-","-"
"1039","B. Mitchell","B. Mitchell","WR","","","","injury-status","BYE","-","-","-","-","-","-","-","-","-","-","-","-"
"1040","D. Spencer","D. Spencer","WR","DEN","11","","injury-status","Final W 27-13 @ NYG","-6","-","-","-","1","4","-3","-","-","-","-","-"
"1041","J. Gardner","J. Gardner","RB","","","","injury-status","BYE","-","-","-","-","-","-","-","-","-","-","-","-"
"1042","C. Jessop","C. Jessop","QB","","","","injury-status","BYE","-","-","-","-","-","-","-","-","-","-","-","-"
"1043","J. Williams","J. Williams","WR","","","","injury-status","BYE","-","-","-","-","-","-","-","-","-","-","-","-"
"1044","K. McCrary","K. McCrary","RB","","","","injury-status","BYE","-","-","-","-","-","-","-","-","-","-","-","-"
"1045","J. Stockton","J. Stockton","RB","","","","injury-status","BYE","-","-","-","-","-","-","-","-","-","-","-","-"
"1046","D. Prince","D. Prince","WR","","","","injury-status","BYE","-","-","-","-","-","-","-","-","-","-","-","-"
"1047","D. Carrington","D. Carrington","WR","","","NA","injury-status na","BYE","-","-","-","-","-","-","-","-","-","-","-","-"
"1048","A. Wolf","A. Wolf","WR","","","","injury-status","BYE","-","-","-","-","-","-","-","-","-","-","-","-"
"1049","G. Holmes","G. Holmes","RB","","","","injury-status","BYE","-","-","-","-","-","-","-","-","-","-","-","-"
"1050","B. Bobo","B. Bobo","WR","","","","injury-status","BYE","-","-","-","-","-","-","-","-","-","-","-","-"
"1051","M. Peterson","M. Peterson","WR","","","","injury-status","BYE","-","-","-","-","-","-","-","-","-","-","-","-"
"1052","J. Butler","J. Butler","RB","","","","injury-status","BYE","-","-","-","-","-","-","-","-","-","-","-","-"
"1053","M. Turner","M. Turner","WR","DAL","7","","injury-status","Final L 29-31 @ TB","39","-","-","-","12","16","149","3","-","-","-","-"
"1054","M. Jones","M. Jones","WR","","","","injury-status","BYE","-","-","-","-","-","-","-","-","-","-","-","-"
"1055","M. Chapman","M. Chapman","WR","","","","injury-status","BYE","-","-","-","-","-","-","-","-","-","-","-","-"
"1056","J. Murphy","J. Murphy","WR","","","","injury-status","BYE","-","-","-","-","-","-","-","-","-","-","-","-"
"1057","C. Serigne","C. Serigne","TE","","","","injury-status","BYE","-","-","-","-","-","-","-","-","-","-","-","-"
"1058","A. Lacombe","A. Lacombe","WR","","","","injury-status","BYE","-","-","-","-","-","-","-","-","-","-","-","-"
"1059","J. Smith","J. Smith","WR","","","","injury-status","BYE","-","-","-","-","-","-","-","-","-","-","-","-"
"1060","J. Crockett","J. Crockett","WR","","","","injury-status","BYE","-","-","-","-","-","-","-","-","-","-","-","-"
"1061","G. Dickerson","G. Dickerson","TE","","","","injury-status","BYE","-","-","-","-","-","-","-","-","-","-","-","-"
"1062","J. Graham","J. Graham","TE","ATL","6","Ques","injury-status questionable","Final L 6-32 vs PHI","-","-","-","-","-","-","-","-","-","-","-","-"
"1063","S. Badie","S. Badie","RB","","","","injury-status","BYE","-","-","-","-","-","-","-","-","-","-","-","-"
"1064","A. Roberts","A. Roberts","TE","","","","injury-status","BYE","-","-","-","-","-","-","-","-","-","-","-","-"
"1065","G. Hudson","G. Hudson","TE","","","","injury-status","BYE","-","-","-","-","-","-","-","-","-","-","-","-"
"1066","K. Ross","K. Ross","WR","","","","injury-status","BYE","-","-","-","-","-","-","-","-","-","-","-","-"
"1067","N. Stevens","N. Stevens","QB","","","","injury-status","BYE","-","-","-","-","-","-","-","-","-","-","-","-"
"1068","E. Massington","E. Massington","WR","NO","6","","injury-status","Final W 38-3 vs GB","-","-","-","-","-","-","-","-","-","-","-","-"
"1069","C. Duncan","C. Duncan","WR","","","","injury-status","BYE","-","-","-","-","-","-","-","-","-","-","-","-"
"1070","C. Wilson","C. Wilson","TE","","","","injury-status","BYE","-","-","-","-","-","-","-","-","-","-","-","-"
"1071","D. Kidsy","D. Kidsy","WR","","","","injury-status","BYE","-","-","-","-","-","-","-","-","-","-","-","-"
"1072","R. Yurachek","R. Yurachek","TE","","","","injury-status","BYE","-","-","-","-","-","-","-","-","-","-","-","-"
"1073","T. Wilson","T. Wilson","WR","","","","injury-status","BYE","-","-","-","-","-","-","-","-","-","-","-","-"
"1074","N. Holley","N. Holley","WR","","","","injury-status","BYE","-","-","-","-","-","-","-","-","-","-","-","-"
"1075","L. Perez","L. Perez","QB","","","","injury-status","BYE","-","-","-","-","-","-","-","-","-","-","-","-"
"1076","J. Franklin","J. Franklin","WR","","","Ques","injury-status questionable","BYE","-","-","-","-","-","-","-","-","-","-","-","-"
"1077","D. Alexander","D. Alexander","WR","","","","injury-status","BYE","-","-","-","-","-","-","-","-","-","-","-","-"
"1078","R. Martin","R. Martin","RB","","","","injury-status","BYE","-","-","-","-","-","-","-","-","-","-","-","-"
"1079","M. Fleming","M. Fleming","WR","","","","injury-status","BYE","-","-","-","-","-","-","-","-","-","-","-","-"
"1080","Z. Olstad","Z. Olstad","RB","","","","injury-status","BYE","-","-","-","-","-","-","-","-","-","-","-","-"
"1081","B. Powell","B. Powell","WR","LAR","11","","injury-status","Final W 34-14 vs CHI","6","-","-","-","-","-","-","-","-","-","-","-"
"1082","S. Wimann","S. Wimann","RB","","","","injury-status","BYE","-","-","-","-","-","-","-","-","-","-","-","-"
"1083","C. Lacy","C. Lacy","WR","","","Ques","injury-status questionable","BYE","-","-","-","-","-","-","-","-","-","-","-","-"
"1084","S. Roland","S. Roland","WR","CHI","10","","injury-status","Final L 14-34 @ LAR","-","-","-","-","-","-","-","-","-","-","-","-"
"1085","G. Johnson","G. Johnson","WR","","","","injury-status","BYE","-","-","-","-","-","-","-","-","-","-","-","-"
"1086","D. Dawkins","D. Dawkins","RB","","","","injury-status","BYE","-","-","-","-","-","-","-","-","-","-","-","-"
"1087","L. Rose","L. Rose","RB","","","NA","injury-status na","BYE","-","-","-","-","-","-","-","-","-","-","-","-"
"1088","A. Mahoungou","A. Mahoungou","WR","","","","injury-status","BYE","-","-","-","-","-","-","-","-","-","-","-","-"
"1089","S. Baggett","S. Baggett","TE","","","","injury-status","BYE","-","-","-","-","-","-","-","-","-","-","-","-"
"1090","D. Boyd","D. Boyd","WR","","","","injury-status","BYE","-","-","-","-","-","-","-","-","-","-","-","-"
"1091","D. Thomas","D. Thomas","WR","","","","injury-status","BYE","-","-","-","-","-","-","-","-","-","-","-","-"
"1092","B. Roback","B. Roback","QB","","","","injury-status","BYE","-","-","-","-","-","-","-","-","-","-","-","-"
"1093","J. Smallwood","J. Smallwood","WR","","","","injury-status","BYE","-","-","-","-","-","-","-","-","-","-","-","-"
"1094","T. Tebow","T. Tebow","TE","","","","injury-status","BYE","-","-","-","-","-","-","-","-","-","-","-","-"
"1095","C. Warren","C. Warren","RB","","","","injury-status","BYE","-","-","-","-","-","-","-","-","-","-","-","-"
"1096","H. Poggi","H. Poggi","RB","","","","injury-status","BYE","-","-","-","-","-","-","-","-","-","-","-","-"
"1097","J. Stanton","J. Stanton","RB","CLE","13","","injury-status","Final L 29-33 @ KC","8","3","5","-","2","2","7","1","-","-","-","-"
"1098","J. Allen","J. Allen","RB","","","","injury-status","BYE","-","-","-","-","-","-","-","-","-","-","-","-"
"1099","K. Hill","K. Hill","RB","","","","injury-status","BYE","-","-","-","-","-","-","-","-","-","-","-","-"
"1100","M. Martin","M. Martin","RB","","","","injury-status","BYE","-","-","-","-","-","-","-","-","-","-","-","-"
"1101","J. Moore","J. Moore","RB","","","","injury-status","BYE","-","-","-","-","-","-","-","-","-","-","-","-"
"1102","E. Marks","E. Marks","WR","","","","injury-status","BYE","-","-","-","-","-","-","-","-","-","-","-","-"
"1103","R. Smith","R. Smith","TE","","","","injury-status","BYE","-","-","-","-","-","-","-","-","-","-","-","-"
"1104","D. Willies","D. Willies","WR","","","","injury-status","BYE","-","-","-","-","-","-","-","-","-","-","-","-"
"1105","E. Berry","E. Berry","WR","","","","injury-status","BYE","-","-","-","-","-","-","-","-","-","-","-","-"
"1106","C. Scotland-Williamson","C. Scotland-Williamson","TE","","","","injury-status","BYE","-","-","-","-","-","-","-","-","-","-","-","-"
"1107","N. Keizer","N. Keizer","TE","","","","injury-status","BYE","-","-","-","-","-","-","-","-","-","-","-","-"
"1108","D. Turner","D. Turner","RB","","","","injury-status","BYE","-","-","-","-","-","-","-","-","-","-","-","-"
"1109","M. Thompson","M. Thompson","RB","","","","injury-status","BYE","-","-","-","-","-","-","-","-","-","-","-","-"
"1110","C. Ezeala","C. Ezeala","RB","","","","injury-status","BYE","-","-","-","-","-","-","-","-","-","-","-","-"
"1111","K. Vedvik","K. Vedvik","K, P","","","","injury-status","BYE","-","-","-","-","-","-","-","-","-","-","-","-"
"1112","S. Fields","S. Fields","WR","","","","injury-status","BYE","-","-","-","-","-","-","-","-","-","-","-","-"
"1113","R. Jeune","R. Jeune","WR","","","","injury-status","BYE","-","-","-","-","-","-","-","-","-","-","-","-"
"1114","L. Gonzalez","L. Gonzalez","WR","","","","injury-status","BYE","-","-","-","-","-","-","-","-","-","-","-","-"
"1115","J. Diarse","J. Diarse","WR","","","","injury-status","BYE","-","-","-","-","-","-","-","-","-","-","-","-"
"1116","S. Bailey","S. Bailey","WR","","","","injury-status","BYE","-","-","-","-","-","-","-","-","-","-","-","-"
"1117","E. Philips","E. Philips","RB","","","","injury-status","BYE","-","-","-","-","-","-","-","-","-","-","-","-"
"1118","P. Pujals","P. Pujals","QB","","","","injury-status","BYE","-","-","-","-","-","-","-","-","-","-","-","-"
"1119","A. Foreman","A. Foreman","WR","","","","injury-status","BYE","-","-","-","-","-","-","-","-","-","-","-","-"
"1120","J. Crawford","J. Crawford","RB","","","","injury-status","BYE","-","-","-","-","-","-","-","-","-","-","-","-"
"1121","T. Moore","T. Moore","K","","","","injury-status","BYE","-","-","-","-","-","-","-","-","-","-","-","-"
"1122","S. Wilson","S. Wilson","RB","","","","injury-status","BYE","-","-","-","-","-","-","-","-","-","-","-","-"
"1123","J. Heneghan","J. Heneghan","QB","","","","injury-status","BYE","-","-","-","-","-","-","-","-","-","-","-","-"
"1124","M. McCrane","M. McCrane","K","","","","injury-status","BYE","-","-","-","-","-","-","-","-","-","-","-","-"
"1125","A. Bloom","A. Bloom","TE","","","","injury-status","BYE","-","-","-","-","-","-","-","-","-","-","-","-"
"1126","J. Trinnaman","J. Trinnaman","WR","","","","injury-status","BYE","-","-","-","-","-","-","-","-","-","-","-","-"
"1127","D. Miller","D. Miller","WR","","","","injury-status","BYE","-","-","-","-","-","-","-","-","-","-","-","-"
"1128","A. Manzo-Lewis","A. Manzo-Lewis","TE","","","","injury-status","BYE","-","-","-","-","-","-","-","-","-","-","-","-"
"1129","N. Sharga","N. Sharga","RB","","","","injury-status","BYE","-","-","-","-","-","-","-","-","-","-","-","-"
"1130","J. Looney","J. Looney","TE","","","","injury-status","BYE","-","-","-","-","-","-","-","-","-","-","-","-"
"1131","A. Callaway","A. Callaway","WR","","","","injury-status","BYE","-","-","-","-","-","-","-","-","-","-","-","-"
"1132","E. Wellman","E. Wellman","TE","","","","injury-status","BYE","-","-","-","-","-","-","-","-","-","-","-","-"
"1133","D. Pierson-El","D. Pierson-El","WR","","","","injury-status","BYE","-","-","-","-","-","-","-","-","-","-","-","-"
"1134","M. Holder","M. Holder","WR","","","","injury-status","BYE","-","-","-","-","-","-","-","-","-","-","-","-"
"1135","J. Veasy","J. Veasy","WR","HOU","10","","injury-status","Final W 37-21 vs JAX","-","-","-","-","-","-","-","-","-","-","-","-"
"1136","D. Ross","D. Ross","WR","","","","injury-status","BYE","-","-","-","-","-","-","-","-","-","-","-","-"
"1137","D. Burnett","D. Burnett","WR","","","","injury-status","BYE","-","-","-","-","-","-","-","-","-","-","-","-"
"1138","A. Allen","A. Allen","QB","","","","injury-status","BYE","-","-","-","-","-","-","-","-","-","-","-","-"
"1139","K. White","K. White","WR","","","","injury-status","BYE","-","-","-","-","-","-","-","-","-","-","-","-"
"1140","J. Franklin","J. Franklin","RB","","","","injury-status","BYE","-","-","-","-","-","-","-","-","-","-","-","-"
"1141","D. Yelder","D. Yelder","TE","ARI","10","","injury-status","Final W 38-13 @ TEN","1","-","-","-","1","1","-","-","-","-","-","-"
"1142","T. Hoppes","T. Hoppes","TE","","","","injury-status","BYE","-","-","-","-","-","-","-","-","-","-","-","-"
"1143","J. Badet","J. Badet","WR","","","","injury-status","BYE","-","-","-","-","-","-","-","-","-","-","-","-"
"1144","K. Pettway","K. Pettway","RB","","","","injury-status","BYE","-","-","-","-","-","-","-","-","-","-","-","-"
"1145","C. McElroy","C. McElroy","TE","TB","9","Ques","injury-status questionable","Final W 31-29 vs DAL","-","-","-","-","-","1","-","-","-","-","-","-"
"1146","B. Johnson","B. Johnson","TE","","","","injury-status","BYE","-","-","-","-","-","-","-","-","-","-","-","-"
"1147","J. Jones","J. Jones","WR","","","","injury-status","BYE","-","-","-","-","-","-","-","-","-","-","-","-"
"1148","N. Shimonek","N. Shimonek","QB","","","","injury-status","BYE","-","-","-","-","-","-","-","-","-","-","-","-"
"1149","B. Mack","B. Mack","TE","","","","injury-status","BYE","-","-","-","-","-","-","-","-","-","-","-","-"
"1150","C. Litton","C. Litton","QB","","","","injury-status","BYE","-","-","-","-","-","-","-","-","-","-","-","-"
"1151","J. Weah","J. Weah","WR","","","","injury-status","BYE","-","-","-","-","-","-","-","-","-","-","-","-"
"1152","V. Smith","V. Smith","WR","TB","6","","injury-status","Final W 31-29 vs DAL","-","-","-","-","-","1","-","-","-","-","-","-"
"1153","T. Redding","T. Redding","WR","","","","injury-status","BYE","-","-","-","-","-","-","-","-","-","-","-","-"
"1154","J. Williams","J. Williams","WR","","","","injury-status","BYE","-","-","-","-","-","-","-","-","-","-","-","-"
"1155","J. Franks","J. Franks","TE","","","","injury-status","BYE","-","-","-","-","-","-","-","-","-","-","-","-"
"1156","R. Lawry","R. Lawry","RB","","","","injury-status","BYE","-","-","-","-","-","-","-","-","-","-","-","-"
"1157","T. Davis","T. Davis","K","","","","injury-status","BYE","-","-","-","-","-","-","-","-","-","-","-","-"
"1158","R. Foster","R. Foster","WR","DAL","7","","injury-status","Final L 29-31 @ TB","-","-","-","-","-","-","-","-","-","-","-","-"
"1159","A. Levrone","A. Levrone","WR","","","","injury-status","BYE","-","-","-","-","-","-","-","-","-","-","-","-"
"1160","G. Edwards","G. Edwards","RB","BAL","8","","injury-status","Final L 27-33 @ LV","-","-","-","-","-","-","-","-","-","-","-","-"
"1161","D. Marvin","D. Marvin","K","","","","injury-status","BYE","-","-","-","-","-","-","-","-","-","-","-","-"
"1162","J. Roh","J. Roh","TE","","","","injury-status","BYE","-","-","-","-","-","-","-","-","-","-","-","-"
"1163","T. Mangen","T. Mangen","TE","","","","injury-status","BYE","-","-","-","-","-","-","-","-","-","-","-","-"
"1164","D. Gray","D. Gray","WR","","","","injury-status","BYE","-","-","-","-","-","-","-","-","-","-","-","-"
"1165","D. Clark","D. Clark","WR","","","","injury-status","BYE","-","-","-","-","-","-","-","-","-","-","-","-"
"1166","D. Byrd","D. Byrd","WR","","","","injury-status","BYE","-","-","-","-","-","-","-","-","-","-","-","-"
"1167","D. Marx","D. Marx","RB","","","","injury-status","BYE","-","-","-","-","-","-","-","-","-","-","-","-"
"1168","L. Jordan","L. Jordan","QB","","","","injury-status","BYE","-","-","-","-","-","-","-","-","-","-","-","-"
"1169","A. Ramesh","A. Ramesh","RB","","","","injury-status","BYE","-","-","-","-","-","-","-","-","-","-","-","-"
"1170","K. Lewis","K. Lewis","WR","","","","injury-status","BYE","-","-","-","-","-","-","-","-","-","-","-","-"
"1171","D. Wells","D. Wells","TE","ARI","12","","injury-status","Final W 38-13 @ TEN","-","-","-","-","-","-","-","-","-","-","-","-"
"1172","M. Baugh","M. Baugh","TE","","","","injury-status","BYE","-","-","-","-","-","-","-","-","-","-","-","-"
"1173","C. Hunt","C. Hunt","TE","","","","injury-status","BYE","-","-","-","-","-","-","-","-","-","-","-","-"
"1174","J. Barrett","J. Barrett","QB","","","","injury-status","BYE","-","-","-","-","-","-","-","-","-","-","-","-"
"1175","T. Williams","T. Williams","WR","","","","injury-status","BYE","-","-","-","-","-","-","-","-","-","-","-","-"
"1176","C. Scott","C. Scott","WR","TEN","13","","injury-status","Final L 13-38 vs ARI","-","-","-","-","-","-","-","-","-","-","-","-"
"1177","J. Reese","J. Reese","TE","","","","injury-status","BYE","-","-","-","-","-","-","-","-","-","-","-","-"
"1178","J. Wieneke","J. Wieneke","WR","","","","injury-status","BYE","-","-","-","-","-","-","-","-","-","-","-","-"
"1179","K. Robertson","K. Robertson","WR","","","","injury-status","BYE","-","-","-","-","-","-","-","-","-","-","-","-"
"1180","M. Murdock","M. Murdock","WR","","","","injury-status","BYE","-","-","-","-","-","-","-","-","-","-","-","-"
"1181","T. Swanson","T. Swanson","RB","","","","injury-status","BYE","-","-","-","-","-","-","-","-","-","-","-","-"
"1182","R. Gafford","R. Gafford","WR","GB","11","","injury-status","Final L 3-38 @ NO","-","-","-","-","-","-","-","-","-","-","-","-"
"1183","E. Wolf","E. Wolf","TE","NO","6","","injury-status","Final W 38-3 vs GB","2","-","-","-","2","2","8","-","-","-","-","-"
"1184","A. Wadley","A. Wadley","RB","","","","injury-status","BYE","-","-","-","-","-","-","-","-","-","-","-","-"
"1185","D. Grayson","D. Grayson","WR","","","","injury-status","BYE","-","-","-","-","-","-","-","-","-","-","-","-"
"1186","M. Earl","M. Earl","WR","","","","injury-status","BYE","-","-","-","-","-","-","-","-","-","-","-","-"
"1187","J. Chunn","J. Chunn","RB","","","","injury-status","BYE","-","-","-","-","-","-","-","-","-","-","-","-"
"1188","D. Sturm","D. Sturm","QB","","","","injury-status","BYE","-","-","-","-","-","-","-","-","-","-","-","-"
"1189","D. Scott","D. Scott","WR","","","","injury-status","BYE","-","-","-","-","-","-","-","-","-","-","-","-"
"1190","R. Bonnafon","R. Bonnafon","RB","WAS","13","","injury-status","Final L 16-20 vs LAC","3","1","4","-","2","2","12","-","-","-","-","-"
"1191","A. Vollert","A. Vollert","TE","","","","injury-status","BYE","-","-","-","-","-","-","-","-","-","-","-","-"
"1192","C. Willis","C. Willis","WR","","","","injury-status","BYE","-","-","-","-","-","-","-","-","-","-","-","-"
"1193","L. McNitt","L. McNitt","RB","","","","injury-status","BYE","-","-","-","-","-","-","-","-","-","-","-","-"
"1194","M. Williams","M. Williams","RB","","","","injury-status","BYE","-","-","-","-","-","-","-","-","-","-","-","-"
"1195","D. Richard","D. Richard","RB","","","","injury-status","BYE","-","-","-","-","-","-","-","-","-","-","-","-"
"1196","K. Benkert","K. Benkert","QB","GB","13","","injury-status","Final L 3-38 @ NO","-0","2","-1","-","-","-","-","-","-","-","-","-"
"1197","J. Acklin","J. Acklin","WR","","","","injury-status","BYE","-","-","-","-","-","-","-","-","-","-","-","-"
"1198","T. Quinn","T. Quinn","WR","","","","injury-status","BYE","-","-","-","-","-","-","-","-","-","-","-","-"
"1199","M. Carter","M. Carter","RB","","","","injury-status","BYE","-","-","-","-","-","-","-","-","-","-","-","-"
"1200","K. Kirkwood","K. Kirkwood","WR","CAR","13","","injury-status","Final W 19-14 vs NYJ","3","-","-","-","3","7","17","-","-","-","-","-"
"1201","S. Mitchell","S. Mitchell","WR","","","","injury-status","BYE","-","-","-","-","-","-","-","-","-","-","-","-"
"1202","A. Jennings","A. Jennings","WR","","","","injury-status","BYE","-","-","-","-","-","-","-","-","-","-","-","-"
"1203","L. Woodside","L. Woodside","QB","TEN","13","","injury-status","Final L 13-38 vs ARI","-1","6","-6","-","-","-","-","-","-","-","-","-"
"1204","A. Proehl","A. Proehl","WR","","","Ques","injury-status questionable","BYE","-","-","-","-","-","-","-","-","-","-","-","-"
"1205","D. Patterson","D. Patterson","WR","","","","injury-status","BYE","-","-","-","-","-","-","-","-","-","-","-","-"
"1206","A. McGough","A. McGough","QB","","","","injury-status","BYE","-","-","-","-","-","-","-","-","-","-","-","-"
"1207","D. Etling","D. Etling","QB","GB","7","","injury-status","Final L 3-38 @ NO","-","-","-","-","-","-","-","-","-","-","-","-"
"1208","J. Thomas","J. Thomas","TE - DET","","","","injury-status","Final L 33-41 vs SF","-","-","-","-","-","-","-","-","-","-","-","-"
"1209","N. Bawden","N. Bawden","RB","NYJ","6","","injury-status","Final L 14-19 @ CAR","3","-","-","-","1","1","20","-","-","-","-","-"
"1210","B. Scarbrough","B. Scarbrough","RB","","","","injury-status","BYE","-","-","-","-","-","-","-","-","-","-","-","-"
"1211","J. Wims","J. Wims","WR","LV","8","","injury-status","Final W 33-27 vs BAL","-","-","-","-","-","-","-","-","-","-","-","-"
"1212","L. Falk","L. Falk","QB","","","","injury-status","BYE","-","-","-","-","-","-","-","-","-","-","-","-"
"1213","D. Cantrell","D. Cantrell","TE","WAS","9","Ques","injury-status questionable","Final L 16-20 vs LAC","-","-","-","-","-","-","-","-","-","-","-","-"
"1214","D. Cain","D. Cain","WR","PHI","14","","injury-status","Final W 32-6 @ ATL","-","-","-","-","-","-","-","-","-","-","-","-"
"1215","R. Izzo","R. Izzo","TE","TEN","13","","injury-status","Final L 13-38 vs ARI","-","-","-","-","-","-","-","-","-","-","-","-"
"1216","T. Fumagalli","T. Fumagalli","TE","NE","14","","injury-status","Final L 16-17 vs MIA","-","-","-","-","-","-","-","-","-","-","-","-"
"1217","D. Ratley","D. Ratley","WR","","","","injury-status","BYE","-","-","-","-","-","-","-","-","-","-","-","-"
"1218","K. Johnson","K. Johnson","RB","","","","injury-status","BYE","-","-","-","-","-","-","-","-","-","-","-","-"
"1219","J. Scott","J. Scott","WR","","","","injury-status","BYE","-","-","-","-","-","-","-","-","-","-","-","-"
"1220","D. Hamilton","D. Hamilton","WR","DEN","11","","injury-status","Final W 27-13 @ NYG","-","-","-","-","-","-","-","-","-","-","-","-"
"1221","M. Walton","M. Walton","RB","","","","injury-status","BYE","-","-","-","-","-","-","-","-","-","-","-","-"
"1222","K. Lauletta","K. Lauletta","QB","","","","injury-status","BYE","-","-","-","-","-","-","-","-","-","-","-","-"
"1223","D. Guice","D. Guice","RB","","","","injury-status","BYE","-","-","-","-","-","-","-","-","-","-","-","-"
"1224","M. Ateman","M. Ateman","WR","","","","injury-status","BYE","-","-","-","-","-","-","-","-","-","-","-","-"
"1225","D. Smith","D. Smith","TE","","","","injury-status","BYE","-","-","-","-","-","-","-","-","-","-","-","-"
"1226","S. Noil","S. Noil","WR","","","","injury-status","BYE","-","-","-","-","-","-","-","-","-","-","-","-"
"1227","A. Riles","A. Riles","WR","IND","14","","injury-status","Final L 16-28 vs SEA","-","-","-","-","-","-","-","-","-","-","-","-"
"1228","S. Howard","S. Howard","QB","SEA","9","","injury-status","Final W 28-16 @ IND","-","-","-","-","-","-","-","-","-","-","-","-"
"1229","J. Williams","J. Williams","WR","","","","injury-status","BYE","-","-","-","-","-","-","-","-","-","-","-","-"
"1230","A. Appleby","A. Appleby","QB","","","","injury-status","BYE","-","-","-","-","-","-","-","-","-","-","-","-"
"1231","F. House","F. House","TE","CHI","10","","injury-status","Final L 14-34 @ LAR","-","-","-","-","-","-","-","-","-","-","-","-"
"1232","A. Fulwood","A. Fulwood","WR","","","","injury-status","BYE","-","-","-","-","-","-","-","-","-","-","-","-"
"1233","N. Schuessler","N. Schuessler","QB","PIT","7","","injury-status","Final W 23-16 @ BUF","-","-","-","-","-","-","-","-","-","-","-","-"
"1234","Z. Terrell","Z. Terrell","QB","BAL","8","","injury-status","Final L 27-33 @ LV","-","-","-","-","-","-","-","-","-","-","-","-"
"1235","R. Shell","R. Shell","RB","","","","injury-status","BYE","-","-","-","-","-","-","-","-","-","-","-","-"
"1236","G. Scantling","G. Scantling","WR","ATL","6","","injury-status","Final L 6-32 vs PHI","-","-","-","-","-","-","-","-","-","-","-","-"
"1237","D. Virgies","D. Virgies","RB","","","","injury-status","BYE","-","-","-","-","-","-","-","-","-","-","-","-"
"1238","G. Coffee","G. Coffee","RB - SF","","","","injury-status","Final W 41-33 @ DET","-","-","-","-","-","-","-","-","-","-","-","-"
"1239","Q. McDuffie","Q. McDuffie","WR","","","","injury-status","BYE","-","-","-","-","-","-","-","-","-","-","-","-"
"1240","C. Daniel","C. Daniel","QB","LAC","7","","injury-status","Final W 20-16 @ WAS","-0","2","-2","-","-","-","-","-","-","-","-","-"
"1241","L. Atkins","L. Atkins","WR","","","","injury-status","BYE","-","-","-","-","-","-","-","-","-","-","-","-"
"1242","F. Owusu","F. Owusu","WR","","","NA","injury-status na","BYE","-","-","-","-","-","-","-","-","-","-","-","-"
"1243","C. Bazile","C. Bazile","TE","","","","injury-status","BYE","-","-","-","-","-","-","-","-","-","-","-","-"
"1244","J. Robinson","J. Robinson","TE","","","","injury-status","BYE","-","-","-","-","-","-","-","-","-","-","-","-"
"1245","J. Rosen","J. Rosen","QB","ATL","6","","injury-status","Final L 6-32 vs PHI","-1","-","-","-","-","-","-","-","2","11","19","-"
"1246","K. Taylor","K. Taylor","TE","","","","injury-status","BYE","-","-","-","-","-","-","-","-","-","-","-","-"
"1247","R. Cracraft","R. Cracraft","WR","SF","6","","injury-status","Final W 41-33 @ DET","1","-","-","-","-","-","-","-","-","-","-","-"
"1248","J. Evans","J. Evans","QB","","","","injury-status","BYE","-","-","-","-","-","-","-","-","-","-","-","-"
"1249","M. Leidner","M. Leidner","QB","","","","injury-status","BYE","-","-","-","-","-","-","-","-","-","-","-","-"
"1250","D. Sims","D. Sims","RB","","","","injury-status","BYE","-","-","-","-","-","-","-","-","-","-","-","-"
"1251","A. Price","A. Price","TE","","","","injury-status","BYE","-","-","-","-","-","-","-","-","-","-","-","-"
"1252","J. Liggins","J. Liggins","WR","","","","injury-status","BYE","-","-","-","-","-","-","-","-","-","-","-","-"
"1253","D. Williams","D. Williams","WR","","","","injury-status","BYE","-","-","-","-","-","-","-","-","-","-","-","-"
"1254","R. Davis","R. Davis","WR","","","","injury-status","BYE","-","-","-","-","-","-","-","-","-","-","-","-"
"1255","G. Hopper","G. Hopper","WR","","","","injury-status","BYE","-","-","-","-","-","-","-","-","-","-","-","-"
"1256","K. Lucas","K. Lucas","WR","","","","injury-status","BYE","-","-","-","-","-","-","-","-","-","-","-","-"
"1257","J. Staples","J. Staples","WR","","","","injury-status","BYE","-","-","-","-","-","-","-","-","-","-","-","-"
"1258","B. Riley","B. Riley","WR","","","","injury-status","BYE","-","-","-","-","-","-","-","-","-","-","-","-"
"1259","D. Hampton","D. Hampton","WR","","","","injury-status","BYE","-","-","-","-","-","-","-","-","-","-","-","-"
"1260","M. Bracy","M. Bracy","WR","","","","injury-status","BYE","-","-","-","-","-","-","-","-","-","-","-","-"
"1261","M. Estes","M. Estes","TE","","","","injury-status","BYE","-","-","-","-","-","-","-","-","-","-","-","-"
"1262","B. Radcliff","B. Radcliff","RB","","","","injury-status","BYE","-","-","-","-","-","-","-","-","-","-","-","-"
"1263","P. Howard","P. Howard","WR","","","","injury-status","BYE","-","-","-","-","-","-","-","-","-","-","-","-"
"1264","N. Iese","N. Iese","TE","","","","injury-status","BYE","-","-","-","-","-","-","-","-","-","-","-","-"
"1265","C. Germany","C. Germany","WR","","","","injury-status","BYE","-","-","-","-","-","-","-","-","-","-","-","-"
"1266","J. Rounds","J. Rounds","RB","","","","injury-status","BYE","-","-","-","-","-","-","-","-","-","-","-","-"
"1267","T. Armstrong Jr.","T. Armstrong Jr.","QB","","","","injury-status","BYE","-","-","-","-","-","-","-","-","-","-","-","-"
"1268","D. Victor","D. Victor","RB","","","","injury-status","BYE","-","-","-","-","-","-","-","-","-","-","-","-"
"1269","R. Wheelwright","R. Wheelwright","WR","","","","injury-status","BYE","-","-","-","-","-","-","-","-","-","-","-","-"
"1270","J. Westerkamp","J. Westerkamp","WR","","","","injury-status","BYE","-","-","-","-","-","-","-","-","-","-","-","-"
"1271","J. Seales","J. Seales","WR","","","","injury-status","BYE","-","-","-","-","-","-","-","-","-","-","-","-"
"1272","K. Whitfield","K. Whitfield","WR","","","","injury-status","BYE","-","-","-","-","-","-","-","-","-","-","-","-"
"1273","B. Cherry","B. Cherry","WR","","","","injury-status","BYE","-","-","-","-","-","-","-","-","-","-","-","-"
"1274","D. Hayes","D. Hayes","RB","","","","injury-status","BYE","-","-","-","-","-","-","-","-","-","-","-","-"
"1275","D. Olson","D. Olson","QB","","","","injury-status","BYE","-","-","-","-","-","-","-","-","-","-","-","-"
"1276","D. Llorens","D. Llorens","RB","","","","injury-status","BYE","-","-","-","-","-","-","-","-","-","-","-","-"
"1277","A. Zaruba","A. Zaruba","TE","","","","injury-status","BYE","-","-","-","-","-","-","-","-","-","-","-","-"
"1278","D. Evans","D. Evans","QB","","","","injury-status","BYE","-","-","-","-","-","-","-","-","-","-","-","-"
"1279","F. Brown","F. Brown","WR","","","","injury-status","BYE","-","-","-","-","-","-","-","-","-","-","-","-"
"1280","C. Posey","C. Posey","WR","","","","injury-status","BYE","-","-","-","-","-","-","-","-","-","-","-","-"
"1281","S. Donatell","S. Donatell","TE","","","","injury-status","BYE","-","-","-","-","-","-","-","-","-","-","-","-"
"1282","B. Burns","B. Burns","TE","BAL","8","","injury-status","Final L 27-33 @ LV","-","-","-","-","-","-","-","-","-","-","-","-"
"1283","C. Pearson","C. Pearson","WR","","","","injury-status","BYE","-","-","-","-","-","-","-","-","-","-","-","-"
"1284","A. Gray","A. Gray","TE","","","","injury-status","BYE","-","-","-","-","-","-","-","-","-","-","-","-"
"1285","J. Bacci","J. Bacci","RB","","","","injury-status","BYE","-","-","-","-","-","-","-","-","-","-","-","-"
"1286","S. Cotton","S. Cotton","TE","","","","injury-status","BYE","-","-","-","-","-","-","-","-","-","-","-","-"
"1287","B. Houston","B. Houston","QB","","","","injury-status","BYE","-","-","-","-","-","-","-","-","-","-","-","-"
"1288","M. Paige","M. Paige","WR","","","","injury-status","BYE","-","-","-","-","-","-","-","-","-","-","-","-"
"1289","P. Odom","P. Odom","TE","","","","injury-status","BYE","-","-","-","-","-","-","-","-","-","-","-","-"
"1290","S. Ryan","S. Ryan","WR","","","","injury-status","BYE","-","-","-","-","-","-","-","-","-","-","-","-"
"1291","G. Pascascio","G. Pascascio","WR","","","","injury-status","BYE","-","-","-","-","-","-","-","-","-","-","-","-"
"1292","K. Mabon","K. Mabon","WR","","","","injury-status","BYE","-","-","-","-","-","-","-","-","-","-","-","-"
"1293","T. Ferguson","T. Ferguson","QB","","","","injury-status","BYE","-","-","-","-","-","-","-","-","-","-","-","-"
"1294","K. Snead","K. Snead","WR","","","","injury-status","BYE","-","-","-","-","-","-","-","-","-","-","-","-"
"1295","K. Abdullah","K. Abdullah","RB","","","","injury-status","BYE","-","-","-","-","-","-","-","-","-","-","-","-"
"1296","T. Edmunds","T. Edmunds","RB","PIT","7","","injury-status","Final W 23-16 @ BUF","-","-","-","-","-","-","-","-","-","-","-","-"
"1297","A. Bailey","A. Bailey","QB","BAL","8","","injury-status","Final L 27-33 @ LV","-","-","-","-","-","-","-","-","-","-","-","-"
"1298","L. Clark","L. Clark","WR","","","","injury-status","BYE","-","-","-","-","-","-","-","-","-","-","-","-"
"1299","T. Swoopes","T. Swoopes","TE","","","","injury-status","BYE","-","-","-","-","-","-","-","-","-","-","-","-"
"1300","D. Rogers","D. Rogers","WR","","","","injury-status","BYE","-","-","-","-","-","-","-","-","-","-","-","-"
"1301","A. Brown","A. Brown","RB","","","","injury-status","BYE","-","-","-","-","-","-","-","-","-","-","-","-"
"1302","A. Scott","A. Scott","WR","","","","injury-status","BYE","-","-","-","-","-","-","-","-","-","-","-","-"
"1303","A. Patton","A. Patton","WR","","","","injury-status","BYE","-","-","-","-","-","-","-","-","-","-","-","-"
"1304","E. Jenkins","E. Jenkins","QB","","","","injury-status","BYE","-","-","-","-","-","-","-","-","-","-","-","-"
"1305","S. Culkin","S. Culkin","TE","","","","injury-status","BYE","-","-","-","-","-","-","-","-","-","-","-","-"
"1306","B. Brown","B. Brown","TE","","","","injury-status","BYE","-","-","-","-","-","-","-","-","-","-","-","-"
"1307","C. Thompson","C. Thompson","TE","CAR","13","","injury-status","Final W 19-14 vs NYJ","-","-","-","-","-","1","-","-","-","-","-","-"
"1308","K. Johnson","K. Johnson","WR","","","","injury-status","BYE","-","-","-","-","-","-","-","-","-","-","-","-"
"1309","L. Tillery","L. Tillery","RB","","","","injury-status","BYE","-","-","-","-","-","-","-","-","-","-","-","-"
"1310","K. Walker","K. Walker","WR","","","","injury-status","BYE","-","-","-","-","-","-","-","-","-","-","-","-"
"1311","I. Mathers","I. Mathers","RB","","","","injury-status","BYE","-","-","-","-","-","-","-","-","-","-","-","-"
"1312","A. Etta-Tawo","A. Etta-Tawo","WR","","","","injury-status","BYE","-","-","-","-","-","-","-","-","-","-","-","-"
"1313","T. Cook","T. Cook","RB","","","","injury-status","BYE","-","-","-","-","-","-","-","-","-","-","-","-"
"1314","C. Bluiett","C. Bluiett","TE","","","","injury-status","BYE","-","-","-","-","-","-","-","-","-","-","-","-"
"1315","S. Hill","S. Hill","WR","","","","injury-status","BYE","-","-","-","-","-","-","-","-","-","-","-","-"
"1316","D. Gray","D. Gray","WR","","","","injury-status","BYE","-","-","-","-","-","-","-","-","-","-","-","-"
"1317","Z. Conque","Z. Conque","QB","","","","injury-status","BYE","-","-","-","-","-","-","-","-","-","-","-","-"
"1318","E. Baylis","E. Baylis","TE","","","Ques","injury-status questionable","BYE","-","-","-","-","-","-","-","-","-","-","-","-"
"1319","N. Thomas","N. Thomas","WR","","","","injury-status","BYE","-","-","-","-","-","-","-","-","-","-","-","-"
"1320","M. Rector","M. Rector","WR","","","","injury-status","BYE","-","-","-","-","-","-","-","-","-","-","-","-"
"1321","D. Ford","D. Ford","WR","","","","injury-status","BYE","-","-","-","-","-","-","-","-","-","-","-","-"
"1322","B. Barnes","B. Barnes","TE","","","","injury-status","BYE","-","-","-","-","-","-","-","-","-","-","-","-"
"1323","K. Sloter","K. Sloter","QB","","","","injury-status","BYE","-","-","-","-","-","-","-","-","-","-","-","-"
"1324","A. Nash","A. Nash","WR","","","","injury-status","BYE","-","-","-","-","-","-","-","-","-","-","-","-"
"1325","B. Brown","B. Brown","WR","","","","injury-status","BYE","-","-","-","-","-","-","-","-","-","-","-","-"
"1326","T. McNamara","T. McNamara","TE","","","","injury-status","BYE","-","-","-","-","-","-","-","-","-","-","-","-"
"1327","F. Stevenson","F. Stevenson","RB","","","","injury-status","BYE","-","-","-","-","-","-","-","-","-","-","-","-"
"1328","A. Phillips","A. Phillips","K","","","","injury-status","BYE","-","-","-","-","-","-","-","-","-","-","-","-"
"1329","T. Gentry","T. Gentry","WR","BUF","7","","injury-status","Final L 16-23 vs PIT","-","-","-","-","-","-","-","-","-","-","-","-"
"1330","M. Crabtree","M. Crabtree","WR","","","","injury-status","BYE","-","-","-","-","-","-","-","-","-","-","-","-"
"1331","J. Bouagnon","J. Bouagnon","RB","","","","injury-status","BYE","-","-","-","-","-","-","-","-","-","-","-","-"
"1332","K. Towbridge","K. Towbridge","TE","","","","injury-status","BYE","-","-","-","-","-","-","-","-","-","-","-","-"
"1333","D. Shorts","D. Shorts","WR","","","","injury-status","BYE","-","-","-","-","-","-","-","-","-","-","-","-"
"1334","J. Johnson","J. Johnson","RB","","","","injury-status","BYE","-","-","-","-","-","-","-","-","-","-","-","-"
"1335","J. Croom","J. Croom","TE","PHI","14","","injury-status","Final W 32-6 @ ATL","-","-","-","-","-","-","-","-","-","-","-","-"
"1336","S. Wroblewski","S. Wroblewski","TE","","","","injury-status","BYE","-","-","-","-","-","-","-","-","-","-","-","-"
"1337","J. Summers","J. Summers","RB","","","","injury-status","BYE","-","-","-","-","-","-","-","-","-","-","-","-"
"1338","T. Knight","T. Knight","QB","","","","injury-status","BYE","-","-","-","-","-","-","-","-","-","-","-","-"
"1339","K. Hogan","K. Hogan","WR","","","","injury-status","BYE","-","-","-","-","-","-","-","-","-","-","-","-"
"1340","T. Dural","T. Dural","WR","","","","injury-status","BYE","-","-","-","-","-","-","-","-","-","-","-","-"
"1341","D. Redding","D. Redding","RB","","","","injury-status","BYE","-","-","-","-","-","-","-","-","-","-","-","-"
"1342","B. Johnson","B. Johnson","WR","","","","injury-status","BYE","-","-","-","-","-","-","-","-","-","-","-","-"
"1343","G. Marks","G. Marks","WR","","","","injury-status","BYE","-","-","-","-","-","-","-","-","-","-","-","-"
"1344","J. Robinson-Woodgett","J. Robinson-Woodgett","RB","","","","injury-status","BYE","-","-","-","-","-","-","-","-","-","-","-","-"
"1345","T. Stevens","T. Stevens","WR","","","","injury-status","BYE","-","-","-","-","-","-","-","-","-","-","-","-"
"1346","A. Moore","A. Moore","WR","","","","injury-status","BYE","-","-","-","-","-","-","-","-","-","-","-","-"
"1347","W. Houston","W. Houston","TE","CAR","13","","injury-status","Final W 19-14 vs NYJ","-","-","-","-","-","-","-","-","-","-","-","-"
"1348","G. Dieter","G. Dieter","WR","KC","12","","injury-status","Final W 33-29 vs CLE","-","-","-","-","-","-","-","-","-","-","-","-"
"1349","W. Stanback","W. Stanback","RB","","","","injury-status","BYE","-","-","-","-","-","-","-","-","-","-","-","-"
"1350","B. Wilson","B. Wilson","WR","","","","injury-status","BYE","-","-","-","-","-","-","-","-","-","-","-","-"
"1351","T. Sperbeck","T. Sperbeck","WR","","","","injury-status","BYE","-","-","-","-","-","-","-","-","-","-","-","-"
"1352","S. Liufau","S. Liufau","QB","","","","injury-status","BYE","-","-","-","-","-","-","-","-","-","-","-","-"
"1353","T. McCloskey","T. McCloskey","RB","","","","injury-status","BYE","-","-","-","-","-","-","-","-","-","-","-","-"
"1354","K. Cannon","K. Cannon","WR","","","","injury-status","BYE","-","-","-","-","-","-","-","-","-","-","-","-"
"1355","V. Bolden","V. Bolden","WR","","","","injury-status","BYE","-","-","-","-","-","-","-","-","-","-","-","-"
"1356","K. Hatcher","K. Hatcher","WR","","","","injury-status","BYE","-","-","-","-","-","-","-","-","-","-","-","-"
"1357","C. Harris","C. Harris","RB","","","","injury-status","BYE","-","-","-","-","-","-","-","-","-","-","-","-"
"1358","B. Estime","B. Estime","WR","","","","injury-status","BYE","-","-","-","-","-","-","-","-","-","-","-","-"
"1359","A. Carr","A. Carr","WR","","","","injury-status","BYE","-","-","-","-","-","-","-","-","-","-","-","-"
"1360","R. Shelton","R. Shelton","WR","","","","injury-status","BYE","-","-","-","-","-","-","-","-","-","-","-","-"
"1361","J. Price","J. Price","TE","","","","injury-status","BYE","-","-","-","-","-","-","-","-","-","-","-","-"
"1362","T. Newby","T. Newby","RB","","","","injury-status","BYE","-","-","-","-","-","-","-","-","-","-","-","-"
"1363","W. Lunt","W. Lunt","QB","","","","injury-status","BYE","-","-","-","-","-","-","-","-","-","-","-","-"
"1364","D. Stringfellow","D. Stringfellow","WR","","","","injury-status","BYE","-","-","-","-","-","-","-","-","-","-","-","-"
"1365","D. Morgan","D. Morgan","WR","","","","injury-status","BYE","-","-","-","-","-","-","-","-","-","-","-","-"
"1366","M. Lewis","M. Lewis","WR","","","","injury-status","BYE","-","-","-","-","-","-","-","-","-","-","-","-"
"1367","K. Phillips","K. Phillips","RB","","","","injury-status","BYE","-","-","-","-","-","-","-","-","-","-","-","-"
"1368","A. Peck","A. Peck","TE","","","","injury-status","BYE","-","-","-","-","-","-","-","-","-","-","-","-"
"1369","S. Williams","S. Williams","RB","","","","injury-status","BYE","-","-","-","-","-","-","-","-","-","-","-","-"
"1370","M. Madaris","M. Madaris","WR","","","","injury-status","BYE","-","-","-","-","-","-","-","-","-","-","-","-"
"1371","D. Laufasa","D. Laufasa","RB","","","","injury-status","BYE","-","-","-","-","-","-","-","-","-","-","-","-"
"1372","K. Hamilton","K. Hamilton","WR","","","","injury-status","BYE","-","-","-","-","-","-","-","-","-","-","-","-"
"1373","F. Ross","F. Ross","WR","","","","injury-status","BYE","-","-","-","-","-","-","-","-","-","-","-","-"
"1374","A. Duke","A. Duke","WR","","","","injury-status","BYE","-","-","-","-","-","-","-","-","-","-","-","-"
"1375","R. Ortiz","R. Ortiz","RB","","","","injury-status","BYE","-","-","-","-","-","-","-","-","-","-","-","-"
"1376","T. Mizzell","T. Mizzell","RB","NYG","10","Ques","injury-status questionable","Final L 13-27 vs DEN","-","-","-","-","-","-","-","-","-","-","-","-"
"1377","L. Jacobs","L. Jacobs","WR","","","","injury-status","BYE","-","-","-","-","-","-","-","-","-","-","-","-"
"1378","J. Natson","J. Natson","WR","","","","injury-status","BYE","-","-","-","-","-","-","-","-","-","-","-","-"
"1379","J. Lane","J. Lane","WR","","","","injury-status","BYE","-","-","-","-","-","-","-","-","-","-","-","-"
"1380","C. Jeter","C. Jeter","TE","","","","injury-status","BYE","-","-","-","-","-","-","-","-","-","-","-","-"
"1381","B. Howard","B. Howard","TE","","","","injury-status","BYE","-","-","-","-","-","-","-","-","-","-","-","-"
"1382","T. Griffey","T. Griffey","WR","","","","injury-status","BYE","-","-","-","-","-","-","-","-","-","-","-","-"
"1383","D. Crossan","D. Crossan","RB","","","","injury-status","BYE","-","-","-","-","-","-","-","-","-","-","-","-"
"1384","J. Quick","J. Quick","WR","","","","injury-status","BYE","-","-","-","-","-","-","-","-","-","-","-","-"
"1385","S. Orndoff","S. Orndoff","TE","","","","injury-status","BYE","-","-","-","-","-","-","-","-","-","-","-","-"
"1386","T. Renew","T. Renew","RB","","","","injury-status","BYE","-","-","-","-","-","-","-","-","-","-","-","-"
"1387","J. Magee","J. Magee","WR","","","","injury-status","BYE","-","-","-","-","-","-","-","-","-","-","-","-"
"1388","I. Zamora","I. Zamora","WR","","","","injury-status","BYE","-","-","-","-","-","-","-","-","-","-","-","-"
"1389","R. Davis","R. Davis","WR","","","","injury-status","BYE","-","-","-","-","-","-","-","-","-","-","-","-"
"1390","K. Muhammad","K. Muhammad","RB","","","","injury-status","BYE","-","-","-","-","-","-","-","-","-","-","-","-"
"1391","E. McGuire","E. McGuire","RB","KC","12","","injury-status","Final W 33-29 vs CLE","-","-","-","-","-","-","-","-","-","-","-","-"
"1392","S. Rogers","S. Rogers","RB","","","","injury-status","BYE","-","-","-","-","-","-","-","-","-","-","-","-"
"1393","M. Schreck","M. Schreck","TE","CIN","10","","injury-status","Final W 27-24 vs MIN","-","-","-","-","-","-","-","-","-","-","-","-"
"1394","T. Taylor","T. Taylor","WR","CIN","10","IR","injury-status ir","Final W 27-24 vs MIN","5","-","-","-","2","3","41","-","-","-","-","-"
"1395","S. Gibson","S. Gibson","WR","","","","injury-status","BYE","-","-","-","-","-","-","-","-","-","-","-","-"
"1396","D. Yancey","D. Yancey","WR","","","","injury-status","BYE","-","-","-","-","-","-","-","-","-","-","-","-"
"1397","B. Hill","B. Hill","RB","SF","6","","injury-status","Final W 41-33 @ DET","-","-","-","-","-","-","-","-","-","-","-","-"
"1398","T. Logan","T. Logan","RB","","","","injury-status","BYE","-","-","-","-","-","-","-","-","-","-","-","-"
"1399","B. Hodges","B. Hodges","TE","","","","injury-status","BYE","-","-","-","-","-","-","-","-","-","-","-","-"
"1400","N. Peterman","N. Peterman","QB","LV","8","","injury-status","Final W 33-27 vs BAL","0","2","2","-","-","-","-","-","-","-","-","-"
"1401","J. Dobbs","J. Dobbs","QB","PIT","7","","injury-status","Final W 23-16 @ BUF","-","-","-","-","-","-","-","-","-","-","-","-"
"1402","C. Hansen","C. Hansen","WR","ATL","6","","injury-status","Final L 6-32 vs PHI","-","-","-","-","-","-","-","-","-","-","-","-"
"1403","J. Chesson","J. Chesson","WR","","","","injury-status","BYE","-","-","-","-","-","-","-","-","-","-","-","-"
"1404","R. Switzer","R. Switzer","WR","CLE","13","","injury-status","Final L 29-33 @ KC","-","-","-","-","-","-","-","-","-","-","-","-"
"1405","J. Malone","J. Malone","WR","GB","13","","injury-status","Final L 3-38 @ NO","-","-","-","-","-","-","-","-","-","-","-","-"
"1406","J. Leggett","J. Leggett","TE","","","","injury-status","BYE","-","-","-","-","-","-","-","-","-","-","-","-"
"1407","J. Butt","J. Butt","TE","","","","injury-status","BYE","-","-","-","-","-","-","-","-","-","-","-","-"
"1408","A. Darboh","A. Darboh","WR","","","","injury-status","BYE","-","-","-","-","-","-","-","-","-","-","-","-"
"1409","C. Williams","C. Williams","WR","","","Ques","injury-status questionable","BYE","-","-","-","-","-","-","-","-","-","-","-","-"
"1410","T. Taylor","T. Taylor","WR","","","","injury-status","BYE","-","-","-","-","-","-","-","-","-","-","-","-"
"1411","C. Henderson","C. Henderson","WR","","","","injury-status","BYE","-","-","-","-","-","-","-","-","-","-","-","-"
"1412","D. Webb","D. Webb","QB","NYG","7","","injury-status","Final L 13-27 vs DEN","-0","2","-3","-","-","-","-","-","-","-","-","-"
"1413","C. Kelly","C. Kelly","QB","","","","injury-status","BYE","-","-","-","-","-","-","-","-","-","-","-","-"
"1414","J. Williams","J. Williams","RB","","","","injury-status","BYE","-","-","-","-","-","-","-","-","-","-","-","-"
"1415","T. Wilson","T. Wilson","TE","","","","injury-status","BYE","-","-","-","-","-","-","-","-","-","-","-","-"
"1416","D. Kizer","D. Kizer","QB","","","","injury-status","BYE","-","-","-","-","-","-","-","-","-","-","-","-"
"1417","C. Briggs","C. Briggs","TE","","","","injury-status","BYE","-","-","-","-","-","-","-","-","-","-","-","-"
"1418","J. Huesman","J. Huesman","QB","","","","injury-status","BYE","-","-","-","-","-","-","-","-","-","-","-","-"
"1419","B. Sims","B. Sims","QB","","","","injury-status","BYE","-","-","-","-","-","-","-","-","-","-","-","-"
"1420","T. Pope","T. Pope","RB","","","Ques","injury-status questionable","BYE","-","-","-","-","-","-","-","-","-","-","-","-"
"1421","N. Truesdell","N. Truesdell","TE","","","","injury-status","BYE","-","-","-","-","-","-","-","-","-","-","-","-"
"1422","H. Binford","H. Binford","WR","","","","injury-status","BYE","-","-","-","-","-","-","-","-","-","-","-","-"
"1423","K. Thompson","K. Thompson","WR","","","","injury-status","BYE","-","-","-","-","-","-","-","-","-","-","-","-"
"1424","D. Watford","D. Watford","WR","","","","injury-status","BYE","-","-","-","-","-","-","-","-","-","-","-","-"
"1425","E. Wallace","E. Wallace","TE","","","","injury-status","BYE","-","-","-","-","-","-","-","-","-","-","-","-"
"1426","G. Griffin","G. Griffin","TE","NO","6","","injury-status","Final W 38-3 vs GB","5","-","-","-","4","4","39","-","-","-","-","-"
"1427","R. Horn","R. Horn","WR","","","","injury-status","BYE","-","-","-","-","-","-","-","-","-","-","-","-"
"1428","K. Coleman","K. Coleman","RB","","","","injury-status","BYE","-","-","-","-","-","-","-","-","-","-","-","-"
"1429","R. Morris","R. Morris","RB","","","","injury-status","BYE","-","-","-","-","-","-","-","-","-","-","-","-"
"1430","M. McFarland","M. McFarland","TE","","","","injury-status","BYE","-","-","-","-","-","-","-","-","-","-","-","-"
"1431","J. Simmons","J. Simmons","RB","","","","injury-status","BYE","-","-","-","-","-","-","-","-","-","-","-","-"
"1432","J. Mickens","J. Mickens","WR","JAX","7","","injury-status","Final L 21-37 @ HOU","1","-","-","-","2","3","10","-","-","-","-","-"
"1433","D. Williams","D. Williams","WR","","","Ques","injury-status questionable","BYE","-","-","-","-","-","-","-","-","-","-","-","-"
"1434","A. Ellis","A. Ellis","TE","ARI","12","","injury-status","Final W 38-13 @ TEN","-","-","-","-","-","-","-","-","-","-","-","-"
"1435","M. Tucker","M. Tucker","WR","","","","injury-status","BYE","-","-","-","-","-","-","-","-","-","-","-","-"
"1436","B. Brown-Dukes","B. Brown-Dukes","RB","","","","injury-status","BYE","-","-","-","-","-","-","-","-","-","-","-","-"
"1437","J. Brown","J. Brown","K","","","","injury-status","BYE","-","-","-","-","-","-","-","-","-","-","-","-"
"1438","C. O'Neal","C. O'Neal","RB","","","","injury-status","BYE","-","-","-","-","-","-","-","-","-","-","-","-"
"1439","J. Vander Laan","J. Vander Laan","TE","","","","injury-status","BYE","-","-","-","-","-","-","-","-","-","-","-","-"
"1440","B. Shippen","B. Shippen","WR","","","","injury-status","BYE","-","-","-","-","-","-","-","-","-","-","-","-"
"1441","R. Mullaney","R. Mullaney","WR","","","","injury-status","BYE","-","-","-","-","-","-","-","-","-","-","-","-"
"1442","T. Jones","T. Jones","WR","","","","injury-status","BYE","-","-","-","-","-","-","-","-","-","-","-","-"
"1443","T. Carson","T. Carson","RB","","","","injury-status","BYE","-","-","-","-","-","-","-","-","-","-","-","-"
"1444","W. Ratelle","W. Ratelle","RB","","","","injury-status","BYE","-","-","-","-","-","-","-","-","-","-","-","-"
"1445","J. Perkins","J. Perkins","TE","NYJ","6","","injury-status","Final L 14-19 @ CAR","-","-","-","-","-","-","-","-","-","-","-","-"
"1446","V. Showers","V. Showers","WR","","","","injury-status","BYE","-","-","-","-","-","-","-","-","-","-","-","-"
"1447","R. Diggs","R. Diggs","WR","","","","injury-status","BYE","-","-","-","-","-","-","-","-","-","-","-","-"
"1448","M. Weiser","M. Weiser","TE","","","","injury-status","BYE","-","-","-","-","-","-","-","-","-","-","-","-"
"1449","Q. Hicks","Q. Hicks","RB","","","","injury-status","BYE","-","-","-","-","-","-","-","-","-","-","-","-"
"1450","S. Vainuku","S. Vainuku","RB","","","","injury-status","BYE","-","-","-","-","-","-","-","-","-","-","-","-"
"1451","J. Williams-Lambert","J. Williams-Lambert","WR","","","","injury-status","BYE","-","-","-","-","-","-","-","-","-","-","-","-"
"1452","T. Lewis","T. Lewis","WR","MIA","14","Ques","injury-status questionable","Final W 17-16 @ NE","1","-","-","-","1","2","7","-","-","-","-","-"
"1453","D. Stewart","D. Stewart","WR","","","","injury-status","BYE","-","-","-","-","-","-","-","-","-","-","-","-"
"1454","K. Cartwright","K. Cartwright","TE","","","","injury-status","BYE","-","-","-","-","-","-","-","-","-","-","-","-"
"1455","M. Leak","M. Leak","WR","","","","injury-status","BYE","-","-","-","-","-","-","-","-","-","-","-","-"
"1456","A. Bonnet","A. Bonnet","RB","","","","injury-status","BYE","-","-","-","-","-","-","-","-","-","-","-","-"
"1457","M. Michel","M. Michel","WR","WAS","9","","injury-status","Final L 16-20 vs LAC","-","-","-","-","-","-","-","-","-","-","-","-"
"1458","B. Williams","B. Williams","TE","","","","injury-status","BYE","-","-","-","-","-","-","-","-","-","-","-","-"
"1459","C. Severin","C. Severin","WR","","","","injury-status","BYE","-","-","-","-","-","-","-","-","-","-","-","-"
"1460","J. Robinson","J. Robinson","WR","","","","injury-status","BYE","-","-","-","-","-","-","-","-","-","-","-","-"
"1461","J. Jones","J. Jones","WR","","","","injury-status","BYE","-","-","-","-","-","-","-","-","-","-","-","-"
"1462","M. Mathews","M. Mathews","WR","","","","injury-status","BYE","-","-","-","-","-","-","-","-","-","-","-","-"
"1463","K. Maye","K. Maye","WR","","","","injury-status","BYE","-","-","-","-","-","-","-","-","-","-","-","-"
"1464","J. McGee","J. McGee","TE","","","","injury-status","BYE","-","-","-","-","-","-","-","-","-","-","-","-"
"1465","D. Williams","D. Williams","WR","","","","injury-status","BYE","-","-","-","-","-","-","-","-","-","-","-","-"
"1466","S. Scheu","S. Scheu","TE","","","","injury-status","BYE","-","-","-","-","-","-","-","-","-","-","-","-"
"1467","D. Cajuste","D. Cajuste","WR","","","","injury-status","BYE","-","-","-","-","-","-","-","-","-","-","-","-"
"1468","D. Griswold","D. Griswold","TE","","","","injury-status","BYE","-","-","-","-","-","-","-","-","-","-","-","-"
"1469","M. Bercovici","M. Bercovici","QB","","","","injury-status","BYE","-","-","-","-","-","-","-","-","-","-","-","-"
"1470","D. Foster","D. Foster","RB","","","","injury-status","BYE","-","-","-","-","-","-","-","-","-","-","-","-"
"1471","C. Brown","C. Brown","WR","","","","injury-status","BYE","-","-","-","-","-","-","-","-","-","-","-","-"
"1472","J. Holton","J. Holton","WR","","","","injury-status","BYE","-","-","-","-","-","-","-","-","-","-","-","-"
"1473","K. Garrett","K. Garrett","WR","","","","injury-status","BYE","-","-","-","-","-","-","-","-","-","-","-","-"
"1474","T. Bertolet","T. Bertolet","K","","","","injury-status","BYE","-","-","-","-","-","-","-","-","-","-","-","-"
"1475","B. Braunecker","B. Braunecker","TE","","","","injury-status","BYE","-","-","-","-","-","-","-","-","-","-","-","-"
"1476","M. North","M. North","WR","","","","injury-status","BYE","-","-","-","-","-","-","-","-","-","-","-","-"
"1477","R. Martin","R. Martin","K","","","","injury-status","BYE","-","-","-","-","-","-","-","-","-","-","-","-"
"1478","J. Stave","J. Stave","QB","","","","injury-status","BYE","-","-","-","-","-","-","-","-","-","-","-","-"
"1479","J. Ferguson","J. Ferguson","RB","","","","injury-status","BYE","-","-","-","-","-","-","-","-","-","-","-","-"
"1480","B. Hoyer","B. Hoyer","QB","NE","14","","injury-status","Final L 16-17 vs MIA","12","11","-8","-","-","-","-","-","9","11","227","1"
"1481","C. Jones","C. Jones","WR","","","","injury-status","BYE","-","-","-","-","-","-","-","-","-","-","-","-"
"1482","C. Swain","C. Swain","RB","","","","injury-status","BYE","-","-","-","-","-","-","-","-","-","-","-","-"
"1483","J. Woodrum","J. Woodrum","QB","","","","injury-status","BYE","-","-","-","-","-","-","-","-","-","-","-","-"
"1484","M. McKay","M. McKay","WR","","","","injury-status","BYE","-","-","-","-","-","-","-","-","-","-","-","-"
"1485","D. Johnson","D. Johnson","RB","","","","injury-status","BYE","-","-","-","-","-","-","-","-","-","-","-","-"
"1486","B. Sandland","B. Sandland","TE","","","","injury-status","BYE","-","-","-","-","-","-","-","-","-","-","-","-"
"1487","K. Lawler","K. Lawler","WR","","","","injury-status","BYE","-","-","-","-","-","-","-","-","-","-","-","-"
"1488","K. Marshall","K. Marshall","RB","","","","injury-status","BYE","-","-","-","-","-","-","-","-","-","-","-","-"
"1489","D. Fuller","D. Fuller","WR","","","","injury-status","BYE","-","-","-","-","-","-","-","-","-","-","-","-"
"1490","D. Lucien","D. Lucien","WR","","","","injury-status","BYE","-","-","-","-","-","-","-","-","-","-","-","-"
"1491","D. Jackson","D. Jackson","RB","","","","injury-status","BYE","-","-","-","-","-","-","-","-","-","-","-","-"
"1492","J. Driskel","J. Driskel","QB","HOU","10","","injury-status","Final W 37-21 vs JAX","-","-","-","-","-","-","-","-","-","-","-","-"
"1493","C. Core","C. Core","WR","MIA","14","Ques","injury-status questionable","Final W 17-16 @ NE","-","-","-","-","-","-","-","-","-","-","-","-"
"1494","D. Watt","D. Watt","RB","PIT","7","","injury-status","Final W 23-16 @ BUF","3","1","1","-","3","3","15","-","-","-","-","-"
"1495","D. Vitale","D. Vitale","RB","","","","injury-status","BYE","-","-","-","-","-","-","-","-","-","-","-","-"
"1496","K. Listenbee","K. Listenbee","WR","","","","injury-status","BYE","-","-","-","-","-","-","-","-","-","-","-","-"
"1497","J. Rudock","J. Rudock","QB","","","","injury-status","BYE","-","-","-","-","-","-","-","-","-","-","-","-"
"1498","N. Sudfeld","N. Sudfeld","QB","SF","6","","injury-status","Final W 41-33 @ DET","-","-","-","-","-","-","-","-","-","-","-","-"
"1499","J. Adams","J. Adams","TE","","","","injury-status","BYE","-","-","-","-","-","-","-","-","-","-","-","-"
"1500","M. Bohringer","M. Bohringer","TE","","","","injury-status","BYE","-","-","-","-","-","-","-","-","-","-","-","-"
"1501","T. Hemingway","T. Hemingway","TE","WAS","9","","injury-status","Final L 16-20 vs LAC","-","-","-","-","-","-","-","-","-","-","-","-"
"1502","T. Davis","T. Davis","WR","","","","injury-status","BYE","-","-","-","-","-","-","-","-","-","-","-","-"
"1503","K. Hogan","K. Hogan","QB","TEN","13","","injury-status","Final L 13-38 vs ARI","-","-","-","-","-","-","-","-","-","-","-","-"
"1504","P. Rivers","P. Rivers","QB","","","","injury-status","BYE","-","-","-","-","-","-","-","-","-","-","-","-"
"1505","D. Washington","D. Washington","RB","","","","injury-status","BYE","-","-","-","-","-","-","-","-","-","-","-","-"
"1506","S. DeValve","S. DeValve","TE","","","","injury-status","BYE","-","-","-","-","-","-","-","-","-","-","-","-"
"1507","T. Ervin","T. Ervin","RB","","","Ques","injury-status questionable","BYE","-","-","-","-","-","-","-","-","-","-","-","-"
"1508","B. Kaufusi","B. Kaufusi","TE","GB","13","","injury-status","Final L 3-38 @ NO","-","-","-","-","-","-","-","-","-","-","-","-"
"1509","P. Perkins","P. Perkins","RB","","","","injury-status","BYE","-","-","-","-","-","-","-","-","-","-","-","-"
"1510","K. Dixon","K. Dixon","RB","","","","injury-status","BYE","-","-","-","-","-","-","-","-","-","-","-","-"
"1511","C. Kessler","C. Kessler","QB","","","","injury-status","BYE","-","-","-","-","-","-","-","-","-","-","-","-"
"1512","C. Prosise","C. Prosise","RB","","","","injury-status","BYE","-","-","-","-","-","-","-","-","-","-","-","-"
"1513","J. Doctson","J. Doctson","WR","","","","injury-status","BYE","-","-","-","-","-","-","-","-","-","-","-","-"
"1514","C. Coleman","C. Coleman","WR","","","","injury-status","BYE","-","-","-","-","-","-","-","-","-","-","-","-"
"1515","C. Cook","C. Cook","QB","","","","injury-status","BYE","-","-","-","-","-","-","-","-","-","-","-","-"
"1516","P. Lynch","P. Lynch","QB","","","","injury-status","BYE","-","-","-","-","-","-","-","-","-","-","-","-"
"1517","X. Rush","X. Rush","WR","","","","injury-status","BYE","-","-","-","-","-","-","-","-","-","-","-","-"
"1518","A. Dable","A. Dable","WR","","","","injury-status","BYE","-","-","-","-","-","-","-","-","-","-","-","-"
"1519","M. Slater","M. Slater","WR","NE","14","","injury-status","Final L 16-17 vs MIA","-","-","-","-","-","-","-","-","-","-","-","-"
"1520","J. Johnson","J. Johnson","WR","","","","injury-status","BYE","-","-","-","-","-","-","-","-","-","-","-","-"
"1521","G. Sinclair","G. Sinclair","TE","","","","injury-status","BYE","-","-","-","-","-","-","-","-","-","-","-","-"
"1522","R. Travis","R. Travis","TE","","","","injury-status","BYE","-","-","-","-","-","-","-","-","-","-","-","-"
"1523","M. Lengel","M. Lengel","TE","","","","injury-status","BYE","-","-","-","-","-","-","-","-","-","-","-","-"
"1524","M. Wile","M. Wile","P, K","","","","injury-status","BYE","-","-","-","-","-","-","-","-","-","-","-","-"
"1525","B. Cottom","B. Cottom","RB","","","","injury-status","BYE","-","-","-","-","-","-","-","-","-","-","-","-"
"1526","M. LaCosse","M. LaCosse","TE","NE","14","","injury-status","Final L 16-17 vs MIA","-","-","-","-","-","-","-","-","-","-","-","-"
"1527","D. Lawrence","D. Lawrence","WR","","","","injury-status","BYE","-","-","-","-","-","-","-","-","-","-","-","-"
"1528","D. Foxx","D. Foxx","WR","","","","injury-status","BYE","-","-","-","-","-","-","-","-","-","-","-","-"
"1529","B. Vogler","B. Vogler","TE","","","","injury-status","BYE","-","-","-","-","-","-","-","-","-","-","-","-"
"1530","Z. Laskey","Z. Laskey","RB","","","","injury-status","BYE","-","-","-","-","-","-","-","-","-","-","-","-"
"1531","D. Walker","D. Walker","TE","","","","injury-status","BYE","-","-","-","-","-","-","-","-","-","-","-","-"
"1532","K. Cook","K. Cook","WR","","","","injury-status","BYE","-","-","-","-","-","-","-","-","-","-","-","-"
"1533","M. Meyer","M. Meyer","K","","","","injury-status","BYE","-","-","-","-","-","-","-","-","-","-","-","-"
"1534","M. Palardy","M. Palardy","P, K - MIA(14)","","","","injury-status","Final W 17-16 @ NE","0","1","1","-","-","-","-","-","-","-","-","-"
"1535","D. White","D. White","WR","","","Ques","injury-status questionable","BYE","-","-","-","-","-","-","-","-","-","-","-","-"
"1536","G. Johnson","G. Johnson","RB","","","","injury-status","BYE","-","-","-","-","-","-","-","-","-","-","-","-"
"1537","E. Tomlinson","E. Tomlinson","TE","BAL","8","","injury-status","Final L 27-33 @ LV","1","-","-","-","1","2","7","-","-","-","-","-"
"1538","R. Bailey","R. Bailey","WR","","","","injury-status","BYE","-","-","-","-","-","-","-","-","-","-","-","-"
"1539","A. Smith","A. Smith","QB","","","","injury-status","BYE","-","-","-","-","-","-","-","-","-","-","-","-"
"1540","T. Long","T. Long","P, K - LAC(7)","","","","injury-status","Final W 20-16 @ WAS","-","-","-","-","-","-","-","-","-","1","-","-"
"1541","J. Heaps","J. Heaps","QB","","","","injury-status","BYE","-","-","-","-","-","-","-","-","-","-","-","-"
"1542","D. Jennings","D. Jennings","WR","","","","injury-status","BYE","-","-","-","-","-","-","-","-","-","-","-","-"
"1543","T. Semisch","T. Semisch","TE","","","","injury-status","BYE","-","-","-","-","-","-","-","-","-","-","-","-"
"1544","A. Goodley","A. Goodley","WR","","","","injury-status","BYE","-","-","-","-","-","-","-","-","-","-","-","-"
"1545","D. Anderson","D. Anderson","WR","","","","injury-status","BYE","-","-","-","-","-","-","-","-","-","-","-","-"
"1546","T. Davis","T. Davis","WR","","","","injury-status","BYE","-","-","-","-","-","-","-","-","-","-","-","-"
"1547","Z. Zenner","Z. Zenner","RB","","","","injury-status","BYE","-","-","-","-","-","-","-","-","-","-","-","-"
"1548","R. Anderson","R. Anderson","TE","","","","injury-status","BYE","-","-","-","-","-","-","-","-","-","-","-","-"
"1549","D. Brown","D. Brown","WR","","","","injury-status","BYE","-","-","-","-","-","-","-","-","-","-","-","-"
"1550","B. Koyack","B. Koyack","TE","","","","injury-status","BYE","-","-","-","-","-","-","-","-","-","-","-","-"
"1551","M. Johnson","M. Johnson","RB","","","","injury-status","BYE","-","-","-","-","-","-","-","-","-","-","-","-"
"1552","N. O'Leary","N. O'Leary","TE","","","Ques","injury-status questionable","BYE","-","-","-","-","-","-","-","-","-","-","-","-"
"1553","G. Davis","G. Davis","WR","","","","injury-status","BYE","-","-","-","-","-","-","-","-","-","-","-","-"
"1554","K. Bell","K. Bell","WR","","","","injury-status","BYE","-","-","-","-","-","-","-","-","-","-","-","-"
"1555","J. Nelson","J. Nelson","WR","IND","14","","injury-status","Final L 16-28 vs SEA","-","-","-","-","-","-","-","-","-","-","-","-"
"1556","D. Sproles","D. Sproles","RB","","","","injury-status","BYE","-","-","-","-","-","-","-","-","-","-","-","-"
"1557","J. Ajayi","J. Ajayi","RB","","","","injury-status","BYE","-","-","-","-","-","-","-","-","-","-","-","-"
"1558","J. Allen","J. Allen","RB","","","","injury-status","BYE","-","-","-","-","-","-","-","-","-","-","-","-"
"1559","J. Hardy","J. Hardy","WR","","","","injury-status","BYE","-","-","-","-","-","-","-","-","-","-","-","-"
"1560","J. Heuerman","J. Heuerman","TE","","","","injury-status","BYE","-","-","-","-","-","-","-","-","-","-","-","-"
"1561","C. Walford","C. Walford","TE","","","","injury-status","BYE","-","-","-","-","-","-","-","-","-","-","-","-"
"1562","D. Smith","D. Smith","WR","","","","injury-status","BYE","-","-","-","-","-","1","-","-","-","-","-","-"
"1563","T. Yeldon","T. Yeldon","RB","","","","injury-status","BYE","-","-","-","-","-","-","-","-","-","-","-","-"
"1564","M. Moore","M. Moore","QB","","","","injury-status","BYE","-","-","-","-","-","-","-","-","-","-","-","-"
"1565","F. Gore","F. Gore","RB","","","","injury-status","BYE","-","-","-","-","-","-","-","-","-","-","-","-"
"1566","K. White","K. White","WR","NO","6","","injury-status","Final W 38-3 vs GB","5","-","-","-","1","5","38","-","-","-","-","-"
"1567","J. Cunningham","J. Cunningham","TE","","","","injury-status","BYE","-","-","-","-","-","-","-","-","-","-","-","-"
"1568","J. Witten","J. Witten","TE","","","","injury-status","BYE","-","-","-","-","-","-","-","-","-","-","-","-"
"1569","D. Inman","D. Inman","WR","","","","injury-status","BYE","-","-","-","-","-","-","-","-","-","-","-","-"
"1570","P. Richardson","P. Richardson","WR","","","","injury-status","BYE","-","-","-","-","-","-","-","-","-","-","-","-"
"1571","T. Millard","T. Millard","RB","","","","injury-status","BYE","-","-","-","-","-","-","-","-","-","-","-","-"
"1572","L. Fitzgerald","L. Fitzgerald","WR","","","","injury-status","BYE","-","-","-","-","-","-","-","-","-","-","-","-"
"1573","M. Lucas","M. Lucas","WR","","","","injury-status","BYE","-","-","-","-","-","-","-","-","-","-","-","-"
"1574","R. Nix","R. Nix","RB","","","","injury-status","BYE","-","-","-","-","-","-","-","-","-","-","-","-"
"1575","R. Neal","R. Neal","RB","","","","injury-status","BYE","-","-","-","-","-","-","-","-","-","-","-","-"
"1576","T. Jones","T. Jones","WR","","","","injury-status","BYE","-","-","-","-","-","-","-","-","-","-","-","-"
"1577","S. Perry","S. Perry","RB","","","","injury-status","BYE","-","-","-","-","-","-","-","-","-","-","-","-"
"1578","D. Fales","D. Fales","QB","","","","injury-status","BYE","-","-","-","-","-","-","-","-","-","-","-","-"
"1579","R. Grant","R. Grant","WR","","","","injury-status","BYE","-","-","-","-","-","-","-","-","-","-","-","-"
"1580","X. Grimble","X. Grimble","TE","","","","injury-status","BYE","-","-","-","-","-","-","-","-","-","-","-","-"
"1581","J. McCown","J. McCown","QB","","","","injury-status","BYE","-","-","-","-","-","-","-","-","-","-","-","-"
"1582","S. Simonson","S. Simonson","TE","","","","injury-status","BYE","-","-","-","-","-","-","-","-","-","-","-","-"
"1583","S. Roberts","S. Roberts","WR","","","","injury-status","BYE","-","-","-","-","-","-","-","-","-","-","-","-"
"1584","D. Thomas","D. Thomas","WR","","","","injury-status","BYE","-","-","-","-","-","-","-","-","-","-","-","-"
"1585","C. Latimer","C. Latimer","WR","","","","injury-status","BYE","-","-","-","-","-","-","-","-","-","-","-","-"
"1586","B. Fowler","B. Fowler","WR","","","","injury-status","BYE","-","-","-","-","-","-","-","-","-","-","-","-"
"1587","V. Davis","V. Davis","TE","","","","injury-status","BYE","-","-","-","-","-","-","-","-","-","-","-","-"
"1588","M. Lee","M. Lee","WR","","","","injury-status","BYE","-","-","-","-","-","-","-","-","-","-","-","-"
"1589","A. Hurns","A. Hurns","WR","MIA","14","Ques","injury-status questionable","Final W 17-16 @ NE","-","-","-","-","-","-","-","-","-","-","-","-"
"1590","C. Parkey","C. Parkey","K","","","","injury-status","BYE","1","-","-","-","-","-","-","-","-","-","-","-"
"1591","D. Moncrief","D. Moncrief","WR","","","Ques","injury-status questionable","BYE","-","-","-","-","-","-","-","-","-","-","-","-"
"1592","D. Walker","D. Walker","WR","","","","injury-status","BYE","-","-","-","-","-","-","-","-","-","-","-","-"
"1593","T. Gabriel","T. Gabriel","WR","","","","injury-status","BYE","-","-","-","-","-","-","-","-","-","-","-","-"
"1594","A. McCarron","A. McCarron","QB","ATL","6","","injury-status","Final L 6-32 vs PHI","-","-","-","-","-","-","-","-","-","-","-","-"
"1595","S. Evans","S. Evans","WR","","","","injury-status","BYE","-","-","-","-","-","-","-","-","-","-","-","-"
"1596","Q. Enunwa","Q. Enunwa","WR","","","","injury-status","BYE","-","-","-","-","-","-","-","-","-","-","-","-"
"1597","S. Houston","S. Houston","RB","","","","injury-status","BYE","-","-","-","-","-","-","-","-","-","-","-","-"
"1598","D. Stanton","D. Stanton","QB","","","","injury-status","BYE","-","-","-","-","-","-","-","-","-","-","-","-"
"1599","D. Fluellen","D. Fluellen","RB","","","","injury-status","BYE","-","-","-","-","-","-","-","-","-","-","-","-"
"1600","M. Schaub","M. Schaub","QB","","","","injury-status","BYE","-","-","-","-","-","-","-","-","-","-","-","-"
"1601","E. Rogers","E. Rogers","WR","","","","injury-status","BYE","-","-","-","-","-","-","-","-","-","-","-","-"
"1602","B. Williams","B. Williams","TE","","","","injury-status","BYE","-","-","-","-","-","-","-","-","-","-","-","-"
"1603","Z. Line","Z. Line","RB","","","","injury-status","BYE","-","-","-","-","-","-","-","-","-","-","-","-"
"1604","J. Brown","J. Brown","WR","","","","injury-status","BYE","-","-","-","-","-","-","-","-","-","-","-","-"
"1605","U. Nwachukwu","U. Nwachukwu","WR","","","","injury-status","BYE","-","-","-","-","-","-","-","-","-","-","-","-"
"1606","T. Sinkfield","T. Sinkfield","WR","","","","injury-status","BYE","-","-","-","-","-","-","-","-","-","-","-","-"
"1607","L. Toilolo","L. Toilolo","TE","NYG","10","Ques","injury-status questionable","Final L 13-27 vs DEN","-","-","-","-","-","-","-","-","-","-","-","-"
"1608","T. Bray","T. Bray","QB","","","","injury-status","BYE","-","-","-","-","-","-","-","-","-","-","-","-"
"1609","L. Willson","L. Willson","TE","","","","injury-status","BYE","-","-","-","-","-","-","-","-","-","-","-","-"
"1610","S. Ware","S. Ware","RB","","","","injury-status","BYE","-","-","-","-","-","-","-","-","-","-","-","-"
"1611","V. McDonald","V. McDonald","TE","","","","injury-status","BYE","-","-","-","-","-","-","-","-","-","-","-","-"
"1612","R. Griffin","R. Griffin","QB","TB","9","","injury-status","Final W 31-29 vs DAL","-","-","-","-","-","-","-","-","-","-","-","-"
"1613","K. Barner","K. Barner","RB","TB","9","","injury-status","Final W 31-29 vs DAL","-","4","-","-","-","-","-","-","-","-","-","-"
"1614","T. Riddick","T. Riddick","RB","","","","injury-status","BYE","-","-","-","-","-","-","-","-","-","-","-","-"
"1615","J. Reed","J. Reed","TE","","","","injury-status","BYE","-","-","-","-","-","-","-","-","-","-","-","-"
"1616","C. Anderson","C. Anderson","RB","","","","injury-status","BYE","-","-","-","-","-","-","-","-","-","-","-","-"
"1617","M. Barkley","M. Barkley","QB","ATL","6","","injury-status","Final L 6-32 vs PHI","-","-","-","-","-","-","-","-","-","-","-","-"
"1618","R. Shepard","R. Shepard","WR","","","","injury-status","BYE","-","-","-","-","-","-","-","-","-","-","-","-"
"1619","J. Bellamy","J. Bellamy","WR","","","","injury-status","BYE","-","-","-","-","-","-","-","-","-","-","-","-"
"1620","J. Olawale","J. Olawale","RB","","","","injury-status","BYE","-","-","-","-","-","-","-","-","-","-","-","-"
"1621","P. DiMarco","P. DiMarco","RB","","","","injury-status","BYE","-","-","-","-","-","-","-","-","-","-","-","-"
"1622","J. Develin","J. Develin","RB","","","","injury-status","BYE","-","-","-","-","-","-","-","-","-","-","-","-"
"1623","J. Kearse","J. Kearse","WR","","","","injury-status","BYE","-","-","-","-","-","-","-","-","-","-","-","-"
"1624","F. Owusu","F. Owusu","WR","","","","injury-status","BYE","-","-","-","-","-","-","-","-","-","-","-","-"
"1625","M. Bryant","M. Bryant","K","","","","injury-status","BYE","-","-","-","-","-","-","-","-","-","-","-","-"
"1626","A. Tanney","A. Tanney","QB","","","","injury-status","BYE","-","-","-","-","-","-","-","-","-","-","-","-"
"1627","R. Turbin","R. Turbin","RB","","","","injury-status","BYE","-","-","-","-","-","-","-","-","-","-","-","-"
"1628","G. Celek","G. Celek","TE","","","","injury-status","BYE","-","-","-","-","-","-","-","-","-","-","-","-"
"1629","J. Wright","J. Wright","WR","","","","injury-status","BYE","-","-","-","-","-","-","-","-","-","-","-","-"
"1630","R. Ellison","R. Ellison","TE","","","","injury-status","BYE","-","-","-","-","-","-","-","-","-","-","-","-"
"1631","A. Vinatieri","A. Vinatieri","K","","","","injury-status","BYE","-","-","-","-","-","-","-","-","-","-","-","-"
"1632","A. Morris","A. Morris","RB","","","","injury-status","BYE","-","-","-","-","-","-","-","-","-","-","-","-"
"1633","R. Griffin","R. Griffin","QB","","","","injury-status","BYE","-","-","-","-","-","-","-","-","-","-","-","-"
"1634","L. Miller","L. Miller","RB","","","","injury-status","BYE","-","-","-","-","-","-","-","-","-","-","-","-"
"1635","J. Hall","J. Hall","WR","","","","injury-status","BYE","-","-","-","-","-","-","-","-","-","-","-","-"
"1636","D. Hagans","D. Hagans","RB","","","","injury-status","BYE","-","-","-","-","-","-","-","-","-","-","-","-"
"1637","D. Tuggle","D. Tuggle","RB","","","","injury-status","BYE","-","-","-","-","-","-","-","-","-","-","-","-"
"1638","M. Golden","M. Golden","WR","GB","13","","injury-status","Final L 3-38 @ NO","-","-","-","-","-","-","-","-","-","-","-","-"
"1639","J. Royals","J. Royals","WR","KC","12","Ques","injury-status questionable","Final W 33-29 vs CLE","-","-","-","-","-","-","-","-","-","-","-","-"
"1640","T. Rutenbeck","T. Rutenbeck","WR","","","","injury-status","BYE","-","-","-","-","-","-","-","-","-","-","-","-"
"1641","N. Noel","N. Noel","RB","","","","injury-status","BYE","-","-","-","-","-","-","-","-","-","-","-","-"
"1642","K. McIntosh","K. McIntosh","RB","SEA","9","IR","injury-status ir","Final W 28-16 @ IND","-","-","-","-","-","-","-","-","-","-","-","-"
"1643","N. Williams","N. Williams","WR","","","","injury-status","BYE","-","-","-","-","-","-","-","-","-","-","-","-"
"1644","D. Edwards","D. Edwards","RB","WAS","9","","injury-status","Final L 16-20 vs LAC","-","-","-","-","-","-","-","-","-","-","-","-"
"1645","K. Kassis","K. Kassis","WR","","","","injury-status","BYE","-","-","-","-","-","-","-","-","-","-","-","-"
"1646","M. Flowers","M. Flowers","WR","","","","injury-status","BYE","-","-","-","-","-","-","-","-","-","-","-","-"
"1647","X. White","X. White","WR","","","","injury-status","BYE","-","-","-","-","-","-","-","-","-","-","-","-"
"1648","C. Johnson","C. Johnson","WR","","","","injury-status","BYE","-","-","-","-","-","-","-","-","-","-","-","-"
"1649","T. Thornton","T. Thornton","WR","KC","12","","injury-status","Final W 33-29 vs CLE","-","-","-","-","-","-","-","-","-","-","-","-"
"1650","C. Stover","C. Stover","TE","HOU","10","","injury-status","Final W 37-21 vs JAX","-","-","-","-","-","-","-","-","-","-","-","-"
"1651","T. Bynum","T. Bynum","WR","","","","injury-status","BYE","-","-","-","-","-","-","-","-","-","-","-","-"
"1652","R. Williams","R. Williams","TE","","","","injury-status","BYE","-","-","-","-","-","-","-","-","-","-","-","-"
"1653","D. Culp","D. Culp","TE","TB","9","","injury-status","Final W 31-29 vs DAL","-","-","-","-","-","-","-","-","-","-","-","-"
"1654","J. Calhoun","J. Calhoun","WR","","","","injury-status","BYE","-","-","-","-","-","-","-","-","-","-","-","-"
"1655","D. Miller","D. Miller","WR","","","","injury-status","BYE","-","-","-","-","-","-","-","-","-","-","-","-"
"1656","T. Keaton","T. Keaton","WR","","","","injury-status","BYE","-","-","-","-","-","-","-","-","-","-","-","-"
"1657","T. Taula","T. Taula","TE","TB","9","","injury-status","Final W 31-29 vs DAL","-","-","-","-","-","-","-","-","-","-","-","-"
"1658","C. Fotheringham","C. Fotheringham","TE","","","","injury-status","BYE","-","-","-","-","-","-","-","-","-","-","-","-"
"1659","T. Bradford","T. Bradford","WR","","","","injury-status","BYE","-","-","-","-","-","-","-","-","-","-","-","-"
"1660","K. Smith","K. Smith","WR","","","","injury-status","BYE","-","-","-","-","-","-","-","-","-","-","-","-"
"1661","D. Maye","D. Maye","QB","NE","14","","injury-status","Final L 16-17 vs MIA","-","-","-","-","-","-","-","-","-","-","-","-"
"1662","T. Robinson","T. Robinson","WR","","","Ques","injury-status questionable","BYE","-","-","-","-","-","-","-","-","-","-","-","-"
"1663","A. Torres","A. Torres","TE","","","Ques","injury-status questionable","BYE","-","-","-","-","-","-","-","-","-","-","-","-"
"1664","D. Drummond","D. Drummond","WR","","","","injury-status","BYE","-","-","-","-","-","-","-","-","-","-","-","-"
"1665","M. Bernard","M. Bernard","RB","","","","injury-status","BYE","-","-","-","-","-","-","-","-","-","-","-","-"
"1666","B. Bryant","B. Bryant","QB","","","","injury-status","BYE","-","-","-","-","-","-","-","-","-","-","-","-"
"1667","Z. D'Orazio","Z. D'Orazio","WR","","","","injury-status","BYE","-","-","-","-","-","-","-","-","-","-","-","-"
"1668","J. Colletto","J. Colletto","RB","","","","injury-status","BYE","-","-","-","-","-","-","-","-","-","-","-","-"
"1669","K. Harper","K. Harper","RB","","","","injury-status","BYE","-","-","-","-","-","-","-","-","-","-","-","-"
"1670","P. Thorne","P. Thorne","QB","","","","injury-status","BYE","-","-","-","-","-","-","-","-","-","-","-","-"
"1671","D. Neal","D. Neal","WR","","","","injury-status","BYE","-","-","-","-","-","-","-","-","-","-","-","-"
"1672","R. Taylor","R. Taylor","WR","","","","injury-status","BYE","-","-","-","-","-","-","-","-","-","-","-","-"
"1673","D. Harper","D. Harper","WR","","","","injury-status","BYE","-","-","-","-","-","-","-","-","-","-","-","-"
"1674","J. Keeney-James","J. Keeney-James","WR","","","","injury-status","BYE","-","-","-","-","-","-","-","-","-","-","-","-"
"1675","R. Hamilton","R. Hamilton","TE","","","","injury-status","BYE","-","-","-","-","-","-","-","-","-","-","-","-"
"1676","C. Fajardo","C. Fajardo","QB","","","","injury-status","BYE","-","-","-","-","-","-","-","-","-","-","-","-"
"1677","R. Owens","R. Owens","WR","","","","injury-status","BYE","-","-","-","-","-","-","-","-","-","-","-","-"
"1678","J. Rumph","J. Rumph","WR","","","","injury-status","BYE","-","-","-","-","-","-","-","-","-","-","-","-"
"1679","R. Roberson","R. Roberson","WR","","","","injury-status","BYE","-","-","-","-","-","-","-","-","-","-","-","-"
"1680","K. Allen","K. Allen","WR","","","","injury-status","BYE","-","-","-","-","-","-","-","-","-","-","-","-"
"1681","S. James","S. James","WR","","","","injury-status","BYE","-","-","-","-","-","-","-","-","-","-","-","-"
"1682","Z. Brooks","Z. Brooks","RB","","","","injury-status","BYE","-","-","-","-","-","-","-","-","-","-","-","-"
"1683","P. Mafah","P. Mafah","RB","DAL","7","IR","injury-status ir","Final L 29-31 @ TB","-","-","-","-","-","-","-","-","-","-","-","-"
"1684","C. Chrest","C. Chrest","WR","","","","injury-status","BYE","-","-","-","-","-","-","-","-","-","-","-","-"
"1685","J. Burton","J. Burton","WR","CIN","10","Ques","injury-status questionable","Final W 27-24 vs MIN","-","-","-","-","-","-","-","-","-","-","-","-"
"1686","T. Fisk","T. Fisk","TE","LAC","7","","injury-status","Final W 20-16 @ WAS","-","-","-","-","-","-","-","-","-","-","-","-"
"1687","T. Johnson","T. Johnson","WR","TB","9","","injury-status","Final W 31-29 vs DAL","-","-","-","-","-","-","-","-","-","-","-","-"
"1688","P. Murtagh","P. Murtagh","TE","DEN","11","","injury-status","Final W 27-13 @ NYG","-","-","-","-","-","-","-","-","-","-","-","-"
"1689","R. Davis","R. Davis","RB","BUF","7","","injury-status","Final L 16-23 vs PIT","-","-","-","-","-","-","-","-","-","-","-","-"
"1690","M. Tinsley","M. Tinsley","WR","CIN","10","","injury-status","Final W 27-24 vs MIN","-","-","-","-","-","-","-","-","-","-","-","-"
"1691","B. Cupp","B. Cupp","TE","","","","injury-status","BYE","-","-","-","-","-","-","-","-","-","-","-","-"
"1692","B. Collins","B. Collins","WR","NYG","10","","injury-status","Final L 13-27 vs DEN","-","-","-","-","-","-","-","-","-","-","-","-"
"1693","A. Dennis","A. Dennis","QB","","","","injury-status","BYE","-","-","-","-","-","-","-","-","-","-","-","-"
"1694","C. Stoudt","C. Stoudt","QB","","","","injury-status","BYE","-","-","-","-","-","-","-","-","-","-","-","-"
"1695","T. Scott","T. Scott","WR","","","","injury-status","BYE","-","-","-","-","-","-","-","-","-","-","-","-"
"1696","B. Green","B. Green","WR","","","","injury-status","BYE","-","-","-","-","-","-","-","-","-","-","-","-"
"1697","J. Addison","J. Addison","WR","MIN","7","Sus","injury-status sus","Final L 24-27 @ CIN","-","-","-","-","-","-","-","-","-","-","-","-"
"1698","I. Washington","I. Washington","WR","","","Ques","injury-status questionable","BYE","-","-","-","-","-","-","-","-","-","-","-","-"
"1699","J. Polk","J. Polk","WR","NE","14","IR","injury-status ir","Final L 16-17 vs MIA","-","-","-","-","-","-","-","-","-","-","-","-"
"1700","A. Marshall","A. Marshall","RB","CLE","13","","injury-status","Final L 29-33 @ KC","-","-","-","-","-","-","-","-","-","-","-","-"
"1701","J. Cropper","J. Cropper","WR","DAL","7","","injury-status","Final L 29-31 @ TB","-","-","-","-","-","-","-","-","-","-","-","-"
"1702","W. Sheppard","W. Sheppard","WR","GB","13","","injury-status","Final L 3-38 @ NO","-","-","-","-","-","-","-","-","-","-","-","-"
"1703","W. Thompson","W. Thompson","QB","","","","injury-status","BYE","-","-","-","-","-","-","-","-","-","-","-","-"
"1704","J. Shenker","J. Shenker","TE","","","","injury-status","BYE","-","-","-","-","-","-","-","-","-","-","-","-"
"1705","D. Robertson","D. Robertson","WR","","","","injury-status","BYE","-","-","-","-","-","-","-","-","-","-","-","-"
"1706","J. Hawes","J. Hawes","TE","BUF","7","","injury-status","Final L 16-23 vs PIT","-","-","-","-","-","-","-","-","-","-","-","-"
"1707","J. Wright","J. Wright","RB","MIA","14","Doub","injury-status doubtful","Final W 17-16 @ NE","-","-","-","-","-","-","-","-","-","-","-","-"
"1708","T. Knue","T. Knue","WR","","","","injury-status","BYE","-","-","-","-","-","-","-","-","-","-","-","-"
"1709","D. Gray","D. Gray","WR","","","Ques","injury-status questionable","BYE","-","-","-","-","-","-","-","-","-","-","-","-"
"1710","L. Lewis","L. Lewis","QB","","","","injury-status","BYE","-","-","-","-","-","-","-","-","-","-","-","-"
"1711","M. Cunningham","M. Cunningham","WR","","","","injury-status","BYE","-","-","-","-","-","-","-","-","-","-","-","-"
"1712","R. Jarrett","R. Jarrett","WR","","","","injury-status","BYE","-","-","-","-","-","-","-","-","-","-","-","-"
"1713","S. Shrader","S. Shrader","K","IND","14","","injury-status","Final L 16-28 vs SEA","-","-","-","-","-","-","-","-","-","-","-","-"
"1714","M. Bryant","M. Bryant","WR","","","","injury-status","BYE","-","-","-","-","-","-","-","-","-","-","-","-"
"1715","J. Smith","J. Smith","WR","","","","injury-status","BYE","-","-","-","-","-","-","-","-","-","-","-","-"
"1716","J. Waters","J. Waters","QB","","","","injury-status","BYE","-","-","-","-","-","-","-","-","-","-","-","-"
"1717","H. Mevis","H. Mevis","K","NYJ","6","","injury-status","Final L 14-19 @ CAR","-","-","-","-","-","-","-","-","-","-","-","-"
"1718","G. Oakes","G. Oakes","TE","","","","injury-status","BYE","-","-","-","-","-","-","-","-","-","-","-","-"
"1719","J. Daniels","J. Daniels","QB","WAS","9","","injury-status","Final L 16-20 vs LAC","-","-","-","-","-","-","-","-","-","-","-","-"
"1720","U. Bentley","U. Bentley","RB","IND","14","","injury-status","Final L 16-28 vs SEA","-","-","-","-","-","-","-","-","-","-","-","-"
"1721","B. Bowers","B. Bowers","TE","LV","8","","injury-status","Final W 33-27 vs BAL","-","-","-","-","-","-","-","-","-","-","-","-"
"1722","D. Vaughn","D. Vaughn","RB","","","","injury-status","BYE","-","-","-","-","-","-","-","-","-","-","-","-"
"1723","J. Matthews","J. Matthews","WR","","","","injury-status","BYE","-","-","-","-","-","-","-","-","-","-","-","-"
"1724","D. Wallis","D. Wallis","WR","","","","injury-status","BYE","-","-","-","-","-","-","-","-","-","-","-","-"
"1725","B. Heard","B. Heard","RB","","","","injury-status","BYE","-","-","-","-","-","-","-","-","-","-","-","-"
"1726","C. Knox","C. Knox","RB","","","","injury-status","BYE","-","-","-","-","-","-","-","-","-","-","-","-"
"1727","A. Martinez","A. Martinez","QB","SF","6","","injury-status","Final W 41-33 @ DET","-","-","-","-","-","-","-","-","-","-","-","-"
"1728","B. Sasser","B. Sasser","WR","","","","injury-status","BYE","-","-","-","-","-","-","-","-","-","-","-","-"
"1729","Q. Ismail","Q. Ismail","WR","NYG","10","","injury-status","Final L 13-27 vs DEN","-","-","-","-","-","-","-","-","-","-","-","-"
"1730","T. Harman","T. Harman","WR","","","","injury-status","BYE","-","-","-","-","-","-","-","-","-","-","-","-"
"1731","Z. Charbonnet","Z. Charbonnet","RB","SEA","9","","injury-status","Final W 28-16 @ IND","-","-","-","-","-","-","-","-","-","-","-","-"
"1732","N. Pau'u","N. Pau'u","WR","","","","injury-status","BYE","-","-","-","-","-","-","-","-","-","-","-","-"
"1733","J. Haselwood","J. Haselwood","WR","","","","injury-status","BYE","-","-","-","-","-","-","-","-","-","-","-","-"
"1734","B. Potter","B. Potter","K","","","","injury-status","BYE","-","-","-","-","-","-","-","-","-","-","-","-"
"1735","S. Pitz","S. Pitz","TE","","","","injury-status","BYE","-","-","-","-","-","-","-","-","-","-","-","-"
"1736","L. Stokes","L. Stokes","TE","","","","injury-status","BYE","-","-","-","-","-","-","-","-","-","-","-","-"
"1737","N. Johnson","N. Johnson","TE","","","","injury-status","BYE","-","-","-","-","-","-","-","-","-","-","-","-"
"1738","R. McDaniel","R. McDaniel","WR","","","","injury-status","BYE","-","-","-","-","-","-","-","-","-","-","-","-"
"1739","C. Burton","C. Burton","TE","","","","injury-status","BYE","-","-","-","-","-","-","-","-","-","-","-","-"
"1740","B. Ford-Wheaton","B. Ford-Wheaton","WR","NYG","10","IR","injury-status ir","Final L 13-27 vs DEN","-","-","-","-","-","-","-","-","-","-","-","-"
"1741","D. Brees","D. Brees","QB","","","","injury-status","BYE","-","-","-","-","-","-","-","-","-","-","-","-"
"1742","C. Acosta","C. Acosta","K","","","","injury-status","BYE","-","-","-","-","-","-","-","-","-","-","-","-"
"1743","D. Powell","D. Powell","WR","","","","injury-status","BYE","-","-","-","-","-","-","-","-","-","-","-","-"
"1744","Z. Franklin","Z. Franklin","WR","","","","injury-status","BYE","-","-","-","-","-","-","-","-","-","-","-","-"
"1745","J. Jones","J. Jones","WR","MIN","7","","injury-status","Final L 24-27 @ CIN","-","-","-","-","-","-","-","-","-","-","-","-"
"1746","R. Fairweather","R. Fairweather","TE","DAL","7","","injury-status","Final L 29-31 @ TB","-","-","-","-","-","-","-","-","-","-","-","-"
"1747","B. Watson","B. Watson","RB","","","Ques","injury-status questionable","BYE","-","-","-","-","-","-","-","-","-","-","-","-"
"1748","T. Bagent","T. Bagent","QB","CHI","10","","injury-status","Final L 14-34 @ LAR","-","-","-","-","-","-","-","-","-","-","-","-"
"1749","T. Broden","T. Broden","WR","SEA","9","","injury-status","Final W 28-16 @ IND","-","-","-","-","-","-","-","-","-","-","-","-"
"1750","I. Bowser","I. Bowser","RB","","","","injury-status","BYE","-","-","-","-","-","-","-","-","-","-","-","-"
"1751","L. Lenoir","L. Lenoir","WR","","","","injury-status","BYE","-","-","-","-","-","-","-","-","-","-","-","-"
"1752","K. Lambert-Smith","K. Lambert-Smith","WR","LAC","7","","injury-status","Final W 20-16 @ WAS","-","-","-","-","-","-","-","-","-","-","-","-"
"1753","C. Okonkwo","C. Okonkwo","TE","TEN","13","","injury-status","Final L 13-38 vs ARI","-","-","-","-","-","-","-","-","-","-","-","-"
"1754","T. Sheffield","T. Sheffield","WR","","","","injury-status","BYE","-","-","-","-","-","-","-","-","-","-","-","-"
"1755","J. Westover","J. Westover","TE","NE","14","","injury-status","Final L 16-17 vs MIA","-","-","-","-","-","-","-","-","-","-","-","-"
"1756","J. Brooks","J. Brooks","WR","DAL","7","","injury-status","Final L 29-31 @ TB","-","-","-","-","-","-","-","-","-","-","-","-"
"1757","E. Dotson","E. Dotson","RB","","","","injury-status","BYE","-","-","-","-","-","-","-","-","-","-","-","-"
"1758","J. Jackson","J. Jackson","RB","","","","injury-status","BYE","-","-","-","-","-","-","-","-","-","-","-","-"
"1759","C. Collier","C. Collier","RB","LV","8","","injury-status","Final W 33-27 vs BAL","-","-","-","-","-","-","-","-","-","-","-","-"
"1760","B. Peters","B. Peters","QB","","","","injury-status","BYE","-","-","-","-","-","-","-","-","-","-","-","-"
"1761","J. Milroe","J. Milroe","QB","SEA","9","","injury-status","Final W 28-16 @ IND","-","-","-","-","-","-","-","-","-","-","-","-"
"1762","D. Bell","D. Bell","K","","","","injury-status","BYE","-","-","-","-","-","-","-","-","-","-","-","-"
"1763","J. Payton","J. Payton","WR","","","","injury-status","BYE","-","-","-","-","-","-","-","-","-","-","-","-"
"1764","J. Jordan","J. Jordan","RB","HOU","10","","injury-status","Final W 37-21 vs JAX","-","-","-","-","-","-","-","-","-","-","-","-"
"1765","B. Chancellor","B. Chancellor","WR","","","","injury-status","BYE","-","-","-","-","-","-","-","-","-","-","-","-"
"1766","B. Presley","B. Presley","WR","LAR","11","","injury-status","Final W 34-14 vs CHI","-","-","-","-","-","-","-","-","-","-","-","-"
"1767","S. Powell","S. Powell","RB","","","","injury-status","BYE","-","-","-","-","-","-","-","-","-","-","-","-"
"1768","C. Turner","C. Turner","TE","","","","injury-status","BYE","-","-","-","-","-","-","-","-","-","-","-","-"
"1769","J. Mims","J. Mims","RB","TEN","13","","injury-status","Final L 13-38 vs ARI","-","-","-","-","-","-","-","-","-","-","-","-"
"1770","A. Larson","A. Larson","TE","","","","injury-status","BYE","-","-","-","-","-","-","-","-","-","-","-","-"
"1771","J. Galbreath","J. Galbreath","TE","PIT","7","","injury-status","Final W 23-16 @ BUF","-","-","-","-","-","-","-","-","-","-","-","-"
"1772","M. DiLiello","M. DiLiello","QB","","","","injury-status","BYE","-","-","-","-","-","-","-","-","-","-","-","-"
"1773","J. Wayne","J. Wayne","WR","HOU","10","","injury-status","Final W 37-21 vs JAX","-","-","-","-","-","-","-","-","-","-","-","-"
"1774","J. Bates","J. Bates","K","DET","9","","injury-status","Final L 33-41 vs SF","-","-","-","-","-","-","-","-","-","-","-","-"
"1775","B. Sanders","B. Sanders","WR","","","","injury-status","BYE","-","-","-","-","-","-","-","-","-","-","-","-"
"1776","T. Griffin","T. Griffin","WR","","","","injury-status","BYE","-","-","-","-","-","-","-","-","-","-","-","-"
"1777","P. Conroy","P. Conroy","TE","","","","injury-status","BYE","-","-","-","-","-","-","-","-","-","-","-","-"
"1778","D. King","D. King","QB","","","","injury-status","BYE","-","-","-","-","-","-","-","-","-","-","-","-"
"1779","T. Harrison","T. Harrison","WR","","","","injury-status","BYE","-","-","-","-","-","-","-","-","-","-","-","-"
"1780","T. Dell","T. Dell","WR","HOU","10","PUP","injury-status pup","Final W 37-21 vs JAX","-","-","-","-","-","-","-","-","-","-","-","-"
"1781","N. Adkins","N. Adkins","TE","DEN","11","Out","injury-status out","Final W 27-13 @ NYG","-","-","-","-","-","-","-","-","-","-","-","-"
"1782","E. Frohnapfel","E. Frohnapfel","TE","","","","injury-status","BYE","-","-","-","-","-","-","-","-","-","-","-","-"
"1783","M. Price","M. Price","WR","MIN","7","","injury-status","Final L 24-27 @ CIN","-","-","-","-","-","-","-","-","-","-","-","-"
"1784","D. Felton","D. Felton","WR","","","IR","injury-status ir","BYE","-","-","-","-","-","-","-","-","-","-","-","-"
"1785","D. Stoops","D. Stoops","WR","","","Sus","injury-status sus","BYE","-","-","-","-","-","-","-","-","-","-","-","-"
"1786","J. Wilson","J. Wilson","TE","","","","injury-status","BYE","-","-","-","-","-","-","-","-","-","-","-","-"
"1787","J. Johnson","J. Johnson","WR","","","Ques","injury-status questionable","BYE","-","-","-","-","-","-","-","-","-","-","-","-"
"1788","J. McCourt","J. McCourt","K","","","","injury-status","BYE","-","-","-","-","-","-","-","-","-","-","-","-"
"1789","L. Sefcik","L. Sefcik","TE","","","","injury-status","BYE","-","-","-","-","-","-","-","-","-","-","-","-"
"1790","M. Cooper","M. Cooper","RB","","","","injury-status","BYE","-","-","-","-","-","-","-","-","-","-","-","-"
"1791","I. Abanikanda","I. Abanikanda","RB","GB","13","","injury-status","Final L 3-38 @ NO","-","-","-","-","-","-","-","-","-","-","-","-"
"1792","S. Davis","S. Davis","WR","","","","injury-status","BYE","-","-","-","-","-","-","-","-","-","-","-","-"
"1793","G. Jackson","G. Jackson","WR","","","","injury-status","BYE","-","-","-","-","-","-","-","-","-","-","-","-"
"1794","K. Lewis","K. Lewis","RB","","","","injury-status","BYE","-","-","-","-","-","-","-","-","-","-","-","-"
"1795","T. Fleet-Davis","T. Fleet-Davis","RB","","","","injury-status","BYE","-","-","-","-","-","-","-","-","-","-","-","-"
"1796","E. Higgins","E. Higgins","TE","ARI","12","","injury-status","Final W 38-13 @ TEN","-","-","-","-","-","-","-","-","-","-","-","-"
"1797","C. Stroud","C. Stroud","QB","HOU","10","","injury-status","Final W 37-21 vs JAX","-","-","-","-","-","-","-","-","-","-","-","-"
"1798","S. Jones","S. Jones","RB","","","","injury-status","BYE","-","-","-","-","-","-","-","-","-","-","-","-"
"1799","R. Brown","R. Brown","RB","","","","injury-status","BYE","-","-","-","-","-","-","-","-","-","-","-","-"
"1800","D. Garrison","D. Garrison","TE","","","","injury-status","BYE","-","-","-","-","-","-","-","-","-","-","-","-"
"1801","J. Richardson","J. Richardson","WR","CHI","10","","injury-status","Final L 14-34 @ LAR","-","-","-","-","-","-","-","-","-","-","-","-"
"1802","E. Wilson","E. Wilson","RB","GB","13","","injury-status","Final L 3-38 @ NO","-","-","-","-","-","-","-","-","-","-","-","-"
"1803","M. Lemonious-Craig","M. Lemonious-Craig","WR","","","Ques","injury-status questionable","BYE","-","-","-","-","-","-","-","-","-","-","-","-"
"1804","L. Schoonmaker","L. Schoonmaker","TE","DAL","7","","injury-status","Final L 29-31 @ TB","-","-","-","-","-","-","-","-","-","-","-","-"
"1805","S. Ntoh","S. Ntoh","RB","","","","injury-status","BYE","-","-","-","-","-","-","-","-","-","-","-","-"
"1806","G. DuBose","G. DuBose","WR","","","Ques","injury-status questionable","BYE","-","-","-","-","-","-","-","-","-","-","-","-"
"1807","K. Wheatfall","K. Wheatfall","WR","","","","injury-status","BYE","-","-","-","-","-","-","-","-","-","-","-","-"
"1808","K. Warner","K. Warner","WR","","","","injury-status","BYE","-","-","-","-","-","-","-","-","-","-","-","-"
"1809","J. Foreman","J. Foreman","WR","","","Ques","injury-status questionable","BYE","-","-","-","-","-","-","-","-","-","-","-","-"
"1810","C. Granger","C. Granger","TE","","","Ques","injury-status questionable","BYE","-","-","-","-","-","-","-","-","-","-","-","-"
"1811","B. Ross","B. Ross","RB","","","","injury-status","BYE","-","-","-","-","-","-","-","-","-","-","-","-"
"1812","D. Luckett","D. Luckett","WR","","","","injury-status","BYE","-","-","-","-","-","-","-","-","-","-","-","-"
"1813","M. Harley","M. Harley","WR","","","","injury-status","BYE","-","-","-","-","-","-","-","-","-","-","-","-"
"1814","A. Turner","A. Turner","WR","","","","injury-status","BYE","-","-","-","-","-","-","-","-","-","-","-","-"
"1815","J. Honigford","J. Honigford","TE","","","","injury-status","BYE","-","-","-","-","-","-","-","-","-","-","-","-"
"1816","R. Flournoy","R. Flournoy","WR","DAL","7","","injury-status","Final L 29-31 @ TB","-","-","-","-","-","-","-","-","-","-","-","-"
"1817","T. Potts","T. Potts","RB","","","","injury-status","BYE","-","-","-","-","-","-","-","-","-","-","-","-"
"1818","T. Reiman","T. Reiman","TE","ARI","12","","injury-status","Final W 38-13 @ TEN","-","-","-","-","-","-","-","-","-","-","-","-"
"1819","A. Asante","A. Asante","WR","","","","injury-status","BYE","-","-","-","-","-","-","-","-","-","-","-","-"
"1820","N. Remigio","N. Remigio","WR","KC","12","","injury-status","Final W 33-29 vs CLE","-","-","-","-","-","-","-","-","-","-","-","-"
"1821","T. Clinton","T. Clinton","RB","","","","injury-status","BYE","-","-","-","-","-","-","-","-","-","-","-","-"
"1822","J. Cephus","J. Cephus","WR","JAX","7","IR","injury-status ir","Final L 21-37 @ HOU","-","-","-","-","-","-","-","-","-","-","-","-"
"1823","J. Hunter","J. Hunter","RB","LAR","11","","injury-status","Final W 34-14 vs CHI","-","-","-","-","-","-","-","-","-","-","-","-"
"1824","B. Johnson","B. Johnson","WR","","","Ques","injury-status questionable","BYE","-","-","-","-","-","-","-","-","-","-","-","-"
"1825","J. Lovelocke","J. Lovelocke","QB","","","","injury-status","BYE","-","-","-","-","-","-","-","-","-","-","-","-"
"1826","D. Williams","D. Williams","RB","","","Ques","injury-status questionable","BYE","-","-","-","-","-","-","-","-","-","-","-","-"
"1827","R. Jefferson","R. Jefferson","RB","","","","injury-status","BYE","-","-","-","-","-","-","-","-","-","-","-","-"
"1828","J. Reese","J. Reese","WR","","","","injury-status","BYE","-","-","-","-","-","-","-","-","-","-","-","-"
"1829","J. Hall","J. Hall","WR","","","","injury-status","BYE","-","-","-","-","-","-","-","-","-","-","-","-"
"1830","T. Scott","T. Scott","WR","IND","14","","injury-status","Final L 16-28 vs SEA","-","-","-","-","-","-","-","-","-","-","-","-"
"1831","K. Hill","K. Hill","RB","","","","injury-status","BYE","-","-","-","-","-","-","-","-","-","-","-","-"
"1832","T. Fryfogle","T. Fryfogle","WR","","","","injury-status","BYE","-","-","-","-","-","-","-","-","-","-","-","-"
"1833","C. Williams","C. Williams","QB","CHI","10","","injury-status","Final L 14-34 @ LAR","-","-","-","-","-","-","-","-","-","-","-","-"
"1834","J. Sirmon","J. Sirmon","QB","","","","injury-status","BYE","-","-","-","-","-","-","-","-","-","-","-","-"
"1835","J. Bergen","J. Bergen","WR","SF","6","","injury-status","Final W 41-33 @ DET","-","-","-","-","-","-","-","-","-","-","-","-"
"1836","R. Johnson","R. Johnson","RB","CHI","10","Ques","injury-status questionable","Final L 14-34 @ LAR","-","-","-","-","-","-","-","-","-","-","-","-"
"1837","X. Johnson","X. Johnson","WR","","","Ques","injury-status questionable","BYE","-","-","-","-","-","-","-","-","-","-","-","-"
"1838","A. Perry","A. Perry","WR","DEN","11","","injury-status","Final W 27-13 @ NYG","-","-","-","-","-","-","-","-","-","-","-","-"
"1839","R. Person","R. Person","RB","","","","injury-status","BYE","-","-","-","-","-","-","-","-","-","-","-","-"
"1840","T. Limi-Jones","T. Limi-Jones","WR","","","","injury-status","BYE","-","-","-","-","-","-","-","-","-","-","-","-"
"1841","S. Hartman","S. Hartman","QB","WAS","9","","injury-status","Final L 16-20 vs LAC","-","-","-","-","-","-","-","-","-","-","-","-"
"1842","L. Grimm","L. Grimm","WR","LAC","7","","injury-status","Final W 20-16 @ WAS","-","-","-","-","-","-","-","-","-","-","-","-"
"1843","M. Davis","M. Davis","RB","DAL","7","","injury-status","Final L 29-31 @ TB","-","-","-","-","-","-","-","-","-","-","-","-"
"1844","D. Johnson","D. Johnson","WR","","","","injury-status","BYE","-","-","-","-","-","-","-","-","-","-","-","-"
"1845","L. Benson","L. Benson","TE","","","","injury-status","BYE","-","-","-","-","-","-","-","-","-","-","-","-"
"1846","T. Mordecai","T. Mordecai","QB","","","IR","injury-status ir","BYE","-","-","-","-","-","-","-","-","-","-","-","-"
"1847","S. Bolden","S. Bolden","WR","","","","injury-status","BYE","-","-","-","-","-","-","-","-","-","-","-","-"
"1848","T. Jones","T. Jones","WR","","","","injury-status","BYE","-","-","-","-","-","-","-","-","-","-","-","-"
"1849","M. Mayer","M. Mayer","TE","LV","8","","injury-status","Final W 33-27 vs BAL","-","-","-","-","-","-","-","-","-","-","-","-"
"1850","D. Plitt","D. Plitt","QB","","","","injury-status","BYE","-","-","-","-","-","-","-","-","-","-","-","-"
"1851","R. Blackshear","R. Blackshear","RB","","","Ques","injury-status questionable","BYE","-","-","-","-","-","-","-","-","-","-","-","-"
"1852","T. Loop","T. Loop","K","BAL","8","","injury-status","Final L 27-33 @ LV","-","-","-","-","-","-","-","-","-","-","-","-"
"1853","L. McCutcheon","L. McCutcheon","WR","","","","injury-status","BYE","-","-","-","-","-","-","-","-","-","-","-","-"
"1854","K. Austin","K. Austin","WR","NO","6","","injury-status","Final W 38-3 vs GB","-","-","-","-","-","-","-","-","-","-","-","-"
"1855","T. Jennings","T. Jennings","RB","NE","14","","injury-status","Final L 16-17 vs MIA","-","-","-","-","-","-","-","-","-","-","-","-"
"1856","B. Means","B. Means","WR","NO","6","IR","injury-status ir","Final W 38-3 vs GB","-","-","-","-","-","-","-","-","-","-","-","-"
"1857","J. Lee","J. Lee","WR","","","","injury-status","BYE","-","-","-","-","-","-","-","-","-","-","-","-"
"1858","M. Wright","M. Wright","WR","","","Ques","injury-status questionable","BYE","-","-","-","-","-","-","-","-","-","-","-","-"
"1859","C. Garbers","C. Garbers","QB","","","","injury-status","BYE","-","-","-","-","-","-","-","-","-","-","-","-"
"1860","K. Brown","K. Brown","WR","","","","injury-status","BYE","-","-","-","-","-","-","-","-","-","-","-","-"
"1861","J. Smart","J. Smart","WR","","","","injury-status","BYE","-","-","-","-","-","-","-","-","-","-","-","-"
"1862","D. Miller","D. Miller","TE","","","","injury-status","BYE","-","-","-","-","-","-","-","-","-","-","-","-"
"1863","J. Lunsford","J. Lunsford","K","","","","injury-status","BYE","-","-","-","-","-","-","-","-","-","-","-","-"
"1864","J. Turner","J. Turner","K","","","","injury-status","BYE","-","-","-","-","-","-","-","-","-","-","-","-"
"1865","J. Simon","J. Simon","TE","ATL","6","","injury-status","Final L 6-32 vs PHI","-","-","-","-","-","-","-","-","-","-","-","-"
"1866","L. Keys","L. Keys","WR","","","Ques","injury-status questionable","BYE","-","-","-","-","-","-","-","-","-","-","-","-"
"1867","A. Squirewell","A. Squirewell","RB","","","","injury-status","BYE","-","-","-","-","-","-","-","-","-","-","-","-"
"1868","M. Stepp","M. Stepp","RB","","","Ques","injury-status questionable","BYE","-","-","-","-","-","-","-","-","-","-","-","-"
"1869","J. Murray","J. Murray","TE","","","Ques","injury-status questionable","BYE","-","-","-","-","-","-","-","-","-","-","-","-"
"1870","K. Rowan","K. Rowan","WR","","","","injury-status","BYE","-","-","-","-","-","-","-","-","-","-","-","-"
"1871","J. Karty","J. Karty","K","LAR","11","","injury-status","Final W 34-14 vs CHI","-","-","-","-","-","-","-","-","-","-","-","-"
"1872","R. Scheuerman","R. Scheuerman","RB","","","","injury-status","BYE","-","-","-","-","-","-","-","-","-","-","-","-"
"1873","D. Vele","D. Vele","WR","NO","6","","injury-status","Final W 38-3 vs GB","-","-","-","-","-","-","-","-","-","-","-","-"
"1874","P. Fant","P. Fant","TE","DAL","7","","injury-status","Final L 29-31 @ TB","-","-","-","-","-","-","-","-","-","-","-","-"
"1875","D. Wright","D. Wright","WR","","","Ques","injury-status questionable","BYE","-","-","-","-","-","-","-","-","-","-","-","-"
"1876","C. Jackson","C. Jackson","WR","SEA","9","","injury-status","Final W 28-16 @ IND","-","-","-","-","-","-","-","-","-","-","-","-"
"1877","T. Palmer","T. Palmer","WR","NO","6","","injury-status","Final W 38-3 vs GB","-","-","-","-","-","-","-","-","-","-","-","-"
"1878","J. Hyatt","J. Hyatt","WR","NYG","10","","injury-status","Final L 13-27 vs DEN","-","-","-","-","-","-","-","-","-","-","-","-"
"1879","N. Henderson","N. Henderson","QB","","","","injury-status","BYE","-","-","-","-","-","-","-","-","-","-","-","-"
"1880","M. Rosemy-Jacksaint","M. Rosemy-Jacksaint","WR","","","","injury-status","BYE","-","-","-","-","-","-","-","-","-","-","-","-"
"1881","G. Maag","G. Maag","WR","","","","injury-status","BYE","-","-","-","-","-","-","-","-","-","-","-","-"
"1882","B. Bennett","B. Bennett","QB","","","","injury-status","BYE","-","-","-","-","-","-","-","-","-","-","-","-"
"1883","S. Moore","S. Moore","WR","SF","6","","injury-status","Final W 41-33 @ DET","-","-","-","-","-","-","-","-","-","-","-","-"
"1884","C. Runyon","C. Runyon","TE","LV","8","","injury-status","Final W 33-27 vs BAL","-","-","-","-","-","-","-","-","-","-","-","-"
"1885","S. Toure","S. Toure","WR","","","","injury-status","BYE","-","-","-","-","-","-","-","-","-","-","-","-"
"1886","P. Romo","P. Romo","K","","","","injury-status","BYE","-","-","-","-","-","-","-","-","-","-","-","-"
"1887","C. Bradley","C. Bradley","QB","","","IR","injury-status ir","BYE","-","-","-","-","-","-","-","-","-","-","-","-"
"1888","D. Daniels","D. Daniels","WR","","","","injury-status","BYE","-","-","-","-","-","-","-","-","-","-","-","-"
"1889","M. Wiley","M. Wiley","RB","","","","injury-status","BYE","-","-","-","-","-","-","-","-","-","-","-","-"
"1890","R. Henry","R. Henry","WR","","","Ques","injury-status questionable","BYE","-","-","-","-","-","-","-","-","-","-","-","-"
"1891","K. Robichaux","K. Robichaux","RB","DET","9","IR","injury-status ir","Final L 33-41 vs SF","-","-","-","-","-","-","-","-","-","-","-","-"
"1892","D. Houston","D. Houston","WR","TB","9","","injury-status","Final W 31-29 vs DAL","-","-","-","-","-","-","-","-","-","-","-","-"
"1893","D. Ogletree","D. Ogletree","TE","IND","14","","injury-status","Final L 16-28 vs SEA","-","-","-","-","-","-","-","-","-","-","-","-"
"1894","J. Hunt","J. Hunt","WR","","","","injury-status","BYE","-","-","-","-","-","-","-","-","-","-","-","-"
"1895","W. Taulapapa","W. Taulapapa","RB","","","","injury-status","BYE","-","-","-","-","-","-","-","-","-","-","-","-"
"1896","A. Mevis","A. Mevis","K","","","","injury-status","BYE","-","-","-","-","-","-","-","-","-","-","-","-"
"1897","X. Smith","X. Smith","WR","LAR","11","","injury-status","Final W 34-14 vs CHI","-","-","-","-","-","-","-","-","-","-","-","-"
"1898","L. Lundy","L. Lundy","RB","","","","injury-status","BYE","-","-","-","-","-","-","-","-","-","-","-","-"
"1899","L. Krull","L. Krull","TE","DEN","11","","injury-status","Final W 27-13 @ NYG","-","-","-","-","-","-","-","-","-","-","-","-"
"1900","M. Wittek","M. Wittek","QB","","","","injury-status","BYE","-","-","-","-","-","-","-","-","-","-","-","-"
"1901","K. Robinson","K. Robinson","RB","","","","injury-status","BYE","-","-","-","-","-","-","-","-","-","-","-","-"
"1902","J. Plummer","J. Plummer","QB","","","","injury-status","BYE","-","-","-","-","-","-","-","-","-","-","-","-"
"1903","K. Oginni","K. Oginni","TE","","","","injury-status","BYE","-","-","-","-","-","-","-","-","-","-","-","-"
"1904","R. Miller","R. Miller","WR","TB","9","","injury-status","Final W 31-29 vs DAL","-","-","-","-","-","-","-","-","-","-","-","-"
"1905","E. Perry","E. Perry","QB","","","","injury-status","BYE","-","-","-","-","-","-","-","-","-","-","-","-"
"1906","G. Porter","G. Porter","WR","","","","injury-status","BYE","-","-","-","-","-","-","-","-","-","-","-","-"
"1907","J. Johnson","J. Johnson","WR","","","","injury-status","BYE","-","-","-","-","-","-","-","-","-","-","-","-"
"1908","H. Fannin","H. Fannin","TE","CLE","13","","injury-status","Final L 29-33 @ KC","-","-","-","-","-","-","-","-","-","-","-","-"
"1909","Z. Evans","Z. Evans","RB","","","","injury-status","BYE","-","-","-","-","-","-","-","-","-","-","-","-"
"1910","J. Janke","J. Janke","WR","","","Ques","injury-status questionable","BYE","-","-","-","-","-","-","-","-","-","-","-","-"
"1911","I. Umodu","I. Umodu","WR","","","","injury-status","BYE","-","-","-","-","-","-","-","-","-","-","-","-"
"1912","K. Case","K. Case","WR","","","","injury-status","BYE","-","-","-","-","-","-","-","-","-","-","-","-"
"1913","G. Dulcich","G. Dulcich","TE","MIA","14","","injury-status","Final W 17-16 @ NE","-","-","-","-","-","-","-","-","-","-","-","-"
"1914","Z. Flowers","Z. Flowers","WR","BAL","8","","injury-status","Final L 27-33 @ LV","-","-","-","-","-","-","-","-","-","-","-","-"
"1915","C. Smith","C. Smith","RB","","","","injury-status","BYE","-","-","-","-","-","-","-","-","-","-","-","-"
"1916","L. Allen","L. Allen","RB","JAX","7","","injury-status","Final L 21-37 @ HOU","-","-","-","-","-","-","-","-","-","-","-","-"
"1917","P. Wilson","P. Wilson","WR","","","","injury-status","BYE","-","-","-","-","-","-","-","-","-","-","-","-"
"1918","C. Trahan","C. Trahan","TE","","","","injury-status","BYE","-","-","-","-","-","-","-","-","-","-","-","-"
"1919","D. Martin-Robinson","D. Martin-Robinson","TE","TEN","13","","injury-status","Final L 13-38 vs ARI","-","-","-","-","-","-","-","-","-","-","-","-"
"1920","K. Mullings","K. Mullings","RB","TEN","13","Ques","injury-status questionable","Final L 13-38 vs ARI","-","-","-","-","-","-","-","-","-","-","-","-"
"1921","A. Gould","A. Gould","WR","IND","14","","injury-status","Final L 16-28 vs SEA","-","-","-","-","-","-","-","-","-","-","-","-"
"1922","J. Downs","J. Downs","WR","IND","14","Ques","injury-status questionable","Final L 16-28 vs SEA","-","-","-","-","-","-","-","-","-","-","-","-"
"1923","Q. Skinner","Q. Skinner","WR","NYJ","6","","injury-status","Final L 14-19 @ CAR","-","-","-","-","-","-","-","-","-","-","-","-"
"1924","T. Harrell","T. Harrell","WR","","","","injury-status","BYE","-","-","-","-","-","-","-","-","-","-","-","-"
"1925","J. Meeks","J. Meeks","WR","DET","9","","injury-status","Final L 33-41 vs SF","-","-","-","-","-","-","-","-","-","-","-","-"
"1926","A. Green","A. Green","WR","","","Ques","injury-status questionable","BYE","-","-","-","-","-","-","-","-","-","-","-","-"
"1927","B. Rice","B. Rice","WR","","","","injury-status","BYE","-","-","-","-","-","-","-","-","-","-","-","-"
"1928","D. Davis","D. Davis","WR","","","","injury-status","BYE","-","-","-","-","-","-","-","-","-","-","-","-"
"1929","B. Gardner","B. Gardner","TE","","","","injury-status","BYE","-","-","-","-","-","-","-","-","-","-","-","-"
"1930","J. James","J. James","RB","SF","6","IR","injury-status ir","Final W 41-33 @ DET","-","-","-","-","-","-","-","-","-","-","-","-"
"1931","D. Giddens","D. Giddens","RB","IND","14","","injury-status","Final L 16-28 vs SEA","-","-","-","-","-","-","-","-","-","-","-","-"
"1932","M. Hull","M. Hull","WR","","","","injury-status","BYE","-","-","-","-","-","-","-","-","-","-","-","-"
"1933","T. Pledger","T. Pledger","RB","","","","injury-status","BYE","-","-","-","-","-","-","-","-","-","-","-","-"
"1934","T. Washington","T. Washington","WR","MIA","14","","injury-status","Final W 17-16 @ NE","-","-","-","-","-","-","-","-","-","-","-","-"
"1935","C. Ratkovich","C. Ratkovich","RB","","","","injury-status","BYE","-","-","-","-","-","-","-","-","-","-","-","-"
"1936","M. Knowles","M. Knowles","WR","","","","injury-status","BYE","-","-","-","-","-","-","-","-","-","-","-","-"
"1937","D. Mahina","D. Mahina","TE","","","","injury-status","BYE","-","-","-","-","-","-","-","-","-","-","-","-"
"1938","L. Pettway","L. Pettway","TE","","","","injury-status","BYE","-","-","-","-","-","-","-","-","-","-","-","-"
"1939","H. Rucci","H. Rucci","TE","MIA","14","","injury-status","Final W 17-16 @ NE","-","-","-","-","-","-","-","-","-","-","-","-"
"1940","A. Mitchell","A. Mitchell","WR","IND","14","","injury-status","Final L 16-28 vs SEA","-","-","-","-","-","-","-","-","-","-","-","-"
"1941","A. Landphere","A. Landphere","TE","","","","injury-status","BYE","-","-","-","-","-","-","-","-","-","-","-","-"
"1942","D. Dabney","D. Dabney","TE","TEN","13","","injury-status","Final L 13-38 vs ARI","-","-","-","-","-","-","-","-","-","-","-","-"
"1943","W. Wright","W. Wright","WR","","","","injury-status","BYE","-","-","-","-","-","-","-","-","-","-","-","-"
"1944","D. Johnson","D. Johnson","RB","","","","injury-status","BYE","-","-","-","-","-","-","-","-","-","-","-","-"
"1945","H. Hatten","H. Hatten","WR","","","","injury-status","BYE","-","-","-","-","-","-","-","-","-","-","-","-"
"1946","I. Bond","I. Bond","WR","CLE","13","","injury-status","Final L 29-33 @ KC","-","-","-","-","-","-","-","-","-","-","-","-"
"1947","M. Ezeike","M. Ezeike","TE","","","","injury-status","BYE","-","-","-","-","-","-","-","-","-","-","-","-"
"1948","X. Wade","X. Wade","WR","","","","injury-status","BYE","-","-","-","-","-","-","-","-","-","-","-","-"
"1949","T. Steelman","T. Steelman","WR","","","","injury-status","BYE","-","-","-","-","-","-","-","-","-","-","-","-"
"1950","Q. Johnston","Q. Johnston","WR","LAC","7","Ques","injury-status questionable","Final W 20-16 @ WAS","-","-","-","-","-","-","-","-","-","-","-","-"
"1951","J. Blue","J. Blue","WR","","","","injury-status","BYE","-","-","-","-","-","-","-","-","-","-","-","-"
"1952","M. Ibrahim","M. Ibrahim","RB","","","","injury-status","BYE","-","-","-","-","-","-","-","-","-","-","-","-"
"1953","A. Rogers","A. Rogers","TE","","","Ques","injury-status questionable","BYE","-","-","-","-","-","-","-","-","-","-","-","-"
"1954","T. McKee","T. McKee","QB","PHI","14","Ques","injury-status questionable","Final W 32-6 @ ATL","-","-","-","-","-","-","-","-","-","-","-","-"
"1955","A. Borregales","A. Borregales","K","NE","14","","injury-status","Final L 16-17 vs MIA","-","-","-","-","-","-","-","-","-","-","-","-"
"1956","I. Rex","I. Rex","TE","","","","injury-status","BYE","-","-","-","-","-","-","-","-","-","-","-","-"
"1957","J. Sanders","J. Sanders","TE","CAR","13","","injury-status","Final W 19-14 vs NYJ","-","-","-","-","-","-","-","-","-","-","-","-"
"1958","M. Woods","M. Woods","WR","","","","injury-status","BYE","-","-","-","-","-","-","-","-","-","-","-","-"
"1959","M. Weisman","M. Weisman","RB","","","","injury-status","BYE","-","-","-","-","-","-","-","-","-","-","-","-"
"1960","D. Allen","D. Allen","WR","","","","injury-status","BYE","-","-","-","-","-","-","-","-","-","-","-","-"
"1961","D. Arias","D. Arias","WR","","","","injury-status","BYE","-","-","-","-","-","-","-","-","-","-","-","-"
"1962","T. Shavers","T. Shavers","WR","BUF","7","","injury-status","Final L 16-23 vs PIT","-","-","-","-","-","-","-","-","-","-","-","-"
"1963","J. Byrd","J. Byrd","WR","","","","injury-status","BYE","-","-","-","-","-","-","-","-","-","-","-","-"
"1964","C. Cota","C. Cota","WR","","","","injury-status","BYE","-","-","-","-","-","-","-","-","-","-","-","-"
"1965","J. Kim","J. Kim","K","","","","injury-status","BYE","-","-","-","-","-","-","-","-","-","-","-","-"
"1966","C. Yankoff","C. Yankoff","TE","WAS","9","","injury-status","Final L 16-20 vs LAC","-","-","-","-","-","-","-","-","-","-","-","-"
"1967","L. Victor","L. Victor","WR","","","","injury-status","BYE","-","-","-","-","-","-","-","-","-","-","-","-"
"1968","C. Johnson","C. Johnson","WR","","","","injury-status","BYE","-","-","-","-","-","-","-","-","-","-","-","-"
"1969","J. Heiligh","J. Heiligh","WR","","","","injury-status","BYE","-","-","-","-","-","-","-","-","-","-","-","-"
"1970","J. Higgins","J. Higgins","WR","HOU","10","","injury-status","Final W 37-21 vs JAX","-","-","-","-","-","-","-","-","-","-","-","-"
"1971","J. Jackson","J. Jackson","RB","JAX","7","","injury-status","Final L 21-37 @ HOU","-","-","-","-","-","-","-","-","-","-","-","-"
"1972","E. Arroyo","E. Arroyo","TE","SEA","9","","injury-status","Final W 28-16 @ IND","-","-","-","-","-","-","-","-","-","-","-","-"
"1973","T. Thomas","T. Thomas","WR","","","","injury-status","BYE","-","-","-","-","-","-","-","-","-","-","-","-"
"1974","B. Melton","B. Melton","WR","GB","13","","injury-status","Final L 3-38 @ NO","-","-","-","-","-","-","-","-","-","-","-","-"
"1975","X. Restrepo","X. Restrepo","WR","TEN","13","","injury-status","Final L 13-38 vs ARI","-","-","-","-","-","-","-","-","-","-","-","-"
"1976","C. Brown","C. Brown","RB","CIN","10","","injury-status","Final W 27-24 vs MIN","-","-","-","-","-","-","-","-","-","-","-","-"
"1977","B. Wooldridge","B. Wooldridge","QB","","","","injury-status","BYE","-","-","-","-","-","-","-","-","-","-","-","-"
"1978","Q. Ewers","Q. Ewers","QB","MIA","14","","injury-status","Final W 17-16 @ NE","-","-","-","-","-","-","-","-","-","-","-","-"
"1979","L. Lachey","L. Lachey","TE","HOU","10","","injury-status","Final W 37-21 vs JAX","-","-","-","-","-","-","-","-","-","-","-","-"
"1980","B. Sauls","B. Sauls","K","","","","injury-status","BYE","-","-","-","-","-","-","-","-","-","-","-","-"
"1981","J. Briningstool","J. Briningstool","TE","KC","12","IR","injury-status ir","Final W 33-29 vs CLE","-","-","-","-","-","-","-","-","-","-","-","-"
"1982","F. Gore","F. Gore","RB","BUF","7","","injury-status","Final L 16-23 vs PIT","-","-","-","-","-","-","-","-","-","-","-","-"
"1983","Z. Heins","Z. Heins","TE","","","","injury-status","BYE","-","-","-","-","-","-","-","-","-","-","-","-"
"1984","J. Babicz","J. Babicz","TE","","","","injury-status","BYE","-","-","-","-","-","-","-","-","-","-","-","-"
"1985","J. Shorter","J. Shorter","WR","LV","8","","injury-status","Final W 33-27 vs BAL","-","-","-","-","-","-","-","-","-","-","-","-"
"1986","K. Coleman","K. Coleman","WR","BUF","7","","injury-status","Final L 16-23 vs PIT","-","-","-","-","-","-","-","-","-","-","-","-"
"1987","C. Steele","C. Steele","RB","KC","12","","injury-status","Final W 33-29 vs CLE","-","-","-","-","-","-","-","-","-","-","-","-"
"1988","X. Legette","X. Legette","WR","CAR","13","","injury-status","Final W 19-14 vs NYJ","-","-","-","-","-","-","-","-","-","-","-","-"
"1989","K. McCord","K. McCord","QB","PHI","14","","injury-status","Final W 32-6 @ ATL","-","-","-","-","-","-","-","-","-","-","-","-"
"1990","R. Webb","R. Webb","WR","","","","injury-status","BYE","-","-","-","-","-","-","-","-","-","-","-","-"
"1991","C. Suits","C. Suits","QB","","","","injury-status","BYE","-","-","-","-","-","-","-","-","-","-","-","-"
"1992","T. Chandler","T. Chandler","RB","MIN","7","","injury-status","Final L 24-27 @ CIN","-","-","-","-","-","-","-","-","-","-","-","-"
"1993","S. Rattler","S. Rattler","QB","NO","6","","injury-status","Final W 38-3 vs GB","-","-","-","-","-","-","-","-","-","-","-","-"
"1994","I. Weston","I. Weston","WR","","","","injury-status","BYE","-","-","-","-","-","-","-","-","-","-","-","-"
"1995","J. Warren","J. Warren","RB","PIT","7","","injury-status","Final W 23-16 @ BUF","-","-","-","-","-","-","-","-","-","-","-","-"
"1996","E. Merriweather","E. Merriweather","RB","","","Out","injury-status out","BYE","-","-","-","-","-","-","-","-","-","-","-","-"
"1997","S. Vaki","S. Vaki","RB","DET","9","","injury-status","Final L 33-41 vs SF","-","-","-","-","-","-","-","-","-","-","-","-"
"1998","P. White","P. White","K","","","","injury-status","BYE","-","-","-","-","-","-","-","-","-","-","-","-"
"1999","T. Vokolek","T. Vokolek","TE","ARI","12","","injury-status","Final W 38-13 @ TEN","-","-","-","-","-","-","-","-","-","-","-","-"
"2000","J. Whyle","J. Whyle","TE","GB","13","","injury-status","Final L 3-38 @ NO","-","-","-","-","-","-","-","-","-","-","-","-"
"2001","D. Gabriel","D. Gabriel","QB","CLE","13","","injury-status","Final L 29-33 @ KC","-","-","-","-","-","-","-","-","-","-","-","-"
"2002","C. Miller","C. Miller","QB","LV","8","","injury-status","Final W 33-27 vs BAL","-","-","-","-","-","-","-","-","-","-","-","-"
"2003","S. Thompson","S. Thompson","RB","","","","injury-status","BYE","-","-","-","-","-","-","-","-","-","-","-","-"
"2004","T. Wease","T. Wease","WR","MIA","14","","injury-status","Final W 17-16 @ NE","-","-","-","-","-","-","-","-","-","-","-","-"
"2005","D. Aultman","D. Aultman","WR","","","","injury-status","BYE","-","-","-","-","-","-","-","-","-","-","-","-"
"2006","J. Baker","J. Baker","WR","PHI","14","","injury-status","Final W 32-6 @ ATL","-","-","-","-","-","-","-","-","-","-","-","-"
"2007","D. Davis","D. Davis","WR","","","","injury-status","BYE","-","-","-","-","-","-","-","-","-","-","-","-"
"2008","E. Demercado","E. Demercado","RB","ARI","12","","injury-status","Final W 38-13 @ TEN","-","-","-","-","-","-","-","-","-","-","-","-"
"2009","M. Dixon","M. Dixon","WR","","","","injury-status","BYE","-","-","-","-","-","-","-","-","-","-","-","-"
"2010","D. Young","D. Young","WR","SEA","9","","injury-status","Final W 28-16 @ IND","-","-","-","-","-","-","-","-","-","-","-","-"
"2011","G. Mertz","G. Mertz","QB","HOU","10","","injury-status","Final W 37-21 vs JAX","-","-","-","-","-","-","-","-","-","-","-","-"
"2012","M. Epps","M. Epps","TE","","","","injury-status","BYE","-","-","-","-","-","-","-","-","-","-","-","-"
"2013","D. Edwards","D. Edwards","RB","","","","injury-status","BYE","-","-","-","-","-","-","-","-","-","-","-","-"
"2014","K. Williams","K. Williams","WR","NE","14","Ques","injury-status questionable","Final L 16-17 vs MIA","-","-","-","-","-","-","-","-","-","-","-","-"
"2015","L. Deal","L. Deal","TE","","","Ques","injury-status questionable","BYE","-","-","-","-","-","-","-","-","-","-","-","-"
"2016","K. Miller","K. Miller","RB","NO","6","","injury-status","Final W 38-3 vs GB","-","-","-","-","-","-","-","-","-","-","-","-"
"2017","J. Bean","J. Bean","QB","","","","injury-status","BYE","-","-","-","-","-","-","-","-","-","-","-","-"
"2018","L. Johnson","L. Johnson","WR","","","","injury-status","BYE","-","-","-","-","-","-","-","-","-","-","-","-"
"2019","A. Barner","A. Barner","TE","SEA","9","","injury-status","Final W 28-16 @ IND","-","-","-","-","-","-","-","-","-","-","-","-"
"2020","M. Van Vooren","M. Van Vooren","WR","","","","injury-status","BYE","-","-","-","-","-","-","-","-","-","-","-","-"
"2021","T. Bigsby","T. Bigsby","RB","JAX","7","","injury-status","Final L 21-37 @ HOU","-","-","-","-","-","-","-","-","-","-","-","-"
"2022","K. Geiger","K. Geiger","WR","","","","injury-status","BYE","-","-","-","-","-","-","-","-","-","-","-","-"
"2023","J. Whittington","J. Whittington","WR","LAR","11","","injury-status","Final W 34-14 vs CHI","-","-","-","-","-","-","-","-","-","-","-","-"
"2024","M. Dyer","M. Dyer","RB","","","","injury-status","BYE","-","-","-","-","-","-","-","-","-","-","-","-"
"2025","T. Neville","T. Neville","TE","","","","injury-status","BYE","-","-","-","-","-","-","-","-","-","-","-","-"
"2026","R. Brown","R. Brown","WR","","","","injury-status","BYE","-","-","-","-","-","-","-","-","-","-","-","-"
"2027","X. Hutchinson","X. Hutchinson","WR","HOU","10","","injury-status","Final W 37-21 vs JAX","-","-","-","-","-","-","-","-","-","-","-","-"
"2028","C. Skattebo","C. Skattebo","RB","NYG","10","","injury-status","Final L 13-27 vs DEN","-","-","-","-","-","-","-","-","-","-","-","-"
"2029","L. Toafili","L. Toafili","RB","NYJ","6","","injury-status","Final L 14-19 @ CAR","-","-","-","-","-","-","-","-","-","-","-","-"
"2030","M. Taylor","M. Taylor","TE","NYJ","6","","injury-status","Final L 14-19 @ CAR","-","-","-","-","-","-","-","-","-","-","-","-"
"2031","J. Coker","J. Coker","WR","CAR","13","IR","injury-status ir","Final W 19-14 vs NYJ","-","-","-","-","-","-","-","-","-","-","-","-"
"2032","A. Henning","A. Henning","WR","MIA","14","","injury-status","Final W 17-16 @ NE","-","-","-","-","-","-","-","-","-","-","-","-"
"2033","R. Sanders","R. Sanders","RB","CLE","13","","injury-status","Final L 29-33 @ KC","-","-","-","-","-","-","-","-","-","-","-","-"
"2034","S. Evans","S. Evans","RB","","","","injury-status","BYE","-","-","-","-","-","-","-","-","-","-","-","-"
"2035","X. Gipson","X. Gipson","WR","NYJ","6","Ques","injury-status questionable","Final L 14-19 @ CAR","-","-","-","-","-","-","-","-","-","-","-","-"
"2036","T. Barber","T. Barber","WR","","","","injury-status","BYE","-","-","-","-","-","-","-","-","-","-","-","-"
"2037","A. Smith","A. Smith","WR","CAR","13","","injury-status","Final W 19-14 vs NYJ","-","-","-","-","-","-","-","-","-","-","-","-"
"2038","T. Odukoya","T. Odukoya","TE","TEN","13","","injury-status","Final L 13-38 vs ARI","-","-","-","-","-","-","-","-","-","-","-","-"
"2039","C. Burgess","C. Burgess","WR","","","","injury-status","BYE","-","-","-","-","-","-","-","-","-","-","-","-"
"2040","J. McClellan","J. McClellan","RB","","","","injury-status","BYE","-","-","-","-","-","-","-","-","-","-","-","-"
"2041","J. Jones","J. Jones","WR","WAS","9","","injury-status","Final L 16-20 vs LAC","-","-","-","-","-","-","-","-","-","-","-","-"
"2042","K. Doe","K. Doe","WR","","","","injury-status","BYE","-","-","-","-","-","-","-","-","-","-","-","-"
"2043","K. Pryor","K. Pryor","WR","","","","injury-status","BYE","-","-","-","-","-","-","-","-","-","-","-","-"
"2044","G. Helm","G. Helm","TE","TEN","13","","injury-status","Final L 13-38 vs ARI","-","-","-","-","-","-","-","-","-","-","-","-"
"2045","S. Bridges","S. Bridges","WR","","","","injury-status","BYE","-","-","-","-","-","-","-","-","-","-","-","-"
"2046","J. Woods","J. Woods","TE","NYJ","6","","injury-status","Final L 14-19 @ CAR","-","-","-","-","-","-","-","-","-","-","-","-"
"2047","C. Verdell","C. Verdell","RB","","","","injury-status","BYE","-","-","-","-","-","-","-","-","-","-","-","-"
"2048","C. Coleman","C. Coleman","WR","","","","injury-status","BYE","-","-","-","-","-","-","-","-","-","-","-","-"
"2049","L. Brown","L. Brown","RB","","","","injury-status","BYE","-","-","-","-","-","-","-","-","-","-","-","-"
"2050","J. Reed","J. Reed","WR","CAR","13","","injury-status","Final W 19-14 vs NYJ","-","-","-","-","-","-","-","-","-","-","-","-"
"2051","C. Prieskorn","C. Prieskorn","TE","","","","injury-status","BYE","-","-","-","-","-","-","-","-","-","-","-","-"
"2052","K. Shaa","K. Shaa","WR","","","","injury-status","BYE","-","-","-","-","-","-","-","-","-","-","-","-"
"2053","J. Tukes","J. Tukes","TE","","","","injury-status","BYE","-","-","-","-","-","-","-","-","-","-","-","-"
"2054","I. Ferguson","I. Ferguson","WR","","","","injury-status","BYE","-","-","-","-","-","-","-","-","-","-","-","-"
"2055","D. Light","D. Light","TE","","","","injury-status","BYE","-","-","-","-","-","-","-","-","-","-","-","-"
"2056","D. Sampson","D. Sampson","RB","CLE","13","","injury-status","Final L 29-33 @ KC","-","-","-","-","-","-","-","-","-","-","-","-"
"2057","T. Horton","T. Horton","WR","SEA","9","Ques","injury-status questionable","Final W 28-16 @ IND","-","-","-","-","-","-","-","-","-","-","-","-"
"2058","K. Leach","K. Leach","TE","","","","injury-status","BYE","-","-","-","-","-","-","-","-","-","-","-","-"
"2059","J. Brooks","J. Brooks","RB","CAR","13","PUP","injury-status pup","Final W 19-14 vs NYJ","-","-","-","-","-","-","-","-","-","-","-","-"
"2060","C. Washington","C. Washington","RB","ATL","6","","injury-status","Final L 6-32 vs PHI","-","-","-","-","-","-","-","-","-","-","-","-"
"2061","D. Cooper","D. Cooper","WR","PHI","14","","injury-status","Final W 32-6 @ ATL","-","-","-","-","-","-","-","-","-","-","-","-"
"2062","M. Mang","M. Mang","TE","IND","14","","injury-status","Final L 16-28 vs SEA","-","-","-","-","-","-","-","-","-","-","-","-"
"2063","A. Parchment","A. Parchment","WR","","","Ques","injury-status questionable","BYE","-","-","-","-","-","-","-","-","-","-","-","-"
"2064","A. Stogner","A. Stogner","TE","","","","injury-status","BYE","-","-","-","-","-","-","-","-","-","-","-","-"
"2065","C. Chrest","C. Chrest","WR","","","","injury-status","BYE","-","-","-","-","-","-","-","-","-","-","-","-"
"2066","B. Thomas","B. Thomas","WR","JAX","7","","injury-status","Final L 21-37 @ HOU","-","-","-","-","-","-","-","-","-","-","-","-"
"2067","N. Cain","N. Cain","RB","","","","injury-status","BYE","-","-","-","-","-","-","-","-","-","-","-","-"
"2068","G. Larvadain","G. Larvadain","WR","CLE","13","","injury-status","Final L 29-33 @ KC","-","-","-","-","-","-","-","-","-","-","-","-"
"2069","R. Seale","R. Seale","RB","","","","injury-status","BYE","-","-","-","-","-","-","-","-","-","-","-","-"
"2070","Z. Ojile","Z. Ojile","RB","","","","injury-status","BYE","-","-","-","-","-","-","-","-","-","-","-","-"
"2071","D. Reeves","D. Reeves","TE","","","","injury-status","BYE","-","-","-","-","-","-","-","-","-","-","-","-"
"2072","C. Worthy","C. Worthy","WR","","","","injury-status","BYE","-","-","-","-","-","-","-","-","-","-","-","-"
"2073","T. Conner","T. Conner","TE","MIA","14","","injury-status","Final W 17-16 @ NE","-","-","-","-","-","-","-","-","-","-","-","-"
"2074","M. Swinson","M. Swinson","TE","","","","injury-status","BYE","-","-","-","-","-","-","-","-","-","-","-","-"
"2075","R. Rivers","R. Rivers","RB","LAR","11","","injury-status","Final W 34-14 vs CHI","-","-","-","-","-","-","-","-","-","-","-","-"
"2076","J. Howard","J. Howard","RB","","","Ques","injury-status questionable","BYE","-","-","-","-","-","-","-","-","-","-","-","-"
"2077","K. Monangai","K. Monangai","RB","CHI","10","Ques","injury-status questionable","Final L 14-34 @ LAR","-","-","-","-","-","-","-","-","-","-","-","-"
"2078","R. Ali","R. Ali","RB","BAL","8","","injury-status","Final L 27-33 @ LV","-","-","-","-","-","-","-","-","-","-","-","-"
"2079","T. Spears","T. Spears","RB","TEN","13","IR","injury-status ir","Final L 13-38 vs ARI","-","-","-","-","-","-","-","-","-","-","-","-"
"2080","J. Johnson","J. Johnson","WR","","","Ques","injury-status questionable","BYE","-","-","-","-","-","-","-","-","-","-","-","-"
"2081","C. Dippre","C. Dippre","TE","NE","14","","injury-status","Final L 16-17 vs MIA","-","-","-","-","-","-","-","-","-","-","-","-"
"2082","D. Cheek","D. Cheek","QB","","","","injury-status","BYE","-","-","-","-","-","-","-","-","-","-","-","-"
"2083","R. Burns","R. Burns","RB","CHI","10","","injury-status","Final L 14-34 @ LAR","-","-","-","-","-","-","-","-","-","-","-","-"
"2084","Z. Bowens","Z. Bowens","WR","","","","injury-status","BYE","-","-","-","-","-","-","-","-","-","-","-","-"
"2085","D. Rodriguez","D. Rodriguez","WR","","","","injury-status","BYE","-","-","-","-","-","-","-","-","-","-","-","-"
"2086","S. Smartt","S. Smartt","TE","NYJ","6","","injury-status","Final L 14-19 @ CAR","-","-","-","-","-","-","-","-","-","-","-","-"
"2087","C. Theaker","C. Theaker","K","","","","injury-status","BYE","-","-","-","-","-","-","-","-","-","-","-","-"
"2088","B. Cobbs","B. Cobbs","WR","","","","injury-status","BYE","-","-","-","-","-","-","-","-","-","-","-","-"
"2089","C. Hodges","C. Hodges","TE","","","Ques","injury-status questionable","BYE","-","-","-","-","-","-","-","-","-","-","-","-"
"2090","S. Bowman","S. Bowman","TE","","","","injury-status","BYE","-","-","-","-","-","-","-","-","-","-","-","-"
"2091","B. Nix","B. Nix","QB","DEN","11","","injury-status","Final W 27-13 @ NYG","-","-","-","-","-","-","-","-","-","-","-","-"
"2092","T. Palmer","T. Palmer","WR","ARI","12","","injury-status","Final W 38-13 @ TEN","-","-","-","-","-","-","-","-","-","-","-","-"
"2093","S. Green","S. Green","TE","","","","injury-status","BYE","-","-","-","-","-","-","-","-","-","-","-","-"
"2094","J. Hayek","J. Hayek","WR","","","","injury-status","BYE","-","-","-","-","-","-","-","-","-","-","-","-"
"2095","B. Yurosek","B. Yurosek","TE","MIN","7","","injury-status","Final L 24-27 @ CIN","-","-","-","-","-","-","-","-","-","-","-","-"
"2096","T. Edwards","T. Edwards","WR","LAR","11","","injury-status","Final W 34-14 vs CHI","-","-","-","-","-","-","-","-","-","-","-","-"
"2097","J. Lockhart","J. Lockhart","WR","","","Ques","injury-status questionable","BYE","-","-","-","-","-","-","-","-","-","-","-","-"
"2098","N. Bohannon","N. Bohannon","TE","","","","injury-status","BYE","-","-","-","-","-","-","-","-","-","-","-","-"
"2099","M. Heath","M. Heath","WR","GB","13","","injury-status","Final L 3-38 @ NO","-","-","-","-","-","-","-","-","-","-","-","-"
"2100","E. Young","E. Young","RB","","","","injury-status","BYE","-","-","-","-","-","-","-","-","-","-","-","-"
"2101","M. Polk","M. Polk","WR","","","","injury-status","BYE","-","-","-","-","-","-","-","-","-","-","-","-"
"2102","B. Grupe","B. Grupe","K","NO","6","","injury-status","Final W 38-3 vs GB","-","-","-","-","-","-","-","-","-","-","-","-"
"2103","C. Kelley","C. Kelley","QB","","","","injury-status","BYE","-","-","-","-","-","-","-","-","-","-","-","-"
"2104","S. Brown","S. Brown","WR","","","","injury-status","BYE","-","-","-","-","-","-","-","-","-","-","-","-"
"2105","T. McMillan","T. McMillan","WR","CAR","13","Ques","injury-status questionable","Final W 19-14 vs NYJ","-","-","-","-","-","-","-","-","-","-","-","-"
"2106","S. Wiglusz","S. Wiglusz","WR","","","","injury-status","BYE","-","-","-","-","-","-","-","-","-","-","-","-"
"2107","P. Bryant","P. Bryant","WR","DEN","11","","injury-status","Final W 27-13 @ NYG","-","-","-","-","-","-","-","-","-","-","-","-"
"2108","E. Gray","E. Gray","RB","NYG","10","PUP","injury-status pup","Final L 13-27 vs DEN","-","-","-","-","-","-","-","-","-","-","-","-"
"2109","B. Corrales","B. Corrales","WR","","","","injury-status","BYE","-","-","-","-","-","-","-","-","-","-","-","-"
"2110","J. Noel","J. Noel","WR","HOU","10","","injury-status","Final W 37-21 vs JAX","-","-","-","-","-","-","-","-","-","-","-","-"
"2111","K. Jackson","K. Jackson","WR","","","","injury-status","BYE","-","-","-","-","-","-","-","-","-","-","-","-"
"2112","G. Walston","G. Walston","TE","","","","injury-status","BYE","-","-","-","-","-","-","-","-","-","-","-","-"
"2113","J. Virgil","J. Virgil","WR","","","Ques","injury-status questionable","BYE","-","-","-","-","-","-","-","-","-","-","-","-"
"2114","J. Gill","J. Gill","WR","","","Ques","injury-status questionable","BYE","-","-","-","-","-","-","-","-","-","-","-","-"
"2115","H. Pearson","H. Pearson","RB","","","","injury-status","BYE","-","-","-","-","-","-","-","-","-","-","-","-"
"2116","J. Waters","J. Waters","RB","","","","injury-status","BYE","-","-","-","-","-","-","-","-","-","-","-","-"
"2117","B. Cook","B. Cook","QB","NYJ","6","","injury-status","Final L 14-19 @ CAR","-","-","-","-","-","-","-","-","-","-","-","-"
"2118","T. Luther","T. Luther","WR","","","","injury-status","BYE","-","-","-","-","-","-","-","-","-","-","-","-"
"2119","J. Coan","J. Coan","QB","","","","injury-status","BYE","-","-","-","-","-","-","-","-","-","-","-","-"
"2120","M. Lloyd","M. Lloyd","RB","GB","13","IR","injury-status ir","Final L 3-38 @ NO","-","-","-","-","-","-","-","-","-","-","-","-"
"2121","D. Torrey","D. Torrey","RB","","","","injury-status","BYE","-","-","-","-","-","-","-","-","-","-","-","-"
"2122","Z. White","Z. White","RB","","","","injury-status","BYE","-","-","-","-","-","-","-","-","-","-","-","-"
"2123","T. Hennigan","T. Hennigan","WR","","","","injury-status","BYE","-","-","-","-","-","-","-","-","-","-","-","-"
"2124","J. Mitchell","J. Mitchell","TE","","","","injury-status","BYE","-","-","-","-","-","-","-","-","-","-","-","-"
"2125","L. Lingard","L. Lingard","RB","","","","injury-status","BYE","-","-","-","-","-","-","-","-","-","-","-","-"
"2126","A. Dykes","A. Dykes","RB","","","","injury-status","BYE","-","-","-","-","-","-","-","-","-","-","-","-"
"2127","A. Tyus","A. Tyus","RB","","","","injury-status","BYE","-","-","-","-","-","-","-","-","-","-","-","-"
"2128","C. McDonald","C. McDonald","TE","","","","injury-status","BYE","-","-","-","-","-","-","-","-","-","-","-","-"
"2129","L. Musgrave","L. Musgrave","TE","GB","13","","injury-status","Final L 3-38 @ NO","-","-","-","-","-","-","-","-","-","-","-","-"
"2130","K. Mumpfield","K. Mumpfield","WR","LAR","11","","injury-status","Final W 34-14 vs CHI","-","-","-","-","-","-","-","-","-","-","-","-"
"2131","L. Kilgore","L. Kilgore","QB","","","","injury-status","BYE","-","-","-","-","-","-","-","-","-","-","-","-"
"2132","D. Uiagalelei","D. Uiagalelei","QB","LAC","7","","injury-status","Final W 20-16 @ WAS","-","-","-","-","-","-","-","-","-","-","-","-"
"2133","M. Young","M. Young","WR","","","","injury-status","BYE","-","-","-","-","-","-","-","-","-","-","-","-"
"2134","C. Owen","C. Owen","WR","IND","14","","injury-status","Final L 16-28 vs SEA","-","-","-","-","-","-","-","-","-","-","-","-"
"2135","J. Bell","J. Bell","TE","","","","injury-status","BYE","-","-","-","-","-","-","-","-","-","-","-","-"
"2136","D. Baldwin","D. Baldwin","WR","","","","injury-status","BYE","-","-","-","-","-","-","-","-","-","-","-","-"
"2137","D. Lassiter","D. Lassiter","WR","","","","injury-status","BYE","-","-","-","-","-","-","-","-","-","-","-","-"
"2138","D. Drummond","D. Drummond","WR","ATL","6","","injury-status","Final L 6-32 vs PHI","-","-","-","-","-","-","-","-","-","-","-","-"
"2139","C. Oladokun","C. Oladokun","QB","KC","12","","injury-status","Final W 33-29 vs CLE","-","-","-","-","-","-","-","-","-","-","-","-"
"2140","J. Kibodi","J. Kibodi","RB","","","","injury-status","BYE","-","-","-","-","-","-","-","-","-","-","-","-"
"2141","N. McCollum","N. McCollum","WR","","","","injury-status","BYE","-","-","-","-","-","-","-","-","-","-","-","-"
"2142","D. Martinez","D. Martinez","RB","SEA","9","","injury-status","Final W 28-16 @ IND","-","-","-","-","-","-","-","-","-","-","-","-"
"2143","M. Hippenhammer","M. Hippenhammer","WR","","","","injury-status","BYE","-","-","-","-","-","-","-","-","-","-","-","-"
"2144","C. Grandy","C. Grandy","TE","CIN","10","","injury-status","Final W 27-24 vs MIN","-","-","-","-","-","-","-","-","-","-","-","-"
"2145","J. Moussa","J. Moussa","QB","","","","injury-status","BYE","-","-","-","-","-","-","-","-","-","-","-","-"
"2146","J. Jiles","J. Jiles","WR","NE","14","","injury-status","Final L 16-17 vs MIA","-","-","-","-","-","-","-","-","-","-","-","-"
"2147","G. Watson","G. Watson","QB","","","","injury-status","BYE","-","-","-","-","-","-","-","-","-","-","-","-"
"2148","D. Kincaid","D. Kincaid","TE","BUF","7","","injury-status","Final L 16-23 vs PIT","-","-","-","-","-","-","-","-","-","-","-","-"
"2149","A. Graham","A. Graham","RB","","","","injury-status","BYE","-","-","-","-","-","-","-","-","-","-","-","-"
"2150","J. Wayne","J. Wayne","WR","","","","injury-status","BYE","-","-","-","-","-","-","-","-","-","-","-","-"
"2151","K. Johnson","K. Johnson","WR","","","","injury-status","BYE","-","-","-","-","-","-","-","-","-","-","-","-"
"2152","B. Walker","B. Walker","TE","","","","injury-status","BYE","-","-","-","-","-","-","-","-","-","-","-","-"
"2153","C. Heyward","C. Heyward","TE","PIT","7","","injury-status","Final W 23-16 @ BUF","-","-","-","-","-","-","-","-","-","-","-","-"
"2154","D. Reaves","D. Reaves","WR","","","","injury-status","BYE","-","-","-","-","-","-","-","-","-","-","-","-"
"2155","S. Berryhill","S. Berryhill","WR","","","","injury-status","BYE","-","-","-","-","-","-","-","-","-","-","-","-"
"2156","M. Santos-Silva","M. Santos-Silva","TE","","","","injury-status","BYE","-","-","-","-","-","-","-","-","-","-","-","-"
"2157","S. Jackson","S. Jackson","WR","LV","8","","injury-status","Final W 33-27 vs BAL","-","-","-","-","-","-","-","-","-","-","-","-"
"2158","J. Blackman","J. Blackman","QB","","","","injury-status","BYE","-","-","-","-","-","-","-","-","-","-","-","-"
"2159","J. Webb","J. Webb","WR","NE","14","","injury-status","Final L 16-17 vs MIA","-","-","-","-","-","-","-","-","-","-","-","-"
"2160","D. Leonard","D. Leonard","TE","","","","injury-status","BYE","-","-","-","-","-","-","-","-","-","-","-","-"
"2161","J. Howland","J. Howland","TE","","","","injury-status","BYE","-","-","-","-","-","-","-","-","-","-","-","-"
"2162","J. Watkins","J. Watkins","WR","SF","6","Ques","injury-status questionable","Final W 41-33 @ DET","-","-","-","-","-","-","-","-","-","-","-","-"
"2163","Q. Judkins","Q. Judkins","RB","CLE","13","","injury-status","Final L 29-33 @ KC","-","-","-","-","-","-","-","-","-","-","-","-"
"2164","B. Spann-Ford","B. Spann-Ford","TE","DAL","7","","injury-status","Final L 29-31 @ TB","-","-","-","-","-","-","-","-","-","-","-","-"
"2165","C. Pierce","C. Pierce","TE","","","","injury-status","BYE","-","-","-","-","-","-","-","-","-","-","-","-"
"2166","K. Horton","K. Horton","WR","","","","injury-status","BYE","-","-","-","-","-","-","-","-","-","-","-","-"
"2167","D. Lovett","D. Lovett","WR","DET","9","","injury-status","Final L 33-41 vs SF","-","-","-","-","-","-","-","-","-","-","-","-"
"2168","A. Aune","A. Aune","QB","","","","injury-status","BYE","-","-","-","-","-","-","-","-","-","-","-","-"
"2169","L. Webb","L. Webb","RB","","","","injury-status","BYE","-","-","-","-","-","-","-","-","-","-","-","-"
"2170","G. Lutman","G. Lutman","WR","","","","injury-status","BYE","-","-","-","-","-","-","-","-","-","-","-","-"
"2171","D. Thornton","D. Thornton","WR","LV","8","","injury-status","Final W 33-27 vs BAL","-","-","-","-","-","-","-","-","-","-","-","-"
"2172","T. Franks","T. Franks","RB","","","","injury-status","BYE","-","-","-","-","-","-","-","-","-","-","-","-"
"2173","J. Jenkins","J. Jenkins","WR","","","","injury-status","BYE","-","-","-","-","-","-","-","-","-","-","-","-"
"2174","N. Peat","N. Peat","RB","","","","injury-status","BYE","-","-","-","-","-","-","-","-","-","-","-","-"
"2175","A. Robbins","A. Robbins","RB","","","","injury-status","BYE","-","-","-","-","-","-","-","-","-","-","-","-"
"2176","B. Purdy","B. Purdy","QB","SF","6","","injury-status","Final W 41-33 @ DET","-","-","-","-","-","-","-","-","-","-","-","-"
"2177","C. Smyth","C. Smyth","K","NO","6","","injury-status","Final W 38-3 vs GB","-","-","-","-","-","-","-","-","-","-","-","-"
"2178","S. Klotz","S. Klotz","TE","","","","injury-status","BYE","-","-","-","-","-","-","-","-","-","-","-","-"
"2179","T. Dye","T. Dye","RB","","","","injury-status","BYE","-","-","-","-","-","-","-","-","-","-","-","-"
"2180","B. Brown","B. Brown","RB","CHI","10","","injury-status","Final L 14-34 @ LAR","-","-","-","-","-","-","-","-","-","-","-","-"
"2181","L. Larison","L. Larison","RB","NE","14","IR","injury-status ir","Final L 16-17 vs MIA","-","-","-","-","-","-","-","-","-","-","-","-"
"2182","T. McAllister","T. McAllister","RB","","","","injury-status","BYE","-","-","-","-","-","-","-","-","-","-","-","-"
"2183","A. Carlisle","A. Carlisle","WR","","","","injury-status","BYE","-","-","-","-","-","-","-","-","-","-","-","-"
"2184","B. Beise","B. Beise","TE","","","","injury-status","BYE","-","-","-","-","-","-","-","-","-","-","-","-"
"2185","J. Davis","J. Davis","WR","","","","injury-status","BYE","-","-","-","-","-","-","-","-","-","-","-","-"
"2186","O. Martin","O. Martin","WR","","","","injury-status","BYE","-","-","-","-","-","-","-","-","-","-","-","-"
"2187","D. Stanley","D. Stanley","WR","","","","injury-status","BYE","-","-","-","-","-","-","-","-","-","-","-","-"
"2188","J. Lovett","J. Lovett","RB","","","","injury-status","BYE","-","-","-","-","-","-","-","-","-","-","-","-"
"2189","A. Smith","A. Smith","WR","NYJ","6","","injury-status","Final L 14-19 @ CAR","-","-","-","-","-","-","-","-","-","-","-","-"
"2190","J. Jackson","J. Jackson","WR","","","","injury-status","BYE","-","-","-","-","-","-","-","-","-","-","-","-"
"2191","Q. Jones","Q. Jones","RB","","","","injury-status","BYE","-","-","-","-","-","-","-","-","-","-","-","-"
"2192","D. Thomas-Jones","D. Thomas-Jones","TE","","","","injury-status","BYE","-","-","-","-","-","-","-","-","-","-","-","-"
"2193","R. Starkey","R. Starkey","WR","","","Ques","injury-status questionable","BYE","-","-","-","-","-","-","-","-","-","-","-","-"
"2194","J. Sorenson","J. Sorenson","WR","","","","injury-status","BYE","-","-","-","-","-","-","-","-","-","-","-","-"
"2195","E. Emezie","E. Emezie","WR","","","","injury-status","BYE","-","-","-","-","-","-","-","-","-","-","-","-"
"2196","T. Etienne","T. Etienne","RB","CAR","13","","injury-status","Final W 19-14 vs NYJ","-","-","-","-","-","-","-","-","-","-","-","-"
"2197","J. Wiley","J. Wiley","TE","KC","12","","injury-status","Final W 33-29 vs CLE","-","-","-","-","-","-","-","-","-","-","-","-"
"2198","J. Pettigrew","J. Pettigrew","TE","","","","injury-status","BYE","-","-","-","-","-","-","-","-","-","-","-","-"
"2199","K. Rourke","K. Rourke","QB","SF","6","PUP","injury-status pup","Final W 41-33 @ DET","-","-","-","-","-","-","-","-","-","-","-","-"
"2200","J. Strong","J. Strong","RB","","","","injury-status","BYE","-","-","-","-","-","-","-","-","-","-","-","-"
"2201","D. Leary","D. Leary","QB","","","","injury-status","BYE","-","-","-","-","-","-","-","-","-","-","-","-"
"2202","J. Coker","J. Coker","QB","","","","injury-status","BYE","-","-","-","-","-","-","-","-","-","-","-","-"
"2203","M. Pottebaum","M. Pottebaum","RB","","","","injury-status","BYE","-","-","-","-","-","-","-","-","-","-","-","-"
"2204","M. Lang","M. Lang","TE","","","","injury-status","BYE","-","-","-","-","-","-","-","-","-","-","-","-"
"2205","C. Latu","C. Latu","TE","PHI","14","","injury-status","Final W 32-6 @ ATL","-","-","-","-","-","-","-","-","-","-","-","-"
"2206","M. Harrison","M. Harrison","WR","ARI","12","","injury-status","Final W 38-13 @ TEN","-","-","-","-","-","-","-","-","-","-","-","-"
"2207","R. Jones","R. Jones","RB","","","","injury-status","BYE","-","-","-","-","-","-","-","-","-","-","-","-"
"2208","A. Allen","A. Allen","TE","","","","injury-status","BYE","-","-","-","-","-","-","-","-","-","-","-","-"
"2209","M. Matavao","M. Matavao","TE","NO","6","","injury-status","Final W 38-3 vs GB","-","-","-","-","-","-","-","-","-","-","-","-"
"2210","C. Autman-Bell","C. Autman-Bell","WR","","","","injury-status","BYE","-","-","-","-","-","-","-","-","-","-","-","-"
"2211","K. Taylor","K. Taylor","TE","","","","injury-status","BYE","-","-","-","-","-","-","-","-","-","-","-","-"
"2212","T. Flanders","T. Flanders","RB","","","","injury-status","BYE","-","-","-","-","-","-","-","-","-","-","-","-"
"2213","C. Tillman","C. Tillman","WR","CLE","13","","injury-status","Final L 29-33 @ KC","-","-","-","-","-","-","-","-","-","-","-","-"
"2214","G. Prince","G. Prince","TE","","","","injury-status","BYE","-","-","-","-","-","-","-","-","-","-","-","-"
"2215","C. Little","C. Little","K","JAX","7","","injury-status","Final L 21-37 @ HOU","-","-","-","-","-","-","-","-","-","-","-","-"
"2216","J. Terrell","J. Terrell","RB","","","","injury-status","BYE","-","-","-","-","-","-","-","-","-","-","-","-"
"2217","D. Watts","D. Watts","WR","","","","injury-status","BYE","-","-","-","-","-","-","-","-","-","-","-","-"
"2218","D. Davis","D. Davis","WR","LAC","7","","injury-status","Final W 20-16 @ WAS","-","-","-","-","-","-","-","-","-","-","-","-"
"2219","A. Smith","A. Smith","RB","","","","injury-status","BYE","-","-","-","-","-","-","-","-","-","-","-","-"
"2220","J. White","J. White","RB","","","Ques","injury-status questionable","BYE","-","-","-","-","-","-","-","-","-","-","-","-"
"2221","T. Knox","T. Knox","TE","","","Ques","injury-status questionable","BYE","-","-","-","-","-","-","-","-","-","-","-","-"
"2222","J. Sample","J. Sample","WR","","","","injury-status","BYE","-","-","-","-","-","-","-","-","-","-","-","-"
"2223","J. Harris","J. Harris","WR","","","","injury-status","BYE","-","-","-","-","-","-","-","-","-","-","-","-"
"2224","J. Shirden","J. Shirden","RB","","","","injury-status","BYE","-","-","-","-","-","-","-","-","-","-","-","-"
"2225","O. Cardenas","O. Cardenas","TE","","","","injury-status","BYE","-","-","-","-","-","-","-","-","-","-","-","-"
"2226","J. Bech","J. Bech","WR","LV","8","","injury-status","Final W 33-27 vs BAL","-","-","-","-","-","-","-","-","-","-","-","-"
"2227","B. Burmeister","B. Burmeister","WR","","","","injury-status","BYE","-","-","-","-","-","-","-","-","-","-","-","-"
"2228","Q. Bundrage","Q. Bundrage","WR","","","","injury-status","BYE","-","-","-","-","-","-","-","-","-","-","-","-"
"2229","T. Taua","T. Taua","RB","","","","injury-status","BYE","-","-","-","-","-","-","-","-","-","-","-","-"
"2230","J. Hicks","J. Hicks","WR","","","","injury-status","BYE","-","-","-","-","-","-","-","-","-","-","-","-"
"2231","K. Abram","K. Abram","WR","","","","injury-status","BYE","-","-","-","-","-","-","-","-","-","-","-","-"
"2232","J. Bly","J. Bly","WR","","","","injury-status","BYE","-","-","-","-","-","-","-","-","-","-","-","-"
"2233","J. Lumpkin","J. Lumpkin","TE","","","","injury-status","BYE","-","-","-","-","-","-","-","-","-","-","-","-"
"2234","J. Herslow","J. Herslow","WR","","","","injury-status","BYE","-","-","-","-","-","-","-","-","-","-","-","-"
"2235","R. Carter","R. Carter","TE","","","","injury-status","BYE","-","-","-","-","-","-","-","-","-","-","-","-"
"2236","J. Gibbs","J. Gibbs","RB","DET","9","","injury-status","Final L 33-41 vs SF","-","-","-","-","-","-","-","-","-","-","-","-"
"2237","K. Sheets","K. Sheets","WR","","","","injury-status","BYE","-","-","-","-","-","-","-","-","-","-","-","-"
"2238","Z. Scott","Z. Scott","RB","MIN","7","Ques","injury-status questionable","Final L 24-27 @ CIN","-","-","-","-","-","-","-","-","-","-","-","-"
"2239","J. Scates","J. Scates","WR","","","","injury-status","BYE","-","-","-","-","-","-","-","-","-","-","-","-"
"2240","A. Ajou","A. Ajou","WR","","","","injury-status","BYE","-","-","-","-","-","-","-","-","-","-","-","-"
"2241","B. Whiteheart","B. Whiteheart","TE","CLE","13","Ques","injury-status questionable","Final L 29-33 @ KC","-","-","-","-","-","-","-","-","-","-","-","-"
"2242","M. Redman","M. Redman","TE","LAR","11","","injury-status","Final W 34-14 vs CHI","-","-","-","-","-","-","-","-","-","-","-","-"
"2243","J. Copeland","J. Copeland","WR","","","","injury-status","BYE","-","-","-","-","-","-","-","-","-","-","-","-"
"2244","E. Ayomanor","E. Ayomanor","WR","TEN","13","","injury-status","Final L 13-38 vs ARI","-","-","-","-","-","-","-","-","-","-","-","-"
"2245","A. O'Connell","A. O'Connell","QB","LV","8","IR","injury-status ir","Final W 33-27 vs BAL","-","-","-","-","-","-","-","-","-","-","-","-"
"2246","H. Ahlers","H. Ahlers","QB","","","","injury-status","BYE","-","-","-","-","-","-","-","-","-","-","-","-"
"2247","D. Allen","D. Allen","TE","LAR","11","","injury-status","Final W 34-14 vs CHI","-","-","-","-","-","-","-","-","-","-","-","-"
"2248","P. Durham","P. Durham","TE","TB","9","","injury-status","Final W 31-29 vs DAL","-","-","-","-","-","-","-","-","-","-","-","-"
"2249","T. Morin","T. Morin","WR","","","","injury-status","BYE","-","-","-","-","-","-","-","-","-","-","-","-"
"2250","L. Pitts","L. Pitts","TE","","","","injury-status","BYE","-","-","-","-","-","-","-","-","-","-","-","-"
"2251","C. Hodge","C. Hodge","WR","","","","injury-status","BYE","-","-","-","-","-","-","-","-","-","-","-","-"
"2252","K. Johnson","K. Johnson","WR","TB","9","","injury-status","Final W 31-29 vs DAL","-","-","-","-","-","-","-","-","-","-","-","-"
"2253","X. Worthy","X. Worthy","WR","KC","12","","injury-status","Final W 33-29 vs CLE","-","-","-","-","-","-","-","-","-","-","-","-"
"2254","A. Richardson","A. Richardson","QB","IND","14","","injury-status","Final L 16-28 vs SEA","-","-","-","-","-","-","-","-","-","-","-","-"
"2255","N. Rauschenberg","N. Rauschenberg","K","","","","injury-status","BYE","-","-","-","-","-","-","-","-","-","-","-","-"
"2256","K. Closs","K. Closs","WR","","","","injury-status","BYE","-","-","-","-","-","-","-","-","-","-","-","-"
"2257","S. Bennett","S. Bennett","QB","LAR","11","","injury-status","Final W 34-14 vs CHI","-","-","-","-","-","-","-","-","-","-","-","-"
"2258","T. Fidone","T. Fidone","TE","NYG","10","","injury-status","Final L 13-27 vs DEN","-","-","-","-","-","-","-","-","-","-","-","-"
"2259","C. Crooms","C. Crooms","WR","","","Ques","injury-status questionable","BYE","-","-","-","-","-","-","-","-","-","-","-","-"
"2260","T. Martin","T. Martin","WR","","","","injury-status","BYE","-","-","-","-","-","-","-","-","-","-","-","-"
"2261","J. Hill","J. Hill","TE","MIA","14","","injury-status","Final W 17-16 @ NE","-","-","-","-","-","-","-","-","-","-","-","-"
"2262","M. Trujillo","M. Trujillo","K","","","IR","injury-status ir","BYE","-","-","-","-","-","-","-","-","-","-","-","-"
"2263","B. Koback","B. Koback","RB","","","","injury-status","BYE","-","-","-","-","-","-","-","-","-","-","-","-"
"2264","D. Winn","D. Winn","QB","","","","injury-status","BYE","-","-","-","-","-","-","-","-","-","-","-","-"
"2265","B. Lampe","B. Lampe","RB","NE","14","IR","injury-status ir","Final L 16-17 vs MIA","-","-","-","-","-","-","-","-","-","-","-","-"
"2266","H. Presley","H. Presley","WR","","","","injury-status","BYE","-","-","-","-","-","-","-","-","-","-","-","-"
"2267","M. Nabers","M. Nabers","WR","NYG","10","Ques","injury-status questionable","Final L 13-27 vs DEN","-","-","-","-","-","-","-","-","-","-","-","-"
"2268","K. Lassiter","K. Lassiter","WR","","","","injury-status","BYE","-","-","-","-","-","-","-","-","-","-","-","-"
"2269","D. McBride","D. McBride","RB","","","","injury-status","BYE","-","-","-","-","-","-","-","-","-","-","-","-"
"2270","M. Williams","M. Williams","WR","","","Ques","injury-status questionable","BYE","-","-","-","-","-","-","-","-","-","-","-","-"
"2271","C. Sutton","C. Sutton","WR","","","","injury-status","BYE","-","-","-","-","-","-","-","-","-","-","-","-"
"2272","D. Wright","D. Wright","WR","","","","injury-status","BYE","-","-","-","-","-","-","-","-","-","-","-","-"
"2273","Z. Mathis","Z. Mathis","WR","","","","injury-status","BYE","-","-","-","-","-","-","-","-","-","-","-","-"
"2274","M. Muhammad","M. Muhammad","WR","","","Ques","injury-status questionable","BYE","-","-","-","-","-","-","-","-","-","-","-","-"
"2275","D. Crum","D. Crum","QB","","","","injury-status","BYE","-","-","-","-","-","-","-","-","-","-","-","-"
"2276","L. Krieg","L. Krieg","K","ATL","6","","injury-status","Final L 6-32 vs PHI","-","-","-","-","-","-","-","-","-","-","-","-"
"2277","J. Blue","J. Blue","RB","DAL","7","","injury-status","Final L 29-31 @ TB","-","-","-","-","-","-","-","-","-","-","-","-"
"2278","N. Nash","N. Nash","WR","ATL","6","","injury-status","Final L 6-32 vs PHI","-","-","-","-","-","-","-","-","-","-","-","-"
"2279","J. Hoyland","J. Hoyland","K","","","","injury-status","BYE","-","-","-","-","-","-","-","-","-","-","-","-"
"2280","B. Tuten","B. Tuten","RB","JAX","7","","injury-status","Final L 21-37 @ HOU","-","-","-","-","-","-","-","-","-","-","-","-"
"2281","T. Hoosman","T. Hoosman","RB","","","","injury-status","BYE","-","-","-","-","-","-","-","-","-","-","-","-"
"2282","J. Bist","J. Bist","TE","","","","injury-status","BYE","-","-","-","-","-","-","-","-","-","-","-","-"
"2283","T. Goodson","T. Goodson","RB","IND","14","Ques","injury-status questionable","Final L 16-28 vs SEA","-","-","-","-","-","-","-","-","-","-","-","-"
"2284","D. Martin","D. Martin","RB","","","","injury-status","BYE","-","-","-","-","-","-","-","-","-","-","-","-"
"2285","C. Cota","C. Cota","WR","","","","injury-status","BYE","-","-","-","-","-","-","-","-","-","-","-","-"
"2286","W. Howard","W. Howard","QB","PIT","7","IR","injury-status ir","Final W 23-16 @ BUF","-","-","-","-","-","-","-","-","-","-","-","-"
"2287","K. McGowan","K. McGowan","WR","","","","injury-status","BYE","-","-","-","-","-","-","-","-","-","-","-","-"
"2288","D. Neal","D. Neal","RB","NO","6","","injury-status","Final W 38-3 vs GB","-","-","-","-","-","-","-","-","-","-","-","-"
"2289","C. Brewer","C. Brewer","TE","","","","injury-status","BYE","-","-","-","-","-","-","-","-","-","-","-","-"
"2290","T. DeVito","T. DeVito","QB","NE","14","","injury-status","Final L 16-17 vs MIA","-","-","-","-","-","-","-","-","-","-","-","-"
"2291","D. Daniels","D. Daniels","WR","","","","injury-status","BYE","-","-","-","-","-","-","-","-","-","-","-","-"
"2292","D. Wilson","D. Wilson","WR","","","","injury-status","BYE","-","-","-","-","-","-","-","-","-","-","-","-"
"2293","T. Hunter","T. Hunter","WR, DB - JAX(7)","","","","injury-status","Final L 21-37 @ HOU","-","-","-","-","-","-","-","-","-","-","-","-"
"2294","B. Robinson","B. Robinson","RB","ATL","6","","injury-status","Final L 6-32 vs PHI","-","-","-","-","-","-","-","-","-","-","-","-"
"2295","R. Daniels","R. Daniels","WR","","","","injury-status","BYE","-","-","-","-","-","-","-","-","-","-","-","-"
"2296","H. Williams","H. Williams","QB","","","","injury-status","BYE","-","-","-","-","-","-","-","-","-","-","-","-"
"2297","D. Miller","D. Miller","RB","NYG","10","","injury-status","Final L 13-27 vs DEN","-","-","-","-","-","-","-","-","-","-","-","-"
"2298","J. Edelman","J. Edelman","WR","","","","injury-status","BYE","-","-","-","-","-","-","-","-","-","-","-","-"
"2299","C. McDonald","C. McDonald","WR","","","IR","injury-status ir","BYE","-","-","-","-","-","-","-","-","-","-","-","-"
"2300","N. Kallerup","N. Kallerup","TE","SEA","9","","injury-status","Final W 28-16 @ IND","-","-","-","-","-","-","-","-","-","-","-","-"
"2301","T. Franklin","T. Franklin","WR","DEN","11","","injury-status","Final W 27-13 @ NYG","-","-","-","-","-","-","-","-","-","-","-","-"
"2302","T. Yassmin","T. Yassmin","TE","LAC","7","","injury-status","Final W 20-16 @ WAS","-","-","-","-","-","-","-","-","-","-","-","-"
"2303","A. Johnson","A. Johnson","RB","LAC","7","","injury-status","Final W 20-16 @ WAS","-","-","-","-","-","-","-","-","-","-","-","-"
"2304","M. Castles","M. Castles","TE","","","","injury-status","BYE","-","-","-","-","-","-","-","-","-","-","-","-"
"2305","D. Price","D. Price","RB","","","","injury-status","BYE","-","-","-","-","-","-","-","-","-","-","-","-"
"2306","M. Penix","M. Penix","QB","ATL","6","","injury-status","Final L 6-32 vs PHI","-","-","-","-","-","-","-","-","-","-","-","-"
"2307","J. Copenhaver","J. Copenhaver","TE","","","","injury-status","BYE","-","-","-","-","-","-","-","-","-","-","-","-"
"2308","M. Mims","M. Mims","WR","DEN","11","Ques","injury-status questionable","Final W 27-13 @ NYG","-","-","-","-","-","-","-","-","-","-","-","-"
"2309","D. Achane","D. Achane","RB","MIA","14","Ques","injury-status questionable","Final W 17-16 @ NE","-","-","-","-","-","-","-","-","-","-","-","-"
"2310","C. Bazelak","C. Bazelak","QB","TB","9","","injury-status","Final W 31-29 vs DAL","-","-","-","-","-","-","-","-","-","-","-","-"
"2311","W. Johnson","W. Johnson","WR","","","Ques","injury-status questionable","BYE","-","-","-","-","-","-","-","-","-","-","-","-"
"2312","R. Rice","R. Rice","WR","KC","12","Sus","injury-status sus","Final W 33-29 vs CLE","-","-","-","-","-","-","-","-","-","-","-","-"
"2313","D. Caton","D. Caton","WR","","","","injury-status","BYE","-","-","-","-","-","-","-","-","-","-","-","-"
"2314","P. Herbert","P. Herbert","TE","JAX","7","","injury-status","Final L 21-37 @ HOU","-","-","-","-","-","-","-","-","-","-","-","-"
"2315","M. Brosmer","M. Brosmer","QB","MIN","7","","injury-status","Final L 24-27 @ CIN","-","-","-","-","-","-","-","-","-","-","-","-"
"2316","T. Tracy","T. Tracy","RB","NYG","10","","injury-status","Final L 13-27 vs DEN","-","-","-","-","-","-","-","-","-","-","-","-"
"2317","T. Pickering","T. Pickering","TE","","","","injury-status","BYE","-","-","-","-","-","-","-","-","-","-","-","-"
"2318","B. Gaither","B. Gaither","WR","","","","injury-status","BYE","-","-","-","-","-","-","-","-","-","-","-","-"
"2319","K. Turpin","K. Turpin","WR","DAL","7","","injury-status","Final L 29-31 @ TB","-","-","-","-","-","-","-","-","-","-","-","-"
"2320","K. Ingram","K. Ingram","RB","KC","12","IR","injury-status ir","Final W 33-29 vs CLE","-","-","-","-","-","-","-","-","-","-","-","-"
"2321","K. Laborn","K. Laborn","RB","","","","injury-status","BYE","-","-","-","-","-","-","-","-","-","-","-","-"
"2322","L. Taylor","L. Taylor","TE","","","Ques","injury-status questionable","BYE","-","-","-","-","-","-","-","-","-","-","-","-"
"2323","E. Wilson","E. Wilson","TE","","","","injury-status","BYE","-","-","-","-","-","-","-","-","-","-","-","-"
"2324","M. Baldwin","M. Baldwin","WR","","","","injury-status","BYE","-","-","-","-","-","-","-","-","-","-","-","-"
"2325","V. Blanchard","V. Blanchard","K","","","","injury-status","BYE","-","-","-","-","-","-","-","-","-","-","-","-"
"2326","A. Armstrong","A. Armstrong","WR","","","","injury-status","BYE","-","-","-","-","-","-","-","-","-","-","-","-"
"2327","M. Fairchild","M. Fairchild","TE","","","","injury-status","BYE","-","-","-","-","-","-","-","-","-","-","-","-"
"2328","K. Crawford","K. Crawford","WR","","","Ques","injury-status questionable","BYE","-","-","-","-","-","-","-","-","-","-","-","-"
"2329","A. Davis","A. Davis","WR","","","","injury-status","BYE","-","-","-","-","-","-","-","-","-","-","-","-"
"2330","D. Parks","D. Parks","WR","","","","injury-status","BYE","-","-","-","-","-","-","-","-","-","-","-","-"
"2331","O. Gordon","O. Gordon","RB","MIA","14","","injury-status","Final W 17-16 @ NE","-","-","-","-","-","-","-","-","-","-","-","-"
"2332","I. Wooden","I. Wooden","WR","","","","injury-status","BYE","-","-","-","-","-","-","-","-","-","-","-","-"
"2333","B. Narveson","B. Narveson","K","","","","injury-status","BYE","-","-","-","-","-","-","-","-","-","-","-","-"
"2334","T. Mosley","T. Mosley","WR","","","","injury-status","BYE","-","-","-","-","-","-","-","-","-","-","-","-"
"2335","K. Davis","K. Davis","WR","CLE","13","","injury-status","Final L 29-33 @ KC","-","-","-","-","-","-","-","-","-","-","-","-"
"2336","M. Durant","M. Durant","RB","","","","injury-status","BYE","-","-","-","-","-","-","-","-","-","-","-","-"
"2337","O. Hiliare","O. Hiliare","WR","","","","injury-status","BYE","-","-","-","-","-","-","-","-","-","-","-","-"
"2338","A. Holler","A. Holler","TE","","","","injury-status","BYE","-","-","-","-","-","-","-","-","-","-","-","-"
"2339","B. Sims","B. Sims","TE","GB","13","","injury-status","Final L 3-38 @ NO","-","-","-","-","-","-","-","-","-","-","-","-"
"2340","J. Laap","J. Laap","WR","","","","injury-status","BYE","-","-","-","-","-","-","-","-","-","-","-","-"
"2341","L. Lenoir","L. Lenoir","WR","","","","injury-status","BYE","-","-","-","-","-","-","-","-","-","-","-","-"
"2342","J. Sinz","J. Sinz","TE","","","","injury-status","BYE","-","-","-","-","-","-","-","-","-","-","-","-"
"2343","R. Brown","R. Brown","TE","","","","injury-status","BYE","-","-","-","-","-","-","-","-","-","-","-","-"
"2344","C. Tyree","C. Tyree","WR","","","Ques","injury-status questionable","BYE","-","-","-","-","-","-","-","-","-","-","-","-"
"2345","J. Dangerfield","J. Dangerfield","WR","","","","injury-status","BYE","-","-","-","-","-","-","-","-","-","-","-","-"
"2346","X. Guillory","X. Guillory","WR","","","Ques","injury-status questionable","BYE","-","-","-","-","-","-","-","-","-","-","-","-"
"2347","R. Awatt","R. Awatt","RB","","","","injury-status","BYE","-","-","-","-","-","-","-","-","-","-","-","-"
"2348","L. Bester","L. Bester","WR","","","","injury-status","BYE","-","-","-","-","-","-","-","-","-","-","-","-"
"2349","C. Neighbors","C. Neighbors","RB","","","","injury-status","BYE","-","-","-","-","-","-","-","-","-","-","-","-"
"2350","T. Holden","T. Holden","WR","DAL","7","","injury-status","Final L 29-31 @ TB","-","-","-","-","-","-","-","-","-","-","-","-"
"2351","A. Wells","A. Wells","WR","","","","injury-status","BYE","-","-","-","-","-","-","-","-","-","-","-","-"
"2352","L. Ward","L. Ward","RB","","","","injury-status","BYE","-","-","-","-","-","-","-","-","-","-","-","-"
"2353","C. Rodriguez","C. Rodriguez","RB","WAS","9","","injury-status","Final L 16-20 vs LAC","-","-","-","-","-","-","-","-","-","-","-","-"
"2354","S. Bolden","S. Bolden","WR","HOU","10","","injury-status","Final W 37-21 vs JAX","-","-","-","-","-","-","-","-","-","-","-","-"
"2355","Z. Horvath","Z. Horvath","RB","","","","injury-status","BYE","-","-","-","-","-","-","-","-","-","-","-","-"
"2356","M. Evans","M. Evans","TE","CAR","13","","injury-status","Final W 19-14 vs NYJ","-","-","-","-","-","-","-","-","-","-","-","-"
"2357","J. Warren","J. Warren","TE","","","","injury-status","BYE","-","-","-","-","-","-","-","-","-","-","-","-"
"2358","R. Leonard","R. Leonard","QB","IND","14","","injury-status","Final L 16-28 vs SEA","-","-","-","-","-","-","-","-","-","-","-","-"
"2359","J. Mingo","J. Mingo","WR","DAL","7","IR","injury-status ir","Final L 29-31 @ TB","-","-","-","-","-","-","-","-","-","-","-","-"
"2360","A. Jeanty","A. Jeanty","RB","LV","8","","injury-status","Final W 33-27 vs BAL","-","-","-","-","-","-","-","-","-","-","-","-"
"2361","W. Reichard","W. Reichard","K","MIN","7","","injury-status","Final L 24-27 @ CIN","-","-","-","-","-","-","-","-","-","-","-","-"
"2362","P. Sims","P. Sims","QB","","","","injury-status","BYE","-","-","-","-","-","-","-","-","-","-","-","-"
"2363","C. Johnson","C. Johnson","WR","","","","injury-status","BYE","-","-","-","-","-","-","-","-","-","-","-","-"
"2364","A. Gleichert","A. Gleichert","TE","","","","injury-status","BYE","-","-","-","-","-","-","-","-","-","-","-","-"
"2365","R. Keyton","R. Keyton","WR","","","","injury-status","BYE","-","-","-","-","-","-","-","-","-","-","-","-"
"2366","C. Bauman","C. Bauman","QB","","","","injury-status","BYE","-","-","-","-","-","-","-","-","-","-","-","-"
"2367","R. Shaheed","R. Shaheed","WR","NO","6","","injury-status","Final W 38-3 vs GB","-","-","-","-","-","-","-","-","-","-","-","-"
"2368","T. Ayo-Durojaiye","T. Ayo-Durojaiye","RB","","","","injury-status","BYE","-","-","-","-","-","-","-","-","-","-","-","-"
"2369","S. McCormick","S. McCormick","RB","SF","6","","injury-status","Final W 41-33 @ DET","-","-","-","-","-","-","-","-","-","-","-","-"
"2370","K. Philips","K. Philips","WR","","","","injury-status","BYE","-","-","-","-","-","-","-","-","-","-","-","-"
"2371","J. Plumlee","J. Plumlee","QB","","","IR","injury-status ir","BYE","-","-","-","-","-","-","-","-","-","-","-","-"
"2372","J. McCarthy","J. McCarthy","QB","MIN","7","","injury-status","Final L 24-27 @ CIN","-","-","-","-","-","-","-","-","-","-","-","-"
"2373","C. Clear","C. Clear","TE","","","","injury-status","BYE","-","-","-","-","-","-","-","-","-","-","-","-"
"2374","S. Barnett","S. Barnett","WR","","","","injury-status","BYE","-","-","-","-","-","-","-","-","-","-","-","-"
"2375","J. Roberson","J. Roberson","WR","","","","injury-status","BYE","-","-","-","-","-","-","-","-","-","-","-","-"
"2376","T. Evans","T. Evans","RB","","","","injury-status","BYE","-","-","-","-","-","-","-","-","-","-","-","-"
"2377","T. Quitoriano","T. Quitoriano","TE","ATL","6","","injury-status","Final L 6-32 vs PHI","-","-","-","-","-","-","-","-","-","-","-","-"
"2378","J. Williams","J. Williams","RB","TB","9","","injury-status","Final W 31-29 vs DAL","-","-","-","-","-","-","-","-","-","-","-","-"
"2379","K. Ings","K. Ings","WR","","","","injury-status","BYE","-","-","-","-","-","-","-","-","-","-","-","-"
"2380","J. Croskey-Merritt","J. Croskey-Merritt","RB","WAS","9","","injury-status","Final L 16-20 vs LAC","-","-","-","-","-","-","-","-","-","-","-","-"
"2381","J. Vann","J. Vann","WR","","","","injury-status","BYE","-","-","-","-","-","-","-","-","-","-","-","-"
"2382","S. Scarver","S. Scarver","WR","","","","injury-status","BYE","-","-","-","-","-","-","-","-","-","-","-","-"
"2383","J. Bell","J. Bell","TE","","","","injury-status","BYE","-","-","-","-","-","-","-","-","-","-","-","-"
"2384","J. Dart","J. Dart","QB","NYG","10","","injury-status","Final L 13-27 vs DEN","-","-","-","-","-","-","-","-","-","-","-","-"
"2385","K. Foelsch","K. Foelsch","TE","","","","injury-status","BYE","-","-","-","-","-","-","-","-","-","-","-","-"
"2386","D. Davis","D. Davis","WR","","","","injury-status","BYE","-","-","-","-","-","-","-","-","-","-","-","-"
"2387","P. Brooks","P. Brooks","WR","","","","injury-status","BYE","-","-","-","-","-","-","-","-","-","-","-","-"
"2388","K. Slovis","K. Slovis","QB","ARI","12","","injury-status","Final W 38-13 @ TEN","-","-","-","-","-","-","-","-","-","-","-","-"
"2389","M. Trickett","M. Trickett","K","","","","injury-status","BYE","-","-","-","-","-","-","-","-","-","-","-","-"
"2390","T. Creecy","T. Creecy","RB","","","","injury-status","BYE","-","-","-","-","-","-","-","-","-","-","-","-"
"2391","R. Jones","R. Jones","TE","","","","injury-status","BYE","-","-","-","-","-","-","-","-","-","-","-","-"
"2392","C. Peoples","C. Peoples","RB","","","","injury-status","BYE","-","-","-","-","-","-","-","-","-","-","-","-"
"2393","S. Sanders","S. Sanders","QB","","","","injury-status","BYE","-","-","-","-","-","-","-","-","-","-","-","-"
"2394","T. Tucker","T. Tucker","WR","LV","8","","injury-status","Final W 33-27 vs BAL","-","-","-","-","-","-","-","-","-","-","-","-"
"2395","B. Johnson","B. Johnson","WR","","","","injury-status","BYE","-","-","-","-","-","-","-","-","-","-","-","-"
"2396","D. Anthrop","D. Anthrop","WR","","","","injury-status","BYE","-","-","-","-","-","-","-","-","-","-","-","-"
"2397","J. Lane","J. Lane","WR","WAS","9","","injury-status","Final L 16-20 vs LAC","-","-","-","-","-","-","-","-","-","-","-","-"
"2398","D. Cambre","D. Cambre","WR","","","","injury-status","BYE","-","-","-","-","-","-","-","-","-","-","-","-"
"2399","C. Tune","C. Tune","QB","GB","13","","injury-status","Final L 3-38 @ NO","-","-","-","-","-","-","-","-","-","-","-","-"
"2400","G. Holani","G. Holani","RB","SEA","9","","injury-status","Final W 28-16 @ IND","-","-","-","-","-","-","-","-","-","-","-","-"
"2401","S. Gosnell","S. Gosnell","WR","BUF","7","","injury-status","Final L 16-23 vs PIT","-","-","-","-","-","-","-","-","-","-","-","-"
"2402","M. Morgan","M. Morgan","K","","","","injury-status","BYE","-","-","-","-","-","-","-","-","-","-","-","-"
"2403","I. Wheeler","I. Wheeler","RB","","","IR","injury-status ir","BYE","-","-","-","-","-","-","-","-","-","-","-","-"
"2404","J. Burton","J. Burton","WR","","","","injury-status","BYE","-","-","-","-","-","-","-","-","-","-","-","-"
"2405","Z. Horton","Z. Horton","TE","DET","9","","injury-status","Final L 33-41 vs SF","-","-","-","-","-","-","-","-","-","-","-","-"
"2406","K. Hudson","K. Hudson","WR","","","","injury-status","BYE","-","-","-","-","-","-","-","-","-","-","-","-"
"2407","J. Mitchell","J. Mitchell","TE","CAR","13","","injury-status","Final W 19-14 vs NYJ","-","-","-","-","-","-","-","-","-","-","-","-"
"2408","P. Olatoke","P. Olatoke","WR","","","","injury-status","BYE","-","-","-","-","-","-","-","-","-","-","-","-"
"2409","K. Marks","K. Marks","RB","","","","injury-status","BYE","-","-","-","-","-","-","-","-","-","-","-","-"
"2410","T. Sloat","T. Sloat","TE","","","","injury-status","BYE","-","-","-","-","-","-","-","-","-","-","-","-"
"2411","H. Dekkers","H. Dekkers","QB","NO","6","","injury-status","Final W 38-3 vs GB","-","-","-","-","-","-","-","-","-","-","-","-"
"2412","J. Rigg","J. Rigg","TE","","","","injury-status","BYE","-","-","-","-","-","-","-","-","-","-","-","-"
"2413","C. York","C. York","K","","","","injury-status","BYE","-","-","-","-","-","-","-","-","-","-","-","-"
"2414","J. Janke","J. Janke","WR","","","","injury-status","BYE","-","-","-","-","-","-","-","-","-","-","-","-"
"2415","S. Nacua","S. Nacua","WR","","","","injury-status","BYE","-","-","-","-","-","-","-","-","-","-","-","-"
"2416","B. Baylor","B. Baylor","RB","","","","injury-status","BYE","-","-","-","-","-","-","-","-","-","-","-","-"
"2417","T. DeMorat","T. DeMorat","QB","","","","injury-status","BYE","-","-","-","-","-","-","-","-","-","-","-","-"
"2418","T. Greaney","T. Greaney","TE","","","","injury-status","BYE","-","-","-","-","-","-","-","-","-","-","-","-"
"2419","T. Hudson","T. Hudson","WR","","","","injury-status","BYE","-","-","-","-","-","-","-","-","-","-","-","-"
"2420","J. Jackson","J. Jackson","WR","LAC","7","","injury-status","Final W 20-16 @ WAS","-","-","-","-","-","-","-","-","-","-","-","-"
"2421","K. Prather","K. Prather","WR","","","Ques","injury-status questionable","BYE","-","-","-","-","-","-","-","-","-","-","-","-"
"2422","C. McClelland","C. McClelland","RB","","","","injury-status","BYE","-","-","-","-","-","-","-","-","-","-","-","-"
"2423","C. Dike","C. Dike","WR","TEN","13","","injury-status","Final L 13-38 vs ARI","-","-","-","-","-","-","-","-","-","-","-","-"
"2424","W. Shipley","W. Shipley","RB","PHI","14","","injury-status","Final W 32-6 @ ATL","-","-","-","-","-","-","-","-","-","-","-","-"
"2425","D. Washington","D. Washington","TE","PIT","7","","injury-status","Final W 23-16 @ BUF","-","-","-","-","-","-","-","-","-","-","-","-"
"2426","C. Camper","C. Camper","WR","","","","injury-status","BYE","-","-","-","-","-","-","-","-","-","-","-","-"
"2427","B. Willis","B. Willis","TE","SF","6","","injury-status","Final W 41-33 @ DET","-","-","-","-","-","-","-","-","-","-","-","-"
"2428","R. Collins","R. Collins","WR","","","","injury-status","BYE","-","-","-","-","-","-","-","-","-","-","-","-"
"2429","M. Corley","M. Corley","WR","CLE","13","","injury-status","Final L 29-33 @ KC","-","-","-","-","-","-","-","-","-","-","-","-"
"2430","J. Mcafee","J. Mcafee","TE","","","","injury-status","BYE","-","-","-","-","-","-","-","-","-","-","-","-"
"2431","K. Latu","K. Latu","TE","BUF","7","","injury-status","Final L 16-23 vs PIT","-","-","-","-","-","-","-","-","-","-","-","-"
"2432","J. Baker","J. Baker","WR","","","","injury-status","BYE","-","-","-","-","-","-","-","-","-","-","-","-"
"2433","T. Ebner","T. Ebner","RB","","","Ques","injury-status questionable","BYE","-","-","-","-","-","-","-","-","-","-","-","-"
"2434","T. Watson","T. Watson","TE","KC","12","","injury-status","Final W 33-29 vs CLE","-","-","-","-","-","-","-","-","-","-","-","-"
"2435","K. Pimpleton","K. Pimpleton","WR","","","","injury-status","BYE","-","-","-","-","-","-","-","-","-","-","-","-"
"2436","A. Iosivas","A. Iosivas","WR","CIN","10","","injury-status","Final W 27-24 vs MIN","-","-","-","-","-","-","-","-","-","-","-","-"
"2437","D. Carter","D. Carter","WR","","","Ques","injury-status questionable","BYE","-","-","-","-","-","-","-","-","-","-","-","-"
"2438","C. Davis","C. Davis","K","","","","injury-status","BYE","-","-","-","-","-","-","-","-","-","-","-","-"
"2439","P. Nacua","P. Nacua","WR","LAR","11","","injury-status","Final W 34-14 vs CHI","-","-","-","-","-","-","-","-","-","-","-","-"
"2440","R. Ouzts","R. Ouzts","RB","SEA","9","","injury-status","Final W 28-16 @ IND","-","-","-","-","-","-","-","-","-","-","-","-"
"2441","L. Rees-Zammit","L. Rees-Zammit","RB","","","Ques","injury-status questionable","BYE","-","-","-","-","-","-","-","-","-","-","-","-"
"2442","T. Felton","T. Felton","WR","MIN","7","Ques","injury-status questionable","Final L 24-27 @ CIN","-","-","-","-","-","-","-","-","-","-","-","-"
"2443","S. Ryan","S. Ryan","WR","","","","injury-status","BYE","-","-","-","-","-","-","-","-","-","-","-","-"
"2444","C. Ward","C. Ward","QB","TEN","13","","injury-status","Final L 13-38 vs ARI","-","-","-","-","-","-","-","-","-","-","-","-"
"2445","M. Miller","M. Miller","TE","","","","injury-status","BYE","-","-","-","-","-","-","-","-","-","-","-","-"
"2446","B. Sinnott","B. Sinnott","TE","WAS","9","","injury-status","Final L 16-20 vs LAC","-","-","-","-","-","-","-","-","-","-","-","-"
"2447","E. Hull","E. Hull","RB","","","","injury-status","BYE","-","-","-","-","-","-","-","-","-","-","-","-"
"2448","E. Pancol","E. Pancol","WR","","","Ques","injury-status questionable","BYE","-","-","-","-","-","-","-","-","-","-","-","-"
"2449","K. Harris","K. Harris","WR","","","Ques","injury-status questionable","BYE","-","-","-","-","-","-","-","-","-","-","-","-"
"2450","N. Wright","N. Wright","RB","","","","injury-status","BYE","-","-","-","-","-","-","-","-","-","-","-","-"
"2451","M. Clark","M. Clark","WR","","","","injury-status","BYE","-","-","-","-","-","-","-","-","-","-","-","-"
"2452","T. Pratt","T. Pratt","WR","","","","injury-status","BYE","-","-","-","-","-","-","-","-","-","-","-","-"
"2453","J. Ngata","J. Ngata","WR","","","","injury-status","BYE","-","-","-","-","-","-","-","-","-","-","-","-"
"2454","P. Lutz","P. Lutz","WR","","","","injury-status","BYE","-","-","-","-","-","-","-","-","-","-","-","-"
"2455","I. Charles","I. Charles","WR","NYJ","6","PUP","injury-status pup","Final L 14-19 @ CAR","-","-","-","-","-","-","-","-","-","-","-","-"
"2456","D. Wade","D. Wade","WR","BAL","8","IR","injury-status ir","Final L 27-33 @ LV","-","-","-","-","-","-","-","-","-","-","-","-"
"2457","M. Carter","M. Carter","WR","","","","injury-status","BYE","-","-","-","-","-","-","-","-","-","-","-","-"
"2458","D. Thompkins","D. Thompkins","WR","","","","injury-status","BYE","-","-","-","-","-","-","-","-","-","-","-","-"
"2459","C. Schlee","C. Schlee","QB","","","","injury-status","BYE","-","-","-","-","-","-","-","-","-","-","-","-"
"2460","J. Stephens","J. Stephens","TE","DAL","7","IR","injury-status ir","Final L 29-31 @ TB","-","-","-","-","-","-","-","-","-","-","-","-"
"2461","B. Oliver","B. Oliver","WR","TEN","13","","injury-status","Final L 13-38 vs ARI","-","-","-","-","-","-","-","-","-","-","-","-"
"2462","O. Wright","O. Wright","RB","","","","injury-status","BYE","-","-","-","-","-","-","-","-","-","-","-","-"
"2463","J. Garibay","J. Garibay","K","","","","injury-status","BYE","-","-","-","-","-","-","-","-","-","-","-","-"
"2464","T. Elgersma","T. Elgersma","QB","","","","injury-status","BYE","-","-","-","-","-","-","-","-","-","-","-","-"
"2465","S. Williams","S. Williams","WR","GB","13","Ques","injury-status questionable","Final L 3-38 @ NO","-","-","-","-","-","-","-","-","-","-","-","-"
"2466","J. Bernhardt","J. Bernhardt","WR","","","","injury-status","BYE","-","-","-","-","-","-","-","-","-","-","-","-"
"2467","D. Brown","D. Brown","RB","","","","injury-status","BYE","-","-","-","-","-","-","-","-","-","-","-","-"
"2468","V. Jones","V. Jones","WR","NO","6","","injury-status","Final W 38-3 vs GB","-","-","-","-","-","-","-","-","-","-","-","-"
"2469","D. McDuffie","D. McDuffie","RB","","","","injury-status","BYE","-","-","-","-","-","-","-","-","-","-","-","-"
"2470","A. Quevedo","A. Quevedo","K","","","","injury-status","BYE","-","-","-","-","-","-","-","-","-","-","-","-"
"2471","R. Harvey","R. Harvey","RB","DEN","11","","injury-status","Final W 27-13 @ NYG","-","-","-","-","-","-","-","-","-","-","-","-"
"2472","S. Wyatt","S. Wyatt","WR","","","","injury-status","BYE","-","-","-","-","-","-","-","-","-","-","-","-"
"2473","J. Chestnut","J. Chestnut","RB","TEN","13","","injury-status","Final L 13-38 vs ARI","-","-","-","-","-","-","-","-","-","-","-","-"
"2474","J. Horn","J. Horn","WR","CAR","13","","injury-status","Final W 19-14 vs NYJ","-","-","-","-","-","-","-","-","-","-","-","-"
"2475","N. Givan","N. Givan","TE","","","","injury-status","BYE","-","-","-","-","-","-","-","-","-","-","-","-"
"2476","T. Adams","T. Adams","WR","","","","injury-status","BYE","-","-","-","-","-","-","-","-","-","-","-","-"
"2477","P. Browning","P. Browning","WR","","","","injury-status","BYE","-","-","-","-","-","-","-","-","-","-","-","-"
"2478","P. Hendershot","P. Hendershot","TE","","","","injury-status","BYE","-","-","-","-","-","-","-","-","-","-","-","-"
"2479","C. Johnson","C. Johnson","WR","","","","injury-status","BYE","-","-","-","-","-","-","-","-","-","-","-","-"
"2480","D. White","D. White","WR","","","","injury-status","BYE","-","-","-","-","-","-","-","-","-","-","-","-"
"2481","W. Ruby","W. Ruby","WR","","","Ques","injury-status questionable","BYE","-","-","-","-","-","-","-","-","-","-","-","-"
"2482","I. Neyor","I. Neyor","WR","GB","13","","injury-status","Final L 3-38 @ NO","-","-","-","-","-","-","-","-","-","-","-","-"
"2483","T. Morgan","T. Morgan","QB","","","","injury-status","BYE","-","-","-","-","-","-","-","-","-","-","-","-"
"2484","B. Brooks","B. Brooks","RB","HOU","10","","injury-status","Final W 37-21 vs JAX","-","-","-","-","-","-","-","-","-","-","-","-"
"2485","S. Thompson","S. Thompson","QB","PIT","7","","injury-status","Final W 23-16 @ BUF","-","-","-","-","-","-","-","-","-","-","-","-"
"2486","C. Schrader","C. Schrader","RB","LAR","11","","injury-status","Final W 34-14 vs CHI","-","-","-","-","-","-","-","-","-","-","-","-"
"2487","W. Marks","W. Marks","RB","HOU","10","","injury-status","Final W 37-21 vs JAX","-","-","-","-","-","-","-","-","-","-","-","-"
"2488","T. Owens","T. Owens","WR","","","","injury-status","BYE","-","-","-","-","-","-","-","-","-","-","-","-"
"2489","T. Welch","T. Welch","TE","NO","6","","injury-status","Final W 38-3 vs GB","-","-","-","-","-","-","-","-","-","-","-","-"
"2490","K. Johnson","K. Johnson","RB","PIT","7","","injury-status","Final W 23-16 @ BUF","-","-","-","-","-","-","-","-","-","-","-","-"
"2491","T. Harris","T. Harris","WR","","","","injury-status","BYE","-","-","-","-","-","-","-","-","-","-","-","-"
"2492","B. Pierre","B. Pierre","TE","CAR","13","","injury-status","Final W 19-14 vs NYJ","-","-","-","-","-","-","-","-","-","-","-","-"
"2493","D. Bellinger","D. Bellinger","TE","NYG","10","","injury-status","Final L 13-27 vs DEN","-","-","-","-","-","-","-","-","-","-","-","-"
"2494","E. Cooks","E. Cooks","WR","PHI","14","","injury-status","Final W 32-6 @ ATL","-","-","-","-","-","-","-","-","-","-","-","-"
"2495","B. Corum","B. Corum","RB","LAR","11","","injury-status","Final W 34-14 vs CHI","-","-","-","-","-","-","-","-","-","-","-","-"
"2496","B. Lewis","B. Lewis","WR","","","","injury-status","BYE","-","-","-","-","-","-","-","-","-","-","-","-"
"2497","N. Williams","N. Williams","WR","DEN","11","","injury-status","Final W 27-13 @ NYG","-","-","-","-","-","-","-","-","-","-","-","-"
"2498","T. Badie","T. Badie","RB","DEN","11","","injury-status","Final W 27-13 @ NYG","-","-","-","-","-","-","-","-","-","-","-","-"
"2499","L. Scott","L. Scott","RB","BAL","8","","injury-status","Final L 27-33 @ LV","-","-","-","-","-","-","-","-","-","-","-","-"
"2500","C. Dunn","C. Dunn","K","","","","injury-status","BYE","-","-","-","-","-","-","-","-","-","-","-","-"
"2501","D. Williams","D. Williams","WR","","","","injury-status","BYE","-","-","-","-","-","-","-","-","-","-","-","-"
"2502","T. Brooks","T. Brooks","RB","CIN","10","","injury-status","Final W 27-24 vs MIN","-","-","-","-","-","-","-","-","-","-","-","-"
"2503","K. Mitchell","K. Mitchell","RB","BAL","8","","injury-status","Final L 27-33 @ LV","-","-","-","-","-","-","-","-","-","-","-","-"
"2504","D. Estrada","D. Estrada","WR","","","Ques","injury-status questionable","BYE","-","-","-","-","-","-","-","-","-","-","-","-"
"2505","Z. Mitchell-Paden","Z. Mitchell-Paden","TE","BAL","8","","injury-status","Final L 27-33 @ LV","-","-","-","-","-","-","-","-","-","-","-","-"
"2506","T. Turner","T. Turner","WR","","","","injury-status","BYE","-","-","-","-","-","-","-","-","-","-","-","-"
"2507","C. Powell","C. Powell","RB","","","","injury-status","BYE","-","-","-","-","-","-","-","-","-","-","-","-"
"2508","B. Allen","B. Allen","RB","NYJ","6","","injury-status","Final L 14-19 @ CAR","-","-","-","-","-","-","-","-","-","-","-","-"
"2509","H. Hall","H. Hall","RB","","","","injury-status","BYE","-","-","-","-","-","-","-","-","-","-","-","-"
"2510","T. Johnson","T. Johnson","TE","NYG","10","","injury-status","Final L 13-27 vs DEN","-","-","-","-","-","-","-","-","-","-","-","-"
"2511","J. Haener","J. Haener","QB","NO","6","","injury-status","Final W 38-3 vs GB","-","-","-","-","-","-","-","-","-","-","-","-"
"2512","T. Kraft","T. Kraft","TE","GB","13","","injury-status","Final L 3-38 @ NO","-","-","-","-","-","-","-","-","-","-","-","-"
"2513","D. Jackson","D. Jackson","WR","","","","injury-status","BYE","-","-","-","-","-","-","-","-","-","-","-","-"
"2514","T. James","T. James","WR","","","","injury-status","BYE","-","-","-","-","-","-","-","-","-","-","-","-"
"2515","J. Barbon","J. Barbon","WR","","","","injury-status","BYE","-","-","-","-","-","-","-","-","-","-","-","-"
"2516","E. Collins","E. Collins","RB","","","","injury-status","BYE","-","-","-","-","-","-","-","-","-","-","-","-"
"2517","S. Conner","S. Conner","RB","","","","injury-status","BYE","-","-","-","-","-","-","-","-","-","-","-","-"
"2518","C. Cordeiro","C. Cordeiro","QB","","","","injury-status","BYE","-","-","-","-","-","-","-","-","-","-","-","-"
"2519","J. Haggins","J. Haggins","WR","","","","injury-status","BYE","-","-","-","-","-","-","-","-","-","-","-","-"
"2520","M. Severance","M. Severance","RB","","","","injury-status","BYE","-","-","-","-","-","-","-","-","-","-","-","-"
"2521","C. Lohner","C. Lohner","TE","DEN","11","","injury-status","Final W 27-13 @ NYG","-","-","-","-","-","-","-","-","-","-","-","-"
"2522","R. Wilson","R. Wilson","WR","PIT","7","","injury-status","Final W 23-16 @ BUF","-","-","-","-","-","-","-","-","-","-","-","-"
"2523","M. Tipton","M. Tipton","WR","NO","6","","injury-status","Final W 38-3 vs GB","-","-","-","-","-","-","-","-","-","-","-","-"
"2524","B. Westfield","B. Westfield","WR","","","","injury-status","BYE","-","-","-","-","-","-","-","-","-","-","-","-"
"2525","V. Johnson","V. Johnson","WR","","","","injury-status","BYE","-","-","-","-","-","-","-","-","-","-","-","-"
"2526","F. Harper","F. Harper","QB","","","","injury-status","BYE","-","-","-","-","-","-","-","-","-","-","-","-"
"2527","T. Wolff","T. Wolff","K","","","","injury-status","BYE","-","-","-","-","-","-","-","-","-","-","-","-"
"2528","L. McCaffrey","L. McCaffrey","WR","WAS","9","","injury-status","Final L 16-20 vs LAC","-","-","-","-","-","-","-","-","-","-","-","-"
"2529","M. Landers","M. Landers","WR","","","Ques","injury-status questionable","BYE","-","-","-","-","-","-","-","-","-","-","-","-"
"2530","G. Bell","G. Bell","RB","","","","injury-status","BYE","-","-","-","-","-","-","-","-","-","-","-","-"
"2531","Q. Skinner","Q. Skinner","WR","","","","injury-status","BYE","-","-","-","-","-","-","-","-","-","-","-","-"
"2532","J. Mason","J. Mason","RB","MIN","7","","injury-status","Final L 24-27 @ CIN","-","-","-","-","-","-","-","-","-","-","-","-"
"2533","D. Davis","D. Davis","WR","","","Ques","injury-status questionable","BYE","-","-","-","-","-","-","-","-","-","-","-","-"
"2534","R. Bell","R. Bell","WR","DET","9","","injury-status","Final L 33-41 vs SF","-","-","-","-","-","-","-","-","-","-","-","-"
"2535","H. Litwin","H. Litwin","WR","","","","injury-status","BYE","-","-","-","-","-","-","-","-","-","-","-","-"
"2536","T. Ferguson","T. Ferguson","TE","LAR","11","","injury-status","Final W 34-14 vs CHI","-","-","-","-","-","-","-","-","-","-","-","-"
"2537","B. Young","B. Young","QB","CAR","13","","injury-status","Final W 19-14 vs NYJ","-","-","-","-","-","-","-","-","-","-","-","-"
"2538","S. Watts","S. Watts","RB","","","","injury-status","BYE","-","-","-","-","-","-","-","-","-","-","-","-"
"2539","J. Podlesny","J. Podlesny","K","","","","injury-status","BYE","-","-","-","-","-","-","-","-","-","-","-","-"
"2540","R. Coe","R. Coe","K","","","","injury-status","BYE","-","-","-","-","-","-","-","-","-","-","-","-"
"2541","M. Borghi","M. Borghi","RB","","","","injury-status","BYE","-","-","-","-","-","-","-","-","-","-","-","-"
"2542","E. Egbuka","E. Egbuka","WR","TB","9","","injury-status","Final W 31-29 vs DAL","-","-","-","-","-","-","-","-","-","-","-","-"
"2543","R. Pearsall","R. Pearsall","WR","SF","6","","injury-status","Final W 41-33 @ DET","-","-","-","-","-","-","-","-","-","-","-","-"
"2544","T. Stewart","T. Stewart","RB","","","","injury-status","BYE","-","-","-","-","-","-","-","-","-","-","-","-"
"2545","J. Moore","J. Moore","WR","CIN","10","","injury-status","Final W 27-24 vs MIN","-","-","-","-","-","-","-","-","-","-","-","-"
"2546","G. Brkic","G. Brkic","K","","","","injury-status","BYE","-","-","-","-","-","-","-","-","-","-","-","-"
"2547","B. Braylon","B. Braylon","WR","","","","injury-status","BYE","-","-","-","-","-","-","-","-","-","-","-","-"
"2548","A. Cruickshank","A. Cruickshank","WR","","","","injury-status","BYE","-","-","-","-","-","-","-","-","-","-","-","-"
"2549","G. Bartholomew","G. Bartholomew","TE","MIN","7","PUP","injury-status pup","Final L 24-27 @ CIN","-","-","-","-","-","-","-","-","-","-","-","-"
"2550","O. Wilson","O. Wilson","WR","","","","injury-status","BYE","-","-","-","-","-","-","-","-","-","-","-","-"
"2551","S. Stilianos","S. Stilianos","TE","","","","injury-status","BYE","-","-","-","-","-","-","-","-","-","-","-","-"
"2552","L. Havrisik","L. Havrisik","K","","","","injury-status","BYE","-","-","-","-","-","-","-","-","-","-","-","-"
"2553","A. Kelly","A. Kelly","WR","","","","injury-status","BYE","-","-","-","-","-","-","-","-","-","-","-","-"
"2554","Z. Malone","Z. Malone","WR","","","","injury-status","BYE","-","-","-","-","-","-","-","-","-","-","-","-"
"2555","D. Parham","D. Parham","TE","","","","injury-status","BYE","-","-","-","-","-","-","-","-","-","-","-","-"
"2556","E. Fernea","E. Fernea","WR","","","","injury-status","BYE","-","-","-","-","-","-","-","-","-","-","-","-"
"2557","J. McAtamney","J. McAtamney","K","NYG","10","","injury-status","Final L 13-27 vs DEN","-","-","-","-","-","-","-","-","-","-","-","-"
"2558","T. Mack","T. Mack","WR","","","","injury-status","BYE","-","-","-","-","-","-","-","-","-","-","-","-"
"2559","I. Guerendo","I. Guerendo","RB","SF","6","","injury-status","Final W 41-33 @ DET","-","-","-","-","-","-","-","-","-","-","-","-"
"2560","N. King","N. King","WR","","","","injury-status","BYE","-","-","-","-","-","-","-","-","-","-","-","-"
"2561","D. Fleming","D. Fleming","WR","MIN","7","","injury-status","Final L 24-27 @ CIN","-","-","-","-","-","-","-","-","-","-","-","-"
"2562","J. Bonds","J. Bonds","WR","","","","injury-status","BYE","-","-","-","-","-","-","-","-","-","-","-","-"
"2563","J. Newton","J. Newton","WR","","","","injury-status","BYE","-","-","-","-","-","-","-","-","-","-","-","-"
"2564","T. Mellott","T. Mellott","WR","NO","6","","injury-status","Final W 38-3 vs GB","-","-","-","-","-","-","-","-","-","-","-","-"
"2565","E. Lee","E. Lee","WR","","","","injury-status","BYE","-","-","-","-","-","-","-","-","-","-","-","-"
"2566","T. Harris","T. Harris","WR","LAC","7","Ques","injury-status questionable","Final W 20-16 @ WAS","-","-","-","-","-","-","-","-","-","-","-","-"
"2567","W. Levis","W. Levis","QB","TEN","13","IR","injury-status ir","Final L 13-38 vs ARI","-","-","-","-","-","-","-","-","-","-","-","-"
"2568","N. Carter","N. Carter","RB","ATL","6","","injury-status","Final L 6-32 vs PHI","-","-","-","-","-","-","-","-","-","-","-","-"
"2569","E. Ruffin","E. Ruffin","WR","","","","injury-status","BYE","-","-","-","-","-","-","-","-","-","-","-","-"
"2570","T. Davis-Price","T. Davis-Price","RB","","","","injury-status","BYE","-","-","-","-","-","-","-","-","-","-","-","-"
"2571","C. Watson","C. Watson","WR","GB","13","PUP","injury-status pup","Final L 3-38 @ NO","-","-","-","-","-","-","-","-","-","-","-","-"
"2572","S. Tucker","S. Tucker","RB","TB","9","","injury-status","Final W 31-29 vs DAL","-","-","-","-","-","-","-","-","-","-","-","-"
"2573","K. Akharaiyi","K. Akharaiyi","WR","","","","injury-status","BYE","-","-","-","-","-","-","-","-","-","-","-","-"
"2574","T. Pennix","T. Pennix","TE","","","","injury-status","BYE","-","-","-","-","-","-","-","-","-","-","-","-"
"2575","N. Sciba","N. Sciba","K","","","","injury-status","BYE","-","-","-","-","-","-","-","-","-","-","-","-"
"2576","A. Szmyt","A. Szmyt","K","CLE","13","","injury-status","Final L 29-33 @ KC","-","-","-","-","-","-","-","-","-","-","-","-"
"2577","J. Hall","J. Hall","TE","","","","injury-status","BYE","-","-","-","-","-","-","-","-","-","-","-","-"
"2578","T. Warren","T. Warren","TE","IND","14","","injury-status","Final L 16-28 vs SEA","-","-","-","-","-","-","-","-","-","-","-","-"
"2579","E. Jones","E. Jones","QB","ATL","6","IR","injury-status ir","Final L 6-32 vs PHI","-","-","-","-","-","-","-","-","-","-","-","-"
"2580","M. Pline","M. Pline","TE","NO","6","IR","injury-status ir","Final W 38-3 vs GB","-","-","-","-","-","-","-","-","-","-","-","-"
"2581","D. Thompson-Robinson","D. Thompson-Robinson","QB","","","","injury-status","BYE","-","-","-","-","-","-","-","-","-","-","-","-"
"2582","J. Matocha","J. Matocha","QB","","","","injury-status","BYE","-","-","-","-","-","-","-","-","-","-","-","-"
"2583","D. Porter","D. Porter","WR","","","","injury-status","BYE","-","-","-","-","-","-","-","-","-","-","-","-"
"2584","M. Colburn","M. Colburn","RB","","","","injury-status","BYE","-","-","-","-","-","-","-","-","-","-","-","-"
"2585","C. Rambo","C. Rambo","WR","","","Ques","injury-status questionable","BYE","-","-","-","-","-","-","-","-","-","-","-","-"
"2586","C. Shudak","C. Shudak","K","","","","injury-status","BYE","-","-","-","-","-","-","-","-","-","-","-","-"
"2587","T. Shough","T. Shough","QB","NO","6","","injury-status","Final W 38-3 vs GB","-","-","-","-","-","-","-","-","-","-","-","-"
"2588","B. Strange","B. Strange","TE","JAX","7","","injury-status","Final L 21-37 @ HOU","-","-","-","-","-","-","-","-","-","-","-","-"
"2589","B. Nesbit","B. Nesbit","TE","MIN","7","","injury-status","Final L 24-27 @ CIN","-","-","-","-","-","-","-","-","-","-","-","-"
"2590","M. Hiers","M. Hiers","QB","","","","injury-status","BYE","-","-","-","-","-","-","-","-","-","-","-","-"
"2591","T. Hairston","T. Hairston","RB","","","","injury-status","BYE","-","-","-","-","-","-","-","-","-","-","-","-"
"2592","S. Clifford","S. Clifford","QB","","","","injury-status","BYE","-","-","-","-","-","-","-","-","-","-","-","-"
"2593","K. Lynch-Adams","K. Lynch-Adams","RB","","","","injury-status","BYE","-","-","-","-","-","-","-","-","-","-","-","-"
"2594","D. Campbell","D. Campbell","WR","CAR","13","","injury-status","Final W 19-14 vs NYJ","-","-","-","-","-","-","-","-","-","-","-","-"
"2595","J. McMillan","J. McMillan","WR","TB","9","IR","injury-status ir","Final W 31-29 vs DAL","-","-","-","-","-","-","-","-","-","-","-","-"
"2596","D. Prince","D. Prince","RB","NE","14","IR","injury-status ir","Final L 16-17 vs MIA","-","-","-","-","-","-","-","-","-","-","-","-"
"2597","C. Lewis","C. Lewis","K","","","","injury-status","BYE","-","-","-","-","-","-","-","-","-","-","-","-"
"2598","J. Moody","J. Moody","K","SF","6","","injury-status","Final W 41-33 @ DET","-","-","-","-","-","-","-","-","-","-","-","-"
"2599","B. Smith","B. Smith","RB","KC","12","","injury-status","Final W 33-29 vs CLE","-","-","-","-","-","-","-","-","-","-","-","-"
"2600","M. Foster","M. Foster","WR","","","Ques","injury-status questionable","BYE","-","-","-","-","-","-","-","-","-","-","-","-"
"2601","L. Winningham","L. Winningham","WR","","","","injury-status","BYE","-","-","-","-","-","-","-","-","-","-","-","-"
"2602","S. Days","S. Days","RB","","","","injury-status","BYE","-","-","-","-","-","-","-","-","-","-","-","-"
"2603","D. Wicks","D. Wicks","WR","GB","13","Ques","injury-status questionable","Final L 3-38 @ NO","-","-","-","-","-","-","-","-","-","-","-","-"
"2604","L. Burden","L. Burden","WR","CHI","10","","injury-status","Final L 14-34 @ LAR","-","-","-","-","-","-","-","-","-","-","-","-"
"2605","B. Thompson","B. Thompson","WR","","","","injury-status","BYE","-","-","-","-","-","-","-","-","-","-","-","-"
"2606","J. Nailor","J. Nailor","WR","MIN","7","Ques","injury-status questionable","Final L 24-27 @ CIN","-","-","-","-","-","-","-","-","-","-","-","-"
"2607","D. Douglas","D. Douglas","WR","NE","14","","injury-status","Final L 16-17 vs MIA","-","-","-","-","-","-","-","-","-","-","-","-"
"2608","S. Schnee","S. Schnee","WR","","","","injury-status","BYE","-","-","-","-","-","-","-","-","-","-","-","-"
"2609","N. Muse","N. Muse","TE","","","","injury-status","BYE","-","-","-","-","-","-","-","-","-","-","-","-"
"2610","B. Covey","B. Covey","WR","PHI","14","","injury-status","Final W 32-6 @ ATL","-","-","-","-","-","-","-","-","-","-","-","-"
"2611","Q. Conley","Q. Conley","RB","","","","injury-status","BYE","-","-","-","-","-","-","-","-","-","-","-","-"
"2612","J. Saylors","J. Saylors","RB","DET","9","","injury-status","Final L 33-41 vs SF","-","-","-","-","-","-","-","-","-","-","-","-"
"2613","I. Gathings","I. Gathings","TE","","","Ques","injury-status questionable","BYE","-","-","-","-","-","-","-","-","-","-","-","-"
"2614","T. Tagovailoa","T. Tagovailoa","QB","","","","injury-status","BYE","-","-","-","-","-","-","-","-","-","-","-","-"
"2615","M. Johnson","M. Johnson","RB","","","","injury-status","BYE","-","-","-","-","-","-","-","-","-","-","-","-"
"2616","G. Gunter","G. Gunter","TE","","","","injury-status","BYE","-","-","-","-","-","-","-","-","-","-","-","-"
"2617","L. Floriea","L. Floriea","WR","","","Ques","injury-status questionable","BYE","-","-","-","-","-","-","-","-","-","-","-","-"
"2618","M. Rigerman","M. Rigerman","TE","","","","injury-status","BYE","-","-","-","-","-","-","-","-","-","-","-","-"
"2619","J. Kirklin","J. Kirklin","WR","","","","injury-status","BYE","-","-","-","-","-","-","-","-","-","-","-","-"
"2620","J. Thrash","J. Thrash","WR","CLE","13","","injury-status","Final L 29-33 @ KC","-","-","-","-","-","-","-","-","-","-","-","-"
"2621","M. Yarns","M. Yarns","RB","","","","injury-status","BYE","-","-","-","-","-","-","-","-","-","-","-","-"
"2622","M. Alexander","M. Alexander","WR","CHI","10","","injury-status","Final L 14-34 @ LAR","-","-","-","-","-","-","-","-","-","-","-","-"
"2623","G. Greene","G. Greene","QB","TB","9","","injury-status","Final W 31-29 vs DAL","-","-","-","-","-","-","-","-","-","-","-","-"
"2624","C. Holder","C. Holder","WR","","","","injury-status","BYE","-","-","-","-","-","-","-","-","-","-","-","-"
"2625","L. Watson","L. Watson","TE","","","","injury-status","BYE","-","-","-","-","-","-","-","-","-","-","-","-"
"2626","J. Travis","J. Travis","QB","","","NA","injury-status na","BYE","-","-","-","-","-","-","-","-","-","-","-","-"
"2627","S. LaPorta","S. LaPorta","TE","DET","9","","injury-status","Final L 33-41 vs SF","-","-","-","-","-","-","-","-","-","-","-","-"
"2628","G. Hardison","G. Hardison","QB","","","","injury-status","BYE","-","-","-","-","-","-","-","-","-","-","-","-"
"2629","D. Caffrey","D. Caffrey","TE","","","","injury-status","BYE","-","-","-","-","-","-","-","-","-","-","-","-"
"2630","J. Banks","J. Banks","WR","","","","injury-status","BYE","-","-","-","-","-","-","-","-","-","-","-","-"
"2631","A. Hale","A. Hale","K","","","Ques","injury-status questionable","BYE","-","-","-","-","-","-","-","-","-","-","-","-"
"2632","D. Demus","D. Demus","WR","","","","injury-status","BYE","-","-","-","-","-","-","-","-","-","-","-","-"
"2633","J. Jackson","J. Jackson","WR","","","","injury-status","BYE","-","-","-","-","-","-","-","-","-","-","-","-"
"2634","J. Jackson","J. Jackson","WR","","","","injury-status","BYE","-","-","-","-","-","-","-","-","-","-","-","-"
"2635","G. Calcaterra","G. Calcaterra","TE","PHI","14","","injury-status","Final W 32-6 @ ATL","-","-","-","-","-","-","-","-","-","-","-","-"
"2636","M. Riley","M. Riley","WR","","","Ques","injury-status questionable","BYE","-","-","-","-","-","-","-","-","-","-","-","-"
"2637","K. Harris","K. Harris","RB","","","","injury-status","BYE","-","-","-","-","-","-","-","-","-","-","-","-"
"2638","K. Thompson","K. Thompson","WR","","","","injury-status","BYE","-","-","-","-","-","-","-","-","-","-","-","-"
"2639","S. Sanders","S. Sanders","QB","CLE","13","","injury-status","Final L 29-33 @ KC","-","-","-","-","-","-","-","-","-","-","-","-"
"2640","I. Williams","I. Williams","WR","CIN","10","","injury-status","Final W 27-24 vs MIN","-","-","-","-","-","-","-","-","-","-","-","-"
"2641","N. Rourke","N. Rourke","QB","","","","injury-status","BYE","-","-","-","-","-","-","-","-","-","-","-","-"
"2642","J. Bobo","J. Bobo","WR","SEA","9","Ques","injury-status questionable","Final W 28-16 @ IND","-","-","-","-","-","-","-","-","-","-","-","-"
"2643","J. Holiday","J. Holiday","WR","KC","12","","injury-status","Final W 33-29 vs CLE","-","-","-","-","-","-","-","-","-","-","-","-"
"2644","M. McNamee","M. McNamee","K","GB","13","","injury-status","Final L 3-38 @ NO","-","-","-","-","-","-","-","-","-","-","-","-"
"2645","T. Benson","T. Benson","RB","ARI","12","","injury-status","Final W 38-13 @ TEN","-","-","-","-","-","-","-","-","-","-","-","-"
"2646","B. Russell","B. Russell","TE","SEA","9","","injury-status","Final W 28-16 @ IND","-","-","-","-","-","-","-","-","-","-","-","-"
"2647","M. Williams","M. Williams","WR","","","","injury-status","BYE","-","-","-","-","-","-","-","-","-","-","-","-"
"2648","D. George","D. George","WR","","","","injury-status","BYE","-","-","-","-","-","-","-","-","-","-","-","-"
"2649","D. Blankumsee","D. Blankumsee","WR","","","","injury-status","BYE","-","-","-","-","-","-","-","-","-","-","-","-"
"2650","A. Grant","A. Grant","RB","","","","injury-status","BYE","-","-","-","-","-","-","-","-","-","-","-","-"
"2651","C. Dowell","C. Dowell","WR","","","","injury-status","BYE","-","-","-","-","-","-","-","-","-","-","-","-"
"2652","P. Jarrett","P. Jarrett","QB","","","","injury-status","BYE","-","-","-","-","-","-","-","-","-","-","-","-"
"2653","I. Winstead","I. Winstead","WR","","","","injury-status","BYE","-","-","-","-","-","-","-","-","-","-","-","-"
"2654","N. Gindorff","N. Gindorff","TE","","","","injury-status","BYE","-","-","-","-","-","-","-","-","-","-","-","-"
"2655","C. Jackson","C. Jackson","WR","","","","injury-status","BYE","-","-","-","-","-","-","-","-","-","-","-","-"
"2656","J. Paddock","J. Paddock","QB","","","","injury-status","BYE","-","-","-","-","-","-","-","-","-","-","-","-"
"2657","J. Chisholm","J. Chisholm","RB","","","","injury-status","BYE","-","-","-","-","-","-","-","-","-","-","-","-"
"2658","J. Harper","J. Harper","WR","","","","injury-status","BYE","-","-","-","-","-","-","-","-","-","-","-","-"
"2659","I. Pacheco","I. Pacheco","RB","KC","12","","injury-status","Final W 33-29 vs CLE","-","-","-","-","-","-","-","-","-","-","-","-"
"2660","K. Robinson","K. Robinson","RB","","","","injury-status","BYE","-","-","-","-","-","-","-","-","-","-","-","-"
"2661","T. Swen","T. Swen","RB","","","","injury-status","BYE","-","-","-","-","-","-","-","-","-","-","-","-"
"2662","R. Baker","R. Baker","RB","","","Ques","injury-status questionable","BYE","-","-","-","-","-","-","-","-","-","-","-","-"
"2663","T. Gordon","T. Gordon","TE","","","","injury-status","BYE","-","-","-","-","-","-","-","-","-","-","-","-"
"2664","R. Lombardi","R. Lombardi","QB","","","","injury-status","BYE","-","-","-","-","-","-","-","-","-","-","-","-"
"2665","W. Mallory","W. Mallory","TE","IND","14","","injury-status","Final L 16-28 vs SEA","-","-","-","-","-","-","-","-","-","-","-","-"
"2666","C. Dicker","C. Dicker","K","LAC","7","","injury-status","Final W 20-16 @ WAS","-","-","-","-","-","-","-","-","-","-","-","-"
"2667","C. Peterson","C. Peterson","QB","","","","injury-status","BYE","-","-","-","-","-","-","-","-","-","-","-","-"
"2668","C. Allen","C. Allen","TE","","","","injury-status","BYE","-","-","-","-","-","-","-","-","-","-","-","-"
"2669","X. Weaver","X. Weaver","WR","ARI","12","","injury-status","Final W 38-13 @ TEN","-","-","-","-","-","-","-","-","-","-","-","-"
"2670","M. Washington","M. Washington","WR","","","","injury-status","BYE","-","-","-","-","-","-","-","-","-","-","-","-"
"2671","V. Ambrosio","V. Ambrosio","K","","","","injury-status","BYE","-","-","-","-","-","-","-","-","-","-","-","-"
"2672","C. Brayboy","C. Brayboy","WR","JAX","7","","injury-status","Final L 21-37 @ HOU","-","-","-","-","-","-","-","-","-","-","-","-"
"2673","M. Pratt","M. Pratt","QB","","","Ques","injury-status questionable","BYE","-","-","-","-","-","-","-","-","-","-","-","-"
"2674","J. Mayes","J. Mayes","WR","","","","injury-status","BYE","-","-","-","-","-","-","-","-","-","-","-","-"
"2675","A. Peasley","A. Peasley","QB","","","","injury-status","BYE","-","-","-","-","-","-","-","-","-","-","-","-"
"2676","T. Ford","T. Ford","QB","","","","injury-status","BYE","-","-","-","-","-","-","-","-","-","-","-","-"
"2677","D. Holker","D. Holker","TE","","","","injury-status","BYE","-","-","-","-","-","-","-","-","-","-","-","-"
"2678","J. FitzPatrick","J. FitzPatrick","TE","GB","13","","injury-status","Final L 3-38 @ NO","-","-","-","-","-","-","-","-","-","-","-","-"
"2679","H. Hooker","H. Hooker","QB","CAR","13","","injury-status","Final W 19-14 vs NYJ","-","-","-","-","-","-","-","-","-","-","-","-"
"2680","L. Jackson","L. Jackson","WR","MIN","7","","injury-status","Final L 24-27 @ CIN","-","-","-","-","-","-","-","-","-","-","-","-"
"2681","S. Pinckney","S. Pinckney","WR","","","","injury-status","BYE","-","-","-","-","-","-","-","-","-","-","-","-"
"2682","G. Hebert","G. Hebert","TE","","","","injury-status","BYE","-","-","-","-","-","-","-","-","-","-","-","-"
"2683","E. All","E. All","TE","CIN","10","PUP","injury-status pup","Final W 27-24 vs MIN","-","-","-","-","-","-","-","-","-","-","-","-"
"2684","R. Douglas","R. Douglas","WR","","","","injury-status","BYE","-","-","-","-","-","-","-","-","-","-","-","-"
"2685","Z. Kuntz","Z. Kuntz","TE","","","","injury-status","BYE","-","-","-","-","-","-","-","-","-","-","-","-"
"2686","K. Jackson","K. Jackson","WR","","","","injury-status","BYE","-","-","-","-","-","-","-","-","-","-","-","-"
"2687","J. Sterns","J. Sterns","WR","","","","injury-status","BYE","-","-","-","-","-","-","-","-","-","-","-","-"
"2688","L. Jones","L. Jones","WR","","","","injury-status","BYE","-","-","-","-","-","-","-","-","-","-","-","-"
"2689","J. Marshall","J. Marshall","WR","","","","injury-status","BYE","-","-","-","-","-","-","-","-","-","-","-","-"
"2690","J. Franklin","J. Franklin","QB","","","","injury-status","BYE","-","-","-","-","-","-","-","-","-","-","-","-"
"2691","J. Petaia","J. Petaia","TE","","","Ques","injury-status questionable","BYE","-","-","-","-","-","-","-","-","-","-","-","-"
"2692","G. Spivey","G. Spivey","TE","","","","injury-status","BYE","-","-","-","-","-","-","-","-","-","-","-","-"
"2693","E. Badger","E. Badger","WR","","","","injury-status","BYE","-","-","-","-","-","-","-","-","-","-","-","-"
"2694","E. Krommenhoek","E. Krommenhoek","TE","","","","injury-status","BYE","-","-","-","-","-","-","-","-","-","-","-","-"
"2695","M. Wilson","M. Wilson","WR","ARI","12","","injury-status","Final W 38-13 @ TEN","-","-","-","-","-","-","-","-","-","-","-","-"
"2696","R. Odunze","R. Odunze","WR","CHI","10","","injury-status","Final L 14-34 @ LAR","-","-","-","-","-","-","-","-","-","-","-","-"
"2697","H. Luepke","H. Luepke","RB","DAL","7","","injury-status","Final L 29-31 @ TB","-","-","-","-","-","-","-","-","-","-","-","-"
"2698","J. Terry","J. Terry","TE","","","IR","injury-status ir","BYE","-","-","-","-","-","-","-","-","-","-","-","-"
"2699","S. Carden","S. Carden","QB","","","","injury-status","BYE","-","-","-","-","-","-","-","-","-","-","-","-"
"2700","D. Hankins","D. Hankins","RB","CHI","10","IR","injury-status ir","Final L 14-34 @ LAR","-","-","-","-","-","-","-","-","-","-","-","-"
"2701","E. Garbers","E. Garbers","QB","","","","injury-status","BYE","-","-","-","-","-","-","-","-","-","-","-","-"
"2702","C. Washington","C. Washington","WR","ATL","6","","injury-status","Final L 6-32 vs PHI","-","-","-","-","-","-","-","-","-","-","-","-"
"2703","R. Burns","R. Burns","RB","","","","injury-status","BYE","-","-","-","-","-","-","-","-","-","-","-","-"
"2704","R. White","R. White","WR","SEA","9","","injury-status","Final W 28-16 @ IND","-","-","-","-","-","-","-","-","-","-","-","-"
"2705","L. McConkey","L. McConkey","WR","LAC","7","","injury-status","Final W 20-16 @ WAS","-","-","-","-","-","-","-","-","-","-","-","-"
"2706","R. Lewis","R. Lewis","WR","","","","injury-status","BYE","-","-","-","-","-","-","-","-","-","-","-","-"
"2707","S. Henigan","S. Henigan","QB","JAX","7","","injury-status","Final L 21-37 @ HOU","-","-","-","-","-","-","-","-","-","-","-","-"
"2708","T. Snead","T. Snead","WR","","","","injury-status","BYE","-","-","-","-","-","-","-","-","-","-","-","-"
"2709","J. Small","J. Small","RB","","","Ques","injury-status questionable","BYE","-","-","-","-","-","-","-","-","-","-","-","-"
"2710","R. Mobley","R. Mobley","WR","","","","injury-status","BYE","-","-","-","-","-","-","-","-","-","-","-","-"
"2711","M. Coprich","M. Coprich","RB","","","","injury-status","BYE","-","-","-","-","-","-","-","-","-","-","-","-"
"2712","C. Kiner","C. Kiner","RB","SF","6","Ques","injury-status questionable","Final W 41-33 @ DET","-","-","-","-","-","-","-","-","-","-","-","-"
"2713","I. TeSlaa","I. TeSlaa","WR","DET","9","","injury-status","Final L 33-41 vs SF","-","-","-","-","-","-","-","-","-","-","-","-"
"2714","M. Major","M. Major","RB","","","","injury-status","BYE","-","-","-","-","-","-","-","-","-","-","-","-"
"2715","J. Jones","J. Jones","WR","","","","injury-status","BYE","-","-","-","-","-","-","-","-","-","-","-","-"
"2716","T. Henderson","T. Henderson","RB","NE","14","","injury-status","Final L 16-17 vs MIA","-","-","-","-","-","-","-","-","-","-","-","-"
"2717","C. Ryland","C. Ryland","K","ARI","12","","injury-status","Final W 38-13 @ TEN","-","-","-","-","-","-","-","-","-","-","-","-"
"2718","A. Jones","A. Jones","RB","","","","injury-status","BYE","-","-","-","-","-","-","-","-","-","-","-","-"
"2719","R. Fitzgerald","R. Fitzgerald","K","CAR","13","","injury-status","Final W 19-14 vs NYJ","-","-","-","-","-","-","-","-","-","-","-","-"
"2720","J. Scott","J. Scott","TE","","","","injury-status","BYE","-","-","-","-","-","-","-","-","-","-","-","-"
"2721","R. Sharp","R. Sharp","TE","","","","injury-status","BYE","-","-","-","-","-","-","-","-","-","-","-","-"
"2722","P. LeBlanc","P. LeBlanc","WR","","","","injury-status","BYE","-","-","-","-","-","-","-","-","-","-","-","-"
"2723","T. Koontz","T. Koontz","TE","","","","injury-status","BYE","-","-","-","-","-","-","-","-","-","-","-","-"
"2724","D. Joyner","D. Joyner","WR","","","","injury-status","BYE","-","-","-","-","-","-","-","-","-","-","-","-"
"2725","A. Reed","A. Reed","QB","","","","injury-status","BYE","-","-","-","-","-","-","-","-","-","-","-","-"
"2726","J. Manton","J. Manton","K","","","","injury-status","BYE","-","-","-","-","-","-","-","-","-","-","-","-"
"2727","D. Durden","D. Durden","WR","","","Ques","injury-status questionable","BYE","-","-","-","-","-","-","-","-","-","-","-","-"
"2728","L. Parker","L. Parker","WR","","","","injury-status","BYE","-","-","-","-","-","-","-","-","-","-","-","-"
"2729","J. Wright","J. Wright","RB","SEA","9","","injury-status","Final W 28-16 @ IND","-","-","-","-","-","-","-","-","-","-","-","-"
"2730","J. Walker","J. Walker","WR","CHI","10","","injury-status","Final L 14-34 @ LAR","-","-","-","-","-","-","-","-","-","-","-","-"
"2731","I. Davis","I. Davis","RB","NYJ","6","Ques","injury-status questionable","Final L 14-19 @ CAR","-","-","-","-","-","-","-","-","-","-","-","-"
"2732","L. Nichols","L. Nichols","RB","PIT","7","","injury-status","Final W 23-16 @ BUF","-","-","-","-","-","-","-","-","-","-","-","-"
"2733","J. Smith-Njigba","J. Smith-Njigba","WR","SEA","9","","injury-status","Final W 28-16 @ IND","-","-","-","-","-","-","-","-","-","-","-","-"
"2734","T. Lindsey","T. Lindsey","WR","","","","injury-status","BYE","-","-","-","-","-","-","-","-","-","-","-","-"
"2735","D. Dixon","D. Dixon","WR","","","","injury-status","BYE","-","-","-","-","-","-","-","-","-","-","-","-"
"2736","K. Kieft","K. Kieft","TE","TB","9","","injury-status","Final W 31-29 vs DAL","-","-","-","-","-","-","-","-","-","-","-","-"
"2737","R. Mueller","R. Mueller","RB","","","","injury-status","BYE","-","-","-","-","-","-","-","-","-","-","-","-"
"2738","T. Pitts","T. Pitts","WR","","","Ques","injury-status questionable","BYE","-","-","-","-","-","-","-","-","-","-","-","-"
"2739","T. Clark","T. Clark","WR","","","","injury-status","BYE","-","-","-","-","-","-","-","-","-","-","-","-"
"2740","G. Holmes","G. Holmes","WR","","","","injury-status","BYE","-","-","-","-","-","-","-","-","-","-","-","-"
"2741","K. Vidal","K. Vidal","RB","LAC","7","","injury-status","Final W 20-16 @ WAS","-","-","-","-","-","-","-","-","-","-","-","-"
"2742","J. Conyers","J. Conyers","TE","MIA","14","IR","injury-status ir","Final W 17-16 @ NE","-","-","-","-","-","-","-","-","-","-","-","-"
"2743","E. Brun","E. Brun","TE","","","","injury-status","BYE","-","-","-","-","-","-","-","-","-","-","-","-"
"2744","B. Bates","B. Bates","TE","CLE","13","","injury-status","Final L 29-33 @ KC","-","-","-","-","-","-","-","-","-","-","-","-"
"2745","D. Deese","D. Deese","TE","","","","injury-status","BYE","-","-","-","-","-","-","-","-","-","-","-","-"
"2746","A. Coxson","A. Coxson","WR","","","","injury-status","BYE","-","-","-","-","-","-","-","-","-","-","-","-"
"2747","J. Smith","J. Smith","WR","","","IR","injury-status ir","BYE","-","-","-","-","-","-","-","-","-","-","-","-"
"2748","A. Boone","A. Boone","QB","","","","injury-status","BYE","-","-","-","-","-","-","-","-","-","-","-","-"
"2749","S. Houma","S. Houma","RB","","","","injury-status","BYE","-","-","-","-","-","-","-","-","-","-","-","-"
"2750","D. Laube","D. Laube","RB","LV","8","","injury-status","Final W 33-27 vs BAL","-","-","-","-","-","-","-","-","-","-","-","-"
"2751","C. Brooks","C. Brooks","RB","GB","13","","injury-status","Final L 3-38 @ NO","-","-","-","-","-","-","-","-","-","-","-","-"
"2752","J. Edwards","J. Edwards","RB","","","","injury-status","BYE","-","-","-","-","-","-","-","-","-","-","-","-"
"2753","G. Scott","G. Scott","TE","","","","injury-status","BYE","-","-","-","-","-","-","-","-","-","-","-","-"
"2754","A. Carlson","A. Carlson","K","","","","injury-status","BYE","-","-","-","-","-","-","-","-","-","-","-","-"
"2755","J. Brooks","J. Brooks","WR","WAS","9","","injury-status","Final L 16-20 vs LAC","-","-","-","-","-","-","-","-","-","-","-","-"
"2756","J. Brownlee","J. Brownlee","WR","KC","12","","injury-status","Final W 33-29 vs CLE","-","-","-","-","-","-","-","-","-","-","-","-"
"2757","M. Herzog","M. Herzog","RB","","","","injury-status","BYE","-","-","-","-","-","-","-","-","-","-","-","-"
"2758","C. Louks","C. Louks","WR","","","","injury-status","BYE","-","-","-","-","-","-","-","-","-","-","-","-"
"2759","M. Johnson","M. Johnson","WR","","","","injury-status","BYE","-","-","-","-","-","-","-","-","-","-","-","-"
"2760","J. Reed","J. Reed","WR","GB","13","Ques","injury-status questionable","Final L 3-38 @ NO","-","-","-","-","-","-","-","-","-","-","-","-"
"2761","E. Bailey","E. Bailey","RB","","","","injury-status","BYE","-","-","-","-","-","-","-","-","-","-","-","-"
"2762","Z. Annexstad","Z. Annexstad","QB","","","","injury-status","BYE","-","-","-","-","-","-","-","-","-","-","-","-"
"2763","T. McLachlan","T. McLachlan","TE","CIN","10","IR","injury-status ir","Final W 27-24 vs MIN","-","-","-","-","-","-","-","-","-","-","-","-"
"2764","C. Jones","C. Jones","WR","CIN","10","","injury-status","Final W 27-24 vs MIN","-","-","-","-","-","-","-","-","-","-","-","-"
"2765","J. Sifrin","J. Sifrin","TE","","","","injury-status","BYE","-","-","-","-","-","-","-","-","-","-","-","-"
"2766","A. Brown","A. Brown","WR","","","","injury-status","BYE","-","-","-","-","-","-","-","-","-","-","-","-"
"2767","H. El-Zayat","H. El-Zayat","WR","","","Ques","injury-status questionable","BYE","-","-","-","-","-","-","-","-","-","-","-","-"
"2768","M. Washington","M. Washington","WR","MIA","14","","injury-status","Final W 17-16 @ NE","-","-","-","-","-","-","-","-","-","-","-","-"
"2769","E. Chism","E. Chism","WR","NE","14","Ques","injury-status questionable","Final L 16-17 vs MIA","-","-","-","-","-","-","-","-","-","-","-","-"
"2770","B. McCoy","B. McCoy","WR","","","","injury-status","BYE","-","-","-","-","-","-","-","-","-","-","-","-"
"2771","B. Easton","B. Easton","WR","","","","injury-status","BYE","-","-","-","-","-","-","-","-","-","-","-","-"
"2772","T. Kahmann","T. Kahmann","WR","","","","injury-status","BYE","-","-","-","-","-","-","-","-","-","-","-","-"
"2773","T. Brown","T. Brown","K","","","","injury-status","BYE","-","-","-","-","-","-","-","-","-","-","-","-"
"2774","J. Corbin","J. Corbin","RB","","","","injury-status","BYE","-","-","-","-","-","-","-","-","-","-","-","-"
"2775","J. Guarantano","J. Guarantano","QB","","","","injury-status","BYE","-","-","-","-","-","-","-","-","-","-","-","-"
"2776","J. Hall","J. Hall","QB","","","","injury-status","BYE","-","-","-","-","-","-","-","-","-","-","-","-"
"2777","H. Spears","H. Spears","TE","","","","injury-status","BYE","-","-","-","-","-","-","-","-","-","-","-","-"
"2778","C. Tyler","C. Tyler","RB","","","","injury-status","BYE","-","-","-","-","-","-","-","-","-","-","-","-"
"2779","C. Loveland","C. Loveland","TE","CHI","10","","injury-status","Final L 14-34 @ LAR","-","-","-","-","-","-","-","-","-","-","-","-"
"2780","J. Pritchett","J. Pritchett","WR","NYJ","6","","injury-status","Final L 14-19 @ CAR","-","-","-","-","-","-","-","-","-","-","-","-"
"2781","M. Williams","M. Williams","QB","","","","injury-status","BYE","-","-","-","-","-","-","-","-","-","-","-","-"
"2782","J. Milton","J. Milton","QB","DAL","7","","injury-status","Final L 29-31 @ TB","-","-","-","-","-","-","-","-","-","-","-","-"
"2783","X. Valladay","X. Valladay","RB","MIN","7","","injury-status","Final L 24-27 @ CIN","-","-","-","-","-","-","-","-","-","-","-","-"
"2784","J. Wilson","J. Wilson","WR","PHI","14","IR","injury-status ir","Final W 32-6 @ ATL","-","-","-","-","-","-","-","-","-","-","-","-"
"2785","C. King","C. King","WR","","","","injury-status","BYE","-","-","-","-","-","-","-","-","-","-","-","-"
"2786","A. McNulty","A. McNulty","K","","","","injury-status","BYE","-","-","-","-","-","-","-","-","-","-","-","-"
"2787","A. Estime","A. Estime","RB","PHI","14","","injury-status","Final W 32-6 @ ATL","-","-","-","-","-","-","-","-","-","-","-","-"
"2788","D. Gardner","D. Gardner","WR","","","","injury-status","BYE","-","-","-","-","-","-","-","-","-","-","-","-"
"2789","E. Dean","E. Dean","TE","","","","injury-status","BYE","-","-","-","-","-","-","-","-","-","-","-","-"
"2790","M. Dalena","M. Dalena","WR","","","","injury-status","BYE","-","-","-","-","-","-","-","-","-","-","-","-"
"2791","B. Taylor","B. Taylor","WR","","","","injury-status","BYE","-","-","-","-","-","-","-","-","-","-","-","-"
"2792","R. Williams","R. Williams","RB","","","","injury-status","BYE","-","-","-","-","-","-","-","-","-","-","-","-"
"2793","A. Brown","A. Brown","QB","","","","injury-status","BYE","-","-","-","-","-","-","-","-","-","-","-","-"
"2794","S. Robinson","S. Robinson","WR","","","","injury-status","BYE","-","-","-","-","-","-","-","-","-","-","-","-"
"2795","J. Ali","J. Ali","WR","","","","injury-status","BYE","-","-","-","-","-","-","-","-","-","-","-","-"
"2796","C. Chapman","C. Chapman","WR","","","","injury-status","BYE","-","-","-","-","-","-","-","-","-","-","-","-"
"2797","B. Tremayne","B. Tremayne","WR","CAR","13","","injury-status","Final W 19-14 vs NYJ","-","-","-","-","-","-","-","-","-","-","-","-"
"2798","K. Williams","K. Williams","WR","PIT","7","","injury-status","Final W 23-16 @ BUF","-","-","-","-","-","-","-","-","-","-","-","-"
"2799","M. Duggan","M. Duggan","QB","","","","injury-status","BYE","-","-","-","-","-","-","-","-","-","-","-","-"
"2800","J. Tonges","J. Tonges","TE","SF","6","","injury-status","Final W 41-33 @ DET","-","-","-","-","-","-","-","-","-","-","-","-"
"2801","J. Kelly","J. Kelly","WR","HOU","10","","injury-status","Final W 37-21 vs JAX","-","-","-","-","-","-","-","-","-","-","-","-"
"2802","D. Fenwick","D. Fenwick","RB","","","","injury-status","BYE","-","-","-","-","-","-","-","-","-","-","-","-"
"2803","J. Fleming","J. Fleming","WR","","","","injury-status","BYE","-","-","-","-","-","-","-","-","-","-","-","-"
"2804","C. Beck","C. Beck","WR","","","","injury-status","BYE","-","-","-","-","-","-","-","-","-","-","-","-"
"2805","I. Adeyi","I. Adeyi","WR","","","","injury-status","BYE","-","-","-","-","-","-","-","-","-","-","-","-"
"2806","J. George","J. George","WR","","","","injury-status","BYE","-","-","-","-","-","-","-","-","-","-","-","-"
"2807","E. Jenkins","E. Jenkins","TE","PHI","14","","injury-status","Final W 32-6 @ ATL","-","-","-","-","-","-","-","-","-","-","-","-"
"2808","J. Lingenfelter","J. Lingenfelter","TE","","","","injury-status","BYE","-","-","-","-","-","-","-","-","-","-","-","-"
"2809","J. Ezzard","J. Ezzard","WR","","","Ques","injury-status questionable","BYE","-","-","-","-","-","-","-","-","-","-","-","-"
"2810","D. Hardy","D. Hardy","WR","","","","injury-status","BYE","-","-","-","-","-","-","-","-","-","-","-","-"
"2811","L. Wester","L. Wester","WR","BAL","8","","injury-status","Final L 27-33 @ LV","-","-","-","-","-","-","-","-","-","-","-","-"
"2812","T. Williams","T. Williams","RB","","","","injury-status","BYE","-","-","-","-","-","-","-","-","-","-","-","-"
"2813","O. Gadsden","O. Gadsden","TE","LAC","7","","injury-status","Final W 20-16 @ WAS","-","-","-","-","-","-","-","-","-","-","-","-"
"2814","T. James","T. James","WR","","","","injury-status","BYE","-","-","-","-","-","-","-","-","-","-","-","-"
"2815","D. Walker","D. Walker","WR","BAL","8","","injury-status","Final L 27-33 @ LV","-","-","-","-","-","-","-","-","-","-","-","-"
"2816","T. Grimes","T. Grimes","WR","","","","injury-status","BYE","-","-","-","-","-","-","-","-","-","-","-","-"
"2817","J. King","J. King","WR","","","","injury-status","BYE","-","-","-","-","-","-","-","-","-","-","-","-"
"2818","J. McLaughlin","J. McLaughlin","RB","DEN","11","","injury-status","Final W 27-13 @ NYG","-","-","-","-","-","-","-","-","-","-","-","-"
"2819","O. Hampton","O. Hampton","RB","LAC","7","","injury-status","Final W 20-16 @ WAS","-","-","-","-","-","-","-","-","-","-","-","-"
"2820","K. Boutte","K. Boutte","WR","NE","14","","injury-status","Final L 16-17 vs MIA","-","-","-","-","-","-","-","-","-","-","-","-"
"2821","C. Sims","C. Sims","TE","","","","injury-status","BYE","-","-","-","-","-","-","-","-","-","-","-","-"
"2822","D. Singer","D. Singer","WR","","","","injury-status","BYE","-","-","-","-","-","-","-","-","-","-","-","-"
"2823","J. Cowing","J. Cowing","WR","SF","6","IR","injury-status ir","Final W 41-33 @ DET","-","-","-","-","-","-","-","-","-","-","-","-"
"2824","K. Milton","K. Milton","RB","CIN","10","","injury-status","Final W 27-24 vs MIN","-","-","-","-","-","-","-","-","-","-","-","-"
"2825","B. Irving","B. Irving","RB","TB","9","","injury-status","Final W 31-29 vs DAL","-","-","-","-","-","-","-","-","-","-","-","-"
"2826","P. Washington","P. Washington","WR","JAX","7","","injury-status","Final L 21-37 @ HOU","-","-","-","-","-","-","-","-","-","-","-","-"
"2827","A. Shampklin","A. Shampklin","RB","","","","injury-status","BYE","-","-","-","-","-","-","-","-","-","-","-","-"
"2828","J. Kapp","J. Kapp","WR","","","","injury-status","BYE","-","-","-","-","-","-","-","-","-","-","-","-"
"2829","B. Gabbert","B. Gabbert","QB","","","","injury-status","BYE","-","-","-","-","-","-","-","-","-","-","-","-"
"2830","B. Aubrey","B. Aubrey","K","DAL","7","","injury-status","Final L 29-31 @ TB","-","-","-","-","-","-","-","-","-","-","-","-"
"2831","K. Dent","K. Dent","QB","","","","injury-status","BYE","-","-","-","-","-","-","-","-","-","-","-","-"
"2832","R. Fitzpatrick","R. Fitzpatrick","QB","WAS","9","","injury-status","Final L 16-20 vs LAC","-0","1","2","-","-","-","-","-","3","6","13","-"