"index","short_name","name","position","team","bye_week","injury_text","injury_class","game_status","points","stat_2","stat_3","stat_4","stat_5","stat_6","stat_7","stat_8","stat_9","stat_10","stat_11","stat_12","stat_13"
"1","J. Winston","J. Winston","QB","NO","14","","injury-status","Final W 27-26 @ ATL","272","183.6","48","226","2","-","-","-","-","317","515","3815","26"
"2","M. Mariota","M. Mariota","QB","ATL","14","Ques","injury-status questionable","Final L 26-27 vs NO","249","999.0","75","407","3","-","-","-","-","297","476","3365","18"
"3","Z. Wilson","Z. Wilson","QB","NYJ","10","","injury-status","Final L 9-24 vs BAL","248","667.4","63","314","3","-","-","-","-","314","509","3469","20"
"4","M. Ryan","M. Ryan","QB","IND","14","","injury-status","Final T 20-20 @ HOU","247","181.1","27","29","-","-","-","-","-","404","608","4378","23"
"5","M. Jones","M. Jones","QB","NE","10","Ques","injury-status questionable","Final L 7-20 @ MIA","246","206.8","48","192","1","-","-","-","-","338","493","3666","23"
"6","J. Garoppolo","J. Garoppolo","QB","SF","9","","injury-status","Final L 10-19 @ CHI","243","999.0","6","23","2","-","-","-","-","329","496","3739","25"
"7","D. Mills","D. Mills","QB","HOU","6","","injury-status","Final T 20-20 vs IND","240","999.0","19","94","1","-","-","-","-","335","529","3788","23"
"8","B. Hall","B. Hall","RB","NYJ","10","","injury-status","Final L 9-24 vs BAL","215","41.7","271","1188","7","39","-","309","1","-","-","-","-"
"9","M. Gordon","M. Gordon","RB","KC","8","","injury-status","Final W 44-21 @ ARI","203","101.5","249","1059","8","37","-","267","1","-","-","-","-"
"10","C. Edwards-Helaire","C. Edwards-Helaire","RB","KC","8","","injury-status","Final W 44-21 @ ARI","190","60.1","215","966","7","39","-","276","1","-","-","-","-"
"11","C. Wentz","C. Wentz","QB","WAS","14","","injury-status","Final W 28-22 vs JAX","188","999.0","31","149","1","-","-","-","-","235","383","2707","19"
"12","B. Cooks","B. Cooks","WR","HOU","6","","injury-status","Final T 20-20 vs IND","178","59.9","5","26","-","84","-","1036","5","-","-","-","-"
"13","C. Samuel","C. Samuel","WR","WAS","14","Ques","injury-status questionable","Final W 28-22 vs JAX","173","235.1","36","193","1","77","-","832","4","-","-","-","-"
"14","S. Ehlinger","S. Ehlinger","QB","IND","14","","injury-status","Final T 20-20 @ HOU","160","999.0","41","192","2","-","-","-","-","198","314","2348","12"
"15","K. Pickett","K. Pickett","QB","PIT","9","Ques","injury-status questionable","Final W 23-20 @ CIN","157","226.5","40","160","2","-","-","-","-","258","410","2743","10"
"16","M. Boone","M. Boone","RB","DEN","9","","injury-status","Final L 16-17 @ SEA","153","999.0","186","780","5","32","-","230","1","-","-","-","-"
"17","R. Doubs","R. Doubs","WR","GB","14","","injury-status","Final L 7-23 @ MIN","151","143.8","-","-","-","68","-","812","6","-","-","-","-"
"18","J. Brissett","J. Brissett","QB","CLE","9","","injury-status","Final W 26-24 @ CAR","150","999.0","36","136","1","-","-","-","-","205","326","2219","14"
"19","K. Gainwell","K. Gainwell","RB","PHI","7","","injury-status","Final W 38-35 @ DET","150","129.7","139","608","3","52","-","389","1","-","-","-","-"
"20","A. Mattison","A. Mattison","RB","MIN","7","IR","injury-status ir","Final W 23-7 vs GB","149","117.8","172","722","4","37","-","279","1","-","-","-","-"
"21","N. Miller-Hines","N. Miller-Hines","RB","BUF","7","","injury-status","Final W 31-10 @ LAR","147","120.9","88","398","2","61","-","466","3","-","-","-","-"
"22","C. Claypool","C. Claypool","WR","CHI","14","Ques","injury-status questionable","Final W 19-10 vs SF","145","110.8","13","65","-","61","-","777","5","-","-","-","-"
"23","D. Watson","D. Watson","QB","CLE","9","PUP","injury-status pup","Final W 26-24 @ CAR","142","187.3","32","188","2","-","-","-","-","139","208","1679","12"
"24","B. Mayfield","B. Mayfield","QB","LAR","7","","injury-status","Final L 10-31 vs BUF","140","207.8","17","77","1","-","-","-","-","192","302","2140","13"
"25","N. Brown","N. Brown","WR","DAL","9","Ques","injury-status questionable","Final L 3-19 vs TB","138","999.0","-","-","-","64","-","762","5","-","-","-","-"
"26","R. Moore","R. Moore","WR","ARI","13","IR","injury-status ir","Final L 21-44 vs KC","137","152.7","17","98","1","64","-","673","4","-","-","-","-"
"27","D. Njoku","D. Njoku","TE","CLE","9","","injury-status","Final W 26-24 @ CAR","137","156.9","-","-","-","63","-","690","6","-","-","-","-"
"28","R. Gage","R. Gage","WR","TB","11","Ques","injury-status questionable","Final W 19-3 @ DAL","134","163.5","-","-","-","64","-","744","5","-","-","-","-"
"29","D. Parker","D. Parker","WR","NE","10","","injury-status","Final L 7-20 @ MIA","132","141.8","-","-","-","55","-","741","5","-","-","-","-"
"30","M. Ingram","M. Ingram","RB","NO","14","","injury-status","Final W 27-26 @ ATL","132","174.5","149","596","4","34","-","250","1","-","-","-","-"
"31","J. Landry","J. Landry","WR","NO","14","","injury-status","Final W 27-26 @ ATL","128","144.7","6","34","-","65","-","704","4","-","-","-","-"
"32","K. Hamler","K. Hamler","WR","DEN","9","","injury-status","Final L 16-17 @ SEA","128","205.5","-","-","-","53","-","713","5","-","-","-","-"
"33","I. Spiller","I. Spiller","RB","LAC","8","","injury-status","Final W 24-19 vs LV","125","139.9","160","687","4","24","-","167","1","-","-","-","-"
"34","S. Moore","S. Moore","WR","KC","8","","injury-status","Final W 44-21 @ ARI","125","118.1","-","-","-","52","-","686","5","-","-","-","-"
"35","K. Osborn","K. Osborn","WR","MIN","7","","injury-status","Final W 23-7 vs GB","124","185.0","1","9","-","56","-","709","4","-","-","-","-"
"36","R. Cobb","R. Cobb","WR","GB","14","","injury-status","Final L 7-23 @ MIN","124","236.6","-","-","-","57","-","590","6","-","-","-","-"
"37","D. Hilliard","D. Hilliard","RB","TEN","6","Ques","injury-status questionable","Final L 20-21 vs NYG","123","230.8","98","446","2","43","-","330","2","-","-","-","-"
"38","M. Trubisky","M. Trubisky","QB","PIT","9","","injury-status","Final W 23-20 @ CIN","122","999.0","24","105","2","-","-","-","-","142","225","1618","11"
"39","N. Agholor","N. Agholor","WR","NE","10","","injury-status","Final L 7-20 @ MIA","122","999.0","4","25","-","48","-","757","4","-","-","-","-"
"40","H. Renfrow","H. Renfrow","WR","LV","6","","injury-status","Final L 19-24 @ LAC","122","86.4","3","14","-","58","-","611","5","-","-","-","-"
"41","R. Chosen","R. Chosen","WR","ARI","13","","injury-status","Final L 21-44 vs KC","121","220.6","4","23","-","55","-","692","4","-","-","-","-"
"42","R. James","R. James","WR","NYG","9","","injury-status","Final W 21-20 @ TEN","119","393.8","7","31","-","49","-","615","5","-","-","-","-"
"43","C. Edmonds","C. Edmonds","RB","DEN","9","","injury-status","Final L 16-17 @ SEA","115","74.4","122","521","3","33","-","243","1","-","-","-","-"
"44","Z. White","Z. White","RB","LV","6","","injury-status","Final L 19-24 @ LAC","114","167.5","148","629","5","16","-","127","-","-","-","-","-"
"45","N. Westbrook-Ikhine","N. Westbrook-Ikhine","WR","TEN","6","","injury-status","Final L 20-21 vs NYG","113","999.0","-","-","-","53","-","681","3","-","-","-","-"
"46","C. Davis","C. Davis","WR","NYJ","10","","injury-status","Final L 9-24 vs BAL","110","999.0","-","-","-","43","-","624","4","-","-","-","-"
"47","J. Tolbert","J. Tolbert","WR","DAL","9","","injury-status","Final L 3-19 vs TB","109","191.9","-","-","-","49","-","609","4","-","-","-","-"
"48","C. Wilson","C. Wilson","WR","MIA","11","","injury-status","Final W 20-7 vs NE","109","999.0","3","19","-","49","-","604","4","-","-","-","-"
"49","E. Benjamin","E. Benjamin","RB","NO","14","","injury-status","Final W 27-26 @ ATL","108","216.4","115","483","4","30","-","210","-","-","-","-","-"
"50","Tampa Bay. Buccaneers","Tampa Bay. Buccaneers","DEF","TB","11","","injury-status","Final W 19-3 @ DAL","107","118.4","-","-","-","-","-","-","-","-","-","-","-"
"51","K. Bourne","K. Bourne","WR","NE","10","Ques","injury-status questionable","Final L 7-20 @ MIA","107","999.0","9","63","-","43","-","539","4","1","2","24","-"
"52","B. Scott","B. Scott","RB","PHI","7","","injury-status","Final W 38-35 @ DET","106","999.0","116","487","3","34","-","222","-","-","-","-","-"
"53","D. Bell","D. Bell","WR","CLE","9","PUP","injury-status pup","Final W 26-24 @ CAR","105","237.7","-","-","-","56","-","613","3","-","-","-","-"
"54","M. Prater","M. Prater","K","ARI","13","Ques","injury-status questionable","Final L 21-44 vs KC","105","159.6","-","-","-","-","-","-","-","-","-","-","-"
"55","J. McKissic","J. McKissic","RB","WAS","14","Ques","injury-status questionable","Final W 28-22 vs JAX","105","170.3","52","211","1","51","-","399","2","-","-","-","-"
"56","T. Hill","T. Hill","TE","NO","14","PUP","injury-status pup","Final W 27-26 @ ATL","104","223.4","57","294","6","10","-","81","2","12","19","120","2"
"57","B. Pringle","B. Pringle","WR","CHI","14","","injury-status","Final W 19-10 vs SF","104","999.0","-","-","-","50","-","605","3","-","-","-","-"
"58","E. Mitchell","E. Mitchell","RB","SF","9","","injury-status","Final L 10-19 @ CHI","103","55.5","123","565","4","14","-","115","1","-","-","-","-"
"59","New Orleans. Saints","New Orleans. Saints","DEF","NO","14","","injury-status","Final W 27-26 @ ATL","103","160.2","-","-","-","-","-","-","-","-","-","-","-"
"60","Q. Watkins","Q. Watkins","WR","PHI","7","Ques","injury-status questionable","Final W 38-35 @ DET","101","999.0","2","5","-","44","-","608","3","-","-","-","-"
"61","T. Marshall","T. Marshall","WR","CAR","13","","injury-status","Final L 24-26 vs CLE","101","999.0","-","-","-","49","-","587","3","-","-","-","-"
"62","A. Green","A. Green","WR","ARI","13","","injury-status","Final L 21-44 vs KC","101","233.7","-","-","-","45","-","606","3","-","-","-","-"
"63","Los Angeles. Rams","Los Angeles. Rams","DEF","LAR","7","","injury-status","Final L 10-31 vs BUF","101","123.9","-","-","-","-","-","-","-","-","-","-","-"
"64","B. Berrios","B. Berrios","WR","NYJ","10","","injury-status","Final L 9-24 vs BAL","100","999.0","14","77","1","45","-","461","3","-","-","-","-"
"65","J. Reynolds","J. Reynolds","WR","DET","6","","injury-status","Final L 35-38 vs PHI","100","999.0","-","-","-","42","-","550","4","-","-","-","-"
"66","Green Bay. Packers","Green Bay. Packers","DEF","GB","14","","injury-status","Final L 7-23 @ MIN","100","177.3","-","-","-","-","-","-","-","-","-","-","-"
"67","D. Harty","D. Harty","WR","NO","14","Ques","injury-status questionable","Final W 27-26 @ ATL","99","999.0","9","49","-","36","-","520","4","-","-","-","-"
"68","Los Angeles. Chargers","Los Angeles. Chargers","DEF","LAC","8","","injury-status","Final W 24-19 vs LV","97","158.1","-","-","-","-","-","-","-","-","-","-","-"
"69","Cleveland. Browns","Cleveland. Browns","DEF","CLE","9","","injury-status","Final W 26-24 @ CAR","97","202.7","-","-","-","-","-","-","-","-","-","-","-"
"70","Cincinnati. Bengals","Cincinnati. Bengals","DEF","CIN","10","","injury-status","Final L 20-23 vs PIT","97","227.1","-","-","-","-","-","-","-","-","-","-","-"
"71","Carolina. Panthers","Carolina. Panthers","DEF","CAR","13","","injury-status","Final L 24-26 vs CLE","96","690.8","-","-","-","-","-","-","-","-","-","-","-"
"72","Arizona. Cardinals","Arizona. Cardinals","DEF","ARI","13","","injury-status","Final L 21-44 vs KC","96","999.0","-","-","-","-","-","-","-","-","-","-","-"
"73","B. Edwards","B. Edwards","WR","","","","injury-status","BYE","96","999.0","-","-","-","41","-","572","3","-","-","-","-"
"74","Denver. Broncos","Denver. Broncos","DEF","DEN","9","","injury-status","Final L 16-17 @ SEA","95","161.0","-","-","-","-","-","-","-","-","-","-","-"
"75","Y. Koo","Y. Koo","K","ATL","14","","injury-status","Final L 26-27 vs NO","94","174.8","-","-","-","-","-","-","-","-","-","-","-"
"76","Las Vegas. Raiders","Las Vegas. Raiders","DEF","LV","6","","injury-status","Final L 19-24 @ LAC","94","589.4","-","-","-","-","-","-","-","-","-","-","-"
"77","Washington. Commanders","Washington. Commanders","DEF","WAS","14","","injury-status","Final W 28-22 vs JAX","93","999.0","-","-","-","-","-","-","-","-","-","-","-"
"78","S. Watkins","S. Watkins","WR","BAL","10","","injury-status","Final W 24-9 @ NYJ","92","199.2","-","-","-","42","-","533","3","-","-","-","-"
"79","C. McLaughlin","C. McLaughlin","K","IND","14","","injury-status","Final T 20-20 @ HOU","92","537.4","-","-","-","-","-","-","-","-","-","-","-"
"80","B. Skowronek","B. Skowronek","WR","LAR","7","","injury-status","Final L 10-31 vs BUF","91","999.0","-","-","-","49","-","489","3","-","-","-","-"
"81","J. Proche","J. Proche","WR","BAL","10","","injury-status","Final W 24-9 @ NYJ","91","999.0","-","-","-","41","-","466","4","-","-","-","-"
"82","B. McManus","B. McManus","K","DEN","9","","injury-status","Final L 16-17 @ SEA","91","179.0","-","-","-","-","-","-","-","-","-","-","-"
"83","A. Dalton","A. Dalton","QB","NO","14","Ques","injury-status questionable","Final W 27-26 @ ATL","89","999.0","14","62","1","-","-","-","-","122","194","1346","8"
"84","I. Smith","I. Smith","TE","MIN","7","IR","injury-status ir","Final W 23-7 vs GB","89","173.3","-","-","-","43","-","435","4","-","-","-","-"
"85","S. Michel","S. Michel","RB","","","","injury-status","BYE","89","234.3","117","486","4","13","-","96","-","-","-","-","-"
"86","J. Slye","J. Slye","K","WAS","14","","injury-status","Final W 28-22 vs JAX","88","595.0","-","-","-","-","-","-","-","-","-","-","-"
"87","C. Brate","C. Brate","TE","TB","11","","injury-status","Final W 19-3 @ DAL","88","698.5","-","-","-","41","-","433","4","-","-","-","-"
"88","L. Thomas","L. Thomas","TE","WAS","14","","injury-status","Final W 28-22 vs JAX","88","999.0","-","-","-","44","-","475","3","-","-","-","-"
"89","R. Succop","R. Succop","K","TB","11","","injury-status","Final W 19-3 @ DAL","87","198.5","-","-","-","-","-","-","-","-","-","-","-"
"90","A. Seibert","A. Seibert","K","","","Ques","injury-status questionable","BYE","86","999.0","-","-","-","-","-","-","-","-","-","-","-"
"91","J. Elliott","J. Elliott","K","PHI","7","","injury-status","Final W 38-35 @ DET","86","645.5","-","-","-","-","-","-","-","-","-","-","-"
"92","D. Hopkins","D. Hopkins","K","LAC","8","","injury-status","Final W 24-19 vs LV","86","680.1","-","-","-","-","-","-","-","-","-","-","-"
"93","G. Zuerlein","G. Zuerlein","K","NYJ","10","Ques","injury-status questionable","Final L 9-24 vs BAL","86","647.6","-","-","-","-","-","-","-","-","-","-","-"
"94","M. Gesicki","M. Gesicki","TE","MIA","11","Ques","injury-status questionable","Final W 20-7 vs NE","86","128.3","-","-","-","40","-","476","3","-","-","-","-"
"95","J. Mason","J. Mason","RB","SF","9","","injury-status","Final L 10-19 @ CHI","85","999.0","108","464","4","12","-","88","-","-","-","-","-"
"96","M. Crosby","M. Crosby","K","GB","14","","injury-status","Final L 7-23 @ MIN","85","502.7","-","-","-","-","-","-","-","-","-","-","-"
"97","New York. Giants","New York. Giants","DEF","NYG","9","","injury-status","Final W 21-20 @ TEN","85","664.9","-","-","-","-","-","-","-","-","-","-","-"
"98","O. Beckham","O. Beckham","WR","","","","injury-status","BYE","85","204.7","2","7","-","32","-","438","4","-","-","-","-"
"99","J. Sanders","J. Sanders","K","MIA","11","IR","injury-status ir","Final W 20-7 vs NE","83","632.8","-","-","-","-","-","-","-","-","-","-","-"
"100","R. Bullock","R. Bullock","K","TEN","6","","injury-status","Final L 20-21 vs NYG","83","631.1","-","-","-","-","-","-","-","-","-","-","-"
"101","Chicago. Bears","Chicago. Bears","DEF","CHI","14","","injury-status","Final W 19-10 vs SF","83","592.2","-","-","-","-","-","-","-","-","-","-","-"
"102","T. Davis-Price","T. Davis-Price","RB","SF","9","","injury-status","Final L 10-19 @ CHI","83","201.1","103","443","3","16","-","122","-","-","-","-","-"
"103","G. Joseph","G. Joseph","K","MIN","7","","injury-status","Final W 23-7 vs GB","82","633.2","-","-","-","-","-","-","-","-","-","-","-"
"104","I. Likely","I. Likely","TE","BAL","10","Ques","injury-status questionable","Final W 24-9 @ NYJ","81","225.7","-","-","-","43","-","417","3","-","-","-","-"
"105","R. Gould","R. Gould","K","SF","9","","injury-status","Final L 10-19 @ CHI","81","209.8","-","-","-","-","-","-","-","-","-","-","-"
"106","C. Boswell","C. Boswell","K","PIT","9","","injury-status","Final W 23-20 @ CIN","81","514.3","-","-","-","-","-","-","-","-","-","-","-"
"107","Detroit. Lions","Detroit. Lions","DEF","DET","6","","injury-status","Final L 35-38 vs PHI","80","666.3","-","-","-","-","-","-","-","-","-","-","-"
"108","D. Williams","D. Williams","RB","ARI","13","","injury-status","Final L 21-44 vs KC","79","221.4","75","305","3","20","-","145","1","-","-","-","-"
"109","Atlanta. Falcons","Atlanta. Falcons","DEF","ATL","14","","injury-status","Final L 26-27 vs NO","79","999.0","-","-","-","-","-","-","-","-","-","-","-"
"110","C. Evans","C. Evans","RB","CIN","10","","injury-status","Final L 20-23 vs PIT","79","999.0","41","161","2","31","-","229","2","-","-","-","-"
"111","B. Jordan","B. Jordan","TE","HOU","6","IR","injury-status ir","Final T 20-20 vs IND","78","999.0","-","-","-","39","-","406","3","-","-","-","-"
"112","A. Hooper","A. Hooper","TE","TEN","6","","injury-status","Final L 20-21 vs NYG","78","212.6","-","-","-","40","-","401","3","-","-","-","-"
"113","T. Thornton","T. Thornton","WR","NE","10","","injury-status","Final L 7-20 @ MIA","78","999.0","-","-","-","36","-","420","3","-","-","-","-"
"114","C. Santos","C. Santos","K","CHI","14","","injury-status","Final W 19-10 vs SF","78","551.9","-","-","-","-","-","-","-","-","-","-","-"
"115","S. Darnold","S. Darnold","QB","CAR","13","","injury-status","Final L 24-26 vs CLE","78","999.0","23","105","1","-","-","-","-","103","163","1129","6"
"116","M. Callaway","M. Callaway","WR","NO","14","","injury-status","Final W 27-26 @ ATL","77","999.0","-","-","-","35","-","416","3","-","-","-","-"
"117","K. Fairbairn","K. Fairbairn","K","HOU","6","","injury-status","Final T 20-20 vs IND","77","501.6","-","-","-","-","-","-","-","-","-","-","-"
"118","T. Conklin","T. Conklin","TE","NYJ","10","","injury-status","Final L 9-24 vs BAL","76","999.0","-","-","-","41","-","375","3","-","-","-","-"
"119","Houston. Texans","Houston. Texans","DEF","HOU","6","","injury-status","Final T 20-20 vs IND","76","640.5","-","-","-","-","-","-","-","-","-","-","-"
"120","K. Golladay","K. Golladay","WR","NYG","9","","injury-status","Final W 21-20 @ TEN","76","180.4","-","-","-","31","-","422","3","-","-","-","-"
"121","K. Ingram","K. Ingram","RB","ARI","13","IR","injury-status ir","Final L 21-44 vs KC","73","999.0","69","298","3","21","-","145","-","-","-","-","-"
"122","J. Hill","J. Hill","RB","BAL","10","","injury-status","Final W 24-9 @ NYJ","73","999.0","107","450","1","17","-","133","-","-","-","-","-"
"123","C. Rush","C. Rush","QB","DAL","9","","injury-status","Final L 3-19 vs TB","72","999.0","23","97","1","-","-","-","-","99","156","1081","5"
"124","C. Reynolds","C. Reynolds","RB","DET","6","","injury-status","Final L 35-38 vs PHI","72","999.0","95","391","2","17","-","121","-","-","-","-","-"
"125","B. Bolden","B. Bolden","RB","LV","6","","injury-status","Final L 19-24 @ LAC","72","555.2","64","244","2","28","-","212","-","-","-","-","-"
"126","M. Alie-Cox","M. Alie-Cox","TE","IND","14","","injury-status","Final T 20-20 @ HOU","70","999.0","-","-","-","32","-","357","3","-","-","-","-"
"127","T. Sermon","T. Sermon","RB","PHI","7","","injury-status","Final W 38-35 @ DET","69","999.0","79","342","3","14","-","94","-","-","-","-","-"
"128","M. Johnson","M. Johnson","WR","NYG","9","","injury-status","Final W 21-20 @ TEN","69","999.0","-","-","-","30","-","356","3","-","-","-","-"
"129","D. Johnson","D. Johnson","RB","CLE","9","","injury-status","Final W 26-24 @ CAR","67","999.0","70","318","2","18","-","146","-","-","-","-","-"
"130","A. Abdullah","A. Abdullah","RB","LV","6","Ques","injury-status questionable","Final L 19-24 @ LAC","67","999.0","45","191","1","29","-","217","1","-","-","-","-"
"131","O. Zaccheaus","O. Zaccheaus","WR","ATL","14","","injury-status","Final L 26-27 vs NO","67","999.0","1","7","-","30","-","396","2","-","-","-","-"
"132","E. Pineiro","E. Pineiro","K","CAR","13","","injury-status","Final L 24-26 vs CLE","67","433.1","-","-","-","-","-","-","-","-","-","-","-"
"133","M. Breida","M. Breida","RB","NYG","9","","injury-status","Final W 21-20 @ TEN","67","999.0","71","323","2","17","-","139","-","-","-","-","-"
"134","R. Patterson","R. Patterson","K","JAX","11","","injury-status","Final L 22-28 @ WAS","66","543.0","-","-","-","-","-","-","-","-","-","-","-"
"135","A. Brown","A. Brown","WR","","","","injury-status","BYE","66","674.0","-","-","-","26","-","350","3","-","-","-","-"
"136","A. Schwartz","A. Schwartz","WR","CLE","9","Ques","injury-status questionable","Final W 26-24 @ CAR","66","999.0","4","21","-","28","-","376","2","-","-","-","-"
"137","J. Jennings","J. Jennings","WR","SF","9","Ques","injury-status questionable","Final L 10-19 @ CHI","66","999.0","-","-","-","29","-","330","3","-","-","-","-"
"138","D. Ridder","D. Ridder","QB","ATL","14","","injury-status","Final L 26-27 vs NO","65","999.0","29","159","1","-","-","-","-","65","108","704","5"
"139","K. Philips","K. Philips","WR","TEN","6","","injury-status","Final L 20-21 vs NYG","65","999.0","-","-","-","36","-","350","2","-","-","-","-"
"140","N. Fant","N. Fant","TE","SEA","11","","injury-status","Final W 17-16 vs DEN","65","208.4","-","-","-","29","-","345","3","-","-","-","-"
"141","C. Otton","C. Otton","TE","TB","11","Ques","injury-status questionable","Final W 19-3 @ DAL","65","999.0","-","-","-","34","-","356","2","-","-","-","-"
"142","P. Dorsett","P. Dorsett","WR","HOU","6","","injury-status","Final T 20-20 vs IND","64","999.0","-","-","-","33","-","357","2","-","-","-","-"
"143","R. Higgins","R. Higgins","WR","CAR","13","","injury-status","Final L 24-26 vs CLE","64","999.0","-","-","-","31","-","425","1","-","-","-","-"
"144","T. Atwell","T. Atwell","WR","LAR","7","","injury-status","Final L 10-31 vs BUF","64","999.0","8","76","-","24","-","322","2","-","-","-","-"
"145","W. Dissly","W. Dissly","TE","SEA","11","","injury-status","Final W 17-16 vs DEN","64","999.0","-","-","-","30","-","306","3","-","-","-","-"
"146","L. Shenault","L. Shenault","WR","CAR","13","","injury-status","Final L 24-26 vs CLE","63","999.0","12","78","1","25","-","270","2","-","-","-","-"
"147","F. Swain","F. Swain","WR","DEN","9","Ques","injury-status questionable","Final L 16-17 @ SEA","63","999.0","-","-","-","25","-","320","3","-","-","-","-"
"148","A. Okwuegbunam","A. Okwuegbunam","TE","DEN","9","","injury-status","Final L 16-17 @ SEA","62","151.7","-","-","-","27","-","308","3","-","-","-","-"
"149","C. Conley","C. Conley","WR","TEN","6","","injury-status","Final L 20-21 vs NYG","62","999.0","-","-","-","28","-","358","2","-","-","-","-"
"150","D. Williams","D. Williams","RB","","","Ques","injury-status questionable","BYE","61","999.0","37","152","1","28","-","200","1","-","-","-","-"
"151","J. Washington","J. Washington","WR","","","","injury-status","BYE","61","999.0","-","-","-","25","-","363","2","-","-","-","-"
"152","D. Sills","D. Sills","WR","NYG","9","","injury-status","Final W 21-20 @ TEN","60","999.0","-","-","-","30","-","333","2","-","-","-","-"
"153","D. Dallas","D. Dallas","RB","SEA","11","","injury-status","Final W 17-16 vs DEN","60","999.0","61","243","2","20","-","140","-","-","-","-","-"
"154","M. Davis","M. Davis","RB","","","","injury-status","BYE","60","200.6","59","245","2","14","-","108","1","-","-","-","-"
"155","M. Gaskin","M. Gaskin","RB","MIA","11","","injury-status","Final W 20-7 vs NE","60","999.0","47","191","1","23","-","170","1","-","-","-","-"
"156","D. Felton","D. Felton","RB","CLE","9","","injury-status","Final W 26-24 @ CAR","59","999.0","8","36","-","30","-","281","2","-","-","-","-"
"157","C. York","C. York","K","CLE","9","","injury-status","Final W 26-24 @ CAR","58","559.1","-","-","-","-","-","-","-","-","-","-","-"
"158","J. Guyton","J. Guyton","WR","LAC","8","","injury-status","Final W 24-19 vs LV","58","999.0","5","24","-","22","-","323","2","-","-","-","-"
"159","T. Homer","T. Homer","RB","SEA","11","IR","injury-status ir","Final W 17-16 vs DEN","57","999.0","36","151","1","24","-","179","1","-","-","-","-"
"160","D. Lock","D. Lock","QB","SEA","11","","injury-status","Final W 17-16 vs DEN","57","999.0","7","29","1","-","-","-","-","64","107","765","5"
"161","A. Rodgers","A. Rodgers","WR","HOU","6","","injury-status","Final T 20-20 vs IND","56","999.0","4","18","-","25","-","301","2","-","-","-","-"
"162","R. Jones","R. Jones","RB","KC","8","","injury-status","Final W 44-21 @ ARI","56","188.4","66","295","2","7","-","54","1","-","-","-","-"
"163","M. Willis","M. Willis","QB","TEN","6","","injury-status","Final L 20-21 vs NYG","56","999.0","24","125","1","-","-","-","-","55","89","633","4"
"164","T. Hudson","T. Hudson","TE","CIN","10","","injury-status","Final L 20-23 vs PIT","55","999.0","-","-","-","25","-","265","2","-","-","-","-"
"165","K. Cole","K. Cole","WR","LV","6","","injury-status","Final L 19-24 @ LAC","54","999.0","-","-","-","26","-","293","2","-","-","-","-"
"166","N. Foles","N. Foles","QB","IND","14","","injury-status","Final T 20-20 @ HOU","54","404.1","9","26","-","-","-","-","-","84","133","924","5"
"167","J. Crowder","J. Crowder","WR","BUF","7","","injury-status","Final W 31-10 @ LAR","54","999.0","-","-","-","27","-","280","2","-","-","-","-"
"168","L. Treadwell","L. Treadwell","WR","SEA","11","","injury-status","Final W 17-16 vs DEN","53","999.0","-","-","-","23","-","291","2","-","-","-","-"
"169","D. Bellinger","D. Bellinger","TE","NYG","9","","injury-status","Final W 21-20 @ TEN","52","999.0","-","-","-","31","-","247","2","-","-","-","-"
"170","C. Beasley","C. Beasley","WR","BUF","7","","injury-status","Final W 31-10 @ LAR","52","999.0","-","-","-","29","-","272","2","-","-","-","-"
"171","D. Parham","D. Parham","TE","LAC","8","IR","injury-status ir","Final W 24-19 vs LV","51","999.0","-","-","-","23","-","235","2","-","-","-","-"
"172","R. McCloud","R. McCloud","WR","SF","9","","injury-status","Final L 10-19 @ CHI","51","999.0","3","17","-","22","-","262","2","-","-","-","-"
"173","E. St. Brown","E. St. Brown","WR","CHI","14","Ques","injury-status questionable","Final W 19-10 vs SF","51","999.0","-","-","-","24","-","266","2","-","-","-","-"
"174","D. Eskridge","D. Eskridge","WR","SEA","11","Ques","injury-status questionable","Final W 17-16 vs DEN","51","999.0","5","28","-","23","-","243","2","-","-","-","-"
"175","B. Purdy","B. Purdy","QB","SF","9","","injury-status","Final L 10-19 @ CHI","50","558.5","3","8","-","-","-","-","-","62","93","672","6"
"176","P. Strong","P. Strong","RB","NE","10","IR","injury-status ir","Final L 7-20 @ MIA","49","999.0","45","185","1","15","-","113","1","-","-","-","-"
"177","D. Sample","D. Sample","TE","CIN","10","Ques","injury-status questionable","Final L 20-23 vs PIT","49","999.0","-","-","-","25","-","246","2","-","-","-","-"
"178","C. Uzomah","C. Uzomah","TE","NYJ","10","Ques","injury-status questionable","Final L 9-24 vs BAL","49","999.0","-","-","-","23","-","234","2","-","-","-","-"
"179","P. Lindsay","P. Lindsay","RB","","","","injury-status","BYE","49","999.0","70","296","1","10","-","81","-","-","-","-","-"
"180","K. Vaughn","K. Vaughn","RB","TB","11","","injury-status","Final W 19-3 @ DAL","49","999.0","49","207","2","14","-","89","-","-","-","-","-"
"181","T. McBride","T. McBride","TE","ARI","13","","injury-status","Final L 21-44 vs KC","48","999.0","-","-","-","23","-","242","2","-","-","-","-"
"182","T. Tremble","T. Tremble","TE","CAR","13","Ques","injury-status questionable","Final L 24-26 vs CLE","48","999.0","-","-","-","24","-","236","2","-","-","-","-"
"183","K. Nwangwu","K. Nwangwu","RB","MIN","7","","injury-status","Final W 23-7 vs GB","47","999.0","50","222","2","11","-","77","-","-","-","-","-"
"184","F. Moreau","F. Moreau","TE","LV","6","PUP","injury-status pup","Final L 19-24 @ LAC","47","999.0","-","-","-","22","-","241","2","-","-","-","-"
"185","B. Snell","B. Snell","RB","PIT","9","","injury-status","Final W 23-20 @ CIN","47","999.0","51","210","2","11","-","81","-","-","-","-","-"
"186","O. Howard","O. Howard","TE","HOU","6","","injury-status","Final T 20-20 vs IND","47","999.0","-","-","-","23","-","230","2","-","-","-","-"
"187","H. Bryant","H. Bryant","TE","CLE","9","","injury-status","Final W 26-24 @ CAR","46","999.0","-","-","-","21","-","234","2","-","-","-","-"
"188","D. Smythe","D. Smythe","TE","MIA","11","","injury-status","Final W 20-7 vs NE","46","999.0","-","-","-","23","-","223","2","-","-","-","-"
"189","T. Jones","T. Jones","RB","SEA","11","","injury-status","Final W 17-16 vs DEN","45","999.0","74","318","1","7","-","36","-","-","-","-","-"
"190","J. Woods","J. Woods","TE","IND","14","","injury-status","Final T 20-20 @ HOU","45","999.0","-","-","-","21","-","223","2","-","-","-","-"
"191","B. Zappe","B. Zappe","QB","NE","10","","injury-status","Final L 7-20 @ MIA","45","999.0","1","3","-","-","-","-","-","64","90","760","4"
"192","J. Smith","J. Smith","TE","NE","10","Ques","injury-status questionable","Final L 7-20 @ MIA","45","999.0","-","-","-","21","-","222","2","-","-","-","-"
"193","J. Jackson","J. Jackson","RB","DET","6","","injury-status","Final L 35-38 vs PHI","45","999.0","38","167","2","13","-","93","-","-","-","-","-"
"194","K. Hodge","K. Hodge","WR","ATL","14","","injury-status","Final L 26-27 vs NO","44","999.0","-","-","-","17","-","234","2","-","-","-","-"
"195","B. Bell","B. Bell","TE","KC","8","","injury-status","Final W 44-21 @ ARI","43","999.0","-","-","-","21","-","207","2","-","-","-","-"
"196","D. Robinson","D. Robinson","WR","BAL","10","Sus","injury-status sus","Final W 24-9 @ NYJ","42","999.0","-","-","-","18","-","213","2","-","-","-","-"
"197","V. Jones","V. Jones","WR","CHI","14","","injury-status","Final W 19-10 vs SF","42","999.0","-","-","-","18","-","211","2","-","-","-","-"
"198","K. Hill","K. Hill","RB","","","","injury-status","BYE","42","999.0","35","156","-","20","-","163","-","-","-","-","-"
"199","J. Bates","J. Bates","TE","WAS","14","","injury-status","Final W 28-22 vs JAX","41","999.0","-","-","-","22","-","244","1","-","-","-","-"
"200","K. Granson","K. Granson","TE","IND","14","","injury-status","Final T 20-20 @ HOU","41","999.0","-","-","-","20","-","192","2","-","-","-","-"
"201","T. Wallace","T. Wallace","WR","BAL","10","","injury-status","Final W 24-9 @ NYJ","41","999.0","-","-","-","17","-","206","2","-","-","-","-"
"202","K. Rudolph","K. Rudolph","TE","TB","11","","injury-status","Final W 19-3 @ DAL","41","629.9","-","-","-","19","-","195","2","-","-","-","-"
"203","D. Mims","D. Mims","WR","NYJ","10","","injury-status","Final L 9-24 vs BAL","41","999.0","-","-","-","19","-","255","1","-","-","-","-"
"204","G. Brightwell","G. Brightwell","RB","NYG","9","","injury-status","Final W 21-20 @ TEN","41","999.0","47","196","2","9","-","47","-","-","-","-","-"
"205","J. Reagor","J. Reagor","WR","MIN","7","Out","injury-status out","Final W 23-7 vs GB","40","999.0","3","15","-","19","-","233","1","-","-","-","-"
"206","A. Trautman","A. Trautman","TE","NO","14","","injury-status","Final W 27-26 @ ATL","40","999.0","-","-","-","18","-","192","2","-","-","-","-"
"207","S. Smith","S. Smith","WR","CAR","13","Sus","injury-status sus","Final L 24-26 vs CLE","40","999.0","-","-","-","23","-","222","1","-","-","-","-"
"208","J. Funk","J. Funk","RB","IND","14","","injury-status","Final T 20-20 @ HOU","39","999.0","40","173","1","13","-","96","-","-","-","-","-"
"209","P. Walker","P. Walker","QB","CAR","13","","injury-status","Final L 24-26 vs CLE","39","999.0","12","87","1","-","-","-","-","36","60","416","3"
"210","T. Ebner","T. Ebner","RB","CHI","14","Ques","injury-status questionable","Final W 19-10 vs SF","39","999.0","25","103","-","18","-","140","1","-","-","-","-"
"211","P. Brown","P. Brown","TE","CLE","9","","injury-status","Final W 26-24 @ CAR","39","999.0","-","-","-","21","-","167","2","-","-","-","-"
"212","T. Taylor","T. Taylor","QB","NYG","9","Ques","injury-status questionable","Final W 21-20 @ TEN","39","999.0","14","64","1","-","-","-","-","41","69","462","3"
"213","J. Akins","J. Akins","TE","HOU","6","","injury-status","Final T 20-20 vs IND","39","999.0","-","-","-","19","-","173","2","-","-","-","-"
"214","D. Fitzpatrick","D. Fitzpatrick","WR","TEN","6","Ques","injury-status questionable","Final L 20-21 vs NYG","39","999.0","-","-","-","20","-","227","1","-","-","-","-"
"215","G. Bernard","G. Bernard","RB","TB","11","","injury-status","Final W 19-3 @ DAL","38","999.0","5","23","-","26","-","170","1","-","-","-","-"
"216","J. Agnew","J. Agnew","WR","JAX","11","Ques","injury-status questionable","Final L 22-28 @ WAS","38","999.0","8","42","-","17","-","191","1","-","-","-","-"
"217","D. Brown","D. Brown","WR","WAS","14","","injury-status","Final W 28-22 vs JAX","38","999.0","-","-","-","18","-","226","1","-","-","-","-"
"218","T. McSorley","T. McSorley","QB","ARI","13","","injury-status","Final L 21-44 vs KC","38","426.2","15","98","1","-","-","-","-","31","60","395","2"
"219","Z. Pascal","Z. Pascal","WR","PHI","7","","injury-status","Final W 38-35 @ DET","38","999.0","1","7","-","19","-","213","1","-","-","-","-"
"220","J. Driskel","J. Driskel","QB","HOU","6","","injury-status","Final T 20-20 vs IND","37","999.0","20","101","2","-","-","-","-","25","45","284","2"
"221","I. Thomas","I. Thomas","TE","CAR","13","","injury-status","Final L 24-26 vs CLE","37","999.0","-","-","-","16","-","174","2","-","-","-","-"
"222","K. Raymond","K. Raymond","WR","DET","6","","injury-status","Final L 35-38 vs PHI","37","999.0","2","13","-","19","-","206","1","-","-","-","-"
"223","T. Heinicke","T. Heinicke","QB","WAS","14","","injury-status","Final W 28-22 vs JAX","37","999.0","7","28","1","-","-","-","-","45","73","499","3"
"224","Q. Cephus","Q. Cephus","WR","DET","6","","injury-status","Final L 35-38 vs PHI","37","999.0","-","-","-","16","-","226","1","-","-","-","-"
"225","J. Ferguson","J. Ferguson","TE","DAL","9","","injury-status","Final L 3-19 vs TB","36","999.0","-","-","-","20","-","199","1","-","-","-","-"
"226","B. Perkins","B. Perkins","QB","LAR","7","","injury-status","Final L 10-31 vs BUF","36","999.0","12","78","1","-","-","-","-","34","63","393","2"
"227","D. Pettis","D. Pettis","WR","CHI","14","","injury-status","Final W 19-10 vs SF","35","999.0","-","-","-","19","-","199","1","-","-","-","-"
"228","T. Sherfield","T. Sherfield","WR","MIA","11","","injury-status","Final W 20-7 vs NE","35","999.0","-","-","-","15","-","155","2","-","-","-","-"
"229","M. Mack","M. Mack","RB","DEN","9","Ques","injury-status questionable","Final L 16-17 @ SEA","35","188.8","48","195","1","8","-","52","-","-","-","-","-"
"230","M. Lewis","M. Lewis","TE","GB","14","","injury-status","Final L 7-23 @ MIN","35","370.2","-","-","-","17","-","201","1","-","-","-","-"
"231","J. Patterson","J. Patterson","RB","WAS","14","Ques","injury-status questionable","Final W 28-22 vs JAX","34","999.0","45","188","1","8","-","54","-","-","-","-","-"
"232","B. Wright","B. Wright","TE","DET","6","","injury-status","Final L 35-38 vs PHI","34","999.0","-","-","-","19","-","182","1","-","-","-","-"
"233","A. Dulin","A. Dulin","WR","IND","14","Ques","injury-status questionable","Final T 20-20 @ HOU","33","999.0","-","-","-","15","-","199","1","-","-","-","-"
"234","P. Williams","P. Williams","WR","CAR","13","","injury-status","Final L 24-26 vs CLE","33","999.0","1","4","-","15","-","193","1","-","-","-","-"
"235","D. Arnold","D. Arnold","TE","JAX","11","","injury-status","Final L 22-28 @ WAS","33","999.0","-","-","-","18","-","181","1","-","-","-","-"
"236","J. Taylor","J. Taylor","RB","NE","10","","injury-status","Final L 7-20 @ MIA","33","460.0","34","136","1","11","-","78","-","-","-","-","-"
"237","Z. Gentry","Z. Gentry","TE","PIT","9","","injury-status","Final W 23-20 @ CIN","33","999.0","-","-","-","19","-","173","1","-","-","-","-"
"238","M. Williams","M. Williams","TE","ARI","13","","injury-status","Final L 21-44 vs KC","33","999.0","-","-","-","16","-","186","1","-","-","-","-"
"239","K. Hinton","K. Hinton","WR","DEN","9","","injury-status","Final L 16-17 @ SEA","32","999.0","-","-","-","12","-","141","2","-","-","-","-"
"240","T. Huntley","T. Huntley","QB","BAL","10","","injury-status","Final W 24-9 @ NYJ","32","999.0","17","85","1","-","-","-","-","25","41","262","2"
"241","J. Jefferson","J. Jefferson","RB","DET","6","","injury-status","Final L 35-38 vs PHI","32","377.8","24","105","2","8","-","54","-","-","-","-","-"
"242","K. Shakir","K. Shakir","WR","BUF","7","Ques","injury-status questionable","Final W 31-10 @ LAR","32","999.0","-","-","-","15","-","183","1","-","-","-","-"
"243","K. Juszczyk","K. Juszczyk","RB","SF","9","","injury-status","Final L 10-19 @ CHI","32","999.0","5","22","-","17","-","151","1","-","-","-","-"
"244","F. Franks","F. Franks","TE","ATL","14","","injury-status","Final L 26-27 vs NO","32","999.0","-","-","-","16","-","176","1","-","-","-","-"
"245","J. Ruckert","J. Ruckert","TE","NYJ","10","","injury-status","Final L 9-24 vs BAL","31","999.0","-","-","-","16","-","172","1","-","-","-","-"
"246","N. Harry","N. Harry","TE","CHI","14","","injury-status","Final W 19-10 vs SF","31","999.0","-","-","-","13","-","187","1","-","-","-","-"
"247","C. Kolar","C. Kolar","TE","BAL","10","","injury-status","Final W 24-9 @ NYJ","31","999.0","-","-","-","15","-","173","1","-","-","-","-"
"248","A. Beck","A. Beck","RB","DEN","9","","injury-status","Final L 16-17 @ SEA","31","999.0","17","63","1","11","-","88","-","-","-","-","-"
"249","C. McCoy","C. McCoy","QB","ARI","13","","injury-status","Final L 21-44 vs KC","31","999.0","10","40","-","-","-","-","-","42","66","464","3"
"250","T. Johnson","T. Johnson","RB","NYJ","10","","injury-status","Final L 9-24 vs BAL","31","480.0","16","66","1","10","-","69","1","-","-","-","-"
"251","T. Bridgewater","T. Bridgewater","QB","MIA","11","","injury-status","Final W 20-7 vs NE","30","999.0","4","19","-","-","-","-","-","48","73","512","3"
"252","I. Hodgins","I. Hodgins","WR","NYG","9","","injury-status","Final W 21-20 @ TEN","30","999.0","-","-","-","14","-","168","1","-","-","-","-"
"253","M. Goodwin","M. Goodwin","WR","SEA","11","","injury-status","Final W 17-16 vs DEN","30","620.1","-","-","-","12","-","177","1","-","-","-","-"
"254","B. Zylstra","B. Zylstra","WR","DET","6","","injury-status","Final L 35-38 vs PHI","29","999.0","-","-","-","15","-","159","1","-","-","-","-"
"255","J. Ross","J. Ross","WR","KC","8","","injury-status","Final W 44-21 @ ARI","29","999.0","-","-","-","13","-","166","1","-","-","-","-"
"256","A. Miller","A. Miller","WR","PIT","9","","injury-status","Final W 23-20 @ CIN","29","999.0","-","-","-","15","-","154","1","-","-","-","-"
"257","R. Griffin","R. Griffin","TE","CHI","14","","injury-status","Final W 19-10 vs SF","29","308.0","-","-","-","15","-","154","1","-","-","-","-"
"258","J. Hasty","J. Hasty","RB","JAX","11","","injury-status","Final L 22-28 @ WAS","29","999.0","18","74","1","12","-","93","-","-","-","-","-"
"259","R. Blackshear","R. Blackshear","RB","CAR","13","Ques","injury-status questionable","Final L 24-26 vs CLE","29","999.0","30","125","1","8","-","62","-","-","-","-","-"
"260","D. Byrd","D. Byrd","WR","ATL","14","","injury-status","Final L 26-27 vs NO","29","999.0","-","-","-","13","-","162","1","-","-","-","-"
"261","A. Isabella","A. Isabella","WR","BAL","10","Ques","injury-status questionable","Final W 24-9 @ NYJ","29","999.0","-","-","-","12","-","165","1","-","-","-","-"
"262","R. Freeman","R. Freeman","RB","HOU","6","","injury-status","Final T 20-20 vs IND","28","999.0","37","144","1","7","-","44","-","-","-","-","-"
"263","Z. Horvath","Z. Horvath","RB","LAC","8","","injury-status","Final W 24-19 vs LV","28","999.0","5","15","-","21","-","102","1","-","-","-","-"
"264","G. Ward","G. Ward","WR","PHI","7","","injury-status","Final W 38-35 @ DET","28","651.0","-","-","-","15","-","141","1","1","1","15","-"
"265","S. Miller","S. Miller","WR","TB","11","","injury-status","Final W 19-3 @ DAL","28","999.0","-","-","-","13","-","157","1","-","-","-","-"
"266","D. Ogunbowale","D. Ogunbowale","RB","HOU","6","","injury-status","Final T 20-20 vs IND","28","999.0","23","89","1","11","-","77","-","-","-","-","-"
"267","M. Pruitt","M. Pruitt","TE","ATL","14","","injury-status","Final L 26-27 vs NO","28","642.1","-","-","-","14","-","151","1","-","-","-","-"
"268","R. Cracraft","R. Cracraft","WR","MIA","11","","injury-status","Final W 20-7 vs NE","28","670.0","-","-","-","10","-","109","2","-","-","-","-"
"269","T. Kroft","T. Kroft","TE","SF","9","","injury-status","Final L 10-19 @ CHI","28","999.0","-","-","-","15","-","144","1","-","-","-","-"
"270","C. Ham","C. Ham","RB","MIN","7","IR","injury-status ir","Final W 23-7 vs GB","28","999.0","6","24","-","12","-","134","1","-","-","-","-"
"271","M. Corral","M. Corral","QB","CAR","13","","injury-status","Final L 24-26 vs CLE","27","999.0","9","42","1","-","-","-","-","30","48","325","2"
"272","K. Harris","K. Harris","RB","NE","10","","injury-status","Final L 7-20 @ MIA","27","999.0","34","137","1","6","-","44","-","-","-","-","-"
"273","S. Fehoko","S. Fehoko","WR","DAL","9","","injury-status","Final L 3-19 vs TB","27","999.0","-","-","-","13","-","143","1","-","-","-","-"
"274","J. Smith","J. Smith","WR","NYJ","10","Ques","injury-status questionable","Final L 9-24 vs BAL","27","999.0","-","-","-","12","-","148","1","-","-","-","-"
"275","C. Sims","C. Sims","WR","WAS","14","Ques","injury-status questionable","Final W 28-22 vs JAX","27","999.0","-","-","-","13","-","141","1","-","-","-","-"
"276","J. Moore","J. Moore","WR","LAC","8","","injury-status","Final W 24-19 vs LV","26","999.0","-","-","-","12","-","144","1","-","-","-","-"
"277","E. Saubert","E. Saubert","TE","DEN","9","","injury-status","Final L 16-17 @ SEA","26","594.9","-","-","-","14","-","133","1","-","-","-","-"
"278","D. Booker","D. Booker","RB","","","","injury-status","BYE","26","450.7","17","69","1","6","-","44","1","-","-","-","-"
"279","T. Coleman","T. Coleman","RB","SF","9","","injury-status","Final L 10-19 @ CHI","26","999.0","33","137","1","6","-","35","-","-","-","-","-"
"280","B. Melton","B. Melton","WR","GB","14","","injury-status","Final L 7-23 @ MIN","26","999.0","-","-","-","12","-","141","1","-","-","-","-"
"281","T. Johnson","T. Johnson","WR","TB","11","","injury-status","Final W 19-3 @ DAL","26","999.0","-","-","-","13","-","136","1","-","-","-","-"
"282","D. Gore","D. Gore","RB","NO","14","","injury-status","Final W 27-26 @ ATL","26","999.0","32","137","1","5","-","37","-","-","-","-","-"
"283","S. Sims","S. Sims","WR","PIT","9","Ques","injury-status questionable","Final W 23-20 @ CIN","26","999.0","-","-","-","13","-","134","1","-","-","-","-"
"284","D. Gray","D. Gray","WR","SF","9","Ques","injury-status questionable","Final L 10-19 @ CHI","26","999.0","-","-","-","11","-","143","1","-","-","-","-"
"285","C. Austin","C. Austin","WR","PIT","9","Ques","injury-status questionable","Final W 23-20 @ CIN","26","999.0","-","-","-","13","-","133","1","-","-","-","-"
"286","T. Hilton","T. Hilton","WR","DAL","9","","injury-status","Final L 3-19 vs TB","26","426.3","-","-","-","10","-","148","1","-","-","-","-"
"287","J. Stidham","J. Stidham","QB","LV","6","","injury-status","Final L 19-24 @ LAC","26","999.0","6","11","-","-","-","-","-","44","74","414","3"
"288","T. Irwin","T. Irwin","WR","CIN","10","","injury-status","Final L 20-23 vs PIT","26","999.0","-","-","-","13","-","131","1","-","-","-","-"
"289","B. Perriman","B. Perriman","WR","TB","11","","injury-status","Final W 19-3 @ DAL","26","999.0","-","-","-","11","-","141","1","-","-","-","-"
"290","R. Rivers","R. Rivers","RB","LAR","7","","injury-status","Final L 10-31 vs BUF","25","999.0","28","114","1","6","-","50","-","-","-","-","-"
"291","J. James","J. James","TE","CLE","9","","injury-status","Final W 26-24 @ CAR","25","641.7","-","-","-","13","-","128","1","-","-","-","-"
"292","M. Brown","M. Brown","RB","LAR","7","","injury-status","Final L 10-31 vs BUF","25","999.0","38","144","1","4","-","26","-","-","-","-","-"
"293","C. Parkey","C. Parkey","K","","","","injury-status","BYE","25","468.7","-","-","-","-","-","-","-","-","-","-","-"
"294","S. Gostkowski","S. Gostkowski","K","","","","injury-status","BYE","25","475.1","-","-","-","-","-","-","-","-","-","-","-"
"295","T. Jones","T. Jones","WR","JAX","11","","injury-status","Final L 22-28 @ WAS","25","999.0","-","-","-","11","-","133","1","-","-","-","-"
"296","A. Firkser","A. Firkser","TE","ATL","14","","injury-status","Final L 26-27 vs NO","25","999.0","-","-","-","12","-","127","1","-","-","-","-"
"297","D. Houston","D. Houston","WR","DAL","9","","injury-status","Final L 3-19 vs TB","25","999.0","-","-","-","13","-","121","1","-","-","-","-"
"298","J. Mundt","J. Mundt","TE","MIN","7","","injury-status","Final W 23-7 vs GB","25","999.0","-","-","-","13","-","121","1","-","-","-","-"
"299","T. Badie","T. Badie","RB","DEN","9","","injury-status","Final L 16-17 @ SEA","25","999.0","20","90","1","8","-","55","-","-","-","-","-"
"300","A. Baccellia","A. Baccellia","WR","ARI","13","","injury-status","Final L 21-44 vs KC","24","999.0","-","-","-","12","-","124","1","-","-","-","-"
"301","D. Patmon","D. Patmon","WR","IND","14","","injury-status","Final T 20-20 @ HOU","24","999.0","-","-","-","12","-","123","1","-","-","-","-"
"302","A. Collins","A. Collins","RB","","","","injury-status","BYE","24","999.0","33","134","1","4","-","29","-","-","-","-","-"
"303","R. Dwelley","R. Dwelley","TE","SF","9","","injury-status","Final L 10-19 @ CHI","24","999.0","-","-","-","11","-","127","1","-","-","-","-"
"304","L. Bowden","L. Bowden","WR","NE","10","","injury-status","Final L 7-20 @ MIA","24","999.0","7","27","-","11","-","98","1","-","-","-","-"
"305","S. Conner","S. Conner","RB","JAX","11","","injury-status","Final L 22-28 @ WAS","24","999.0","28","115","1","6","-","33","-","-","-","-","-"
"306","R. Seals-Jones","R. Seals-Jones","TE","","","Ques","injury-status questionable","BYE","24","999.0","-","-","-","12","-","118","1","-","-","-","-"
"307","A. Wesley","A. Wesley","WR","ARI","13","","injury-status","Final L 21-44 vs KC","24","999.0","-","-","-","10","-","126","1","-","-","-","-"
"308","T. Billy-Johnson","T. Billy-Johnson","WR","CIN","10","","injury-status","Final L 20-23 vs PIT","24","999.0","6","43","-","7","-","98","1","-","-","-","-"
"309","C. Keenum","C. Keenum","QB","BUF","7","Ques","injury-status questionable","Final W 31-10 @ LAR","24","999.0","4","25","-","-","-","-","-","35","55","352","2"
"310","J. Hollister","J. Hollister","TE","SEA","11","","injury-status","Final W 17-16 vs DEN","24","999.0","-","-","-","13","-","110","1","-","-","-","-"
"311","W. Fuller","W. Fuller","WR","","","Ques","injury-status questionable","BYE","23","999.0","-","-","-","9","-","129","1","-","-","-","-"
"312","P. Hendershot","P. Hendershot","TE","DAL","9","","injury-status","Final L 3-19 vs TB","23","999.0","-","-","-","12","-","112","1","-","-","-","-"
"313","L. Humphrey","L. Humphrey","WR","","","","injury-status","BYE","23","561.5","-","-","-","10","-","121","1","-","-","-","-"
"314","C. Huntley","C. Huntley","RB","ATL","14","","injury-status","Final L 26-27 vs NO","23","521.0","24","99","1","5","-","45","-","-","-","-","-"
"315","P. Hesse","P. Hesse","TE","ATL","14","","injury-status","Final L 26-27 vs NO","23","999.0","-","-","-","12","-","109","1","-","-","-","-"
"316","M. Davis","M. Davis","RB","DAL","9","","injury-status","Final L 3-19 vs TB","23","999.0","26","99","1","6","-","37","-","-","-","-","-"
"317","M. Washington","M. Washington","WR","DEN","9","","injury-status","Final L 16-17 @ SEA","23","999.0","-","-","-","11","-","111","1","-","-","-","-"
"318","K. Blanton","K. Blanton","TE","KC","8","","injury-status","Final W 44-21 @ ARI","23","999.0","-","-","-","11","-","111","1","-","-","-","-"
"319","B. Rypien","B. Rypien","QB","DEN","9","","injury-status","Final L 16-17 @ SEA","23","999.0","-","-","-","-","-","-","-","38","60","390","2"
"320","C. Hyde","C. Hyde","RB","","","","injury-status","BYE","22","474.3","27","108","1","5","-","31","-","-","-","-","-"
"321","S. Ahmed","S. Ahmed","RB","MIA","11","IR","injury-status ir","Final W 20-7 vs NE","22","999.0","29","120","-","8","-","63","-","-","-","-","-"
"322","A. Tate","A. Tate","WR","ARI","13","","injury-status","Final L 21-44 vs KC","22","999.0","-","-","-","10","-","113","1","-","-","-","-"
"323","K. White","K. White","WR","NO","14","","injury-status","Final W 27-26 @ ATL","22","999.0","-","-","-","10","-","113","1","-","-","-","-"
"324","D. Newsome","D. Newsome","WR","SF","9","","injury-status","Final L 10-19 @ CHI","22","999.0","-","-","-","10","-","112","1","-","-","-","-"
"325","I. Smith-Marsette","I. Smith-Marsette","WR","KC","8","","injury-status","Final W 44-21 @ ARI","22","999.0","-","-","-","10","-","112","1","-","-","-","-"
"326","D. Freeman","D. Freeman","RB","","","","injury-status","BYE","22","999.0","25","104","1","4","-","38","-","-","-","-","-"
"327","A. Rogers","A. Rogers","TE","WAS","14","Ques","injury-status questionable","Final W 28-22 vs JAX","22","583.9","-","-","-","10","-","111","1","-","-","-","-"
"328","J. Nailor","J. Nailor","WR","MIN","7","Ques","injury-status questionable","Final W 23-7 vs GB","22","999.0","-","-","-","10","-","111","1","-","-","-","-"
"329","N. Gray","N. Gray","TE","KC","8","","injury-status","Final W 44-21 @ ARI","22","999.0","-","-","-","12","-","101","1","-","-","-","-"
"330","M. Thomas","M. Thomas","WR","BAL","10","Ques","injury-status questionable","Final W 24-9 @ NYJ","22","454.6","-","-","-","10","-","111","1","-","-","-","-"
"331","R. Blankenship","R. Blankenship","K","","","","injury-status","BYE","22","181.4","-","-","-","-","-","-","-","-","-","-","-"
"332","D. Johnson","D. Johnson","RB","BUF","7","","injury-status","Final W 31-10 @ LAR","22","999.0","20","82","1","7","-","43","-","-","-","-","-"
"333","D. Carter","D. Carter","WR","LAC","8","","injury-status","Final W 24-19 vs LV","22","999.0","2","10","-","8","-","109","1","-","-","-","-"
"334","C. Okonkwo","C. Okonkwo","TE","TEN","6","","injury-status","Final L 20-21 vs NYG","22","999.0","-","-","-","11","-","102","1","-","-","-","-"
"335","J. Deguara","J. Deguara","TE","GB","14","","injury-status","Final L 7-23 @ MIN","22","999.0","-","-","-","10","-","107","1","-","-","-","-"
"336","P. Taylor","P. Taylor","RB","GB","14","IR","injury-status ir","Final L 7-23 @ MIN","22","486.4","25","107","1","4","-","30","-","-","-","-","-"
"337","L. Rountree","L. Rountree","RB","LAC","8","","injury-status","Final W 24-19 vs LV","22","999.0","28","115","1","4","-","22","-","-","-","-","-"
"338","T. Davis","T. Davis","TE","GB","14","","injury-status","Final L 7-23 @ MIN","22","999.0","-","-","-","10","-","106","1","-","-","-","-"
"339","J. Howard","J. Howard","RB","","","","injury-status","BYE","22","999.0","34","144","1","1","-","7","-","-","-","-","-"
"340","N. Boyle","N. Boyle","TE","","","","injury-status","BYE","21","999.0","-","-","-","10","-","104","1","-","-","-","-"
"341","J. O'Shaughnessy","J. O'Shaughnessy","TE","MIN","7","","injury-status","Final W 23-7 vs GB","21","999.0","-","-","-","10","-","101","1","-","-","-","-"
"342","C. Henne","C. Henne","QB","KC","8","","injury-status","Final W 44-21 @ ARI","21","528.9","6","14","-","-","-","-","-","29","44","315","2"
"343","T. Smith","T. Smith","WR","NO","14","","injury-status","Final W 27-26 @ ATL","21","999.0","-","-","-","10","-","120","1","-","-","-","-"
"344","S. Thompson","S. Thompson","QB","MIA","11","","injury-status","Final W 20-7 vs NE","21","999.0","3","6","-","-","-","-","-","32","63","333","2"
"345","N. Vannett","N. Vannett","TE","NYG","9","","injury-status","Final W 21-20 @ TEN","21","999.0","-","-","-","10","-","99","1","-","-","-","-"
"346","J. Eason","J. Eason","QB","","","","injury-status","BYE","21","430.4","-","-","-","-","-","-","-","30","55","370","2"
"347","C. Daniel","C. Daniel","QB","LAC","8","","injury-status","Final W 24-19 vs LV","21","439.2","4","16","-","-","-","-","-","27","44","303","2"
"348","T. McKitty","T. McKitty","TE","LAC","8","","injury-status","Final W 24-19 vs LV","21","999.0","-","-","-","11","-","92","1","-","-","-","-"
"349","J. Cook","J. Cook","TE","","","","injury-status","BYE","21","270.0","-","-","-","9","-","102","1","-","-","-","-"
"350","T. Siemian","T. Siemian","QB","CHI","14","","injury-status","Final W 19-10 vs SF","21","658.0","3","5","-","-","-","-","-","31","51","330","2"
"351","J. Gordon","J. Gordon","WR","","","","injury-status","BYE","21","638.6","-","-","-","9","-","102","1","-","-","-","-"
"352","K. Allen","K. Allen","QB","HOU","6","","injury-status","Final T 20-20 vs IND","21","999.0","4","15","-","-","-","-","-","31","52","353","2"
"353","T. Jackson","T. Jackson","TE","PHI","7","IR","injury-status ir","Final W 38-35 @ DET","21","999.0","-","-","-","9","-","101","1","-","-","-","-"
"354","J. Wilkins","J. Wilkins","RB","","","","injury-status","BYE","21","999.0","19","79","-","11","-","72","-","-","-","-","-"
"355","B. Jarwin","B. Jarwin","TE","","","","injury-status","BYE","20","269.0","-","-","-","10","-","93","1","-","-","-","-"
"356","J. Love","J. Love","QB","GB","14","","injury-status","Final L 7-23 @ MIN","20","999.0","2","12","-","-","-","-","-","34","53","373","2"
"357","A. Williams","A. Williams","RB","ATL","14","","injury-status","Final L 26-27 vs NO","20","999.0","20","90","1","4","-","30","-","-","-","-","-"
"358","G. Swaim","G. Swaim","TE","TEN","6","Ques","injury-status questionable","Final L 20-21 vs NYG","20","999.0","-","-","-","11","-","85","1","-","-","-","-"
"359","T. Quitoriano","T. Quitoriano","TE","HOU","6","","injury-status","Final T 20-20 vs IND","20","999.0","-","-","-","10","-","88","1","-","-","-","-"
"360","E. Ezukanma","E. Ezukanma","WR","MIA","11","","injury-status","Final W 20-7 vs NE","20","999.0","-","-","-","9","-","91","1","-","-","-","-"
"361","C. Turner","C. Turner","TE","WAS","14","","injury-status","Final W 28-22 vs JAX","19","999.0","-","-","-","9","-","89","1","-","-","-","-"
"362","J. Mitchell","J. Mitchell","TE","DET","6","","injury-status","Final L 35-38 vs PHI","19","999.0","-","-","-","10","-","82","1","-","-","-","-"
"363","G. Calcaterra","G. Calcaterra","TE","PHI","7","","injury-status","Final W 38-35 @ DET","19","545.0","-","-","-","10","-","81","1","-","-","-","-"
"364","L. Havrisik","L. Havrisik","K","","","","injury-status","BYE","19","999.0","-","-","-","-","-","-","-","-","-","-","-"
"365","R. Santoso","R. Santoso","K, P","","","","injury-status","BYE","19","306.7","-","-","-","-","-","-","-","-","-","-","-"
"366","Z. Gonzalez","Z. Gonzalez","K","CAR","13","","injury-status","Final L 24-26 vs CLE","19","643.2","-","-","-","-","-","-","-","-","-","-","-"
"367","B. Hoyer","B. Hoyer","QB","NE","10","","injury-status","Final L 7-20 @ MIA","19","999.0","3","7","-","-","-","-","-","29","42","280","2"
"368","C. Powell","C. Powell","WR","KC","8","","injury-status","Final W 44-21 @ ARI","19","999.0","-","-","-","7","-","94","1","-","-","-","-"
"369","J. Oliver","J. Oliver","TE","BAL","10","","injury-status","Final W 24-9 @ NYJ","19","999.0","-","-","-","8","-","89","1","-","-","-","-"
"370","C. Newton","C. Newton","QB","","","","injury-status","BYE","19","496.7","8","38","1","-","-","-","-","17","29","197","1"
"371","J. Watson","J. Watson","WR","KC","8","","injury-status","Final W 44-21 @ ARI","19","681.1","-","-","-","7","-","91","1","-","-","-","-"
"372","J. Wolford","J. Wolford","QB","LAR","7","","injury-status","Final L 10-31 vs BUF","18","999.0","2","6","-","-","-","-","-","24","38","270","2"
"373","B. Powell","B. Powell","WR","LAR","7","","injury-status","Final L 10-31 vs BUF","18","999.0","6","34","-","10","-","98","-","-","-","-","-"
"374","S. Howell","S. Howell","QB","WAS","14","","injury-status","Final W 28-22 vs JAX","18","999.0","3","13","-","-","-","-","-","28","44","291","2"
"375","N. Mullens","N. Mullens","QB","MIN","7","","injury-status","Final W 23-7 vs GB","18","999.0","4","12","-","-","-","-","-","26","41","291","2"
"376","A. Trammell","A. Trammell","WR","LAR","7","","injury-status","Final L 10-31 vs BUF","18","509.3","-","-","-","13","-","112","-","-","-","-","-"
"377","W. Gallman","W. Gallman","RB","SEA","11","","injury-status","Final W 17-16 vs DEN","18","422.8","17","66","1","4","-","29","-","-","-","-","-"
"378","K. Turpin","K. Turpin","WR","DAL","9","","injury-status","Final L 3-19 vs TB","17","615.1","-","-","-","7","-","79","1","-","-","-","-"
"379","B. Hopkins","B. Hopkins","TE","LAR","7","","injury-status","Final L 10-31 vs BUF","17","510.4","-","-","-","8","-","74","1","-","-","-","-"
"380","J. Fortson","J. Fortson","TE","KC","8","Ques","injury-status questionable","Final W 44-21 @ ARI","17","699.0","-","-","-","7","-","79","1","-","-","-","-"
"381","R. Armstead","R. Armstead","RB","","","","injury-status","BYE","17","999.0","15","62","-","10","-","61","-","-","-","-","-"
"382","D. Jackson","D. Jackson","WR","","","","injury-status","BYE","17","565.1","-","-","-","10","-","122","-","-","-","-","-"
"383","T. Sweeney","T. Sweeney","TE","BUF","7","Out","injury-status out","Final W 31-10 @ LAR","17","999.0","-","-","-","7","-","77","1","-","-","-","-"
"384","D. Evans","D. Evans","RB","CHI","14","Ques","injury-status questionable","Final W 19-10 vs SF","17","348.3","21","83","-","7","-","53","-","-","-","-","-"
"385","M. Strachan","M. Strachan","WR","IND","14","","injury-status","Final T 20-20 @ HOU","17","999.0","-","-","-","11","-","111","-","-","-","-","-"
"386","J. Reed","J. Reed","WR","LAC","8","Ques","injury-status questionable","Final W 24-19 vs LV","17","999.0","-","-","-","7","-","71","1","-","-","-","-"
"387","Q. Morris","Q. Morris","TE","BUF","7","","injury-status","Final W 31-10 @ LAR","16","999.0","-","-","-","7","-","66","1","-","-","-","-"
"388","D. Johnson","D. Johnson","RB","NO","14","","injury-status","Final W 27-26 @ ATL","16","423.0","13","50","1","4","-","30","-","-","-","-","-"
"389","G. Igwebuike","G. Igwebuike","RB","SEA","11","","injury-status","Final W 17-16 vs DEN","16","597.6","13","66","-","8","-","53","-","-","-","-","-"
"390","K. Kirkwood","K. Kirkwood","WR","NO","14","","injury-status","Final W 27-26 @ ATL","15","999.0","-","-","-","11","-","99","-","-","-","-","-"
"391","D. Bailey","D. Bailey","K","","","","injury-status","BYE","15","472.9","-","-","-","-","-","-","-","-","-","-","-"
"392","J. Garibay","J. Garibay","K","","","","injury-status","BYE","15","999.0","-","-","-","-","-","-","-","-","-","-","-"
"393","C. Shudak","C. Shudak","K","TEN","6","","injury-status","Final L 20-21 vs NYG","15","267.2","-","-","-","-","-","-","-","-","-","-","-"
"394","C. Naggar","C. Naggar","K","","","","injury-status","BYE","15","549.7","-","-","-","-","-","-","-","-","-","-","-"
"395","Q. Nordin","Q. Nordin","K","NE","10","Ques","injury-status questionable","Final L 7-20 @ MIA","15","547.3","-","-","-","-","-","-","-","-","-","-","-"
"396","S. Hauschka","S. Hauschka","K","","","","injury-status","BYE","15","650.0","-","-","-","-","-","-","-","-","-","-","-"
"397","M. Ammendola","M. Ammendola","K, P - GB(14)","","","","injury-status","Final L 7-23 @ MIN","15","425.7","-","-","-","-","-","-","-","-","-","-","-"
"398","T. McCann","T. McCann","K","","","","injury-status","BYE","15","576.0","-","-","-","-","-","-","-","-","-","-","-"
"399","S. Sloman","S. Sloman","K","","","","injury-status","BYE","15","567.0","-","-","-","-","-","-","-","-","-","-","-"
"400","A. McFarland","A. McFarland","RB","PIT","9","","injury-status","Final W 23-20 @ CIN","15","999.0","19","76","-","6","-","44","-","-","-","-","-"
"401","M. Wright","M. Wright","K","KC","8","","injury-status","Final W 44-21 @ ARI","15","548.3","-","-","-","-","-","-","-","-","-","-","-"
"402","S. Ficken","S. Ficken","K","DET","6","","injury-status","Final L 35-38 vs PHI","15","585.5","-","-","-","-","-","-","-","-","-","-","-"
"403","A. Rosas","A. Rosas","K","","","Ques","injury-status questionable","BYE","15","639.7","-","-","-","-","-","-","-","-","-","-","-"
"404","J. Lambo","J. Lambo","K","","","","injury-status","BYE","15","360.0","-","-","-","-","-","-","-","-","-","-","-"
"405","K. Forbath","K. Forbath","K","","","","injury-status","BYE","15","294.0","-","-","-","-","-","-","-","-","-","-","-"
"406","D. Milne","D. Milne","WR","WAS","14","","injury-status","Final W 28-22 vs JAX","15","653.0","-","-","-","10","-","98","-","-","-","-","-"
"407","M. Rudolph","M. Rudolph","QB","PIT","9","","injury-status","Final W 23-20 @ CIN","15","999.0","4","18","-","-","-","-","-","22","37","247","1"
"408","C. Parkinson","C. Parkinson","TE","SEA","11","","injury-status","Final W 17-16 vs DEN","15","566.5","-","-","-","6","-","56","1","-","-","-","-"
"409","L. Perine","L. Perine","RB","MIA","11","","injury-status","Final W 20-7 vs NE","14","999.0","16","61","1","2","-","13","-","-","-","-","-"
"410","A. Ingold","A. Ingold","RB","MIA","11","","injury-status","Final W 20-7 vs NE","14","332.0","8","34","-","7","-","73","-","-","-","-","-"
"411","K. Pryor","K. Pryor","WR","JAX","11","","injury-status","Final L 22-28 @ WAS","14","999.0","-","-","-","8","-","98","-","-","-","-","-"
"412","T. Williams","T. Williams","RB","CIN","10","","injury-status","Final L 20-23 vs PIT","14","999.0","21","101","-","3","-","22","-","-","-","-","-"
"413","J. Johnson","J. Johnson","QB","SF","9","","injury-status","Final L 10-19 @ CHI","14","522.1","6","25","-","-","-","-","-","19","31","203","1"
"414","C. Manhertz","C. Manhertz","TE","JAX","11","","injury-status","Final L 22-28 @ WAS","14","999.0","-","-","-","6","-","66","-","-","-","-","-"
"415","R. Dowdle","R. Dowdle","RB","DAL","9","","injury-status","Final L 3-19 vs TB","14","999.0","100","24","1","4","-","31","-","-","-","-","-"
"416","T. Montgomery","T. Montgomery","RB","NE","10","","injury-status","Final L 7-20 @ MIA","13","999.0","6","23","-","8","-","70","-","-","-","-","-"
"417","C. Beathard","C. Beathard","QB","JAX","11","","injury-status","Final L 22-28 @ WAS","13","335.7","4","14","-","-","-","-","-","20","34","219","1"
"418","B. Gabbert","B. Gabbert","QB","TB","11","","injury-status","Final W 19-3 @ DAL","13","999.0","3","11","-","-","-","-","-","20","32","221","1"
"419","B. Johnson","B. Johnson","WR","DEN","9","Ques","injury-status questionable","Final L 16-17 @ SEA","13","999.0","-","-","-","8","-","88","-","-","-","-","-"
"420","J. Flacco","J. Flacco","QB","NYJ","10","","injury-status","Final L 9-24 vs BAL","13","634.9","1","3","-","-","-","-","-","21","34","233","1"
"421","K. Mond","K. Mond","QB","CLE","9","","injury-status","Final W 26-24 @ CAR","12","584.0","4","27","-","-","-","-","-","15","25","169","1"
"422","J. Dobbs","J. Dobbs","QB","TEN","6","","injury-status","Final L 20-21 vs NYG","12","440.0","3","16","-","-","-","-","-","19","30","195","1"
"423","P. Ricard","P. Ricard","RB","BAL","10","Ques","injury-status questionable","Final W 24-9 @ NYJ","12","999.0","3","6","-","9","-","72","-","-","-","-","-"
"424","C. Heyward","C. Heyward","TE","PIT","9","","injury-status","Final W 23-20 @ CIN","12","326.4","9","29","-","7","-","57","-","-","-","-","-"
"425","B. Allen","B. Allen","QB","CIN","10","","injury-status","Final L 20-23 vs PIT","12","999.0","3","4","-","-","-","-","-","19","30","217","1"
"426","S. Smartt","S. Smartt","TE","LAC","8","","injury-status","Final W 24-19 vs LV","12","999.0","-","-","-","8","-","80","-","-","-","-","-"
"427","J. Ford","J. Ford","RB","CLE","9","","injury-status","Final W 26-24 @ CAR","12","999.0","14","59","-","5","-","36","-","-","-","-","-"
"428","M. Boykin","M. Boykin","WR","PIT","9","","injury-status","Final W 23-20 @ CIN","12","999.0","-","-","-","8","-","76","-","-","-","-","-"
"429","K. Coutee","K. Coutee","WR","IND","14","","injury-status","Final T 20-20 @ HOU","12","999.0","-","-","-","8","-","76","-","-","-","-","-"
"430","M. Woods","M. Woods","WR","CLE","9","","injury-status","Final W 26-24 @ CAR","11","999.0","-","-","-","7","-","79","-","-","-","-","-"
"431","K. Smith","K. Smith","RB","ATL","14","Ques","injury-status questionable","Final L 26-27 vs NO","11","999.0","9","33","-","6","-","49","-","-","-","-","-"
"432","A. Wilson","A. Wilson","WR","LV","6","","injury-status","Final L 19-24 @ LAC","11","999.0","1","4","-","7","-","73","-","-","-","-","-"
"433","T. Vizcaino","T. Vizcaino","K","NE","10","","injury-status","Final L 7-20 @ MIA","11","268.0","-","-","-","-","-","-","-","-","-","-","-"
"434","J. Wydermyer","J. Wydermyer","TE","IND","14","","injury-status","Final T 20-20 @ HOU","11","999.0","-","-","-","7","-","73","-","-","-","-","-"
"435","T. Taylor","T. Taylor","WR","CIN","10","IR","injury-status ir","Final L 20-23 vs PIT","11","999.0","-","-","-","7","-","72","-","-","-","-","-"
"436","P. Hart","P. Hart","WR","SEA","11","Ques","injury-status questionable","Final W 17-16 vs DEN","11","999.0","-","-","-","7","-","70","-","-","-","-","-"
"437","S. Mannion","S. Mannion","QB","SEA","11","","injury-status","Final W 17-16 vs DEN","10","256.4","2","6","-","-","-","-","-","16","25","171","1"
"438","M. Bandy","M. Bandy","WR","LAC","8","","injury-status","Final W 24-19 vs LV","10","999.0","-","-","-","7","-","68","-","-","-","-","-"
"439","T. Wesco","T. Wesco","TE","CHI","14","","injury-status","Final W 19-10 vs SF","10","999.0","-","-","-","6","-","73","-","-","-","-","-"
"440","J. Richard","J. Richard","RB","LV","6","","injury-status","Final L 19-24 @ LAC","10","654.0","6","26","-","6","-","45","-","-","-","-","-"
"441","L. Hajrullahu","L. Hajrullahu","K","","","","injury-status","BYE","10","612.0","-","-","-","-","-","-","-","-","-","-","-"
"442","M. Nugent","M. Nugent","K","","","","injury-status","BYE","10","676.5","-","-","-","-","-","-","-","-","-","-","-"
"443","C. Blewitt","C. Blewitt","K","","","","injury-status","BYE","10","412.0","-","-","-","-","-","-","-","-","-","-","-"
"444","T. Chandler","T. Chandler","RB","MIN","7","","injury-status","Final W 23-7 vs GB","10","999.0","12","49","-","4","-","29","-","-","-","-","-"
"445","N. Muse","N. Muse","TE","MIN","7","","injury-status","Final W 23-7 vs GB","10","999.0","-","-","-","6","-","65","-","-","-","-","-"
"446","N. Peterman","N. Peterman","QB","CHI","14","","injury-status","Final W 19-10 vs SF","9","454.3","2","6","-","-","-","-","-","17","34","169","1"
"447","S. Toure","S. Toure","WR","GB","14","","injury-status","Final L 7-23 @ MIN","9","569.8","-","-","-","6","-","62","-","-","-","-","-"
"448","D. Price","D. Price","RB","IND","14","","injury-status","Final T 20-20 @ HOU","9","999.0","13","55","-","3","-","22","-","-","-","-","-"
"449","D. Young","D. Young","WR","SEA","11","","injury-status","Final W 17-16 vs DEN","9","999.0","-","-","-","6","-","61","-","-","-","-","-"
"450","J. FitzPatrick","J. FitzPatrick","TE","ATL","14","","injury-status","Final L 26-27 vs NO","9","999.0","-","-","-","7","-","56","-","-","-","-","-"
"451","J. McCourt","J. McCourt","K","JAX","11","","injury-status","Final L 22-28 @ WAS","9","563.3","-","-","-","-","-","-","-","-","-","-","-"
"452","T. Bertolet","T. Bertolet","K","LAC","8","","injury-status","Final W 24-19 vs LV","9","557.0","-","-","-","-","-","-","-","-","-","-","-"
"453","T. Benson","T. Benson","WR","DET","6","","injury-status","Final L 35-38 vs PHI","8","999.0","-","-","-","5","-","59","-","-","-","-","-"
"454","D. Ozigbo","D. Ozigbo","RB","","","","injury-status","BYE","8","999.0","12","48","-","3","-","20","-","-","-","-","-"
"455","M. Burton","M. Burton","RB","KC","8","IR","injury-status ir","Final W 44-21 @ ARI","8","515.3","5","23","-","5","-","35","-","-","-","-","-"
"456","C. Strong","C. Strong","QB","","","","injury-status","BYE","8","999.0","-","-1","-","-","-","-","-","9","15","108","1"
"457","R. Rodgers","R. Rodgers","TE","LAC","8","Ques","injury-status questionable","Final W 24-19 vs LV","8","477.0","-","-","-","6","-","51","-","-","-","-","-"
"458","T. Kennedy","T. Kennedy","WR","DET","6","","injury-status","Final L 35-38 vs PHI","8","530.0","-","-","-","6","-","49","-","-","-","-","-"
"459","J. Brown","J. Brown","WR","BUF","7","","injury-status","Final W 31-10 @ LAR","8","999.0","-","-","-","4","-","59","-","-","-","-","-"
"460","J. Williams","J. Williams","RB","WAS","14","Ques","injury-status questionable","Final W 28-22 vs JAX","8","999.0","10","39","-","3","-","24","-","-","-","-","-"
"461","J. Chestnut","J. Chestnut","RB","TEN","6","","injury-status","Final L 20-21 vs NYG","8","999.0","12","49","-","2","-","18","-","-","-","-","-"
"462","A. Humphries","A. Humphries","WR","","","","injury-status","BYE","8","999.0","-","-","-","5","-","52","-","-","-","-","-"
"463","R. McMath","R. McMath","WR","TEN","6","","injury-status","Final L 20-21 vs NYG","8","999.0","-","-","-","6","-","46","-","-","-","-","-"
"464","B. Brown","B. Brown","RB","LV","6","","injury-status","Final L 19-24 @ LAC","8","999.0","10","40","-","3","-","21","-","-","-","-","-"
"465","J. Harris","J. Harris","WR","LAR","7","","injury-status","Final L 10-31 vs BUF","7","999.0","-","-","-","4","-","54","-","-","-","-","-"
"466","D. Turner","D. Turner","WR","LV","6","Ques","injury-status questionable","Final L 19-24 @ LAC","7","510.3","-","-","-","5","-","48","-","-","-","-","-"
"467","C. Hollister","C. Hollister","WR","TEN","6","Ques","injury-status questionable","Final L 20-21 vs NYG","7","999.0","-","-","-","5","-","46","-","-","-","-","-"
"468","T. Williams","T. Williams","RB","ARI","13","","injury-status","Final L 21-44 vs KC","7","999.0","10","43","-","2","-","18","-","-","-","-","-"
"469","J. Ward","J. Ward","RB","TEN","6","","injury-status","Final L 20-21 vs NYG","7","999.0","8","32","-","3","-","23","-","-","-","-","-"
"470","N. Webster","N. Webster","WR","CHI","14","","injury-status","Final W 19-10 vs SF","7","999.0","-","-","-","6","-","40","-","-","-","-","-"
"471","L. McCutcheon","L. McCutcheon","WR","LAR","7","","injury-status","Final L 10-31 vs BUF","6","682.5","-","-","-","4","-","44","-","-","-","-","-"
"472","J. Bernhardt","J. Bernhardt","WR","ATL","14","","injury-status","Final L 26-27 vs NO","6","999.0","-","-","-","4","-","44","-","-","-","-","-"
"473","M. Sargent","M. Sargent","RB","JAX","11","","injury-status","Final L 22-28 @ WAS","6","999.0","7","28","-","3","-","21","-","-","-","-","-"
"474","J. Camp","J. Camp","WR","HOU","6","","injury-status","Final T 20-20 vs IND","6","999.0","-","-","-","4","-","44","-","-","-","-","-"
"475","A. Williams","A. Williams","RB","","","","injury-status","BYE","6","999.0","13","51","-","1","-","8","-","-","-","-","-"
"476","S. Zylstra","S. Zylstra","TE","DET","6","","injury-status","Final L 35-38 vs PHI","6","999.0","-","-","-","4","-","43","-","-","-","-","-"
"477","Q. Ollison","Q. Ollison","RB","DAL","9","","injury-status","Final L 3-19 vs TB","6","999.0","12","43","-","2","-","9","-","-","-","-","-"
"478","J. Johnson","J. Johnson","RB","LV","6","","injury-status","Final L 19-24 @ LAC","6","619.4","1","4","-","4","-","36","-","-","-","-","-"
"479","C. Carter","C. Carter","TE","MIA","11","","injury-status","Final W 20-7 vs NE","6","999.0","-","-","-","4","-","37","-","-","-","-","-"
"480","D. Asiasi","D. Asiasi","TE","CIN","10","","injury-status","Final L 20-23 vs PIT","6","999.0","-","-","-","4","-","36","-","-","-","-","-"
"481","C. Clement","C. Clement","RB","ARI","13","","injury-status","Final L 21-44 vs KC","6","999.0","7","30","-","2","-","15","-","-","-","-","-"
"482","E. Tomlinson","E. Tomlinson","TE","DEN","9","","injury-status","Final L 16-17 @ SEA","5","999.0","-","-","-","4","-","33","-","-","-","-","-"
"483","K. Merritt","K. Merritt","WR","NO","14","","injury-status","Final W 27-26 @ ATL","5","999.0","-","-","-","4","-","29","-","-","-","-","-"
"484","S. Morgan","S. Morgan","WR","CIN","10","","injury-status","Final L 20-23 vs PIT","5","649.0","-","-","-","3","-","33","-","-","-","-","-"
"485","J. Kumerow","J. Kumerow","WR","BUF","7","Ques","injury-status questionable","Final W 31-10 @ LAR","5","999.0","-","-","-","3","-","33","-","-","-","-","-"
"486","A. Brown","A. Brown","QB","BAL","10","","injury-status","Final W 24-9 @ NYJ","5","685.9","5","15","-","-","-","-","-","9","15","81","-"
"487","S. McKeon","S. McKeon","TE","DAL","9","","injury-status","Final L 3-19 vs TB","5","999.0","-","-","-","4","-","25","-","-","-","-","-"
"488","K. Kieft","K. Kieft","TE","TB","11","","injury-status","Final W 19-3 @ DAL","4","999.0","-","-","-","3","-","28","-","-","-","-","-"
"489","J. Horsted","J. Horsted","TE","LV","6","","injury-status","Final L 19-24 @ LAC","4","999.0","-","-","-","4","-","22","-","-","-","-","-"
"490","N. Sciba","N. Sciba","K","","","","injury-status","BYE","4","523.0","-","-","-","-","-","-","-","-","-","-","-"
"491","D. Eberle","D. Eberle","K","","","","injury-status","BYE","4","265.0","-","-","-","-","-","-","-","-","-","-","-"
"492","D. Blough","D. Blough","QB","ARI","13","","injury-status","Final L 21-44 vs KC","4","275.6","2","6","-","-","-","-","-","9","15","81","-"
"493","D. Webb","D. Webb","QB","NYG","9","","injury-status","Final W 21-20 @ TEN","4","999.0","2","6","-","-","-","-","-","9","15","81","-"
"494","L. Farrell","L. Farrell","TE","JAX","11","","injury-status","Final L 22-28 @ WAS","4","999.0","-","-","-","3","-","23","-","-","-","-","-"
"495","T. Cannon","T. Cannon","RB","TEN","6","","injury-status","Final L 20-21 vs NYG","4","999.0","9","36","-","-","-","-","-","-","-","-","-"
"496","J. Stoll","J. Stoll","TE","PHI","7","","injury-status","Final W 38-35 @ DET","4","999.0","-","-","-","3","-","20","-","-","-","-","-"
"497","T. Cleveland","T. Cleveland","WR","DEN","9","","injury-status","Final L 16-17 @ SEA","3","999.0","-","-","-","2","-","24","-","-","-","-","-"
"498","S. Anderson","S. Anderson","TE","ARI","13","","injury-status","Final L 21-44 vs KC","3","999.0","-","-","-","3","-","19","-","-","-","-","-"
"499","M. Alexander","M. Alexander","WR","DET","6","","injury-status","Final L 35-38 vs PHI","3","999.0","-","-","-","2","-","23","-","-","-","-","-"
"500","J. Virgil","J. Virgil","WR","DEN","9","Ques","injury-status questionable","Final L 16-17 @ SEA","3","999.0","-","-","-","2","-","21","-","-","-","-","-"
"501","M. Wilcox","M. Wilcox","TE","CIN","10","","injury-status","Final L 20-23 vs PIT","3","999.0","-","-","-","3","-","16","-","-","-","-","-"
"502","J. Grant","J. Grant","WR","CLE","9","","injury-status","Final W 26-24 @ CAR","3","999.0","5","31","-","-","-","-","-","-","-","-","-"
"503","T. Hairston","T. Hairston","RB","HOU","6","","injury-status","Final T 20-20 vs IND","3","999.0","2","6","-","2","-","14","-","-","-","-","-"
"504","S. Sullivan","S. Sullivan","TE","CAR","13","Out","injury-status out","Final L 24-26 vs CLE","3","999.0","-","-","-","3","-","15","-","-","-","-","-"
"505","D. Watt","D. Watt","RB","PIT","9","","injury-status","Final W 23-20 @ CIN","3","263.4","3","8","-","2","-","12","-","-","-","-","-"
"506","P. Cooper","P. Cooper","WR","ARI","13","","injury-status","Final L 21-44 vs KC","3","999.0","3","15","-","1","-","10","-","-","-","-","-"
"507","C. Myarick","C. Myarick","TE","NYG","9","","injury-status","Final W 21-20 @ TEN","3","999.0","2","6","-","2","-","12","-","-","-","-","-"
"508","L. Cager","L. Cager","TE","NYG","9","","injury-status","Final W 21-20 @ TEN","3","999.0","-","-","-","2","-","18","-","-","-","-","-"
"509","D. Thompkins","D. Thompkins","WR","TB","11","","injury-status","Final W 19-3 @ DAL","3","999.0","1","4","-","3","-","27","-","-","-","-","-"
"510","B. Ellefson","B. Ellefson","TE","MIN","7","","injury-status","Final W 23-7 vs GB","3","663.8","-","-","-","2","-","16","-","-","-","-","-"
"511","R. Bonnafon","R. Bonnafon","RB","WAS","14","","injury-status","Final W 28-22 vs JAX","3","999.0","4","15","-","1","-","6","-","-","-","-","-"
"512","H. Long","H. Long","TE","MIA","11","","injury-status","Final W 20-7 vs NE","3","999.0","-","-","-","2","-","15","-","-","-","-","-"
"513","D. Washington","D. Washington","RB","NO","14","Ques","injury-status questionable","Final W 27-26 @ ATL","3","999.0","4","13","-","1","-","7","-","-","-","-","-"
"514","G. Ricci","G. Ricci","TE","CAR","13","","injury-status","Final L 24-26 vs CLE","2","999.0","1","3","-","2","-","11","-","-","-","-","-"
"515","A. Prentice","A. Prentice","RB","NO","14","","injury-status","Final W 27-26 @ ATL","2","999.0","1","4","-","2","-","10","-","-","-","-","-"
"516","J. Tonges","J. Tonges","TE","CHI","14","","injury-status","Final W 19-10 vs SF","2","999.0","-","-","-","2","-","13","-","-","-","-","-"
"517","T. Conner","T. Conner","TE","MIA","11","","injury-status","Final W 20-7 vs NE","2","999.0","-","-","-","2","-","12","-","-","-","-","-"
"518","T. Jones","T. Jones","RB","BUF","7","","injury-status","Final W 31-10 @ LAR","2","999.0","2","8","-","1","-","8","-","-","-","-","-"
"519","K. Blasingame","K. Blasingame","RB","CHI","14","","injury-status","Final W 19-10 vs SF","2","999.0","2","6","-","1","-","8","-","-","-","-","-"
"520","C. Woerner","C. Woerner","TE","SF","9","","injury-status","Final L 10-19 @ CHI","2","999.0","-","-","-","2","-","8","-","-","-","-","-"
"521","T. Carter","T. Carter","RB","","","","injury-status","BYE","2","999.0","1","3","-","1","-","7","-","-","-","-","-"
"522","R. Gilliam","R. Gilliam","RB","BUF","7","","injury-status","Final W 31-10 @ LAR","1","999.0","1","3","-","1","-","6","-","-","-","-","-"
"523","B. Miller","B. Miller","RB","","","","injury-status","BYE","-","552.7","-","-","-","-","-","-","-","-","-","-","-"
"524","A. Sherman","A. Sherman","RB","","","","injury-status","BYE","-","999.0","-","-","-","-","-","-","-","-","-","-","-"
"525","L. Kendricks","L. Kendricks","TE","","","","injury-status","BYE","-","999.0","-","-","-","-","-","-","-","-","-","-","-"
"526","L. Stocker","L. Stocker","TE","","","","injury-status","BYE","-","999.0","-","-","-","-","-","-","-","-","-","-","-"
"527","D. Harris","D. Harris","WR","","","Ques","injury-status questionable","BYE","-","999.0","-","-","-","-","-","-","-","-","-","-","-"
"528","C. Ratkovich","C. Ratkovich","RB","ATL","14","","injury-status","Final L 26-27 vs NO","-","999.0","-","-","-","-","-","-","-","-","-","-","-"
"529","J. Ali","J. Ali","WR","ATL","14","","injury-status","Final L 26-27 vs NO","-","999.0","-","-","-","-","-","-","-","-","-","-","-"
"530","D. Baldwin","D. Baldwin","WR","CLE","9","","injury-status","Final W 26-24 @ CAR","-","999.0","-","-","-","-","-","-","-","-","-","-","-"
"531","T. Odukoya","T. Odukoya","TE","TEN","6","","injury-status","Final L 20-21 vs NYG","-","999.0","-","-","-","-","-","-","-","-","-","-","-"
"532","D. Plitt","D. Plitt","QB","","","","injury-status","BYE","-","999.0","-","-","-","-","-","-","-","-","-","-","-"
"533","B. Lewis","B. Lewis","WR","","","","injury-status","BYE","-","999.0","-","-","-","-","-","-","-","-","-","-","-"
"534","T. Koontz","T. Koontz","TE","","","","injury-status","BYE","-","999.0","-","-","-","-","-","-","-","-","-","-","-"
"535","K. Wheatfall","K. Wheatfall","WR","","","","injury-status","BYE","-","622.3","-","-","-","-","-","-","-","-","-","-","-"
"536","R. McDaniel","R. McDaniel","WR","","","","injury-status","BYE","-","999.0","-","-","-","-","-","-","-","-","-","-","-"
"537","N. Bohannon","N. Bohannon","TE","","","","injury-status","BYE","-","999.0","-","-","-","-","-","-","-","-","-","-","-"
"538","K. Brown","K. Brown","WR","","","","injury-status","BYE","-","999.0","-","-","-","-","-","-","-","-","-","-","-"
"539","T. Fisk","T. Fisk","TE","","","","injury-status","BYE","-","999.0","-","-","-","-","-","-","-","-","-","-","-"
"540","J. Howland","J. Howland","TE","","","","injury-status","BYE","-","999.0","-","-","-","-","-","-","-","-","-","-","-"
"541","W. Johnson","W. Johnson","WR","","","Ques","injury-status questionable","BYE","-","999.0","-","-","-","-","-","-","-","-","-","-","-"
"542","J. Scott","J. Scott","TE","","","","injury-status","BYE","-","999.0","-","-","-","-","-","-","-","-","-","-","-"
"543","K. Kassis","K. Kassis","WR","","","","injury-status","BYE","-","999.0","-","-","-","-","-","-","-","-","-","-","-"
"544","B. Beise","B. Beise","TE","","","","injury-status","BYE","-","999.0","-","-","-","-","-","-","-","-","-","-","-"
"545","K. Geiger","K. Geiger","WR","TB","11","","injury-status","Final W 19-3 @ DAL","-","999.0","-","-","-","-","-","-","-","-","-","-","-"
"546","I. Charles","I. Charles","WR","NYJ","10","PUP","injury-status pup","Final L 9-24 vs BAL","-","999.0","-","-","-","-","-","-","-","-","-","-","-"
"547","K. Abram","K. Abram","WR","","","","injury-status","BYE","-","999.0","-","-","-","-","-","-","-","-","-","-","-"
"548","C. Fotheringham","C. Fotheringham","TE","LV","6","","injury-status","Final L 19-24 @ LAC","-","424.0","-","-","-","-","-","-","-","-","-","-","-"
"549","E. Fernea","E. Fernea","WR","IND","14","","injury-status","Final T 20-20 @ HOU","-","999.0","-","-","-","-","-","-","-","-","-","-","-"
"550","M. Young","M. Young","WR","","","","injury-status","BYE","-","556.7","-","-","-","-","-","-","-","-","-","-","-"
"551","K. Crawford","K. Crawford","WR","","","Ques","injury-status questionable","BYE","-","999.0","-","-","-","-","-","-","-","-","-","-","-"
"552","S. Nacua","S. Nacua","WR","","","","injury-status","BYE","-","999.0","-","-","-","-","-","-","-","-","-","-","-"
"553","N. Givan","N. Givan","TE","","","","injury-status","BYE","-","615.4","-","-","-","-","-","-","-","-","-","-","-"
"554","A. Turner","A. Turner","WR","","","","injury-status","BYE","-","999.0","-","-","-","-","-","-","-","-","-","-","-"
"555","A. Shampklin","A. Shampklin","RB","IND","14","","injury-status","Final T 20-20 @ HOU","-","999.0","-","-","-","-","-","-","-","-","-","-","-"
"556","Z. Mitchell-Paden","Z. Mitchell-Paden","TE","CLE","9","","injury-status","Final W 26-24 @ CAR","-","678.3","-","-","-","-","-","-","-","-","-","-","-"
"557","F. Harper","F. Harper","QB","","","","injury-status","BYE","-","999.0","-","-","-","-","-","-","-","-","-","-","-"
"558","J. Rigg","J. Rigg","TE","","","","injury-status","BYE","-","587.0","-","-","-","-","-","-","-","-","-","-","-"
"559","A. Mevis","A. Mevis","K","","","","injury-status","BYE","-","443.8","-","-","-","-","-","-","-","-","-","-","-"
"560","M. Williams","M. Williams","WR","","","","injury-status","BYE","-","999.0","-","-","-","-","-","-","-","-","-","-","-"
"561","J. Bist","J. Bist","TE","","","","injury-status","BYE","-","419.3","-","-","-","-","-","-","-","-","-","-","-"
"562","D. Miller","D. Miller","TE","NYG","9","","injury-status","Final W 21-20 @ TEN","-","313.3","-","-","-","-","-","-","-","-","-","-","-"
"563","R. Williams","R. Williams","TE","PIT","9","","injury-status","Final W 23-20 @ CIN","-","391.0","-","-","-","-","-","-","-","-","-","-","-"
"564","K. Davis","K. Davis","WR","DEN","9","","injury-status","Final L 16-17 @ SEA","-","999.0","-","-","-","-","-","-","-","-","-","-","-"
"565","D. Parham","D. Parham","TE","","","","injury-status","BYE","-","999.0","-","-","-","-","-","-","-","-","-","-","-"
"566","T. McAllister","T. McAllister","RB","DEN","9","","injury-status","Final L 16-17 @ SEA","-","999.0","-","-","-","-","-","-","-","-","-","-","-"
"567","R. Carter","R. Carter","TE","LAR","7","","injury-status","Final L 10-31 vs BUF","-","999.0","-","-","-","-","-","-","-","-","-","-","-"
"568","J. Pettigrew","J. Pettigrew","TE","","","","injury-status","BYE","-","999.0","-","-","-","-","-","-","-","-","-","-","-"
"569","R. Webb","R. Webb","WR","NE","10","","injury-status","Final L 7-20 @ MIA","-","999.0","-","-","-","-","-","-","-","-","-","-","-"
"570","S. Bridges","S. Bridges","WR","BAL","10","","injury-status","Final W 24-9 @ NYJ","-","999.0","-","-","-","-","-","-","-","-","-","-","-"
"571","D. Tuggle","D. Tuggle","RB","","","","injury-status","BYE","-","999.0","-","-","-","-","-","-","-","-","-","-","-"
"572","T. Fleet-Davis","T. Fleet-Davis","RB","","","","injury-status","BYE","-","999.0","-","-","-","-","-","-","-","-","-","-","-"
"573","K. Oginni","K. Oginni","TE","","","","injury-status","BYE","-","577.2","-","-","-","-","-","-","-","-","-","-","-"
"574","L. Lenoir","L. Lenoir","WR","","","","injury-status","BYE","-","999.0","-","-","-","-","-","-","-","-","-","-","-"
"575","S. Scarver","S. Scarver","WR","","","","injury-status","BYE","-","999.0","-","-","-","-","-","-","-","-","-","-","-"
"576","C. Holder","C. Holder","WR","","","","injury-status","BYE","-","999.0","-","-","-","-","-","-","-","-","-","-","-"
"577","K. Shaa","K. Shaa","WR","","","","injury-status","BYE","-","999.0","-","-","-","-","-","-","-","-","-","-","-"
"578","H. Litwin","H. Litwin","WR","","","","injury-status","BYE","-","999.0","-","-","-","-","-","-","-","-","-","-","-"
"579","J. Herslow","J. Herslow","WR","","","","injury-status","BYE","-","999.0","-","-","-","-","-","-","-","-","-","-","-"
"580","J. Mitchell","J. Mitchell","TE","","","","injury-status","BYE","-","999.0","-","-","-","-","-","-","-","-","-","-","-"
"581","V. Green","V. Green","TE","","","Ques","injury-status questionable","BYE","-","999.0","-","-","-","-","-","-","-","-","-","-","-"
"582","P. Romo","P. Romo","K","","","","injury-status","BYE","-","379.9","-","-","-","-","-","-","-","-","-","-","-"
"583","L. Watson","L. Watson","TE","SF","9","","injury-status","Final L 10-19 @ CHI","-","999.0","-","-","-","-","-","-","-","-","-","-","-"
"584","T. James","T. James","WR","","","","injury-status","BYE","-","999.0","-","-","-","-","-","-","-","-","-","-","-"
"585","L. Winningham","L. Winningham","WR","","","","injury-status","BYE","-","999.0","-","-","-","-","-","-","-","-","-","-","-"
"586","G. Gunter","G. Gunter","TE","","","","injury-status","BYE","-","999.0","-","-","-","-","-","-","-","-","-","-","-"
"587","C. Pierce","C. Pierce","TE","ARI","13","","injury-status","Final L 21-44 vs KC","-","999.0","-","-","-","-","-","-","-","-","-","-","-"
"588","S. Robinson","S. Robinson","WR","","","","injury-status","BYE","-","999.0","-","-","-","-","-","-","-","-","-","-","-"
"589","J. Payton","J. Payton","WR","","","","injury-status","BYE","-","390.0","-","-","-","-","-","-","-","-","-","-","-"
"590","J. Kirklin","J. Kirklin","WR","","","","injury-status","BYE","-","999.0","-","-","-","-","-","-","-","-","-","-","-"
"591","C. Hodge","C. Hodge","WR","","","","injury-status","BYE","-","999.0","-","-","-","-","-","-","-","-","-","-","-"
"592","G. Walston","G. Walston","TE","","","","injury-status","BYE","-","999.0","-","-","-","-","-","-","-","-","-","-","-"
"593","T. Mack","T. Mack","WR","","","","injury-status","BYE","-","999.0","-","-","-","-","-","-","-","-","-","-","-"
"594","D. Davis","D. Davis","WR","","","","injury-status","BYE","-","999.0","-","-","-","-","-","-","-","-","-","-","-"
"595","K. McGowan","K. McGowan","WR","WAS","14","","injury-status","Final W 28-22 vs JAX","-","999.0","-","-","-","-","-","-","-","-","-","-","-"
"596","M. Santos-Silva","M. Santos-Silva","TE","","","","injury-status","BYE","-","999.0","-","-","-","-","-","-","-","-","-","-","-"
"597","T. Bradford","T. Bradford","WR","","","","injury-status","BYE","-","999.0","-","-","-","-","-","-","-","-","-","-","-"
"598","B. Peters","B. Peters","QB","","","","injury-status","BYE","-","999.0","-","-","-","-","-","-","-","-","-","-","-"
"599","E. Krommenhoek","E. Krommenhoek","TE","","","","injury-status","BYE","-","999.0","-","-","-","-","-","-","-","-","-","-","-"
"600","T. Limi-Jones","T. Limi-Jones","WR","","","","injury-status","BYE","-","999.0","-","-","-","-","-","-","-","-","-","-","-"
"601","A. Parchment","A. Parchment","WR","","","Ques","injury-status questionable","BYE","-","999.0","-","-","-","-","-","-","-","-","-","-","-"
"602","R. Henry","R. Henry","WR","ATL","14","Ques","injury-status questionable","Final L 26-27 vs NO","-","999.0","-","-","-","-","-","-","-","-","-","-","-"
"603","D. Wright","D. Wright","WR","CAR","13","Ques","injury-status questionable","Final L 24-26 vs CLE","-","999.0","-","-","-","-","-","-","-","-","-","-","-"
"604","J. Lovett","J. Lovett","RB","","","","injury-status","BYE","-","309.0","-","-","-","-","-","-","-","-","-","-","-"
"605","D. Cheek","D. Cheek","QB","CAR","13","","injury-status","Final L 24-26 vs CLE","-","314.7","-","-","-","-","-","-","-","-","-","-","-"
"606","J. Babicz","J. Babicz","TE","","","","injury-status","BYE","-","604.2","-","-","-","-","-","-","-","-","-","-","-"
"607","T. Ford","T. Ford","QB","","","","injury-status","BYE","-","321.7","-","-","-","-","-","-","-","-","-","-","-"
"608","T. Clark","T. Clark","WR","","","","injury-status","BYE","-","999.0","-","-","-","-","-","-","-","-","-","-","-"
"609","D. Estrada","D. Estrada","WR","HOU","6","Ques","injury-status questionable","Final T 20-20 vs IND","-","999.0","-","-","-","-","-","-","-","-","-","-","-"
"610","S. Green","S. Green","TE","","","","injury-status","BYE","-","688.6","-","-","-","-","-","-","-","-","-","-","-"
"611","D. Ogletree","D. Ogletree","TE","IND","14","","injury-status","Final T 20-20 @ HOU","-","365.0","-","-","-","-","-","-","-","-","-","-","-"
"612","J. Guarantano","J. Guarantano","QB","DEN","9","","injury-status","Final L 16-17 @ SEA","-","461.0","-","-","-","-","-","-","-","-","-","-","-"
"613","J. Hall","J. Hall","WR","","","","injury-status","BYE","-","999.0","-","-","-","-","-","-","-","-","-","-","-"
"614","P. Invalid","P. Invalid","WR","","","","injury-status","BYE","-","999.0","-","-","-","-","-","-","-","-","-","-","-"
"615","D. Robertson","D. Robertson","WR","","","","injury-status","BYE","-","999.0","-","-","-","-","-","-","-","-","-","-","-"
"616","C. Sutton","C. Sutton","WR","","","","injury-status","BYE","-","376.6","-","-","-","-","-","-","-","-","-","-","-"
"617","T. Hennigan","T. Hennigan","WR","MIN","7","","injury-status","Final W 23-7 vs GB","-","999.0","-","-","-","-","-","-","-","-","-","-","-"
"618","N. Pau'u","N. Pau'u","WR","","","","injury-status","BYE","-","386.7","-","-","-","-","-","-","-","-","-","-","-"
"619","K. Lassiter","K. Lassiter","WR","CIN","10","","injury-status","Final L 20-23 vs PIT","-","999.0","-","-","-","-","-","-","-","-","-","-","-"
"620","P. Invalid","P. Invalid","TE","","","","injury-status","BYE","-","488.3","-","-","-","-","-","-","-","-","-","-","-"
"621","C. Brewer","C. Brewer","TE","","","","injury-status","BYE","-","999.0","-","-","-","-","-","-","-","-","-","-","-"
"622","P. Invalid","P. Invalid","TE","","","","injury-status","BYE","-","999.0","-","-","-","-","-","-","-","-","-","-","-"
"623","C. Garbers","C. Garbers","QB","LV","6","","injury-status","Final L 19-24 @ LAC","-","999.0","-","-","-","-","-","-","-","-","-","-","-"
"624","P. Invalid","P. Invalid","QB","","","","injury-status","BYE","-","999.0","-","-","-","-","-","-","-","-","-","-","-"
"625","L. Lewis","L. Lewis","QB","","","","injury-status","BYE","-","458.0","-","-","-","-","-","-","-","-","-","-","-"
"626","P. Invalid","P. Invalid","RB","","","","injury-status","BYE","-","999.0","-","-","-","-","-","-","-","-","-","-","-"
"627","P. Invalid","P. Invalid","RB","","","","injury-status","BYE","-","999.0","-","-","-","-","-","-","-","-","-","-","-"
"628","P. Invalid","P. Invalid","RB","","","","injury-status","BYE","-","999.0","-","-","-","-","-","-","-","-","-","-","-"
"629","K. Marks","K. Marks","RB","","","","injury-status","BYE","-","999.0","-","-","-","-","-","-","-","-","-","-","-"
"630","P. Invalid","P. Invalid","RB","","","","injury-status","BYE","-","999.0","-","-","-","-","-","-","-","-","-","-","-"
"631","M. Harley","M. Harley","WR","CLE","9","","injury-status","Final W 26-24 @ CAR","-","999.0","-","-","-","-","-","-","-","-","-","-","-"
"632","J. Sorenson","J. Sorenson","WR","","","","injury-status","BYE","-","999.0","-","-","-","-","-","-","-","-","-","-","-"
"633","S. Berryhill","S. Berryhill","WR","DET","6","","injury-status","Final L 35-38 vs PHI","-","999.0","-","-","-","-","-","-","-","-","-","-","-"
"634","J. Smart","J. Smart","WR","","","","injury-status","BYE","-","999.0","-","-","-","-","-","-","-","-","-","-","-"
"635","P. Invalid","P. Invalid","RB","","","","injury-status","BYE","-","999.0","-","-","-","-","-","-","-","-","-","-","-"
"636","B. Covey","B. Covey","WR","PHI","7","","injury-status","Final W 38-35 @ DET","-","999.0","-","-","-","-","-","-","-","-","-","-","-"
"637","C. Oladokun","C. Oladokun","QB","KC","8","","injury-status","Final W 44-21 @ ARI","-","999.0","-","-","-","-","-","-","-","-","-","-","-"
"638","D. Allen","D. Allen","WR","PHI","7","","injury-status","Final W 38-35 @ DET","-","629.8","-","-","-","-","-","-","-","-","-","-","-"
"639","J. Ezzard","J. Ezzard","WR","","","Ques","injury-status questionable","BYE","-","999.0","-","-","-","-","-","-","-","-","-","-","-"
"640","T. Snead","T. Snead","WR","","","","injury-status","BYE","-","999.0","-","-","-","-","-","-","-","-","-","-","-"
"641","T. Pledger","T. Pledger","RB","","","","injury-status","BYE","-","999.0","-","-","-","-","-","-","-","-","-","-","-"
"642","G. Brkic","G. Brkic","K","","","","injury-status","BYE","-","317.2","-","-","-","-","-","-","-","-","-","-","-"
"643","P. Invalid","P. Invalid","QB","","","","injury-status","BYE","-","999.0","-","-","-","-","-","-","-","-","-","-","-"
"644","P. Invalid","P. Invalid","TE","","","","injury-status","BYE","-","999.0","-","-","-","-","-","-","-","-","-","-","-"
"645","T. Harris","T. Harris","WR","","","","injury-status","BYE","-","999.0","-","-","-","-","-","-","-","-","-","-","-"
"646","C. Jackson","C. Jackson","WR","MIA","11","","injury-status","Final W 20-7 vs NE","-","999.0","-","-","-","-","-","-","-","-","-","-","-"
"647","T. Martin","T. Martin","WR","SF","9","","injury-status","Final L 10-19 @ CHI","-","999.0","-","-","-","-","-","-","-","-","-","-","-"
"648","L. Krull","L. Krull","TE","NO","14","","injury-status","Final W 27-26 @ ATL","-","999.0","-","-","-","-","-","-","-","-","-","-","-"
"649","K. Pimpleton","K. Pimpleton","WR","NYG","9","","injury-status","Final W 21-20 @ TEN","-","999.0","-","-","-","-","-","-","-","-","-","-","-"
"650","G. Prince","G. Prince","TE","JAX","11","","injury-status","Final L 22-28 @ WAS","-","999.0","-","-","-","-","-","-","-","-","-","-","-"
"651","B. Koback","B. Koback","RB","MIN","7","","injury-status","Final W 23-7 vs GB","-","999.0","-","-","-","-","-","-","-","-","-","-","-"
"652","D. Deese","D. Deese","TE","","","","injury-status","BYE","-","671.3","-","-","-","-","-","-","-","-","-","-","-"
"653","P. Invalid","P. Invalid","RB","","","","injury-status","BYE","-","999.0","-","-","-","-","-","-","-","-","-","-","-"
"654","D. Torrey","D. Torrey","RB","","","","injury-status","BYE","-","999.0","-","-","-","-","-","-","-","-","-","-","-"
"655","S. Jones","S. Jones","RB","","","","injury-status","BYE","-","999.0","-","-","-","-","-","-","-","-","-","-","-"
"656","B. Baylor","B. Baylor","RB","ATL","14","","injury-status","Final L 26-27 vs NO","-","445.8","-","-","-","-","-","-","-","-","-","-","-"
"657","R. Person","R. Person","RB","","","","injury-status","BYE","-","999.0","-","-","-","-","-","-","-","-","-","-","-"
"658","E. Emezie","E. Emezie","WR","ATL","14","","injury-status","Final L 26-27 vs NO","-","999.0","-","-","-","-","-","-","-","-","-","-","-"
"659","P. Invalid","P. Invalid","RB","","","","injury-status","BYE","-","999.0","-","-","-","-","-","-","-","-","-","-","-"
"660","J. Sterns","J. Sterns","WR","LAR","7","","injury-status","Final L 10-31 vs BUF","-","999.0","-","-","-","-","-","-","-","-","-","-","-"
"661","J. Heiligh","J. Heiligh","WR","","","","injury-status","BYE","-","999.0","-","-","-","-","-","-","-","-","-","-","-"
"662","M. Durant","M. Durant","RB","","","","injury-status","BYE","-","999.0","-","-","-","-","-","-","-","-","-","-","-"
"663","J. Roberson","J. Roberson","WR","LAR","7","","injury-status","Final L 10-31 vs BUF","-","999.0","-","-","-","-","-","-","-","-","-","-","-"
"664","P. Invalid","P. Invalid","RB","","","","injury-status","BYE","-","999.0","-","-","-","-","-","-","-","-","-","-","-"
"665","I. Weston","I. Weston","WR","CLE","9","","injury-status","Final W 26-24 @ CAR","-","999.0","-","-","-","-","-","-","-","-","-","-","-"
"666","G. Bell","G. Bell","RB","","","","injury-status","BYE","-","999.0","-","-","-","-","-","-","-","-","-","-","-"
"667","C. Kelley","C. Kelley","QB","","","","injury-status","BYE","-","999.0","-","-","-","-","-","-","-","-","-","-","-"
"668","J. Johnson","J. Johnson","WR","","","","injury-status","BYE","-","447.7","-","-","-","-","-","-","-","-","-","-","-"
"669","S. McCormick","S. McCormick","RB","LV","6","","injury-status","Final L 19-24 @ LAC","-","636.5","-","-","-","-","-","-","-","-","-","-","-"
"670","M. Borghi","M. Borghi","RB","","","","injury-status","BYE","-","410.4","-","-","-","-","-","-","-","-","-","-","-"
"671","L. Brown","L. Brown","RB","","","","injury-status","BYE","-","999.0","-","-","-","-","-","-","-","-","-","-","-"
"672","P. Invalid","P. Invalid","QB","","","","injury-status","BYE","-","999.0","-","-","-","-","-","-","-","-","-","-","-"
"673","A. Allen","A. Allen","TE","GB","14","","injury-status","Final L 7-23 @ MIN","-","999.0","-","-","-","-","-","-","-","-","-","-","-"
"674","D. Dixon","D. Dixon","WR","","","","injury-status","BYE","-","999.0","-","-","-","-","-","-","-","-","-","-","-"
"675","D. Crum","D. Crum","QB","","","","injury-status","BYE","-","337.7","-","-","-","-","-","-","-","-","-","-","-"
"676","M. Polk","M. Polk","WR","NYG","9","","injury-status","Final W 21-20 @ TEN","-","999.0","-","-","-","-","-","-","-","-","-","-","-"
"677","T. Goodson","T. Goodson","RB","GB","14","Ques","injury-status questionable","Final L 7-23 @ MIN","-","999.0","-","-","-","-","-","-","-","-","-","-","-"
"678","J. Hall","J. Hall","TE","","","","injury-status","BYE","-","999.0","-","-","-","-","-","-","-","-","-","-","-"
"679","J. Coan","J. Coan","QB","","","","injury-status","BYE","-","999.0","-","-","-","-","-","-","-","-","-","-","-"
"680","K. Austin","K. Austin","WR","JAX","11","","injury-status","Final L 22-28 @ WAS","-","342.0","-","-","-","-","-","-","-","-","-","-","-"
"681","D. King","D. King","QB","","","","injury-status","BYE","-","375.0","-","-","-","-","-","-","-","-","-","-","-"
"682","C. Rambo","C. Rambo","WR","","","Ques","injury-status questionable","BYE","-","999.0","-","-","-","-","-","-","-","-","-","-","-"
"683","T. Fryfogle","T. Fryfogle","WR","","","","injury-status","BYE","-","999.0","-","-","-","-","-","-","-","-","-","-","-"
"684","J. Corbin","J. Corbin","RB","NYG","9","","injury-status","Final W 21-20 @ TEN","-","999.0","-","-","-","-","-","-","-","-","-","-","-"
"685","E. Perry","E. Perry","QB","JAX","11","","injury-status","Final L 22-28 @ WAS","-","999.0","-","-","-","-","-","-","-","-","-","-","-"
"686","C. Hodges","C. Hodges","TE","WAS","14","Ques","injury-status questionable","Final W 28-22 vs JAX","-","999.0","-","-","-","-","-","-","-","-","-","-","-"
"687","S. Bolden","S. Bolden","WR","","","","injury-status","BYE","-","999.0","-","-","-","-","-","-","-","-","-","-","-"
"688","A. Smith","A. Smith","RB","","","","injury-status","BYE","-","999.0","-","-","-","-","-","-","-","-","-","-","-"
"689","C. Verdell","C. Verdell","RB","","","","injury-status","BYE","-","429.0","-","-","-","-","-","-","-","-","-","-","-"
"690","D. Williams","D. Williams","WR","","","","injury-status","BYE","-","999.0","-","-","-","-","-","-","-","-","-","-","-"
"691","J. Johnson","J. Johnson","WR","HOU","6","Ques","injury-status questionable","Final T 20-20 vs IND","-","662.3","-","-","-","-","-","-","-","-","-","-","-"
"692","C. Allen","C. Allen","TE","CHI","14","","injury-status","Final W 19-10 vs SF","-","527.5","-","-","-","-","-","-","-","-","-","-","-"
"693","B. Powell","B. Powell","RB","","","","injury-status","BYE","-","307.7","-","-","-","-","-","-","-","-","-","-","-"
"694","B. Sanders","B. Sanders","WR","MIA","11","","injury-status","Final W 20-7 vs NE","-","999.0","-","-","-","-","-","-","-","-","-","-","-"
"695","R. Roberson","R. Roberson","WR","TEN","6","","injury-status","Final L 20-21 vs NYG","-","999.0","-","-","-","-","-","-","-","-","-","-","-"
"696","Z. White","Z. White","RB","","","","injury-status","BYE","-","999.0","-","-","-","-","-","-","-","-","-","-","-"
"697","T. Turner","T. Turner","WR","","","","injury-status","BYE","-","999.0","-","-","-","-","-","-","-","-","-","-","-"
"698","D. Drummond","D. Drummond","WR","DAL","9","","injury-status","Final L 3-19 vs TB","-","999.0","-","-","-","-","-","-","-","-","-","-","-"
"699","P. Invalid","P. Invalid","QB","","","","injury-status","BYE","-","302.0","-","-","-","-","-","-","-","-","-","-","-"
"700","K. Brooks","K. Brooks","RB","","","","injury-status","BYE","-","999.0","-","-","-","-","-","-","-","-","-","-","-"
"701","M. Teague","M. Teague","RB","","","","injury-status","BYE","-","999.0","-","-","-","-","-","-","-","-","-","-","-"
"702","J. Metchie","J. Metchie","WR","HOU","6","","injury-status","Final T 20-20 vs IND","-","999.0","-","-","-","-","-","-","-","-","-","-","-"
"703","P. Invalid","P. Invalid","TE","","","","injury-status","BYE","-","999.0","-","-","-","-","-","-","-","-","-","-","-"
"704","J. Ealy","J. Ealy","RB","KC","8","","injury-status","Final W 44-21 @ ARI","-","692.5","-","-","-","-","-","-","-","-","-","-","-"
"705","L. Smith","L. Smith","TE","ATL","14","","injury-status","Final L 26-27 vs NO","-","384.3","-","-","-","-","-","-","-","-","-","-","-"
"706","D. Dedmon","D. Dedmon","WR","","","","injury-status","BYE","-","999.0","-","-","-","-","-","-","-","-","-","-","-"
"707","N. Kalinic","N. Kalinic","TE","IND","14","","injury-status","Final T 20-20 @ HOU","-","999.0","-","-","-","-","-","-","-","-","-","-","-"
"708","B. Lenius","B. Lenius","TE","","","","injury-status","BYE","-","261.3","-","-","-","-","-","-","-","-","-","-","-"
"709","R. Willis","R. Willis","QB","","","","injury-status","BYE","-","999.0","-","-","-","-","-","-","-","-","-","-","-"
"710","D. Williams","D. Williams","TE","","","","injury-status","BYE","-","999.0","-","-","-","-","-","-","-","-","-","-","-"
"711","M. Vital","M. Vital","TE","","","","injury-status","BYE","-","999.0","-","-","-","-","-","-","-","-","-","-","-"
"712","G. Adomitis","G. Adomitis","TE","","","","injury-status","BYE","-","999.0","-","-","-","-","-","-","-","-","-","-","-"
"713","M. Jacobson","M. Jacobson","TE","","","","injury-status","BYE","-","999.0","-","-","-","-","-","-","-","-","-","-","-"
"714","C. Taylor","C. Taylor","RB","","","","injury-status","BYE","-","999.0","-","-","-","-","-","-","-","-","-","-","-"
"715","D. Crawford","D. Crawford","TE","","","","injury-status","BYE","-","626.4","-","-","-","-","-","-","-","-","-","-","-"
"716","S. Cannella","S. Cannella","TE","","","","injury-status","BYE","-","999.0","-","-","-","-","-","-","-","-","-","-","-"
"717","K. Jackson","K. Jackson","TE","MIA","11","","injury-status","Final W 20-7 vs NE","-","999.0","-","-","-","-","-","-","-","-","-","-","-"
"718","K. Costello","K. Costello","QB","","","","injury-status","BYE","-","526.2","-","-","-","-","-","-","-","-","-","-","-"
"719","O. Anderson","O. Anderson","RB","","","","injury-status","BYE","-","999.0","-","-","-","-","-","-","-","-","-","-","-"
"720","M. Seybert","M. Seybert","TE","","","","injury-status","BYE","-","655.0","-","-","-","-","-","-","-","-","-","-","-"
"721","T. Toivonen","T. Toivonen","WR","","","","injury-status","BYE","-","999.0","-","-","-","-","-","-","-","-","-","-","-"
"722","C. Saunders","C. Saunders","WR","CAR","13","","injury-status","Final L 24-26 vs CLE","-","999.0","-","-","-","-","-","-","-","-","-","-","-"
"723","J. Hausmann","J. Hausmann","TE","","","","injury-status","BYE","-","999.0","-","-","-","-","-","-","-","-","-","-","-"
"724","N. McCrary","N. McCrary","RB","","","Ques","injury-status questionable","BYE","-","999.0","-","-","-","-","-","-","-","-","-","-","-"
"725","K. Bahar","K. Bahar","QB","","","","injury-status","BYE","-","999.0","-","-","-","-","-","-","-","-","-","-","-"
"726","J. Verity","J. Verity","K","","","","injury-status","BYE","-","409.2","-","-","-","-","-","-","-","-","-","-","-"
"727","B. Johnson","B. Johnson","K","","","","injury-status","BYE","-","293.0","-","-","-","-","-","-","-","-","-","-","-"
"728","D. Sylencieux","D. Sylencieux","WR","","","Ques","injury-status questionable","BYE","-","999.0","-","-","-","-","-","-","-","-","-","-","-"
"729","J. Johnson","J. Johnson","RB","","","Ques","injury-status questionable","BYE","-","559.0","-","-","-","-","-","-","-","-","-","-","-"
"730","J. Blount","J. Blount","TE","","","","injury-status","BYE","-","999.0","-","-","-","-","-","-","-","-","-","-","-"
"731","N. Guggemos","N. Guggemos","TE","GB","14","","injury-status","Final L 7-23 @ MIN","-","478.3","-","-","-","-","-","-","-","-","-","-","-"
"732","B. Seikovits","B. Seikovits","TE","ARI","13","","injury-status","Final L 21-44 vs KC","-","999.0","-","-","-","-","-","-","-","-","-","-","-"
"733","T. Harbison","T. Harbison","RB","","","Ques","injury-status questionable","BYE","-","999.0","-","-","-","-","-","-","-","-","-","-","-"
"734","L. Rice","L. Rice","TE","","","","injury-status","BYE","-","999.0","-","-","-","-","-","-","-","-","-","-","-"
"735","B. Mack","B. Mack","WR","","","","injury-status","BYE","-","999.0","-","-","-","-","-","-","-","-","-","-","-"
"736","D. Dukes","D. Dukes","WR","","","","injury-status","BYE","-","999.0","-","-","-","-","-","-","-","-","-","-","-"
"737","S. Beyer","S. Beyer","TE","","","","injury-status","BYE","-","999.0","-","-","-","-","-","-","-","-","-","-","-"
"738","C. Clay","C. Clay","TE","","","","injury-status","BYE","-","999.0","-","-","-","-","-","-","-","-","-","-","-"
"739","J. Imatorbhebhe","J. Imatorbhebhe","WR","","","","injury-status","BYE","-","624.4","-","-","-","-","-","-","-","-","-","-","-"
"740","T. Black","T. Black","WR","BAL","10","","injury-status","Final W 24-9 @ NYJ","-","999.0","-","-","-","-","-","-","-","-","-","-","-"
"741","S. Buechele","S. Buechele","QB","KC","8","","injury-status","Final W 44-21 @ ARI","-","999.0","-","-","-","-","-","-","-","-","-","-","-"
"742","D. Stoner","D. Stoner","WR","LV","6","","injury-status","Final L 19-24 @ LAC","-","356.3","-","-","-","-","-","-","-","-","-","-","-"
"743","T. Ragas","T. Ragas","RB","","","Ques","injury-status questionable","BYE","-","999.0","-","-","-","-","-","-","-","-","-","-","-"
"744","M. Bushman","M. Bushman","TE","KC","8","","injury-status","Final W 44-21 @ ARI","-","516.7","-","-","-","-","-","-","-","-","-","-","-"
"745","G. Groshek","G. Groshek","RB","","","","injury-status","BYE","-","999.0","-","-","-","-","-","-","-","-","-","-","-"
"746","R. Lees","R. Lees","WR","","","","injury-status","BYE","-","999.0","-","-","-","-","-","-","-","-","-","-","-"
"747","P. Wells","P. Wells","TE","","","","injury-status","BYE","-","999.0","-","-","-","-","-","-","-","-","-","-","-"
"748","C. Hill","C. Hill","QB","","","","injury-status","BYE","-","659.0","-","-","-","-","-","-","-","-","-","-","-"
"749","J. Raine","J. Raine","TE","ATL","14","","injury-status","Final L 26-27 vs NO","-","999.0","-","-","-","-","-","-","-","-","-","-","-"
"750","T. Walker","T. Walker","WR","","","","injury-status","BYE","-","999.0","-","-","-","-","-","-","-","-","-","-","-"
"751","T. Poljan","T. Poljan","TE","","","","injury-status","BYE","-","999.0","-","-","-","-","-","-","-","-","-","-","-"
"752","J. Borregales","J. Borregales","K","","","","injury-status","BYE","-","550.8","-","-","-","-","-","-","-","-","-","-","-"
"753","T. Simmons","T. Simmons","WR","","","","injury-status","BYE","-","456.0","-","-","-","-","-","-","-","-","-","-","-"
"754","C. Johnson","C. Johnson","WR","SEA","11","","injury-status","Final W 17-16 vs DEN","-","999.0","-","-","-","-","-","-","-","-","-","-","-"
"755","C. Wedington","C. Wedington","WR","SEA","11","","injury-status","Final W 17-16 vs DEN","-","999.0","-","-","-","-","-","-","-","-","-","-","-"
"756","B. Emmons","B. Emmons","RB","","","","injury-status","BYE","-","373.4","-","-","-","-","-","-","-","-","-","-","-"
"757","T. Grimes","T. Grimes","WR","","","Ques","injury-status questionable","BYE","-","999.0","-","-","-","-","-","-","-","-","-","-","-"
"758","Z. Davidson","Z. Davidson","TE","BUF","7","","injury-status","Final W 31-10 @ LAR","-","999.0","-","-","-","-","-","-","-","-","-","-","-"
"759","N. Ralston","N. Ralston","RB","","","","injury-status","BYE","-","999.0","-","-","-","-","-","-","-","-","-","-","-"
"760","H. Kampmoyer","H. Kampmoyer","TE","LAC","8","","injury-status","Final W 24-19 vs LV","-","999.0","-","-","-","-","-","-","-","-","-","-","-"
"761","E. Stove","E. Stove","WR","","","","injury-status","BYE","-","999.0","-","-","-","-","-","-","-","-","-","-","-"
"762","A. Kessman","A. Kessman","K","CAR","13","","injury-status","Final L 24-26 vs CLE","-","327.4","-","-","-","-","-","-","-","-","-","-","-"
"763","C. Tucker","C. Tucker","TE","","","","injury-status","BYE","-","999.0","-","-","-","-","-","-","-","-","-","-","-"
"764","A. Rose","A. Rose","RB","","","","injury-status","BYE","-","389.4","-","-","-","-","-","-","-","-","-","-","-"
"765","L. Akers","L. Akers","WR","","","","injury-status","BYE","-","999.0","-","-","-","-","-","-","-","-","-","-","-"
"766","D. Soehner","D. Soehner","TE","","","Ques","injury-status questionable","BYE","-","999.0","-","-","-","-","-","-","-","-","-","-","-"
"767","S. Scott","S. Scott","RB","","","","injury-status","BYE","-","999.0","-","-","-","-","-","-","-","-","-","-","-"
"768","B. Moore","B. Moore","TE","","","","injury-status","BYE","-","999.0","-","-","-","-","-","-","-","-","-","-","-"
"769","R. Bussey","R. Bussey","WR","","","","injury-status","BYE","-","489.2","-","-","-","-","-","-","-","-","-","-","-"
"770","I. McKoy","I. McKoy","WR","","","","injury-status","BYE","-","999.0","-","-","-","-","-","-","-","-","-","-","-"
"771","R. Rivers","R. Rivers","QB","","","","injury-status","BYE","-","533.6","-","-","-","-","-","-","-","-","-","-","-"
"772","D. Mills","D. Mills","RB","","","","injury-status","BYE","-","999.0","-","-","-","-","-","-","-","-","-","-","-"
"773","J. McKinley","J. McKinley","WR","","","","injury-status","BYE","-","999.0","-","-","-","-","-","-","-","-","-","-","-"
"774","B. Gaither","B. Gaither","WR","","","","injury-status","BYE","-","999.0","-","-","-","-","-","-","-","-","-","-","-"
"775","D. Lewis","D. Lewis","RB","","","","injury-status","BYE","-","999.0","-","-","-","-","-","-","-","-","-","-","-"
"776","J. Haydel","J. Haydel","WR","","","","injury-status","BYE","-","999.0","-","-","-","-","-","-","-","-","-","-","-"
"777","M. Stokke","M. Stokke","RB","CAR","13","","injury-status","Final L 24-26 vs CLE","-","999.0","-","-","-","-","-","-","-","-","-","-","-"
"778","S. Brown","S. Brown","RB","CAR","13","","injury-status","Final L 24-26 vs CLE","-","999.0","-","-","-","-","-","-","-","-","-","-","-"
"779","B. Smith","B. Smith","WR","DAL","9","","injury-status","Final L 3-19 vs TB","-","999.0","-","-","-","-","-","-","-","-","-","-","-"
"780","A. Lynn","A. Lynn","TE","","","","injury-status","BYE","-","999.0","-","-","-","-","-","-","-","-","-","-","-"
"781","J. Hardy","J. Hardy","RB","","","","injury-status","BYE","-","328.0","-","-","-","-","-","-","-","-","-","-","-"
"782","T. Vasher","T. Vasher","WR","","","","injury-status","BYE","-","512.0","-","-","-","-","-","-","-","-","-","-","-"
"783","O. Mitchell","O. Mitchell","WR","","","Ques","injury-status questionable","BYE","-","311.7","-","-","-","-","-","-","-","-","-","-","-"
"784","N. Eubanks","N. Eubanks","TE","","","","injury-status","BYE","-","627.0","-","-","-","-","-","-","-","-","-","-","-"
"785","B. Knox","B. Knox","RB","","","","injury-status","BYE","-","999.0","-","-","-","-","-","-","-","-","-","-","-"
"786","B. Haubeil","B. Haubeil","K","","","","injury-status","BYE","-","359.0","-","-","-","-","-","-","-","-","-","-","-"
"787","M. Forristall","M. Forristall","TE","CLE","9","Ques","injury-status questionable","Final W 26-24 @ CAR","-","999.0","-","-","-","-","-","-","-","-","-","-","-"
"788","S. Harrington","S. Harrington","TE","","","","injury-status","BYE","-","571.0","-","-","-","-","-","-","-","-","-","-","-"
"789","B. Mason","B. Mason","TE","BAL","10","Ques","injury-status questionable","Final W 24-9 @ NYJ","-","999.0","-","-","-","-","-","-","-","-","-","-","-"
"790","K. Baker","K. Baker","WR","NO","14","","injury-status","Final W 27-26 @ ATL","-","999.0","-","-","-","-","-","-","-","-","-","-","-"
"791","A. Nunn","A. Nunn","WR","","","","injury-status","BYE","-","999.0","-","-","-","-","-","-","-","-","-","-","-"
"792","C. Angeline","C. Angeline","TE","","","","injury-status","BYE","-","999.0","-","-","-","-","-","-","-","-","-","-","-"
"793","B. Labelle","B. Labelle","TE","","","Ques","injury-status questionable","BYE","-","669.0","-","-","-","-","-","-","-","-","-","-","-"
"794","J. Pederson","J. Pederson","TE","","","Ques","injury-status questionable","BYE","-","999.0","-","-","-","-","-","-","-","-","-","-","-"
"795","J. Darden","J. Darden","WR","CLE","9","","injury-status","Final W 26-24 @ CAR","-","999.0","-","-","-","-","-","-","-","-","-","-","-"
"796","C. Williams","C. Williams","TE","","","","injury-status","BYE","-","999.0","-","-","-","-","-","-","-","-","-","-","-"
"797","D. Roberson","D. Roberson","WR","","","","injury-status","BYE","-","999.0","-","-","-","-","-","-","-","-","-","-","-"
"798","S. Reyes","S. Reyes","TE","CHI","14","","injury-status","Final W 19-10 vs SF","-","435.7","-","-","-","-","-","-","-","-","-","-","-"
"799","M. Sexton","M. Sexton","WR","","","","injury-status","BYE","-","644.0","-","-","-","-","-","-","-","-","-","-","-"
"800","M. Simon","M. Simon","WR","CAR","13","","injury-status","Final L 24-26 vs CLE","-","999.0","-","-","-","-","-","-","-","-","-","-","-"
"801","K. Locksley","K. Locksley","WR","","","","injury-status","BYE","-","413.0","-","-","-","-","-","-","-","-","-","-","-"
"802","D. Clark","D. Clark","RB","","","Ques","injury-status questionable","BYE","-","999.0","-","-","-","-","-","-","-","-","-","-","-"
"803","J. Adams","J. Adams","WR","","","","injury-status","BYE","-","999.0","-","-","-","-","-","-","-","-","-","-","-"
"804","T. Lance","T. Lance","QB","SF","9","","injury-status","Final L 10-19 @ CHI","-","104.1","-","-","-","-","-","-","-","-","-","-","-"
"805","K. Trask","K. Trask","QB","TB","11","","injury-status","Final W 19-3 @ DAL","-","999.0","-","-","-","-","-","-","-","-","-","-","-"
"806","K. Yeboah","K. Yeboah","TE","NYJ","10","IR","injury-status ir","Final L 9-24 vs BAL","-","999.0","-","-","-","-","-","-","-","-","-","-","-"
"807","I. Book","I. Book","QB","PHI","7","","injury-status","Final W 38-35 @ DET","-","683.8","-","-","-","-","-","-","-","-","-","-","-"
"808","B. Eagles","B. Eagles","WR","","","","injury-status","BYE","-","465.3","-","-","-","-","-","-","-","-","-","-","-"
"809","J. Ausbon","J. Ausbon","WR","","","","injury-status","BYE","-","999.0","-","-","-","-","-","-","-","-","-","-","-"
"810","K. McClain","K. McClain","WR","","","","injury-status","BYE","-","999.0","-","-","-","-","-","-","-","-","-","-","-"
"811","A. Watkins","A. Watkins","WR","","","","injury-status","BYE","-","999.0","-","-","-","-","-","-","-","-","-","-","-"
"812","M. Mitchell","M. Mitchell","WR","","","","injury-status","BYE","-","538.0","-","-","-","-","-","-","-","-","-","-","-"
"813","S. Surratt","S. Surratt","TE","","","Ques","injury-status questionable","BYE","-","999.0","-","-","-","-","-","-","-","-","-","-","-"
"814","D. Hazelton","D. Hazelton","WR","","","","injury-status","BYE","-","451.0","-","-","-","-","-","-","-","-","-","-","-"
"815","J. Hawkins","J. Hawkins","RB","","","","injury-status","BYE","-","999.0","-","-","-","-","-","-","-","-","-","-","-"
"816","P. Williams","P. Williams","RB","","","","injury-status","BYE","-","999.0","-","-","-","-","-","-","-","-","-","-","-"
"817","W. Philyor","W. Philyor","WR","","","","injury-status","BYE","-","686.0","-","-","-","-","-","-","-","-","-","-","-"
"818","M. Stevenson","M. Stevenson","WR","CLE","9","","injury-status","Final W 26-24 @ CAR","-","999.0","-","-","-","-","-","-","-","-","-","-","-"
"819","J. Newman","J. Newman","QB","","","","injury-status","BYE","-","999.0","-","-","-","-","-","-","-","-","-","-","-"
"820","B. Proehl","B. Proehl","WR","MIN","7","","injury-status","Final W 23-7 vs GB","-","296.0","-","-","-","-","-","-","-","-","-","-","-"
"821","W. Jackson","W. Jackson","WR","","","Ques","injury-status questionable","BYE","-","999.0","-","-","-","-","-","-","-","-","-","-","-"
"822","C. Marable","C. Marable","RB","","","","injury-status","BYE","-","999.0","-","-","-","-","-","-","-","-","-","-","-"
"823","T. Vaughns","T. Vaughns","WR","","","","injury-status","BYE","-","999.0","-","-","-","-","-","-","-","-","-","-","-"
"824","T. Nixon","T. Nixon","WR","NE","10","","injury-status","Final L 7-20 @ MIA","-","999.0","-","-","-","-","-","-","-","-","-","-","-"
"825","M. Williams","M. Williams","WR","","","","injury-status","BYE","-","999.0","-","-","-","-","-","-","-","-","-","-","-"
"826","G. Doaks","G. Doaks","RB","HOU","6","","injury-status","Final T 20-20 vs IND","-","999.0","-","-","-","-","-","-","-","-","-","-","-"
"827","S. Williams","S. Williams","WR","JAX","11","Ques","injury-status questionable","Final L 22-28 @ WAS","-","999.0","-","-","-","-","-","-","-","-","-","-","-"
"828","R. Boyd","R. Boyd","RB","","","","injury-status","BYE","-","999.0","-","-","-","-","-","-","-","-","-","-","-"
"829","F. Darby","F. Darby","WR","ATL","14","","injury-status","Final L 26-27 vs NO","-","999.0","-","-","-","-","-","-","-","-","-","-","-"
"830","H. Thedford","H. Thedford","TE","DEN","9","","injury-status","Final L 16-17 @ SEA","-","999.0","-","-","-","-","-","-","-","-","-","-","-"
"831","C. Blair","C. Blair","WR","","","","injury-status","BYE","-","999.0","-","-","-","-","-","-","-","-","-","-","-"
"832","T. Russolino","T. Russolino","K","","","","injury-status","BYE","-","369.0","-","-","-","-","-","-","-","-","-","-","-"
"833","S. Castillo","S. Castillo","K","","","","injury-status","BYE","-","452.0","-","-","-","-","-","-","-","-","-","-","-"
"834","C. Davis","C. Davis","TE","","","","injury-status","BYE","-","999.0","-","-","-","-","-","-","-","-","-","-","-"
"835","D. Dafney","D. Dafney","TE","","","","injury-status","BYE","-","999.0","-","-","-","-","-","-","-","-","-","-","-"
"836","P. Quessenberry","P. Quessenberry","TE","","","","injury-status","BYE","-","482.2","-","-","-","-","-","-","-","-","-","-","-"
"837","F. Green","F. Green","TE","","","","injury-status","BYE","-","999.0","-","-","-","-","-","-","-","-","-","-","-"
"838","C. Harrell","C. Harrell","TE","","","","injury-status","BYE","-","999.0","-","-","-","-","-","-","-","-","-","-","-"
"839","N. Maxwell","N. Maxwell","RB","","","","injury-status","BYE","-","999.0","-","-","-","-","-","-","-","-","-","-","-"
"840","N. Cottrell","N. Cottrell","RB","","","Ques","injury-status questionable","BYE","-","999.0","-","-","-","-","-","-","-","-","-","-","-"
"841","N. Tiano","N. Tiano","QB","","","","injury-status","BYE","-","999.0","-","-","-","-","-","-","-","-","-","-","-"
"842","C. Slomka","C. Slomka","RB","","","","injury-status","BYE","-","999.0","-","-","-","-","-","-","-","-","-","-","-"
"843","S. Guidry","S. Guidry","WR","","","","injury-status","BYE","-","999.0","-","-","-","-","-","-","-","-","-","-","-"
"844","J. Burt","J. Burt","TE","","","","injury-status","BYE","-","999.0","-","-","-","-","-","-","-","-","-","-","-"
"845","I. Zuber","I. Zuber","WR","LV","6","Ques","injury-status questionable","Final L 19-24 @ LAC","-","999.0","-","-","-","-","-","-","-","-","-","-","-"
"846","M. Dereus","M. Dereus","WR","","","","injury-status","BYE","-","999.0","-","-","-","-","-","-","-","-","-","-","-"
"847","J. Hurst","J. Hurst","WR","","","Ques","injury-status questionable","BYE","-","999.0","-","-","-","-","-","-","-","-","-","-","-"
"848","T. Jonsen","T. Jonsen","WR","","","","injury-status","BYE","-","999.0","-","-","-","-","-","-","-","-","-","-","-"
"849","J. Pearson","J. Pearson","WR","","","","injury-status","BYE","-","999.0","-","-","-","-","-","-","-","-","-","-","-"
"850","M. Lynch","M. Lynch","RB","","","","injury-status","BYE","-","419.3","-","-","-","-","-","-","-","-","-","-","-"
"851","T. Hudson","T. Hudson","TE","TEN","6","Ques","injury-status questionable","Final L 20-21 vs NYG","-","999.0","-","-","-","-","-","-","-","-","-","-","-"
"852","K. Wilkerson","K. Wilkerson","WR","NE","10","","injury-status","Final L 7-20 @ MIA","-","999.0","-","-","-","-","-","-","-","-","-","-","-"
"853","K. Williams","K. Williams","WR","","","","injury-status","BYE","-","999.0","-","-","-","-","-","-","-","-","-","-","-"
"854","M. Kinsey","M. Kinsey","WR","TEN","6","","injury-status","Final L 20-21 vs NYG","-","999.0","-","-","-","-","-","-","-","-","-","-","-"
"855","C. Scarlett","C. Scarlett","RB","","","","injury-status","BYE","-","999.0","-","-","-","-","-","-","-","-","-","-","-"
"856","T. Mabry","T. Mabry","TE","SEA","11","Ques","injury-status questionable","Final W 17-16 vs DEN","-","611.0","-","-","-","-","-","-","-","-","-","-","-"
"857","S. Dawkins","S. Dawkins","WR","","","","injury-status","BYE","-","999.0","-","-","-","-","-","-","-","-","-","-","-"
"858","P. Carr","P. Carr","RB","","","Ques","injury-status questionable","BYE","-","999.0","-","-","-","-","-","-","-","-","-","-","-"
"859","A. Jones","A. Jones","RB","","","","injury-status","BYE","-","999.0","-","-","-","-","-","-","-","-","-","-","-"
"860","J. Hokit","J. Hokit","RB","","","","injury-status","BYE","-","999.0","-","-","-","-","-","-","-","-","-","-","-"
"861","B. Rutter","B. Rutter","QB","","","","injury-status","BYE","-","283.0","-","-","-","-","-","-","-","-","-","-","-"
"862","J. Johnson","J. Johnson","WR","","","","injury-status","BYE","-","999.0","-","-","-","-","-","-","-","-","-","-","-"
"863","S. Platzgummer","S. Platzgummer","RB","NYG","9","","injury-status","Final W 21-20 @ TEN","-","580.7","-","-","-","-","-","-","-","-","-","-","-"
"864","I. Wright","I. Wright","WR","","","","injury-status","BYE","-","999.0","-","-","-","-","-","-","-","-","-","-","-"
"865","N. Togiai","N. Togiai","TE","PHI","7","","injury-status","Final W 38-35 @ DET","-","999.0","-","-","-","-","-","-","-","-","-","-","-"
"866","K. Tate","K. Tate","WR","","","","injury-status","BYE","-","999.0","-","-","-","-","-","-","-","-","-","-","-"
"867","M. Bailey","M. Bailey","WR","","","","injury-status","BYE","-","999.0","-","-","-","-","-","-","-","-","-","-","-"
"868","P. Houston","P. Houston","TE","","","","injury-status","BYE","-","999.0","-","-","-","-","-","-","-","-","-","-","-"
"869","D. Phelps","D. Phelps","WR","","","","injury-status","BYE","-","999.0","-","-","-","-","-","-","-","-","-","-","-"
"870","R. Medaris","R. Medaris","WR","","","","injury-status","BYE","-","999.0","-","-","-","-","-","-","-","-","-","-","-"
"871","J. Braswell","J. Braswell","WR","","","","injury-status","BYE","-","999.0","-","-","-","-","-","-","-","-","-","-","-"
"872","G. Campbell","G. Campbell","WR","","","","injury-status","BYE","-","999.0","-","-","-","-","-","-","-","-","-","-","-"
"873","R. John","R. John","TE","","","","injury-status","BYE","-","999.0","-","-","-","-","-","-","-","-","-","-","-"
"874","K. Markway","K. Markway","TE","","","","injury-status","BYE","-","999.0","-","-","-","-","-","-","-","-","-","-","-"
"875","C. Cookus","C. Cookus","QB","LAR","7","","injury-status","Final L 10-31 vs BUF","-","999.0","-","-","-","-","-","-","-","-","-","-","-"
"876","J. Ward","J. Ward","WR","","","","injury-status","BYE","-","999.0","-","-","-","-","-","-","-","-","-","-","-"
"877","S. Riley","S. Riley","WR","","","","injury-status","BYE","-","999.0","-","-","-","-","-","-","-","-","-","-","-"
"878","W. Hastings","W. Hastings","WR","","","","injury-status","BYE","-","999.0","-","-","-","-","-","-","-","-","-","-","-"
"879","N. Griffin-Stewart","N. Griffin-Stewart","TE","","","","injury-status","BYE","-","999.0","-","-","-","-","-","-","-","-","-","-","-"
"880","J. Bargas","J. Bargas","RB","MIA","11","","injury-status","Final W 20-7 vs NE","-","999.0","-","-","-","-","-","-","-","-","-","-","-"
"881","D. Chisena","D. Chisena","WR","MIN","7","Ques","injury-status questionable","Final W 23-7 vs GB","-","999.0","-","-","-","-","-","-","-","-","-","-","-"
"882","M. Cole","M. Cole","WR","","","","injury-status","BYE","-","999.0","-","-","-","-","-","-","-","-","-","-","-"
"883","B. Polk","B. Polk","WR","","","","injury-status","BYE","-","999.0","-","-","-","-","-","-","-","-","-","-","-"
"884","J. Koski","J. Koski","WR","","","","injury-status","BYE","-","274.5","-","-","-","-","-","-","-","-","-","-","-"
"885","E. Winston","E. Winston","WR","SEA","11","","injury-status","Final W 17-16 vs DEN","-","999.0","-","-","-","-","-","-","-","-","-","-","-"
"886","J. Gilbert","J. Gilbert","RB","","","","injury-status","BYE","-","999.0","-","-","-","-","-","-","-","-","-","-","-"
"887","E. Edwards","E. Edwards","WR","","","","injury-status","BYE","-","999.0","-","-","-","-","-","-","-","-","-","-","-"
"888","D. Schoen","D. Schoen","WR","","","","injury-status","BYE","-","999.0","-","-","-","-","-","-","-","-","-","-","-"
"889","J. Cotton","J. Cotton","WR","GB","14","Ques","injury-status questionable","Final L 7-23 @ MIN","-","999.0","-","-","-","-","-","-","-","-","-","-","-"
"890","G. Nabers","G. Nabers","RB","","","","injury-status","BYE","-","999.0","-","-","-","-","-","-","-","-","-","-","-"
"891","J. Rice","J. Rice","TE","","","","injury-status","BYE","-","999.0","-","-","-","-","-","-","-","-","-","-","-"
"892","D. Bradwell","D. Bradwell","RB","","","","injury-status","BYE","-","999.0","-","-","-","-","-","-","-","-","-","-","-"
"893","B. Holly","B. Holly","RB","","","","injury-status","BYE","-","999.0","-","-","-","-","-","-","-","-","-","-","-"
"894","S. Mariner","S. Mariner","WR","","","","injury-status","BYE","-","999.0","-","-","-","-","-","-","-","-","-","-","-"
"895","N. Bowers","N. Bowers","TE","CIN","10","","injury-status","Final L 20-23 vs PIT","-","999.0","-","-","-","-","-","-","-","-","-","-","-"
"896","J. Shelton-Mosley","J. Shelton-Mosley","WR","","","","injury-status","BYE","-","999.0","-","-","-","-","-","-","-","-","-","-","-"
"897","B. Wright","B. Wright","P, K - LAR(7)","","","","injury-status","Final L 10-31 vs BUF","-","999.0","-","-","-","-","-","-","-","-","-","-","-"
"898","J. Hammond","J. Hammond","WR","","","","injury-status","BYE","-","999.0","-","-","-","-","-","-","-","-","-","-","-"
"899","M. Ross","M. Ross","WR","","","","injury-status","BYE","-","999.0","-","-","-","-","-","-","-","-","-","-","-"
"900","D. Harris","D. Harris","WR","","","","injury-status","BYE","-","999.0","-","-","-","-","-","-","-","-","-","-","-"
"901","T. Simmons","T. Simmons","WR","","","","injury-status","BYE","-","999.0","-","-","-","-","-","-","-","-","-","-","-"
"902","D. Stapleton","D. Stapleton","TE","","","","injury-status","BYE","-","999.0","-","-","-","-","-","-","-","-","-","-","-"
"903","J. Jones","J. Jones","RB","","","","injury-status","BYE","-","999.0","-","-","-","-","-","-","-","-","-","-","-"
"904","J. Morton","J. Morton","QB","IND","14","","injury-status","Final T 20-20 @ HOU","-","245.0","-","-","-","-","-","-","-","-","-","-","-"
"905","L. Sellers","L. Sellers","RB","","","","injury-status","BYE","-","660.0","-","-","-","-","-","-","-","-","-","-","-"
"906","N. Wieting","N. Wieting","TE","","","","injury-status","BYE","-","999.0","-","-","-","-","-","-","-","-","-","-","-"
"907","J. Bradley","J. Bradley","WR","PIT","9","","injury-status","Final W 23-20 @ CIN","-","999.0","-","-","-","-","-","-","-","-","-","-","-"
"908","K. Davidson","K. Davidson","QB","","","","injury-status","BYE","-","248.0","-","-","-","-","-","-","-","-","-","-","-"
"909","S. Washington","S. Washington","WR","NE","10","","injury-status","Final L 7-20 @ MIA","-","999.0","-","-","-","-","-","-","-","-","-","-","-"
"910","D. Whaley","D. Whaley","RB","","","","injury-status","BYE","-","617.7","-","-","-","-","-","-","-","-","-","-","-"
"911","A. Hifo","A. Hifo","WR","","","","injury-status","BYE","-","464.0","-","-","-","-","-","-","-","-","-","-","-"
"912","M. Ffrench","M. Ffrench","WR","","","","injury-status","BYE","-","999.0","-","-","-","-","-","-","-","-","-","-","-"
"913","A. Wagner","A. Wagner","WR","","","","injury-status","BYE","-","999.0","-","-","-","-","-","-","-","-","-","-","-"
"914","A. Pierce","A. Pierce","RB","","","","injury-status","BYE","-","999.0","-","-","-","-","-","-","-","-","-","-","-"
"915","C. Sutton","C. Sutton","TE","","","","injury-status","BYE","-","330.8","-","-","-","-","-","-","-","-","-","-","-"
"916","T. Hights","T. Hights","WR","","","","injury-status","BYE","-","999.0","-","-","-","-","-","-","-","-","-","-","-"
"917","S. Nigh","S. Nigh","RB","","","","injury-status","BYE","-","692.0","-","-","-","-","-","-","-","-","-","-","-"
"918","Z. Manning","Z. Manning","WR","","","","injury-status","BYE","-","999.0","-","-","-","-","-","-","-","-","-","-","-"
"919","N. Vogel","N. Vogel","K","","","","injury-status","BYE","-","315.0","-","-","-","-","-","-","-","-","-","-","-"
"920","J. Moore","J. Moore","WR","JAX","11","Ques","injury-status questionable","Final L 22-28 @ WAS","-","999.0","-","-","-","-","-","-","-","-","-","-","-"
"921","B. Rechsteiner","B. Rechsteiner","RB","","","","injury-status","BYE","-","999.0","-","-","-","-","-","-","-","-","-","-","-"
"922","C. Repp","C. Repp","TE","","","","injury-status","BYE","-","999.0","-","-","-","-","-","-","-","-","-","-","-"
"923","C. Rowland","C. Rowland","WR","","","","injury-status","BYE","-","999.0","-","-","-","-","-","-","-","-","-","-","-"
"924","J. Green","J. Green","WR","","","","injury-status","BYE","-","999.0","-","-","-","-","-","-","-","-","-","-","-"
"925","J. McCleskey","J. McCleskey","WR","","","","injury-status","BYE","-","999.0","-","-","-","-","-","-","-","-","-","-","-"
"926","M. Daniel","M. Daniel","RB","","","","injury-status","BYE","-","999.0","-","-","-","-","-","-","-","-","-","-","-"
"927","R. Becker","R. Becker","TE","","","","injury-status","BYE","-","999.0","-","-","-","-","-","-","-","-","-","-","-"
"928","S. Leatherbury","S. Leatherbury","WR","","","","injury-status","BYE","-","999.0","-","-","-","-","-","-","-","-","-","-","-"
"929","R. Sinnett","R. Sinnett","QB","","","","injury-status","BYE","-","324.0","-","-","-","-","-","-","-","-","-","-","-"
"930","R. Neal","R. Neal","QB","","","","injury-status","BYE","-","262.6","-","-","-","-","-","-","-","-","-","-","-"
"931","J. Love","J. Love","QB","","","","injury-status","BYE","-","408.0","-","-","-","-","-","-","-","-","-","-","-"
"932","J. Smith","J. Smith","QB","","","","injury-status","BYE","-","260.0","-","-","-","-","-","-","-","-","-","-","-"
"933","T. Stevens","T. Stevens","QB","NYG","9","","injury-status","Final W 21-20 @ TEN","-","999.0","-","-","-","-","-","-","-","-","-","-","-"
"934","B. DiNucci","B. DiNucci","QB","","","","injury-status","BYE","-","354.4","-","-","-","-","-","-","-","-","-","-","-"
"935","J. Rohrwasser","J. Rohrwasser","K","","","","injury-status","BYE","-","635.0","-","-","-","-","-","-","-","-","-","-","-"
"936","M. Perry","M. Perry","WR","","","","injury-status","BYE","-","999.0","-","-","-","-","-","-","-","-","-","-","-"
"937","J. Huntley","J. Huntley","RB","PIT","9","","injury-status","Final W 23-20 @ CIN","-","999.0","-","-","-","-","-","-","-","-","-","-","-"
"938","R. Ahmed","R. Ahmed","K","GB","14","","injury-status","Final L 7-23 @ MIN","-","524.3","-","-","-","-","-","-","-","-","-","-","-"
"939","T. Feaster","T. Feaster","RB","ARI","13","","injury-status","Final L 21-44 vs KC","-","999.0","-","-","-","-","-","-","-","-","-","-","-"
"940","R. Smith","R. Smith","RB","","","","injury-status","BYE","-","999.0","-","-","-","-","-","-","-","-","-","-","-"
"941","D. Dillon","D. Dillon","WR","","","","injury-status","BYE","-","999.0","-","-","-","-","-","-","-","-","-","-","-"
"942","A. MacGinnis","A. MacGinnis","K","","","","injury-status","BYE","-","618.2","-","-","-","-","-","-","-","-","-","-","-"
"943","A. Killins","A. Killins","RB","DEN","9","","injury-status","Final L 16-17 @ SEA","-","607.0","-","-","-","-","-","-","-","-","-","-","-"
"944","C. Finke","C. Finke","WR","","","","injury-status","BYE","-","600.7","-","-","-","-","-","-","-","-","-","-","-"
"945","A. Parker","A. Parker","WR","","","","injury-status","BYE","-","525.0","-","-","-","-","-","-","-","-","-","-","-"
"946","X. Jones","X. Jones","RB","","","Ques","injury-status questionable","BYE","-","279.0","-","-","-","-","-","-","-","-","-","-","-"
"947","J. Hightower","J. Hightower","WR","LAC","8","","injury-status","Final W 24-19 vs LV","-","999.0","-","-","-","-","-","-","-","-","-","-","-"
"948","I. Coulter","I. Coulter","WR","ARI","13","","injury-status","Final L 21-44 vs KC","-","999.0","-","-","-","-","-","-","-","-","-","-","-"
"949","J. Luton","J. Luton","QB","NO","14","","injury-status","Final W 27-26 @ ATL","-","255.3","-","-","-","-","-","-","-","-","-","-","-"
"950","D. Keene","D. Keene","TE","DEN","9","Ques","injury-status questionable","Final L 16-17 @ SEA","-","999.0","-","-","-","-","-","-","-","-","-","-","-"
"951","J. Morgan","J. Morgan","QB","ARI","13","","injury-status","Final L 21-44 vs KC","-","257.0","-","-","-","-","-","-","-","-","-","-","-"
"952","O. Bayless","O. Bayless","WR","","","","injury-status","BYE","-","999.0","-","-","-","-","-","-","-","-","-","-","-"
"953","P. Guerriero","P. Guerriero","RB","","","","injury-status","BYE","-","441.0","-","-","-","-","-","-","-","-","-","-","-"
"954","T. Brown","T. Brown","WR","","","","injury-status","BYE","-","999.0","-","-","-","-","-","-","-","-","-","-","-"
"955","J. Thomas","J. Thomas","WR","","","","injury-status","BYE","-","591.0","-","-","-","-","-","-","-","-","-","-","-"
"956","J. Molson","J. Molson","K","","","","injury-status","BYE","-","252.0","-","-","-","-","-","-","-","-","-","-","-"
"957","E. Wolf","E. Wolf","TE","","","","injury-status","BYE","-","999.0","-","-","-","-","-","-","-","-","-","-","-"
"958","S. Patterson","S. Patterson","QB","","","","injury-status","BYE","-","320.3","-","-","-","-","-","-","-","-","-","-","-"
"959","D. Stewart","D. Stewart","WR","","","","injury-status","BYE","-","999.0","-","-","-","-","-","-","-","-","-","-","-"
"960","S. Olonilua","S. Olonilua","RB","","","Ques","injury-status questionable","BYE","-","999.0","-","-","-","-","-","-","-","-","-","-","-"
"961","B. LeMay","B. LeMay","RB","CLE","9","","injury-status","Final W 26-24 @ CAR","-","999.0","-","-","-","-","-","-","-","-","-","-","-"
"962","C. White","C. White","WR","PIT","9","","injury-status","Final W 23-20 @ CIN","-","999.0","-","-","-","-","-","-","-","-","-","-","-"
"963","D. Anderson","D. Anderson","RB","","","","injury-status","BYE","-","303.0","-","-","-","-","-","-","-","-","-","-","-"
"964","K. Rogers","K. Rogers","WR","","","","injury-status","BYE","-","298.0","-","-","-","-","-","-","-","-","-","-","-"
"965","J. Breeland","J. Breeland","TE","","","","injury-status","BYE","-","999.0","-","-","-","-","-","-","-","-","-","-","-"
"966","S. Montez","S. Montez","QB","DET","6","","injury-status","Final L 35-38 vs PHI","-","250.0","-","-","-","-","-","-","-","-","-","-","-"
"967","T. Jackson","T. Jackson","WR","MIN","7","IR","injury-status ir","Final W 23-7 vs GB","-","999.0","-","-","-","-","-","-","-","-","-","-","-"
"968","B. Lewerke","B. Lewerke","QB","","","","injury-status","BYE","-","246.0","-","-","-","-","-","-","-","-","-","-","-"
"969","S. Phillips","S. Phillips","RB","","","","injury-status","BYE","-","999.0","-","-","-","-","-","-","-","-","-","-","-"
"970","B. Herrien","B. Herrien","RB","","","","injury-status","BYE","-","999.0","-","-","-","-","-","-","-","-","-","-","-"
"971","D. Wood-Anderson","D. Wood-Anderson","TE","","","","injury-status","BYE","-","608.0","-","-","-","-","-","-","-","-","-","-","-"
"972","M. Warren","M. Warren","RB","DET","6","","injury-status","Final L 35-38 vs PHI","-","999.0","-","-","-","-","-","-","-","-","-","-","-"
"973","R. Calais","R. Calais","RB","","","","injury-status","BYE","-","999.0","-","-","-","-","-","-","-","-","-","-","-"
"974","C. O'Grady","C. O'Grady","TE","","","","injury-status","BYE","-","999.0","-","-","-","-","-","-","-","-","-","-","-"
"975","A. Fuller","A. Fuller","WR","","","","injury-status","BYE","-","999.0","-","-","-","-","-","-","-","-","-","-","-"
"976","J. Leake","J. Leake","RB","","","","injury-status","BYE","-","999.0","-","-","-","-","-","-","-","-","-","-","-"
"977","L. Bellamy","L. Bellamy","RB","","","","injury-status","BYE","-","999.0","-","-","-","-","-","-","-","-","-","-","-"
"978","C. McDonald","C. McDonald","QB","","","","injury-status","BYE","-","249.0","-","-","-","-","-","-","-","-","-","-","-"
"979","T. Ginn","T. Ginn","WR","","","","injury-status","BYE","-","358.0","-","-","-","-","-","-","-","-","-","-","-"
"980","B. Victor","B. Victor","WR","BAL","10","","injury-status","Final W 24-9 @ NYJ","-","999.0","-","-","-","-","-","-","-","-","-","-","-"
"981","C. Taumoepeau","C. Taumoepeau","TE","","","","injury-status","BYE","-","999.0","-","-","-","-","-","-","-","-","-","-","-"
"982","T. Moss","T. Moss","TE","","","","injury-status","BYE","-","536.3","-","-","-","-","-","-","-","-","-","-","-"
"983","A. Gandy-Golden","A. Gandy-Golden","TE","","","","injury-status","BYE","-","999.0","-","-","-","-","-","-","-","-","-","-","-"
"984","A. Gordon","A. Gordon","QB","","","","injury-status","BYE","-","279.3","-","-","-","-","-","-","-","-","-","-","-"
"985","N. Stanley","N. Stanley","QB","","","","injury-status","BYE","-","244.0","-","-","-","-","-","-","-","-","-","-","-"
"986","Q. Davis","Q. Davis","WR","","","Ques","injury-status questionable","BYE","-","999.0","-","-","-","-","-","-","-","-","-","-","-"
"987","A. Mack","A. Mack","WR","","","","injury-status","BYE","-","999.0","-","-","-","-","-","-","-","-","-","-","-"
"988","K. Hill","K. Hill","WR","LAC","8","","injury-status","Final W 24-19 vs LV","-","999.0","-","-","-","-","-","-","-","-","-","-","-"
"989","C. Johnson","C. Johnson","WR","NYG","9","","injury-status","Final W 21-20 @ TEN","-","999.0","-","-","-","-","-","-","-","-","-","-","-"
"990","H. Bryant","H. Bryant","TE","","","Ques","injury-status questionable","BYE","-","999.0","-","-","-","-","-","-","-","-","-","-","-"
"991","J. Pinkney","J. Pinkney","TE","LAR","7","Ques","injury-status questionable","Final L 10-31 vs BUF","-","999.0","-","-","-","-","-","-","-","-","-","-","-"
"992","K. Lipscomb","K. Lipscomb","WR","","","","injury-status","BYE","-","999.0","-","-","-","-","-","-","-","-","-","-","-"
"993","J. Fromm","J. Fromm","QB","WAS","14","","injury-status","Final W 28-22 vs JAX","-","273.0","-","-","-","-","-","-","-","-","-","-","-"
"994","H. Ruggs","H. Ruggs","WR","","","","injury-status","BYE","-","485.0","-","-","-","-","-","-","-","-","-","-","-"
"995","C. Streveler","C. Streveler","QB","NYJ","10","","injury-status","Final L 9-24 vs BAL","-","487.8","-","-","-","-","-","-","-","-","-","-","-"
"996","R. Begelton","R. Begelton","WR","","","","injury-status","BYE","-","999.0","-","-","-","-","-","-","-","-","-","-","-"
"997","D. Clark","D. Clark","TE","","","","injury-status","BYE","-","999.0","-","-","-","-","-","-","-","-","-","-","-"
"998","L. McCoy","L. McCoy","RB","","","","injury-status","BYE","-","462.0","-","-","-","-","-","-","-","-","-","-","-"
"999","T. Salter","T. Salter","WR","","","NA","injury-status na","BYE","-","999.0","-","-","-","-","-","-","-","-","-","-","-"
"1000","M. Young","M. Young","RB","","","","injury-status","BYE","-","999.0","-","-","-","-","-","-","-","-","-","-","-"
"1001","M. Crum","M. Crum","TE","","","","injury-status","BYE","-","582.0","-","-","-","-","-","-","-","-","-","-","-"
"1002","J. Ta'amu","J. Ta'amu","QB","","","","injury-status","BYE","-","438.3","-","-","-","-","-","-","-","-","-","-","-"
"1003","J. Harris","J. Harris","TE","","","","injury-status","BYE","-","999.0","-","-","-","-","-","-","-","-","-","-","-"
"1004","J. Walker","J. Walker","WR","","","","injury-status","BYE","-","999.0","-","-","-","-","-","-","-","-","-","-","-"
"1005","V. Testaverde","V. Testaverde","QB","","","","injury-status","BYE","-","453.0","-","-","-","-","-","-","-","-","-","-","-"
"1006","J. Way","J. Way","WR","","","","injury-status","BYE","-","999.0","-","-","-","-","-","-","-","-","-","-","-"
"1007","M. Simms","M. Simms","WR","","","Ques","injury-status questionable","BYE","-","999.0","-","-","-","-","-","-","-","-","-","-","-"
"1008","J. Caldwell","J. Caldwell","RB","","","","injury-status","BYE","-","999.0","-","-","-","-","-","-","-","-","-","-","-"
"1009","T. McGowan","T. McGowan","RB","","","","injury-status","BYE","-","999.0","-","-","-","-","-","-","-","-","-","-","-"
"1010","F. Trevillion","F. Trevillion","WR","","","","injury-status","BYE","-","316.7","-","-","-","-","-","-","-","-","-","-","-"
"1011","M. Sutton","M. Sutton","RB","","","","injury-status","BYE","-","999.0","-","-","-","-","-","-","-","-","-","-","-"
"1012","G. Olszewski","G. Olszewski","WR","PIT","9","","injury-status","Final W 23-20 @ CIN","-","999.0","-","-","-","-","-","-","-","-","-","-","-"
"1013","F. Allen","F. Allen","WR","","","","injury-status","BYE","-","999.0","-","-","-","-","-","-","-","-","-","-","-"
"1014","J. Horn","J. Horn","WR","","","","injury-status","BYE","-","999.0","-","-","-","-","-","-","-","-","-","-","-"
"1015","J. Horn","J. Horn","WR","","","","injury-status","BYE","-","999.0","-","-","-","-","-","-","-","-","-","-","-"
"1016","J. Greene","J. Greene","WR","","","","injury-status","BYE","-","999.0","-","-","-","-","-","-","-","-","-","-","-"
"1017","A. Ouellette","A. Ouellette","RB","","","","injury-status","BYE","-","999.0","-","-","-","-","-","-","-","-","-","-","-"
"1018","M. Wright","M. Wright","WR","","","","injury-status","BYE","-","999.0","-","-","-","-","-","-","-","-","-","-","-"
"1019","J. Parker","J. Parker","WR","","","","injury-status","BYE","-","999.0","-","-","-","-","-","-","-","-","-","-","-"
"1020","N. Evans","N. Evans","RB","","","","injury-status","BYE","-","999.0","-","-","-","-","-","-","-","-","-","-","-"
"1021","B. Watson","B. Watson","TE","","","","injury-status","BYE","-","999.0","-","-","-","-","-","-","-","-","-","-","-"
"1022","B. Burt","B. Burt","WR","","","","injury-status","BYE","-","999.0","-","-","-","-","-","-","-","-","-","-","-"
"1023","V. Bryant","V. Bryant","WR","","","","injury-status","BYE","-","999.0","-","-","-","-","-","-","-","-","-","-","-"
"1024","I. Zico","I. Zico","WR","","","","injury-status","BYE","-","999.0","-","-","-","-","-","-","-","-","-","-","-"
"1025","C. Hatfield","C. Hatfield","K","","","","injury-status","BYE","-","999.0","-","-","-","-","-","-","-","-","-","-","-"
"1026","J. Baron","J. Baron","K","","","","injury-status","BYE","-","673.0","-","-","-","-","-","-","-","-","-","-","-"
"1027","I. Searight","I. Searight","TE","","","","injury-status","BYE","-","999.0","-","-","-","-","-","-","-","-","-","-","-"
"1028","A. Lindsey","A. Lindsey","WR","","","","injury-status","BYE","-","999.0","-","-","-","-","-","-","-","-","-","-","-"
"1029","N. Fitzgerald","N. Fitzgerald","QB","","","","injury-status","BYE","-","345.0","-","-","-","-","-","-","-","-","-","-","-"
"1030","C. Simpson","C. Simpson","WR","","","","injury-status","BYE","-","999.0","-","-","-","-","-","-","-","-","-","-","-"
"1031","J. McClendon","J. McClendon","QB","","","","injury-status","BYE","-","417.0","-","-","-","-","-","-","-","-","-","-","-"
"1032","D. Hodges","D. Hodges","QB","","","","injury-status","BYE","-","333.7","-","-","-","-","-","-","-","-","-","-","-"
"1033","S. Schnell","S. Schnell","WR","","","","injury-status","BYE","-","999.0","-","-","-","-","-","-","-","-","-","-","-"
"1034","D. Strickland","D. Strickland","RB","","","","injury-status","BYE","-","999.0","-","-","-","-","-","-","-","-","-","-","-"
"1035","C. Jones","C. Jones","TE","","","","injury-status","BYE","-","999.0","-","-","-","-","-","-","-","-","-","-","-"
"1036","M. Colubiale","M. Colubiale","TE","","","","injury-status","BYE","-","999.0","-","-","-","-","-","-","-","-","-","-","-"
"1037","M. Stephens","M. Stephens","TE","","","","injury-status","BYE","-","999.0","-","-","-","-","-","-","-","-","-","-","-"
"1038","T. Brooks-James","T. Brooks-James","RB","","","","injury-status","BYE","-","999.0","-","-","-","-","-","-","-","-","-","-","-"
"1039","S. Poindexter","S. Poindexter","WR","","","","injury-status","BYE","-","999.0","-","-","-","-","-","-","-","-","-","-","-"
"1040","A. Walter","A. Walter","RB","LV","6","Ques","injury-status questionable","Final L 19-24 @ LAC","-","999.0","-","-","-","-","-","-","-","-","-","-","-"
"1041","M. Henry","M. Henry","WR","","","","injury-status","BYE","-","999.0","-","-","-","-","-","-","-","-","-","-","-"
"1042","D. Willis","D. Willis","WR","","","","injury-status","BYE","-","999.0","-","-","-","-","-","-","-","-","-","-","-"
"1043","M. Marshall","M. Marshall","RB","","","","injury-status","BYE","-","999.0","-","-","-","-","-","-","-","-","-","-","-"
"1044","D. Thompkins","D. Thompkins","WR","GB","14","Ques","injury-status questionable","Final L 7-23 @ MIN","-","414.6","-","-","-","-","-","-","-","-","-","-","-"
"1045","D. Jackson","D. Jackson","RB","","","","injury-status","BYE","-","355.0","-","-","-","-","-","-","-","-","-","-","-"
"1046","N. Becker","N. Becker","TE","","","Ques","injury-status questionable","BYE","-","999.0","-","-","-","-","-","-","-","-","-","-","-"
"1047","J. Jordan","J. Jordan","WR","","","","injury-status","BYE","-","999.0","-","-","-","-","-","-","-","-","-","-","-"
"1048","T. Linta","T. Linta","QB","","","","injury-status","BYE","-","999.0","-","-","-","-","-","-","-","-","-","-","-"
"1049","D. Shepherd","D. Shepherd","WR","","","Ques","injury-status questionable","BYE","-","459.2","-","-","-","-","-","-","-","-","-","-","-"
"1050","T. Gray","T. Gray","RB","","","","injury-status","BYE","-","999.0","-","-","-","-","-","-","-","-","-","-","-"
"1051","C. Conrad","C. Conrad","TE","","","","injury-status","BYE","-","999.0","-","-","-","-","-","-","-","-","-","-","-"
"1052","C. Hedlund","C. Hedlund","K","","","","injury-status","BYE","-","247.0","-","-","-","-","-","-","-","-","-","-","-"
"1053","J. Johnson","J. Johnson","TE","","","","injury-status","BYE","-","999.0","-","-","-","-","-","-","-","-","-","-","-"
"1054","T. Wright","T. Wright","WR","","","","injury-status","BYE","-","999.0","-","-","-","-","-","-","-","-","-","-","-"
"1055","A. Choice","A. Choice","RB","","","","injury-status","BYE","-","473.1","-","-","-","-","-","-","-","-","-","-","-"
"1056","M. Deane","M. Deane","TE","","","","injury-status","BYE","-","999.0","-","-","-","-","-","-","-","-","-","-","-"
"1057","T. Christion","T. Christion","QB","","","","injury-status","BYE","-","999.0","-","-","-","-","-","-","-","-","-","-","-"
"1058","C. Scarff","C. Scarff","TE","","","","injury-status","BYE","-","999.0","-","-","-","-","-","-","-","-","-","-","-"
"1059","D. Koppenhaver","D. Koppenhaver","TE","","","","injury-status","BYE","-","999.0","-","-","-","-","-","-","-","-","-","-","-"
"1060","M. Eaton","M. Eaton","WR","","","","injury-status","BYE","-","999.0","-","-","-","-","-","-","-","-","-","-","-"
"1061","T. Ives","T. Ives","WR","CHI","14","Ques","injury-status questionable","Final W 19-10 vs SF","-","999.0","-","-","-","-","-","-","-","-","-","-","-"
"1062","E. Richardson","E. Richardson","TE","","","","injury-status","BYE","-","999.0","-","-","-","-","-","-","-","-","-","-","-"
"1063","C. Herdman","C. Herdman","TE","","","","injury-status","BYE","-","999.0","-","-","-","-","-","-","-","-","-","-","-"
"1064","S. Modster","S. Modster","WR","","","","injury-status","BYE","-","999.0","-","-","-","-","-","-","-","-","-","-","-"
"1065","D. Montgomery","D. Montgomery","WR","HOU","6","IR","injury-status ir","Final T 20-20 vs IND","-","999.0","-","-","-","-","-","-","-","-","-","-","-"
"1066","S. Carlson","S. Carlson","TE","","","","injury-status","BYE","-","999.0","-","-","-","-","-","-","-","-","-","-","-"
"1067","D. Baker","D. Baker","WR","","","","injury-status","BYE","-","999.0","-","-","-","-","-","-","-","-","-","-","-"
"1068","D. Hall","D. Hall","RB","","","","injury-status","BYE","-","999.0","-","-","-","-","-","-","-","-","-","-","-"
"1069","J. Hilliman","J. Hilliman","RB","","","","injury-status","BYE","-","999.0","-","-","-","-","-","-","-","-","-","-","-"
"1070","E. Dungey","E. Dungey","QB","","","","injury-status","BYE","-","999.0","-","-","-","-","-","-","-","-","-","-","-"
"1071","H. Hentges","H. Hentges","TE","","","","injury-status","BYE","-","999.0","-","-","-","-","-","-","-","-","-","-","-"
"1072","K. McKnight","K. McKnight","WR","","","","injury-status","BYE","-","999.0","-","-","-","-","-","-","-","-","-","-","-"
"1073","G. Aston","G. Aston","RB","","","","injury-status","BYE","-","999.0","-","-","-","-","-","-","-","-","-","-","-"
"1074","J. Johnson","J. Johnson","WR","","","","injury-status","BYE","-","999.0","-","-","-","-","-","-","-","-","-","-","-"
"1075","G. Tate","G. Tate","WR","","","","injury-status","BYE","-","495.6","-","-","-","-","-","-","-","-","-","-","-"
"1076","T. Rahming","T. Rahming","WR","","","","injury-status","BYE","-","999.0","-","-","-","-","-","-","-","-","-","-","-"
"1077","K. Dillon","K. Dillon","TE","","","","injury-status","BYE","-","652.8","-","-","-","-","-","-","-","-","-","-","-"
"1078","A. Fort","A. Fort","TE","","","","injury-status","BYE","-","999.0","-","-","-","-","-","-","-","-","-","-","-"
"1079","R. Guerrier","R. Guerrier","WR","","","","injury-status","BYE","-","999.0","-","-","-","-","-","-","-","-","-","-","-"
"1080","J. Lloyd","J. Lloyd","WR","","","","injury-status","BYE","-","999.0","-","-","-","-","-","-","-","-","-","-","-"
"1081","K. Brown","K. Brown","TE","","","","injury-status","BYE","-","999.0","-","-","-","-","-","-","-","-","-","-","-"
"1082","R. Brooker","R. Brooker","TE","","","","injury-status","BYE","-","999.0","-","-","-","-","-","-","-","-","-","-","-"
"1083","A. Bachman","A. Bachman","WR","HOU","6","","injury-status","Final T 20-20 vs IND","-","999.0","-","-","-","-","-","-","-","-","-","-","-"
"1084","M. Colburn","M. Colburn","RB","","","","injury-status","BYE","-","999.0","-","-","-","-","-","-","-","-","-","-","-"
"1085","J. Sumpter","J. Sumpter","WR","","","","injury-status","BYE","-","999.0","-","-","-","-","-","-","-","-","-","-","-"
"1086","A. Hollins","A. Hollins","WR","","","","injury-status","BYE","-","999.0","-","-","-","-","-","-","-","-","-","-","-"
"1087","D. Davis","D. Davis","WR","HOU","6","","injury-status","Final T 20-20 vs IND","-","999.0","-","-","-","-","-","-","-","-","-","-","-"
"1088","J. Washington","J. Washington","TE","","","","injury-status","BYE","-","999.0","-","-","-","-","-","-","-","-","-","-","-"
"1089","D. Belcher","D. Belcher","TE","","","","injury-status","BYE","-","999.0","-","-","-","-","-","-","-","-","-","-","-"
"1090","A. Richardson","A. Richardson","WR","","","","injury-status","BYE","-","999.0","-","-","-","-","-","-","-","-","-","-","-"
"1091","X. Turner","X. Turner","RB","","","","injury-status","BYE","-","999.0","-","-","-","-","-","-","-","-","-","-","-"
"1092","D. Anderson","D. Anderson","QB","","","","injury-status","BYE","-","999.0","-","-","-","-","-","-","-","-","-","-","-"
"1093","D. Jeanpiere","D. Jeanpiere","WR","","","","injury-status","BYE","-","999.0","-","-","-","-","-","-","-","-","-","-","-"
"1094","C. Meier","C. Meier","TE","","","","injury-status","BYE","-","668.0","-","-","-","-","-","-","-","-","-","-","-"
"1095","P. White","P. White","WR","","","","injury-status","BYE","-","999.0","-","-","-","-","-","-","-","-","-","-","-"
"1096","M. Walker","M. Walker","WR","","","Ques","injury-status questionable","BYE","-","999.0","-","-","-","-","-","-","-","-","-","-","-"
"1097","D. Snelson","D. Snelson","WR","","","","injury-status","BYE","-","999.0","-","-","-","-","-","-","-","-","-","-","-"
"1098","R. Leonard","R. Leonard","WR","","","","injury-status","BYE","-","999.0","-","-","-","-","-","-","-","-","-","-","-"
"1099","C. Worton","C. Worton","WR","","","","injury-status","BYE","-","999.0","-","-","-","-","-","-","-","-","-","-","-"
"1100","K. Lewis","K. Lewis","WR","","","","injury-status","BYE","-","999.0","-","-","-","-","-","-","-","-","-","-","-"
"1101","S. Bane","S. Bane","WR","","","","injury-status","BYE","-","999.0","-","-","-","-","-","-","-","-","-","-","-"
"1102","M. Wilkins","M. Wilkins","QB","","","","injury-status","BYE","-","999.0","-","-","-","-","-","-","-","-","-","-","-"
"1103","S. Louis","S. Louis","WR","","","","injury-status","BYE","-","999.0","-","-","-","-","-","-","-","-","-","-","-"
"1104","D. Crockett","D. Crockett","RB","DEN","9","","injury-status","Final L 16-17 @ SEA","-","999.0","-","-","-","-","-","-","-","-","-","-","-"
"1105","X. Ubosi","X. Ubosi","WR","","","","injury-status","BYE","-","999.0","-","-","-","-","-","-","-","-","-","-","-"
"1106","J. Duhart","J. Duhart","WR","","","","injury-status","BYE","-","999.0","-","-","-","-","-","-","-","-","-","-","-"
"1107","J. Ellis","J. Ellis","RB","","","","injury-status","BYE","-","999.0","-","-","-","-","-","-","-","-","-","-","-"
"1108","J. Dolegala","J. Dolegala","QB","","","","injury-status","BYE","-","999.0","-","-","-","-","-","-","-","-","-","-","-"
"1109","P. Laird","P. Laird","RB","TB","11","","injury-status","Final W 19-3 @ DAL","-","999.0","-","-","-","-","-","-","-","-","-","-","-"
"1110","I. Bunting","I. Bunting","TE","DAL","9","Ques","injury-status questionable","Final L 3-19 vs TB","-","999.0","-","-","-","-","-","-","-","-","-","-","-"
"1111","C. Cox","C. Cox","RB","","","","injury-status","BYE","-","999.0","-","-","-","-","-","-","-","-","-","-","-"
"1112","C. Gillaspia","C. Gillaspia","RB","SEA","11","Ques","injury-status questionable","Final W 17-16 vs DEN","-","999.0","-","-","-","-","-","-","-","-","-","-","-"
"1113","M. Green","M. Green","WR","","","","injury-status","BYE","-","999.0","-","-","-","-","-","-","-","-","-","-","-"
"1114","B. Dillon","B. Dillon","TE","","","Ques","injury-status questionable","BYE","-","999.0","-","-","-","-","-","-","-","-","-","-","-"
"1115","A. Roberts","A. Roberts","WR","CAR","13","","injury-status","Final L 24-26 vs CLE","-","999.0","-","-","-","-","-","-","-","-","-","-","-"
"1116","K. Shurmur","K. Shurmur","QB","","","","injury-status","BYE","-","999.0","-","-","-","-","-","-","-","-","-","-","-"
"1117","T. Wood","T. Wood","TE","","","","injury-status","BYE","-","999.0","-","-","-","-","-","-","-","-","-","-","-"
"1118","R. White","R. White","WR","","","","injury-status","BYE","-","999.0","-","-","-","-","-","-","-","-","-","-","-"
"1119","J. Powell","J. Powell","TE","","","","injury-status","BYE","-","999.0","-","-","-","-","-","-","-","-","-","-","-"
"1120","D. Holland","D. Holland","RB","","","","injury-status","BYE","-","999.0","-","-","-","-","-","-","-","-","-","-","-"
"1121","T. Thompson","T. Thompson","WR","","","","injury-status","BYE","-","999.0","-","-","-","-","-","-","-","-","-","-","-"
"1122","J. Cox","J. Cox","RB","","","","injury-status","BYE","-","999.0","-","-","-","-","-","-","-","-","-","-","-"
"1123","M. Taylor","M. Taylor","WR","NYJ","10","","injury-status","Final L 9-24 vs BAL","-","999.0","-","-","-","-","-","-","-","-","-","-","-"
"1124","T. Mayfield","T. Mayfield","TE","","","","injury-status","BYE","-","999.0","-","-","-","-","-","-","-","-","-","-","-"
"1125","W. Speight","W. Speight","QB","","","","injury-status","BYE","-","297.3","-","-","-","-","-","-","-","-","-","-","-"
"1126","T. McMillian","T. McMillian","RB","","","","injury-status","BYE","-","999.0","-","-","-","-","-","-","-","-","-","-","-"
"1127","M. Sokol","M. Sokol","TE","NE","10","","injury-status","Final L 7-20 @ MIA","-","999.0","-","-","-","-","-","-","-","-","-","-","-"
"1128","J. Lovett","J. Lovett","RB","MIA","11","Ques","injury-status questionable","Final W 20-7 vs NE","-","335.4","-","-","-","-","-","-","-","-","-","-","-"
"1129","N. Easley","N. Easley","WR","","","","injury-status","BYE","-","999.0","-","-","-","-","-","-","-","-","-","-","-"
"1130","J. Winfree","J. Winfree","WR","GB","14","Ques","injury-status questionable","Final L 7-23 @ MIN","-","562.9","-","-","-","-","-","-","-","-","-","-","-"
"1131","I. Hyman","I. Hyman","WR","","","Ques","injury-status questionable","BYE","-","684.7","-","-","-","-","-","-","-","-","-","-","-"
"1132","E. Fry","E. Fry","K","","","","injury-status","BYE","-","243.0","-","-","-","-","-","-","-","-","-","-","-"
"1133","B. Silvers","B. Silvers","QB","","","","injury-status","BYE","-","999.0","-","-","-","-","-","-","-","-","-","-","-"
"1134","V. Holmes","V. Holmes","RB","","","","injury-status","BYE","-","999.0","-","-","-","-","-","-","-","-","-","-","-"
"1135","C. Wade","C. Wade","RB","","","","injury-status","BYE","-","999.0","-","-","-","-","-","-","-","-","-","-","-"
"1136","D. Sheehy-Guiseppi","D. Sheehy-Guiseppi","WR","","","","injury-status","BYE","-","284.0","-","-","-","-","-","-","-","-","-","-","-"
"1137","C. Murphy","C. Murphy","K","","","","injury-status","BYE","-","242.0","-","-","-","-","-","-","-","-","-","-","-"
"1138","S. Smith","S. Smith","RB","","","","injury-status","BYE","-","999.0","-","-","-","-","-","-","-","-","-","-","-"
"1139","A. Ware","A. Ware","RB","","","","injury-status","BYE","-","999.0","-","-","-","-","-","-","-","-","-","-","-"
"1140","E. Stick","E. Stick","QB","LAC","8","","injury-status","Final W 24-19 vs LV","-","350.0","-","-","-","-","-","-","-","-","-","-","-"
"1141","D. Thompson","D. Thompson","RB","SEA","11","","injury-status","Final W 17-16 vs DEN","-","999.0","-","-","-","-","-","-","-","-","-","-","-"
"1142","K. Whyte","K. Whyte","RB","GB","14","","injury-status","Final L 7-23 @ MIN","-","999.0","-","-","-","-","-","-","-","-","-","-","-"
"1143","C. Thompson","C. Thompson","WR","SEA","11","","injury-status","Final W 17-16 vs DEN","-","999.0","-","-","-","-","-","-","-","-","-","-","-"
"1144","J. Williams","J. Williams","RB","","","","injury-status","BYE","-","999.0","-","-","-","-","-","-","-","-","-","-","-"
"1145","J. Ursua","J. Ursua","WR","","","","injury-status","BYE","-","999.0","-","-","-","-","-","-","-","-","-","-","-"
"1146","J. Scarlett","J. Scarlett","RB","MIA","11","","injury-status","Final W 20-7 vs NE","-","999.0","-","-","-","-","-","-","-","-","-","-","-"
"1147","K. Warring","K. Warring","TE","","","","injury-status","BYE","-","999.0","-","-","-","-","-","-","-","-","-","-","-"
"1148","A. Wesley","A. Wesley","WR","","","","injury-status","BYE","-","999.0","-","-","-","-","-","-","-","-","-","-","-"
"1149","L. Scott","L. Scott","RB","","","","injury-status","BYE","-","999.0","-","-","-","-","-","-","-","-","-","-","-"
"1150","J. Graham","J. Graham","TE","","","","injury-status","BYE","-","508.6","-","-","-","-","-","-","-","-","-","-","-"
"1151","M. Weber","M. Weber","RB","","","","injury-status","BYE","-","999.0","-","-","-","-","-","-","-","-","-","-","-"
"1152","J. Smith","J. Smith","WR","","","","injury-status","BYE","-","999.0","-","-","-","-","-","-","-","-","-","-","-"
"1153","D. Williams","D. Williams","RB","","","","injury-status","BYE","-","999.0","-","-","-","-","-","-","-","-","-","-","-"
"1154","C. Thorson","C. Thorson","QB","NYG","9","","injury-status","Final W 21-20 @ TEN","-","346.0","-","-","-","-","-","-","-","-","-","-","-"
"1155","K. Smith","K. Smith","TE","NYG","9","","injury-status","Final W 21-20 @ TEN","-","999.0","-","-","-","-","-","-","-","-","-","-","-"
"1156","C. Wilson","C. Wilson","TE","","","","injury-status","BYE","-","999.0","-","-","-","-","-","-","-","-","-","-","-"
"1157","J. Sternberger","J. Sternberger","TE","","","","injury-status","BYE","-","401.0","-","-","-","-","-","-","-","-","-","-","-"
"1158","W. Hills","W. Hills","RB","","","","injury-status","BYE","-","999.0","-","-","-","-","-","-","-","-","-","-","-"
"1159","J. Browning","J. Browning","QB","CIN","10","","injury-status","Final L 20-23 vs PIT","-","999.0","-","-","-","-","-","-","-","-","-","-","-"
"1160","J. Patrick","J. Patrick","RB","","","","injury-status","BYE","-","999.0","-","-","-","-","-","-","-","-","-","-","-"
"1161","E. Butler","E. Butler","WR","","","","injury-status","BYE","-","999.0","-","-","-","-","-","-","-","-","-","-","-"
"1162","J. Custis","J. Custis","WR","","","","injury-status","BYE","-","999.0","-","-","-","-","-","-","-","-","-","-","-"
"1163","D. Helm","D. Helm","TE","","","","injury-status","BYE","-","370.0","-","-","-","-","-","-","-","-","-","-","-"
"1164","B. Johnson","B. Johnson","WR","MIN","7","Ques","injury-status questionable","Final W 23-7 vs GB","-","999.0","-","-","-","-","-","-","-","-","-","-","-"
"1165","B. Anderson","B. Anderson","RB","","","","injury-status","BYE","-","999.0","-","-","-","-","-","-","-","-","-","-","-"
"1166","J. Webb","J. Webb","QB","","","","injury-status","BYE","-","570.0","-","-","-","-","-","-","-","-","-","-","-"
"1167","T. Fulgham","T. Fulgham","WR","GB","14","","injury-status","Final L 7-23 @ MIN","-","999.0","-","-","-","-","-","-","-","-","-","-","-"
"1168","T. Brady","T. Brady","WR","","","","injury-status","BYE","-","606.6","-","-","-","-","-","-","-","-","-","-","-"
"1169","D. Mitchell","D. Mitchell","WR","","","","injury-status","BYE","-","999.0","-","-","-","-","-","-","-","-","-","-","-"
"1170","G. Jennings","G. Jennings","WR","","","","injury-status","BYE","-","999.0","-","-","-","-","-","-","-","-","-","-","-"
"1171","R. Davis","R. Davis","WR","","","","injury-status","BYE","-","999.0","-","-","-","-","-","-","-","-","-","-","-"
"1172","K. Doss","K. Doss","WR","LAC","8","Ques","injury-status questionable","Final W 24-19 vs LV","-","999.0","-","-","-","-","-","-","-","-","-","-","-"
"1173","A. Barnes","A. Barnes","RB","","","","injury-status","BYE","-","999.0","-","-","-","-","-","-","-","-","-","-","-"
"1174","N. Brossette","N. Brossette","RB","","","","injury-status","BYE","-","999.0","-","-","-","-","-","-","-","-","-","-","-"
"1175","J. Dixon","J. Dixon","WR","","","","injury-status","BYE","-","999.0","-","-","-","-","-","-","-","-","-","-","-"
"1176","D. Lodge","D. Lodge","WR","","","","injury-status","BYE","-","999.0","-","-","-","-","-","-","-","-","-","-","-"
"1177","D. Raymond","D. Raymond","TE","PIT","9","","injury-status","Final W 23-20 @ CIN","-","999.0","-","-","-","-","-","-","-","-","-","-","-"
"1178","J. Ferguson","J. Ferguson","WR","","","","injury-status","BYE","-","999.0","-","-","-","-","-","-","-","-","-","-","-"
"1179","A. Ratliff-Williams","A. Ratliff-Williams","WR","","","","injury-status","BYE","-","999.0","-","-","-","-","-","-","-","-","-","-","-"
"1180","T. Godwin","T. Godwin","WR","","","","injury-status","BYE","-","695.0","-","-","-","-","-","-","-","-","-","-","-"
"1181","K. Higdon","K. Higdon","RB","","","","injury-status","BYE","-","999.0","-","-","-","-","-","-","-","-","-","-","-"
"1182","A. Mack","A. Mack","TE","","","Ques","injury-status questionable","BYE","-","999.0","-","-","-","-","-","-","-","-","-","-","-"
"1183","K. Johnson","K. Johnson","WR","BUF","7","","injury-status","Final W 31-10 @ LAR","-","999.0","-","-","-","-","-","-","-","-","-","-","-"
"1184","J. Moore","J. Moore","RB","","","","injury-status","BYE","-","999.0","-","-","-","-","-","-","-","-","-","-","-"
"1185","I. Nauta","I. Nauta","TE","GB","14","Ques","injury-status questionable","Final L 7-23 @ MIN","-","999.0","-","-","-","-","-","-","-","-","-","-","-"
"1186","N. Murray","N. Murray","WR","","","","injury-status","BYE","-","999.0","-","-","-","-","-","-","-","-","-","-","-"
"1187","F. Davis","F. Davis","WR","","","","injury-status","BYE","-","999.0","-","-","-","-","-","-","-","-","-","-","-"
"1188","A. Johnson","A. Johnson","WR","","","","injury-status","BYE","-","999.0","-","-","-","-","-","-","-","-","-","-","-"
"1189","E. Hall","E. Hall","WR","","","Ques","injury-status questionable","BYE","-","405.0","-","-","-","-","-","-","-","-","-","-","-"
"1190","E. Holyfield","E. Holyfield","RB","CIN","10","","injury-status","Final L 20-23 vs PIT","-","999.0","-","-","-","-","-","-","-","-","-","-","-"
"1191","R. Anderson","R. Anderson","RB","","","","injury-status","BYE","-","999.0","-","-","-","-","-","-","-","-","-","-","-"
"1192","J. Hurd","J. Hurd","WR","","","","injury-status","BYE","-","507.7","-","-","-","-","-","-","-","-","-","-","-"
"1193","W. Grier","W. Grier","QB","DAL","9","","injury-status","Final L 3-19 vs TB","-","999.0","-","-","-","-","-","-","-","-","-","-","-"
"1194","B. Love","B. Love","RB","","","Ques","injury-status questionable","BYE","-","999.0","-","-","-","-","-","-","-","-","-","-","-"
"1195","H. Butler","H. Butler","TE","","","","injury-status","BYE","-","999.0","-","-","-","-","-","-","-","-","-","-","-"
"1196","R. Finley","R. Finley","QB","","","","injury-status","BYE","-","999.0","-","-","-","-","-","-","-","-","-","-","-"
"1197","K. Harmon","K. Harmon","WR","","","","injury-status","BYE","-","482.2","-","-","-","-","-","-","-","-","-","-","-"
"1198","R. Ridley","R. Ridley","WR","","","","injury-status","BYE","-","999.0","-","-","-","-","-","-","-","-","-","-","-"
"1199","L. Paulsen","L. Paulsen","TE","","","","injury-status","BYE","-","999.0","-","-","-","-","-","-","-","-","-","-","-"
"1200","J. Arcega-Whiteside","J. Arcega-Whiteside","TE","","","","injury-status","BYE","-","999.0","-","-","-","-","-","-","-","-","-","-","-"
"1201","P. Andersen","P. Andersen","K","","","","injury-status","BYE","-","447.0","-","-","-","-","-","-","-","-","-","-","-"
"1202","R. Jones","R. Jones","K","","","","injury-status","BYE","-","272.5","-","-","-","-","-","-","-","-","-","-","-"
"1203","B. Mitchell","B. Mitchell","WR","","","","injury-status","BYE","-","999.0","-","-","-","-","-","-","-","-","-","-","-"
"1204","D. Spencer","D. Spencer","WR","NYJ","10","","injury-status","Final L 9-24 vs BAL","-","999.0","-","-","-","-","-","-","-","-","-","-","-"
"1205","J. Gardner","J. Gardner","RB","","","","injury-status","BYE","-","999.0","-","-","-","-","-","-","-","-","-","-","-"
"1206","C. Jessop","C. Jessop","QB","","","","injury-status","BYE","-","999.0","-","-","-","-","-","-","-","-","-","-","-"
"1207","J. Williams","J. Williams","WR","","","","injury-status","BYE","-","999.0","-","-","-","-","-","-","-","-","-","-","-"
"1208","K. McCrary","K. McCrary","RB","","","","injury-status","BYE","-","999.0","-","-","-","-","-","-","-","-","-","-","-"
"1209","J. Stockton","J. Stockton","RB","","","","injury-status","BYE","-","999.0","-","-","-","-","-","-","-","-","-","-","-"
"1210","D. Prince","D. Prince","WR","","","","injury-status","BYE","-","999.0","-","-","-","-","-","-","-","-","-","-","-"
"1211","D. Carrington","D. Carrington","WR","","","NA","injury-status na","BYE","-","999.0","-","-","-","-","-","-","-","-","-","-","-"
"1212","A. Wolf","A. Wolf","WR","","","","injury-status","BYE","-","999.0","-","-","-","-","-","-","-","-","-","-","-"
"1213","G. Holmes","G. Holmes","RB","","","","injury-status","BYE","-","999.0","-","-","-","-","-","-","-","-","-","-","-"
"1214","B. Bobo","B. Bobo","WR","","","","injury-status","BYE","-","403.0","-","-","-","-","-","-","-","-","-","-","-"
"1215","M. Peterson","M. Peterson","WR","","","","injury-status","BYE","-","999.0","-","-","-","-","-","-","-","-","-","-","-"
"1216","J. Butler","J. Butler","RB","","","","injury-status","BYE","-","999.0","-","-","-","-","-","-","-","-","-","-","-"
"1217","M. Turner","M. Turner","WR","HOU","6","","injury-status","Final T 20-20 vs IND","-","999.0","-","-","-","-","-","-","-","-","-","-","-"
"1218","M. Jones","M. Jones","WR","","","","injury-status","BYE","-","999.0","-","-","-","-","-","-","-","-","-","-","-"
"1219","M. Chapman","M. Chapman","WR","","","","injury-status","BYE","-","999.0","-","-","-","-","-","-","-","-","-","-","-"
"1220","J. Murphy","J. Murphy","WR","","","","injury-status","BYE","-","999.0","-","-","-","-","-","-","-","-","-","-","-"
"1221","C. Serigne","C. Serigne","TE","","","","injury-status","BYE","-","999.0","-","-","-","-","-","-","-","-","-","-","-"
"1222","A. Lacombe","A. Lacombe","WR","","","","injury-status","BYE","-","999.0","-","-","-","-","-","-","-","-","-","-","-"
"1223","J. Smith","J. Smith","WR","","","","injury-status","BYE","-","999.0","-","-","-","-","-","-","-","-","-","-","-"
"1224","J. Crockett","J. Crockett","WR","","","","injury-status","BYE","-","999.0","-","-","-","-","-","-","-","-","-","-","-"
"1225","G. Dickerson","G. Dickerson","TE","","","","injury-status","BYE","-","290.7","-","-","-","-","-","-","-","-","-","-","-"
"1226","J. Graham","J. Graham","TE","","","Ques","injury-status questionable","BYE","-","999.0","-","-","-","-","-","-","-","-","-","-","-"
"1227","S. Badie","S. Badie","RB","","","","injury-status","BYE","-","398.4","-","-","-","-","-","-","-","-","-","-","-"
"1228","A. Roberts","A. Roberts","TE","","","","injury-status","BYE","-","999.0","-","-","-","-","-","-","-","-","-","-","-"
"1229","G. Hudson","G. Hudson","TE","","","","injury-status","BYE","-","288.0","-","-","-","-","-","-","-","-","-","-","-"
"1230","K. Ross","K. Ross","WR","","","","injury-status","BYE","-","999.0","-","-","-","-","-","-","-","-","-","-","-"
"1231","N. Stevens","N. Stevens","QB","","","","injury-status","BYE","-","251.0","-","-","-","-","-","-","-","-","-","-","-"
"1232","E. Massington","E. Massington","WR","NO","14","","injury-status","Final W 27-26 @ ATL","-","999.0","-","-","-","-","-","-","-","-","-","-","-"
"1233","D. Bryant","D. Bryant","WR","","","","injury-status","BYE","-","475.4","-","-","-","-","-","-","-","-","-","-","-"
"1234","C. Duncan","C. Duncan","WR","","","","injury-status","BYE","-","999.0","-","-","-","-","-","-","-","-","-","-","-"
"1235","C. Wilson","C. Wilson","TE","","","","injury-status","BYE","-","999.0","-","-","-","-","-","-","-","-","-","-","-"
"1236","D. Kidsy","D. Kidsy","WR","","","","injury-status","BYE","-","999.0","-","-","-","-","-","-","-","-","-","-","-"
"1237","R. Yurachek","R. Yurachek","TE","","","","injury-status","BYE","-","999.0","-","-","-","-","-","-","-","-","-","-","-"
"1238","T. Wilson","T. Wilson","WR","","","","injury-status","BYE","-","999.0","-","-","-","-","-","-","-","-","-","-","-"
"1239","N. Holley","N. Holley","WR","","","","injury-status","BYE","-","999.0","-","-","-","-","-","-","-","-","-","-","-"
"1240","L. Perez","L. Perez","QB","","","","injury-status","BYE","-","351.0","-","-","-","-","-","-","-","-","-","-","-"
"1241","J. Franklin","J. Franklin","WR","","","Ques","injury-status questionable","BYE","-","999.0","-","-","-","-","-","-","-","-","-","-","-"
"1242","D. Alexander","D. Alexander","WR","","","","injury-status","BYE","-","999.0","-","-","-","-","-","-","-","-","-","-","-"
"1243","R. Martin","R. Martin","RB","","","","injury-status","BYE","-","999.0","-","-","-","-","-","-","-","-","-","-","-"
"1244","M. Fleming","M. Fleming","WR","","","","injury-status","BYE","-","999.0","-","-","-","-","-","-","-","-","-","-","-"
"1245","Z. Olstad","Z. Olstad","RB","","","","injury-status","BYE","-","999.0","-","-","-","-","-","-","-","-","-","-","-"
"1246","S. Wimann","S. Wimann","RB","","","","injury-status","BYE","-","999.0","-","-","-","-","-","-","-","-","-","-","-"
"1247","C. Lacy","C. Lacy","WR","LV","6","Ques","injury-status questionable","Final L 19-24 @ LAC","-","999.0","-","-","-","-","-","-","-","-","-","-","-"
"1248","S. Roland","S. Roland","WR","CHI","14","","injury-status","Final W 19-10 vs SF","-","999.0","-","-","-","-","-","-","-","-","-","-","-"
"1249","G. Johnson","G. Johnson","WR","","","","injury-status","BYE","-","999.0","-","-","-","-","-","-","-","-","-","-","-"
"1250","D. Dawkins","D. Dawkins","RB","","","","injury-status","BYE","-","999.0","-","-","-","-","-","-","-","-","-","-","-"
"1251","L. Rose","L. Rose","RB","","","NA","injury-status na","BYE","-","999.0","-","-","-","-","-","-","-","-","-","-","-"
"1252","A. Mahoungou","A. Mahoungou","WR","","","","injury-status","BYE","-","999.0","-","-","-","-","-","-","-","-","-","-","-"
"1253","S. Baggett","S. Baggett","TE","","","","injury-status","BYE","-","999.0","-","-","-","-","-","-","-","-","-","-","-"
"1254","D. Boyd","D. Boyd","WR","","","","injury-status","BYE","-","999.0","-","-","-","-","-","-","-","-","-","-","-"
"1255","B. Roback","B. Roback","QB","","","","injury-status","BYE","-","999.0","-","-","-","-","-","-","-","-","-","-","-"
"1256","J. Smallwood","J. Smallwood","WR","","","","injury-status","BYE","-","999.0","-","-","-","-","-","-","-","-","-","-","-"
"1257","T. Tebow","T. Tebow","TE","","","","injury-status","BYE","-","494.0","-","-","-","-","-","-","-","-","-","-","-"
"1258","C. Warren","C. Warren","RB","","","","injury-status","BYE","-","999.0","-","-","-","-","-","-","-","-","-","-","-"
"1259","H. Poggi","H. Poggi","RB","","","","injury-status","BYE","-","395.7","-","-","-","-","-","-","-","-","-","-","-"
"1260","C. Beebe","C. Beebe","WR","","","","injury-status","BYE","-","999.0","-","-","-","-","-","-","-","-","-","-","-"
"1261","J. Stanton","J. Stanton","RB","","","","injury-status","BYE","-","999.0","-","-","-","-","-","-","-","-","-","-","-"
"1262","J. Allen","J. Allen","RB","","","","injury-status","BYE","-","999.0","-","-","-","-","-","-","-","-","-","-","-"
"1263","J. Cabinda","J. Cabinda","RB","DET","6","","injury-status","Final L 35-38 vs PHI","-","999.0","-","-","-","-","-","-","-","-","-","-","-"
"1264","K. Hill","K. Hill","RB","","","","injury-status","BYE","-","319.0","-","-","-","-","-","-","-","-","-","-","-"
"1265","M. Martin","M. Martin","RB","","","","injury-status","BYE","-","999.0","-","-","-","-","-","-","-","-","-","-","-"
"1266","J. Moore","J. Moore","RB","","","","injury-status","BYE","-","999.0","-","-","-","-","-","-","-","-","-","-","-"
"1267","E. Marks","E. Marks","WR","","","","injury-status","BYE","-","999.0","-","-","-","-","-","-","-","-","-","-","-"
"1268","R. Smith","R. Smith","TE","","","","injury-status","BYE","-","999.0","-","-","-","-","-","-","-","-","-","-","-"
"1269","D. Willies","D. Willies","WR","","","","injury-status","BYE","-","999.0","-","-","-","-","-","-","-","-","-","-","-"
"1270","E. Berry","E. Berry","WR","","","","injury-status","BYE","-","999.0","-","-","-","-","-","-","-","-","-","-","-"
"1271","C. Scotland-Williamson","C. Scotland-Williamson","TE","","","","injury-status","BYE","-","601.7","-","-","-","-","-","-","-","-","-","-","-"
"1272","N. Keizer","N. Keizer","TE","","","","injury-status","BYE","-","999.0","-","-","-","-","-","-","-","-","-","-","-"
"1273","D. Turner","D. Turner","RB","","","","injury-status","BYE","-","999.0","-","-","-","-","-","-","-","-","-","-","-"
"1274","M. Thompson","M. Thompson","RB","","","","injury-status","BYE","-","999.0","-","-","-","-","-","-","-","-","-","-","-"
"1275","C. Ezeala","C. Ezeala","RB","","","","injury-status","BYE","-","999.0","-","-","-","-","-","-","-","-","-","-","-"
"1276","K. Vedvik","K. Vedvik","K, P","","","","injury-status","BYE","-","287.0","-","-","-","-","-","-","-","-","-","-","-"
"1277","S. Fields","S. Fields","WR","","","","injury-status","BYE","-","999.0","-","-","-","-","-","-","-","-","-","-","-"
"1278","R. Jeune","R. Jeune","WR","","","","injury-status","BYE","-","999.0","-","-","-","-","-","-","-","-","-","-","-"
"1279","L. Gonzalez","L. Gonzalez","WR","","","","injury-status","BYE","-","999.0","-","-","-","-","-","-","-","-","-","-","-"
"1280","J. Diarse","J. Diarse","WR","","","","injury-status","BYE","-","999.0","-","-","-","-","-","-","-","-","-","-","-"
"1281","S. Bailey","S. Bailey","WR","","","","injury-status","BYE","-","999.0","-","-","-","-","-","-","-","-","-","-","-"
"1282","E. Philips","E. Philips","RB","","","","injury-status","BYE","-","999.0","-","-","-","-","-","-","-","-","-","-","-"
"1283","P. Pujals","P. Pujals","QB","","","","injury-status","BYE","-","687.0","-","-","-","-","-","-","-","-","-","-","-"
"1284","A. Foreman","A. Foreman","WR","","","","injury-status","BYE","-","999.0","-","-","-","-","-","-","-","-","-","-","-"
"1285","J. Crawford","J. Crawford","RB","","","","injury-status","BYE","-","999.0","-","-","-","-","-","-","-","-","-","-","-"
"1286","T. Moore","T. Moore","K","","","","injury-status","BYE","-","697.7","-","-","-","-","-","-","-","-","-","-","-"
"1287","S. Wilson","S. Wilson","RB","","","","injury-status","BYE","-","999.0","-","-","-","-","-","-","-","-","-","-","-"
"1288","J. Heneghan","J. Heneghan","QB","","","","injury-status","BYE","-","999.0","-","-","-","-","-","-","-","-","-","-","-"
"1289","M. McCrane","M. McCrane","K","","","","injury-status","BYE","-","377.3","-","-","-","-","-","-","-","-","-","-","-"
"1290","A. Bloom","A. Bloom","TE","","","","injury-status","BYE","-","999.0","-","-","-","-","-","-","-","-","-","-","-"
"1291","J. Trinnaman","J. Trinnaman","WR","","","","injury-status","BYE","-","999.0","-","-","-","-","-","-","-","-","-","-","-"
"1292","E. Sanders","E. Sanders","WR","","","","injury-status","BYE","-","999.0","-","-","-","-","-","-","-","-","-","-","-"
"1293","D. Miller","D. Miller","WR","","","","injury-status","BYE","-","999.0","-","-","-","-","-","-","-","-","-","-","-"
"1294","A. Manzo-Lewis","A. Manzo-Lewis","TE","","","","injury-status","BYE","-","999.0","-","-","-","-","-","-","-","-","-","-","-"
"1295","N. Sharga","N. Sharga","RB","","","","injury-status","BYE","-","999.0","-","-","-","-","-","-","-","-","-","-","-"
"1296","J. Looney","J. Looney","TE","","","","injury-status","BYE","-","999.0","-","-","-","-","-","-","-","-","-","-","-"
"1297","A. Callaway","A. Callaway","WR","DAL","9","","injury-status","Final L 3-19 vs TB","-","999.0","-","-","-","-","-","-","-","-","-","-","-"
"1298","E. Wellman","E. Wellman","TE","","","","injury-status","BYE","-","999.0","-","-","-","-","-","-","-","-","-","-","-"
"1299","D. Pierson-El","D. Pierson-El","WR","","","","injury-status","BYE","-","999.0","-","-","-","-","-","-","-","-","-","-","-"
"1300","M. Holder","M. Holder","WR","","","","injury-status","BYE","-","999.0","-","-","-","-","-","-","-","-","-","-","-"
"1301","J. Veasy","J. Veasy","WR","","","","injury-status","BYE","-","999.0","-","-","-","-","-","-","-","-","-","-","-"
"1302","D. Ross","D. Ross","WR","","","","injury-status","BYE","-","999.0","-","-","-","-","-","-","-","-","-","-","-"
"1303","D. Burnett","D. Burnett","WR","","","","injury-status","BYE","-","999.0","-","-","-","-","-","-","-","-","-","-","-"
"1304","C. Batson","C. Batson","WR","","","","injury-status","BYE","-","999.0","-","-","-","-","-","-","-","-","-","-","-"
"1305","A. Allen","A. Allen","QB","","","","injury-status","BYE","-","999.0","-","-","-","-","-","-","-","-","-","-","-"
"1306","K. White","K. White","WR","","","","injury-status","BYE","-","999.0","-","-","-","-","-","-","-","-","-","-","-"
"1307","J. Franklin","J. Franklin","RB","","","","injury-status","BYE","-","481.2","-","-","-","-","-","-","-","-","-","-","-"
"1308","D. Yelder","D. Yelder","TE","","","","injury-status","BYE","-","999.0","-","-","-","-","-","-","-","-","-","-","-"
"1309","T. Hoppes","T. Hoppes","TE","","","","injury-status","BYE","-","999.0","-","-","-","-","-","-","-","-","-","-","-"
"1310","J. Badet","J. Badet","WR","","","","injury-status","BYE","-","999.0","-","-","-","-","-","-","-","-","-","-","-"
"1311","K. Pettway","K. Pettway","RB","","","","injury-status","BYE","-","999.0","-","-","-","-","-","-","-","-","-","-","-"
"1312","B. Howell","B. Howell","RB","","","","injury-status","BYE","-","999.0","-","-","-","-","-","-","-","-","-","-","-"
"1313","C. McElroy","C. McElroy","TE","","","Ques","injury-status questionable","BYE","-","999.0","-","-","-","-","-","-","-","-","-","-","-"
"1314","B. Johnson","B. Johnson","TE","","","","injury-status","BYE","-","999.0","-","-","-","-","-","-","-","-","-","-","-"
"1315","N. Shimonek","N. Shimonek","QB","","","","injury-status","BYE","-","999.0","-","-","-","-","-","-","-","-","-","-","-"
"1316","B. Mack","B. Mack","TE","","","","injury-status","BYE","-","999.0","-","-","-","-","-","-","-","-","-","-","-"
"1317","C. Litton","C. Litton","QB","","","","injury-status","BYE","-","282.0","-","-","-","-","-","-","-","-","-","-","-"
"1318","J. Weah","J. Weah","WR","","","","injury-status","BYE","-","353.0","-","-","-","-","-","-","-","-","-","-","-"
"1319","V. Smith","V. Smith","WR","IND","14","","injury-status","Final T 20-20 @ HOU","-","999.0","-","-","-","-","-","-","-","-","-","-","-"
"1320","T. Boyle","T. Boyle","QB","CHI","14","","injury-status","Final W 19-10 vs SF","-","498.0","-","-","-","-","-","-","-","-","-","-","-"
"1321","T. Redding","T. Redding","WR","","","","injury-status","BYE","-","999.0","-","-","-","-","-","-","-","-","-","-","-"
"1322","J. Williams","J. Williams","WR","","","","injury-status","BYE","-","999.0","-","-","-","-","-","-","-","-","-","-","-"
"1323","J. Franks","J. Franks","TE","KC","8","","injury-status","Final W 44-21 @ ARI","-","999.0","-","-","-","-","-","-","-","-","-","-","-"
"1324","R. Lawry","R. Lawry","RB","","","","injury-status","BYE","-","999.0","-","-","-","-","-","-","-","-","-","-","-"
"1325","T. Davis","T. Davis","K","","","","injury-status","BYE","-","999.0","-","-","-","-","-","-","-","-","-","-","-"
"1326","R. Foster","R. Foster","WR","","","","injury-status","BYE","-","999.0","-","-","-","-","-","-","-","-","-","-","-"
"1327","A. Levrone","A. Levrone","WR","","","","injury-status","BYE","-","999.0","-","-","-","-","-","-","-","-","-","-","-"
"1328","D. Marvin","D. Marvin","K","","","","injury-status","BYE","-","258.7","-","-","-","-","-","-","-","-","-","-","-"
"1329","J. Roh","J. Roh","TE","","","","injury-status","BYE","-","999.0","-","-","-","-","-","-","-","-","-","-","-"
"1330","T. Mangen","T. Mangen","TE","","","","injury-status","BYE","-","999.0","-","-","-","-","-","-","-","-","-","-","-"
"1331","D. Gray","D. Gray","WR","","","","injury-status","BYE","-","999.0","-","-","-","-","-","-","-","-","-","-","-"
"1332","D. Clark","D. Clark","WR","","","","injury-status","BYE","-","999.0","-","-","-","-","-","-","-","-","-","-","-"
"1333","D. Byrd","D. Byrd","WR","","","","injury-status","BYE","-","999.0","-","-","-","-","-","-","-","-","-","-","-"
"1334","C. Blake","C. Blake","WR","","","","injury-status","BYE","-","999.0","-","-","-","-","-","-","-","-","-","-","-"
"1335","D. Marx","D. Marx","RB","","","","injury-status","BYE","-","999.0","-","-","-","-","-","-","-","-","-","-","-"
"1336","L. Jordan","L. Jordan","QB","","","","injury-status","BYE","-","339.0","-","-","-","-","-","-","-","-","-","-","-"
"1337","A. Ramesh","A. Ramesh","RB","","","","injury-status","BYE","-","999.0","-","-","-","-","-","-","-","-","-","-","-"
"1338","K. Lewis","K. Lewis","WR","","","","injury-status","BYE","-","999.0","-","-","-","-","-","-","-","-","-","-","-"
"1339","D. Wells","D. Wells","TE","TB","11","","injury-status","Final W 19-3 @ DAL","-","999.0","-","-","-","-","-","-","-","-","-","-","-"
"1340","M. Baugh","M. Baugh","TE","","","","injury-status","BYE","-","999.0","-","-","-","-","-","-","-","-","-","-","-"
"1341","C. Hunt","C. Hunt","TE","","","","injury-status","BYE","-","999.0","-","-","-","-","-","-","-","-","-","-","-"
"1342","J. Barrett","J. Barrett","QB","","","","injury-status","BYE","-","999.0","-","-","-","-","-","-","-","-","-","-","-"
"1343","T. Williams","T. Williams","WR","","","","injury-status","BYE","-","999.0","-","-","-","-","-","-","-","-","-","-","-"
"1344","C. Scott","C. Scott","WR","TEN","6","","injury-status","Final L 20-21 vs NYG","-","999.0","-","-","-","-","-","-","-","-","-","-","-"
"1345","J. Reese","J. Reese","TE","","","","injury-status","BYE","-","999.0","-","-","-","-","-","-","-","-","-","-","-"
"1346","J. Wieneke","J. Wieneke","WR","","","","injury-status","BYE","-","999.0","-","-","-","-","-","-","-","-","-","-","-"
"1347","K. Robertson","K. Robertson","WR","","","","injury-status","BYE","-","999.0","-","-","-","-","-","-","-","-","-","-","-"
"1348","M. Murdock","M. Murdock","WR","","","","injury-status","BYE","-","999.0","-","-","-","-","-","-","-","-","-","-","-"
"1349","T. Swanson","T. Swanson","RB","","","","injury-status","BYE","-","999.0","-","-","-","-","-","-","-","-","-","-","-"
"1350","R. Gafford","R. Gafford","WR","","","","injury-status","BYE","-","999.0","-","-","-","-","-","-","-","-","-","-","-"
"1351","E. Wolf","E. Wolf","TE","","","","injury-status","BYE","-","999.0","-","-","-","-","-","-","-","-","-","-","-"
"1352","A. Wadley","A. Wadley","RB","","","","injury-status","BYE","-","999.0","-","-","-","-","-","-","-","-","-","-","-"
"1353","D. Grayson","D. Grayson","WR","","","","injury-status","BYE","-","999.0","-","-","-","-","-","-","-","-","-","-","-"
"1354","K. Rader","K. Rader","TE","TEN","6","Ques","injury-status questionable","Final L 20-21 vs NYG","-","999.0","-","-","-","-","-","-","-","-","-","-","-"
"1355","M. Earl","M. Earl","WR","","","","injury-status","BYE","-","999.0","-","-","-","-","-","-","-","-","-","-","-"
"1356","J. Chunn","J. Chunn","RB","","","","injury-status","BYE","-","999.0","-","-","-","-","-","-","-","-","-","-","-"
"1357","D. Sturm","D. Sturm","QB","","","","injury-status","BYE","-","286.0","-","-","-","-","-","-","-","-","-","-","-"
"1358","D. Scott","D. Scott","WR","","","","injury-status","BYE","-","999.0","-","-","-","-","-","-","-","-","-","-","-"
"1359","R. Nall","R. Nall","RB","","","","injury-status","BYE","-","999.0","-","-","-","-","-","-","-","-","-","-","-"
"1360","A. Vollert","A. Vollert","TE","","","","injury-status","BYE","-","999.0","-","-","-","-","-","-","-","-","-","-","-"
"1361","C. Willis","C. Willis","WR","","","","injury-status","BYE","-","999.0","-","-","-","-","-","-","-","-","-","-","-"
"1362","R. Gronkowski","R. Gronkowski","TE","","","","injury-status","BYE","-","572.0","-","-","-","-","-","-","-","-","-","-","-"
"1363","L. McNitt","L. McNitt","RB","","","","injury-status","BYE","-","999.0","-","-","-","-","-","-","-","-","-","-","-"
"1364","M. Williams","M. Williams","RB","","","","injury-status","BYE","-","999.0","-","-","-","-","-","-","-","-","-","-","-"
"1365","D. Richard","D. Richard","RB","","","","injury-status","BYE","-","999.0","-","-","-","-","-","-","-","-","-","-","-"
"1366","K. Benkert","K. Benkert","QB","","","","injury-status","BYE","-","471.0","-","-","-","-","-","-","-","-","-","-","-"
"1367","J. Acklin","J. Acklin","WR","","","","injury-status","BYE","-","999.0","-","-","-","-","-","-","-","-","-","-","-"
"1368","T. Quinn","T. Quinn","WR","","","","injury-status","BYE","-","677.0","-","-","-","-","-","-","-","-","-","-","-"
"1369","M. Carter","M. Carter","RB","","","","injury-status","BYE","-","999.0","-","-","-","-","-","-","-","-","-","-","-"
"1370","J. Adams","J. Adams","RB","","","","injury-status","BYE","-","999.0","-","-","-","-","-","-","-","-","-","-","-"
"1371","S. Mitchell","S. Mitchell","WR","","","","injury-status","BYE","-","999.0","-","-","-","-","-","-","-","-","-","-","-"
"1372","A. Jennings","A. Jennings","WR","","","","injury-status","BYE","-","999.0","-","-","-","-","-","-","-","-","-","-","-"
"1373","L. Woodside","L. Woodside","QB","ATL","14","","injury-status","Final L 26-27 vs NO","-","999.0","-","-","-","-","-","-","-","-","-","-","-"
"1374","A. Proehl","A. Proehl","WR","","","Ques","injury-status questionable","BYE","-","999.0","-","-","-","-","-","-","-","-","-","-","-"
"1375","D. Patterson","D. Patterson","WR","","","","injury-status","BYE","-","999.0","-","-","-","-","-","-","-","-","-","-","-"
"1376","A. McGough","A. McGough","QB","","","","injury-status","BYE","-","999.0","-","-","-","-","-","-","-","-","-","-","-"
"1377","D. Etling","D. Etling","QB","GB","14","","injury-status","Final L 7-23 @ MIN","-","613.0","-","-","-","-","-","-","-","-","-","-","-"
"1378","J. Thomas","J. Thomas","TE","","","","injury-status","BYE","-","999.0","-","-","-","-","-","-","-","-","-","-","-"
"1379","N. Bawden","N. Bawden","RB","NYJ","10","","injury-status","Final L 9-24 vs BAL","-","999.0","-","-","-","-","-","-","-","-","-","-","-"
"1380","B. Scarbrough","B. Scarbrough","RB","","","","injury-status","BYE","-","436.0","-","-","-","-","-","-","-","-","-","-","-"
"1381","J. Wims","J. Wims","WR","ARI","13","","injury-status","Final L 21-44 vs KC","-","999.0","-","-","-","-","-","-","-","-","-","-","-"
"1382","L. Falk","L. Falk","QB","","","","injury-status","BYE","-","437.3","-","-","-","-","-","-","-","-","-","-","-"
"1383","J. Samuels","J. Samuels","RB","","","","injury-status","BYE","-","999.0","-","-","-","-","-","-","-","-","-","-","-"
"1384","D. Cantrell","D. Cantrell","TE","","","Ques","injury-status questionable","BYE","-","999.0","-","-","-","-","-","-","-","-","-","-","-"
"1385","D. Fountain","D. Fountain","WR","CHI","14","","injury-status","Final W 19-10 vs SF","-","999.0","-","-","-","-","-","-","-","-","-","-","-"
"1386","D. Cain","D. Cain","WR","","","","injury-status","BYE","-","999.0","-","-","-","-","-","-","-","-","-","-","-"
"1387","R. Izzo","R. Izzo","TE","","","","injury-status","BYE","-","999.0","-","-","-","-","-","-","-","-","-","-","-"
"1388","T. Fumagalli","T. Fumagalli","TE","","","","injury-status","BYE","-","999.0","-","-","-","-","-","-","-","-","-","-","-"
"1389","D. Ratley","D. Ratley","WR","","","","injury-status","BYE","-","999.0","-","-","-","-","-","-","-","-","-","-","-"
"1390","J. Kelly","J. Kelly","RB","CLE","9","","injury-status","Final W 26-24 @ CAR","-","999.0","-","-","-","-","-","-","-","-","-","-","-"
"1391","K. Johnson","K. Johnson","RB","","","","injury-status","BYE","-","671.3","-","-","-","-","-","-","-","-","-","-","-"
"1392","C. Herndon","C. Herndon","TE","","","","injury-status","BYE","-","999.0","-","-","-","-","-","-","-","-","-","-","-"
"1393","J. Scott","J. Scott","WR","","","","injury-status","BYE","-","999.0","-","-","-","-","-","-","-","-","-","-","-"
"1394","I. Smith","I. Smith","RB","DAL","9","","injury-status","Final L 3-19 vs TB","-","999.0","-","-","-","-","-","-","-","-","-","-","-"
"1395","D. Hamilton","D. Hamilton","WR","","","","injury-status","BYE","-","999.0","-","-","-","-","-","-","-","-","-","-","-"
"1396","M. Walton","M. Walton","RB","","","","injury-status","BYE","-","999.0","-","-","-","-","-","-","-","-","-","-","-"
"1397","K. Lauletta","K. Lauletta","QB","","","","injury-status","BYE","-","610.8","-","-","-","-","-","-","-","-","-","-","-"
"1398","K. Ballage","K. Ballage","RB","","","","injury-status","BYE","-","999.0","-","-","-","-","-","-","-","-","-","-","-"
"1399","C. Ridley","C. Ridley","WR","JAX","11","Ques","injury-status questionable","Final L 22-28 @ WAS","-","535.8","-","-","-","-","-","-","-","-","-","-","-"
"1400","D. Guice","D. Guice","RB","","","","injury-status","BYE","-","999.0","-","-","-","-","-","-","-","-","-","-","-"
"1401","M. Ateman","M. Ateman","WR","","","","injury-status","BYE","-","999.0","-","-","-","-","-","-","-","-","-","-","-"
"1402","D. Smith","D. Smith","TE","","","","injury-status","BYE","-","999.0","-","-","-","-","-","-","-","-","-","-","-"
"1403","S. Noil","S. Noil","WR","","","","injury-status","BYE","-","689.0","-","-","-","-","-","-","-","-","-","-","-"
"1404","A. Riles","A. Riles","WR","IND","14","","injury-status","Final T 20-20 @ HOU","-","999.0","-","-","-","-","-","-","-","-","-","-","-"
"1405","S. Howard","S. Howard","QB","SEA","11","","injury-status","Final W 17-16 vs DEN","-","999.0","-","-","-","-","-","-","-","-","-","-","-"
"1406","J. Williams","J. Williams","WR","","","","injury-status","BYE","-","999.0","-","-","-","-","-","-","-","-","-","-","-"
"1407","A. Appleby","A. Appleby","QB","","","","injury-status","BYE","-","418.0","-","-","-","-","-","-","-","-","-","-","-"
"1408","F. House","F. House","TE","CHI","14","","injury-status","Final W 19-10 vs SF","-","999.0","-","-","-","-","-","-","-","-","-","-","-"
"1409","A. Fulwood","A. Fulwood","WR","","","","injury-status","BYE","-","289.3","-","-","-","-","-","-","-","-","-","-","-"
"1410","N. Schuessler","N. Schuessler","QB","PIT","9","","injury-status","Final W 23-20 @ CIN","-","331.0","-","-","-","-","-","-","-","-","-","-","-"
"1411","Z. Terrell","Z. Terrell","QB","BAL","10","","injury-status","Final W 24-9 @ NYJ","-","999.0","-","-","-","-","-","-","-","-","-","-","-"
"1412","R. Shell","R. Shell","RB","","","","injury-status","BYE","-","999.0","-","-","-","-","-","-","-","-","-","-","-"
"1413","G. Scantling","G. Scantling","WR","ATL","14","","injury-status","Final L 26-27 vs NO","-","601.8","-","-","-","-","-","-","-","-","-","-","-"
"1414","D. Virgies","D. Virgies","RB","","","","injury-status","BYE","-","999.0","-","-","-","-","-","-","-","-","-","-","-"
"1415","Q. McDuffie","Q. McDuffie","WR","","","","injury-status","BYE","-","999.0","-","-","-","-","-","-","-","-","-","-","-"
"1416","D. Amendola","D. Amendola","WR","","","","injury-status","BYE","-","484.1","-","-","-","-","-","-","-","-","-","-","-"
"1417","L. Atkins","L. Atkins","WR","","","","injury-status","BYE","-","999.0","-","-","-","-","-","-","-","-","-","-","-"
"1418","F. Owusu","F. Owusu","WR","","","NA","injury-status na","BYE","-","999.0","-","-","-","-","-","-","-","-","-","-","-"
"1419","C. Bazile","C. Bazile","TE","","","","injury-status","BYE","-","999.0","-","-","-","-","-","-","-","-","-","-","-"
"1420","J. Robinson","J. Robinson","TE","","","","injury-status","BYE","-","999.0","-","-","-","-","-","-","-","-","-","-","-"
"1421","J. Rosen","J. Rosen","QB","MIN","7","","injury-status","Final W 23-7 vs GB","-","587.7","-","-","-","-","-","-","-","-","-","-","-"
"1422","K. Taylor","K. Taylor","TE","","","","injury-status","BYE","-","999.0","-","-","-","-","-","-","-","-","-","-","-"
"1423","J. Evans","J. Evans","QB","","","","injury-status","BYE","-","398.7","-","-","-","-","-","-","-","-","-","-","-"
"1424","M. Leidner","M. Leidner","QB","","","","injury-status","BYE","-","656.0","-","-","-","-","-","-","-","-","-","-","-"
"1425","D. Sims","D. Sims","RB","","","","injury-status","BYE","-","999.0","-","-","-","-","-","-","-","-","-","-","-"
"1426","A. Price","A. Price","TE","","","","injury-status","BYE","-","999.0","-","-","-","-","-","-","-","-","-","-","-"
"1427","J. Liggins","J. Liggins","WR","","","","injury-status","BYE","-","999.0","-","-","-","-","-","-","-","-","-","-","-"
"1428","D. Williams","D. Williams","WR","","","","injury-status","BYE","-","999.0","-","-","-","-","-","-","-","-","-","-","-"
"1429","R. Davis","R. Davis","WR","","","","injury-status","BYE","-","999.0","-","-","-","-","-","-","-","-","-","-","-"
"1430","G. Hopper","G. Hopper","WR","","","","injury-status","BYE","-","999.0","-","-","-","-","-","-","-","-","-","-","-"
"1431","K. Lucas","K. Lucas","WR","","","","injury-status","BYE","-","999.0","-","-","-","-","-","-","-","-","-","-","-"
"1432","J. Staples","J. Staples","WR","","","","injury-status","BYE","-","999.0","-","-","-","-","-","-","-","-","-","-","-"
"1433","B. Riley","B. Riley","WR","","","","injury-status","BYE","-","999.0","-","-","-","-","-","-","-","-","-","-","-"
"1434","D. Hampton","D. Hampton","WR","","","","injury-status","BYE","-","999.0","-","-","-","-","-","-","-","-","-","-","-"
"1435","M. Bracy","M. Bracy","WR","","","","injury-status","BYE","-","999.0","-","-","-","-","-","-","-","-","-","-","-"
"1436","M. Estes","M. Estes","TE","","","","injury-status","BYE","-","999.0","-","-","-","-","-","-","-","-","-","-","-"
"1437","B. Radcliff","B. Radcliff","RB","","","","injury-status","BYE","-","999.0","-","-","-","-","-","-","-","-","-","-","-"
"1438","P. Howard","P. Howard","WR","","","","injury-status","BYE","-","999.0","-","-","-","-","-","-","-","-","-","-","-"
"1439","N. Iese","N. Iese","TE","","","","injury-status","BYE","-","999.0","-","-","-","-","-","-","-","-","-","-","-"
"1440","C. Germany","C. Germany","WR","","","","injury-status","BYE","-","999.0","-","-","-","-","-","-","-","-","-","-","-"
"1441","J. Rounds","J. Rounds","RB","","","","injury-status","BYE","-","999.0","-","-","-","-","-","-","-","-","-","-","-"
"1442","T. Armstrong Jr.","T. Armstrong Jr.","QB","","","","injury-status","BYE","-","347.0","-","-","-","-","-","-","-","-","-","-","-"
"1443","D. Victor","D. Victor","RB","","","","injury-status","BYE","-","999.0","-","-","-","-","-","-","-","-","-","-","-"
"1444","R. Wheelwright","R. Wheelwright","WR","","","","injury-status","BYE","-","999.0","-","-","-","-","-","-","-","-","-","-","-"
"1445","J. Westerkamp","J. Westerkamp","WR","","","","injury-status","BYE","-","999.0","-","-","-","-","-","-","-","-","-","-","-"
"1446","J. Seales","J. Seales","WR","","","","injury-status","BYE","-","999.0","-","-","-","-","-","-","-","-","-","-","-"
"1447","K. Whitfield","K. Whitfield","WR","","","","injury-status","BYE","-","700.0","-","-","-","-","-","-","-","-","-","-","-"
"1448","B. Cherry","B. Cherry","WR","","","","injury-status","BYE","-","999.0","-","-","-","-","-","-","-","-","-","-","-"
"1449","D. Hayes","D. Hayes","RB","","","","injury-status","BYE","-","999.0","-","-","-","-","-","-","-","-","-","-","-"
"1450","D. Olson","D. Olson","QB","","","","injury-status","BYE","-","999.0","-","-","-","-","-","-","-","-","-","-","-"
"1451","D. Llorens","D. Llorens","RB","","","","injury-status","BYE","-","999.0","-","-","-","-","-","-","-","-","-","-","-"
"1452","A. Zaruba","A. Zaruba","TE","","","","injury-status","BYE","-","428.0","-","-","-","-","-","-","-","-","-","-","-"
"1453","F. Brown","F. Brown","WR","","","","injury-status","BYE","-","999.0","-","-","-","-","-","-","-","-","-","-","-"
"1454","L. Lenoir","L. Lenoir","WR","LAR","7","","injury-status","Final L 10-31 vs BUF","-","999.0","-","-","-","-","-","-","-","-","-","-","-"
"1455","C. Posey","C. Posey","WR","","","","injury-status","BYE","-","546.0","-","-","-","-","-","-","-","-","-","-","-"
"1456","S. Donatell","S. Donatell","TE","","","","injury-status","BYE","-","999.0","-","-","-","-","-","-","-","-","-","-","-"
"1457","B. Burns","B. Burns","TE","BAL","10","","injury-status","Final W 24-9 @ NYJ","-","999.0","-","-","-","-","-","-","-","-","-","-","-"
"1458","C. Pearson","C. Pearson","WR","","","","injury-status","BYE","-","999.0","-","-","-","-","-","-","-","-","-","-","-"
"1459","A. Gray","A. Gray","TE","","","","injury-status","BYE","-","999.0","-","-","-","-","-","-","-","-","-","-","-"
"1460","J. Bacci","J. Bacci","RB","","","","injury-status","BYE","-","605.2","-","-","-","-","-","-","-","-","-","-","-"
"1461","S. Cotton","S. Cotton","TE","","","","injury-status","BYE","-","999.0","-","-","-","-","-","-","-","-","-","-","-"
"1462","B. Houston","B. Houston","QB","","","","injury-status","BYE","-","999.0","-","-","-","-","-","-","-","-","-","-","-"
"1463","M. Paige","M. Paige","WR","","","","injury-status","BYE","-","999.0","-","-","-","-","-","-","-","-","-","-","-"
"1464","P. Odom","P. Odom","TE","","","","injury-status","BYE","-","999.0","-","-","-","-","-","-","-","-","-","-","-"
"1465","S. Ryan","S. Ryan","WR","","","","injury-status","BYE","-","999.0","-","-","-","-","-","-","-","-","-","-","-"
"1466","G. Pascascio","G. Pascascio","WR","","","","injury-status","BYE","-","999.0","-","-","-","-","-","-","-","-","-","-","-"
"1467","K. Mabon","K. Mabon","WR","","","","injury-status","BYE","-","999.0","-","-","-","-","-","-","-","-","-","-","-"
"1468","T. Ferguson","T. Ferguson","QB","","","","injury-status","BYE","-","999.0","-","-","-","-","-","-","-","-","-","-","-"
"1469","K. Snead","K. Snead","WR","","","","injury-status","BYE","-","999.0","-","-","-","-","-","-","-","-","-","-","-"
"1470","K. Abdullah","K. Abdullah","RB","","","","injury-status","BYE","-","999.0","-","-","-","-","-","-","-","-","-","-","-"
"1471","T. Edmunds","T. Edmunds","RB","","","","injury-status","BYE","-","999.0","-","-","-","-","-","-","-","-","-","-","-"
"1472","A. Bailey","A. Bailey","QB","BAL","10","","injury-status","Final W 24-9 @ NYJ","-","999.0","-","-","-","-","-","-","-","-","-","-","-"
"1473","L. Clark","L. Clark","WR","","","","injury-status","BYE","-","999.0","-","-","-","-","-","-","-","-","-","-","-"
"1474","T. Swoopes","T. Swoopes","TE","","","","injury-status","BYE","-","999.0","-","-","-","-","-","-","-","-","-","-","-"
"1475","D. Rogers","D. Rogers","WR","","","","injury-status","BYE","-","999.0","-","-","-","-","-","-","-","-","-","-","-"
"1476","A. Brown","A. Brown","RB","","","","injury-status","BYE","-","999.0","-","-","-","-","-","-","-","-","-","-","-"
"1477","A. Scott","A. Scott","WR","","","","injury-status","BYE","-","999.0","-","-","-","-","-","-","-","-","-","-","-"
"1478","A. Patton","A. Patton","WR","","","","injury-status","BYE","-","999.0","-","-","-","-","-","-","-","-","-","-","-"
"1479","E. Jenkins","E. Jenkins","QB","","","","injury-status","BYE","-","675.0","-","-","-","-","-","-","-","-","-","-","-"
"1480","S. Culkin","S. Culkin","TE","","","","injury-status","BYE","-","999.0","-","-","-","-","-","-","-","-","-","-","-"
"1481","B. Brown","B. Brown","TE","","","","injury-status","BYE","-","999.0","-","-","-","-","-","-","-","-","-","-","-"
"1482","C. Thompson","C. Thompson","TE","CAR","13","","injury-status","Final L 24-26 vs CLE","-","999.0","-","-","-","-","-","-","-","-","-","-","-"
"1483","K. Johnson","K. Johnson","WR","","","","injury-status","BYE","-","999.0","-","-","-","-","-","-","-","-","-","-","-"
"1484","L. Tillery","L. Tillery","RB","","","","injury-status","BYE","-","999.0","-","-","-","-","-","-","-","-","-","-","-"
"1485","I. Mathers","I. Mathers","RB","","","","injury-status","BYE","-","479.2","-","-","-","-","-","-","-","-","-","-","-"
"1486","A. Etta-Tawo","A. Etta-Tawo","WR","","","","injury-status","BYE","-","285.0","-","-","-","-","-","-","-","-","-","-","-"
"1487","T. Cook","T. Cook","RB","","","","injury-status","BYE","-","999.0","-","-","-","-","-","-","-","-","-","-","-"
"1488","C. Bluiett","C. Bluiett","TE","","","","injury-status","BYE","-","539.0","-","-","-","-","-","-","-","-","-","-","-"
"1489","S. Hill","S. Hill","WR","","","","injury-status","BYE","-","999.0","-","-","-","-","-","-","-","-","-","-","-"
"1490","D. Gray","D. Gray","WR","","","","injury-status","BYE","-","999.0","-","-","-","-","-","-","-","-","-","-","-"
"1491","Z. Conque","Z. Conque","QB","","","","injury-status","BYE","-","352.0","-","-","-","-","-","-","-","-","-","-","-"
"1492","E. Baylis","E. Baylis","TE","","","Ques","injury-status questionable","BYE","-","999.0","-","-","-","-","-","-","-","-","-","-","-"
"1493","N. Thomas","N. Thomas","WR","","","","injury-status","BYE","-","999.0","-","-","-","-","-","-","-","-","-","-","-"
"1494","M. Rector","M. Rector","WR","","","","injury-status","BYE","-","442.0","-","-","-","-","-","-","-","-","-","-","-"
"1495","D. Ford","D. Ford","WR","","","","injury-status","BYE","-","999.0","-","-","-","-","-","-","-","-","-","-","-"
"1496","B. Barnes","B. Barnes","TE","","","","injury-status","BYE","-","999.0","-","-","-","-","-","-","-","-","-","-","-"
"1497","K. Sloter","K. Sloter","QB","","","","injury-status","BYE","-","517.0","-","-","-","-","-","-","-","-","-","-","-"
"1498","A. Nash","A. Nash","WR","","","","injury-status","BYE","-","999.0","-","-","-","-","-","-","-","-","-","-","-"
"1499","B. Brown","B. Brown","WR","","","","injury-status","BYE","-","999.0","-","-","-","-","-","-","-","-","-","-","-"
"1500","T. McNamara","T. McNamara","TE","","","","injury-status","BYE","-","999.0","-","-","-","-","-","-","-","-","-","-","-"
"1501","F. Stevenson","F. Stevenson","RB","","","","injury-status","BYE","-","999.0","-","-","-","-","-","-","-","-","-","-","-"
"1502","A. Phillips","A. Phillips","K","","","","injury-status","BYE","-","586.8","-","-","-","-","-","-","-","-","-","-","-"
"1503","T. Gentry","T. Gentry","WR","BUF","7","","injury-status","Final W 31-10 @ LAR","-","999.0","-","-","-","-","-","-","-","-","-","-","-"
"1504","M. Crabtree","M. Crabtree","WR","","","","injury-status","BYE","-","363.7","-","-","-","-","-","-","-","-","-","-","-"
"1505","J. Bouagnon","J. Bouagnon","RB","","","","injury-status","BYE","-","999.0","-","-","-","-","-","-","-","-","-","-","-"
"1506","K. Towbridge","K. Towbridge","TE","","","","injury-status","BYE","-","999.0","-","-","-","-","-","-","-","-","-","-","-"
"1507","D. Shorts","D. Shorts","WR","","","","injury-status","BYE","-","999.0","-","-","-","-","-","-","-","-","-","-","-"
"1508","J. Johnson","J. Johnson","RB","","","","injury-status","BYE","-","999.0","-","-","-","-","-","-","-","-","-","-","-"
"1509","J. Croom","J. Croom","TE","","","","injury-status","BYE","-","999.0","-","-","-","-","-","-","-","-","-","-","-"
"1510","S. Wroblewski","S. Wroblewski","TE","","","","injury-status","BYE","-","999.0","-","-","-","-","-","-","-","-","-","-","-"
"1511","J. Summers","J. Summers","RB","","","","injury-status","BYE","-","999.0","-","-","-","-","-","-","-","-","-","-","-"
"1512","T. Knight","T. Knight","QB","","","","injury-status","BYE","-","467.4","-","-","-","-","-","-","-","-","-","-","-"
"1513","K. Hogan","K. Hogan","WR","","","","injury-status","BYE","-","999.0","-","-","-","-","-","-","-","-","-","-","-"
"1514","T. Dural","T. Dural","WR","","","","injury-status","BYE","-","999.0","-","-","-","-","-","-","-","-","-","-","-"
"1515","D. Redding","D. Redding","RB","","","","injury-status","BYE","-","999.0","-","-","-","-","-","-","-","-","-","-","-"
"1516","B. Johnson","B. Johnson","WR","","","","injury-status","BYE","-","999.0","-","-","-","-","-","-","-","-","-","-","-"
"1517","G. Marks","G. Marks","WR","","","","injury-status","BYE","-","999.0","-","-","-","-","-","-","-","-","-","-","-"
"1518","J. Robinson-Woodgett","J. Robinson-Woodgett","RB","","","","injury-status","BYE","-","999.0","-","-","-","-","-","-","-","-","-","-","-"
"1519","T. Stevens","T. Stevens","WR","","","","injury-status","BYE","-","999.0","-","-","-","-","-","-","-","-","-","-","-"
"1520","A. Moore","A. Moore","WR","","","","injury-status","BYE","-","999.0","-","-","-","-","-","-","-","-","-","-","-"
"1521","M. Kemp","M. Kemp","WR","KC","8","","injury-status","Final W 44-21 @ ARI","-","999.0","-","-","-","-","-","-","-","-","-","-","-"
"1522","W. Houston","W. Houston","TE","CAR","13","","injury-status","Final L 24-26 vs CLE","-","999.0","-","-","-","-","-","-","-","-","-","-","-"
"1523","G. Dieter","G. Dieter","WR","","","","injury-status","BYE","-","999.0","-","-","-","-","-","-","-","-","-","-","-"
"1524","W. Stanback","W. Stanback","RB","","","","injury-status","BYE","-","999.0","-","-","-","-","-","-","-","-","-","-","-"
"1525","B. Wilson","B. Wilson","WR","","","","injury-status","BYE","-","999.0","-","-","-","-","-","-","-","-","-","-","-"
"1526","T. Sperbeck","T. Sperbeck","WR","","","","injury-status","BYE","-","999.0","-","-","-","-","-","-","-","-","-","-","-"
"1527","S. Liufau","S. Liufau","QB","","","","injury-status","BYE","-","432.0","-","-","-","-","-","-","-","-","-","-","-"
"1528","A. Auclair","A. Auclair","TE","","","","injury-status","BYE","-","999.0","-","-","-","-","-","-","-","-","-","-","-"
"1529","T. McCloskey","T. McCloskey","RB","","","","injury-status","BYE","-","999.0","-","-","-","-","-","-","-","-","-","-","-"
"1530","K. Cannon","K. Cannon","WR","","","","injury-status","BYE","-","999.0","-","-","-","-","-","-","-","-","-","-","-"
"1531","V. Bolden","V. Bolden","WR","DEN","9","","injury-status","Final L 16-17 @ SEA","-","999.0","-","-","-","-","-","-","-","-","-","-","-"
"1532","K. Hatcher","K. Hatcher","WR","","","","injury-status","BYE","-","999.0","-","-","-","-","-","-","-","-","-","-","-"
"1533","C. Harris","C. Harris","RB","","","","injury-status","BYE","-","999.0","-","-","-","-","-","-","-","-","-","-","-"
"1534","B. Estime","B. Estime","WR","","","","injury-status","BYE","-","999.0","-","-","-","-","-","-","-","-","-","-","-"
"1535","A. Carr","A. Carr","WR","","","","injury-status","BYE","-","999.0","-","-","-","-","-","-","-","-","-","-","-"
"1536","R. Shelton","R. Shelton","WR","","","","injury-status","BYE","-","999.0","-","-","-","-","-","-","-","-","-","-","-"
"1537","J. Price","J. Price","TE","","","","injury-status","BYE","-","999.0","-","-","-","-","-","-","-","-","-","-","-"
"1538","T. Newby","T. Newby","RB","","","","injury-status","BYE","-","999.0","-","-","-","-","-","-","-","-","-","-","-"
"1539","W. Lunt","W. Lunt","QB","","","","injury-status","BYE","-","400.0","-","-","-","-","-","-","-","-","-","-","-"
"1540","D. Stringfellow","D. Stringfellow","WR","","","","injury-status","BYE","-","489.1","-","-","-","-","-","-","-","-","-","-","-"
"1541","D. Morgan","D. Morgan","WR","","","","injury-status","BYE","-","999.0","-","-","-","-","-","-","-","-","-","-","-"
"1542","M. Lewis","M. Lewis","WR","","","","injury-status","BYE","-","999.0","-","-","-","-","-","-","-","-","-","-","-"
"1543","K. Phillips","K. Phillips","RB","","","","injury-status","BYE","-","999.0","-","-","-","-","-","-","-","-","-","-","-"
"1544","A. Peck","A. Peck","TE","","","","injury-status","BYE","-","999.0","-","-","-","-","-","-","-","-","-","-","-"
"1545","S. Williams","S. Williams","RB","","","","injury-status","BYE","-","999.0","-","-","-","-","-","-","-","-","-","-","-"
"1546","M. Madaris","M. Madaris","WR","","","","injury-status","BYE","-","999.0","-","-","-","-","-","-","-","-","-","-","-"
"1547","D. Laufasa","D. Laufasa","RB","","","","injury-status","BYE","-","999.0","-","-","-","-","-","-","-","-","-","-","-"
"1548","K. Hamilton","K. Hamilton","WR","","","","injury-status","BYE","-","999.0","-","-","-","-","-","-","-","-","-","-","-"
"1549","F. Ross","F. Ross","WR","","","","injury-status","BYE","-","999.0","-","-","-","-","-","-","-","-","-","-","-"
"1550","A. Duke","A. Duke","WR","","","","injury-status","BYE","-","999.0","-","-","-","-","-","-","-","-","-","-","-"
"1551","T. Patrick","T. Patrick","WR","DEN","9","","injury-status","Final L 16-17 @ SEA","-","492.5","-","-","-","-","-","-","-","-","-","-","-"
"1552","R. Ortiz","R. Ortiz","RB","","","","injury-status","BYE","-","999.0","-","-","-","-","-","-","-","-","-","-","-"
"1553","T. Mizzell","T. Mizzell","RB","NYG","9","Ques","injury-status questionable","Final W 21-20 @ TEN","-","999.0","-","-","-","-","-","-","-","-","-","-","-"
"1554","C. Board","C. Board","WR","TEN","6","Ques","injury-status questionable","Final L 20-21 vs NYG","-","999.0","-","-","-","-","-","-","-","-","-","-","-"
"1555","L. Jacobs","L. Jacobs","WR","","","","injury-status","BYE","-","999.0","-","-","-","-","-","-","-","-","-","-","-"
"1556","J. Natson","J. Natson","WR","","","","injury-status","BYE","-","999.0","-","-","-","-","-","-","-","-","-","-","-"
"1557","J. Lane","J. Lane","WR","","","","injury-status","BYE","-","999.0","-","-","-","-","-","-","-","-","-","-","-"
"1558","C. Jeter","C. Jeter","TE","","","","injury-status","BYE","-","999.0","-","-","-","-","-","-","-","-","-","-","-"
"1559","B. Howard","B. Howard","TE","","","","injury-status","BYE","-","999.0","-","-","-","-","-","-","-","-","-","-","-"
"1560","T. Griffey","T. Griffey","WR","","","","injury-status","BYE","-","999.0","-","-","-","-","-","-","-","-","-","-","-"
"1561","D. Daniels","D. Daniels","TE","","","","injury-status","BYE","-","999.0","-","-","-","-","-","-","-","-","-","-","-"
"1562","D. Crossan","D. Crossan","RB","","","","injury-status","BYE","-","999.0","-","-","-","-","-","-","-","-","-","-","-"
"1563","J. Quick","J. Quick","WR","","","","injury-status","BYE","-","999.0","-","-","-","-","-","-","-","-","-","-","-"
"1564","S. Orndoff","S. Orndoff","TE","","","","injury-status","BYE","-","999.0","-","-","-","-","-","-","-","-","-","-","-"
"1565","T. Renew","T. Renew","RB","","","","injury-status","BYE","-","999.0","-","-","-","-","-","-","-","-","-","-","-"
"1566","J. Magee","J. Magee","WR","","","","injury-status","BYE","-","999.0","-","-","-","-","-","-","-","-","-","-","-"
"1567","I. Zamora","I. Zamora","WR","","","","injury-status","BYE","-","999.0","-","-","-","-","-","-","-","-","-","-","-"
"1568","R. Davis","R. Davis","WR","","","","injury-status","BYE","-","999.0","-","-","-","-","-","-","-","-","-","-","-"
"1569","K. Muhammad","K. Muhammad","RB","","","","injury-status","BYE","-","999.0","-","-","-","-","-","-","-","-","-","-","-"
"1570","D. Moore","D. Moore","WR","","","","injury-status","BYE","-","505.0","-","-","-","-","-","-","-","-","-","-","-"
"1571","C. Carson","C. Carson","RB","","","","injury-status","BYE","-","999.0","-","-","-","-","-","-","-","-","-","-","-"
"1572","E. McGuire","E. McGuire","RB","KC","8","","injury-status","Final W 44-21 @ ARI","-","999.0","-","-","-","-","-","-","-","-","-","-","-"
"1573","I. Ford","I. Ford","WR","","","","injury-status","BYE","-","999.0","-","-","-","-","-","-","-","-","-","-","-"
"1574","S. Rogers","S. Rogers","RB","","","","injury-status","BYE","-","999.0","-","-","-","-","-","-","-","-","-","-","-"
"1575","M. Schreck","M. Schreck","TE","HOU","6","","injury-status","Final T 20-20 vs IND","-","325.6","-","-","-","-","-","-","-","-","-","-","-"
"1576","A. Armah","A. Armah","RB","WAS","14","","injury-status","Final W 28-22 vs JAX","-","999.0","-","-","-","-","-","-","-","-","-","-","-"
"1577","J. Sprinkle","J. Sprinkle","TE","","","Ques","injury-status questionable","BYE","-","402.7","-","-","-","-","-","-","-","-","-","-","-"
"1578","J. McNichols","J. McNichols","RB","PIT","9","","injury-status","Final W 23-20 @ CIN","-","999.0","-","-","-","-","-","-","-","-","-","-","-"
"1579","S. Gibson","S. Gibson","WR","","","","injury-status","BYE","-","999.0","-","-","-","-","-","-","-","-","-","-","-"
"1580","R. Adams","R. Adams","WR","","","","injury-status","BYE","-","999.0","-","-","-","-","-","-","-","-","-","-","-"
"1581","D. Yancey","D. Yancey","WR","","","","injury-status","BYE","-","999.0","-","-","-","-","-","-","-","-","-","-","-"
"1582","B. Hill","B. Hill","RB","","","","injury-status","BYE","-","999.0","-","-","-","-","-","-","-","-","-","-","-"
"1583","T. Logan","T. Logan","RB","","","","injury-status","BYE","-","999.0","-","-","-","-","-","-","-","-","-","-","-"
"1584","B. Hodges","B. Hodges","TE","","","","injury-status","BYE","-","368.0","-","-","-","-","-","-","-","-","-","-","-"
"1585","C. Hansen","C. Hansen","WR","","","","injury-status","BYE","-","999.0","-","-","-","-","-","-","-","-","-","-","-"
"1586","J. Chesson","J. Chesson","WR","","","","injury-status","BYE","-","999.0","-","-","-","-","-","-","-","-","-","-","-"
"1587","R. Switzer","R. Switzer","WR","","","","injury-status","BYE","-","999.0","-","-","-","-","-","-","-","-","-","-","-"
"1588","J. Malone","J. Malone","WR","","","","injury-status","BYE","-","999.0","-","-","-","-","-","-","-","-","-","-","-"
"1589","T. Cohen","T. Cohen","RB","","","","injury-status","BYE","-","579.0","-","-","-","-","-","-","-","-","-","-","-"
"1590","J. Leggett","J. Leggett","TE","","","","injury-status","BYE","-","622.6","-","-","-","-","-","-","-","-","-","-","-"
"1591","J. Butt","J. Butt","TE","","","","injury-status","BYE","-","300.3","-","-","-","-","-","-","-","-","-","-","-"
"1592","D. Westbrook","D. Westbrook","WR","","","","injury-status","BYE","-","999.0","-","-","-","-","-","-","-","-","-","-","-"
"1593","A. Darboh","A. Darboh","WR","","","","injury-status","BYE","-","999.0","-","-","-","-","-","-","-","-","-","-","-"
"1594","C. Williams","C. Williams","WR","","","Ques","injury-status questionable","BYE","-","999.0","-","-","-","-","-","-","-","-","-","-","-"
"1595","T. Taylor","T. Taylor","WR","","","","injury-status","BYE","-","999.0","-","-","-","-","-","-","-","-","-","-","-"
"1596","C. Henderson","C. Henderson","WR","","","","injury-status","BYE","-","999.0","-","-","-","-","-","-","-","-","-","-","-"
"1597","A. Shaheen","A. Shaheen","TE","MIA","11","","injury-status","Final W 20-7 vs NE","-","532.0","-","-","-","-","-","-","-","-","-","-","-"
"1598","C. Kelly","C. Kelly","QB","","","","injury-status","BYE","-","999.0","-","-","-","-","-","-","-","-","-","-","-"
"1599","C. Grayson","C. Grayson","WR","","","","injury-status","BYE","-","999.0","-","-","-","-","-","-","-","-","-","-","-"
"1600","J. Williams","J. Williams","RB","","","","injury-status","BYE","-","999.0","-","-","-","-","-","-","-","-","-","-","-"
"1601","J. Ross","J. Ross","WR","","","Ques","injury-status questionable","BYE","-","999.0","-","-","-","-","-","-","-","-","-","-","-"
"1602","T. Wilson","T. Wilson","TE","","","","injury-status","BYE","-","999.0","-","-","-","-","-","-","-","-","-","-","-"
"1603","D. Kizer","D. Kizer","QB","","","","injury-status","BYE","-","328.4","-","-","-","-","-","-","-","-","-","-","-"
"1604","C. Briggs","C. Briggs","TE","","","","injury-status","BYE","-","999.0","-","-","-","-","-","-","-","-","-","-","-"
"1605","J. Huesman","J. Huesman","QB","","","","injury-status","BYE","-","295.0","-","-","-","-","-","-","-","-","-","-","-"
"1606","B. Sims","B. Sims","QB","","","","injury-status","BYE","-","496.3","-","-","-","-","-","-","-","-","-","-","-"
"1607","T. Pope","T. Pope","RB","","","Ques","injury-status questionable","BYE","-","384.0","-","-","-","-","-","-","-","-","-","-","-"
"1608","N. Truesdell","N. Truesdell","TE","","","","injury-status","BYE","-","999.0","-","-","-","-","-","-","-","-","-","-","-"
"1609","H. Binford","H. Binford","WR","","","","injury-status","BYE","-","614.0","-","-","-","-","-","-","-","-","-","-","-"
"1610","K. Thompson","K. Thompson","WR","","","","injury-status","BYE","-","999.0","-","-","-","-","-","-","-","-","-","-","-"
"1611","D. Watford","D. Watford","WR","","","","injury-status","BYE","-","999.0","-","-","-","-","-","-","-","-","-","-","-"
"1612","E. Wallace","E. Wallace","TE","","","","injury-status","BYE","-","999.0","-","-","-","-","-","-","-","-","-","-","-"
"1613","M. Hall","M. Hall","WR","","","","injury-status","BYE","-","999.0","-","-","-","-","-","-","-","-","-","-","-"
"1614","G. Griffin","G. Griffin","TE","DET","6","","injury-status","Final L 35-38 vs PHI","-","999.0","-","-","-","-","-","-","-","-","-","-","-"
"1615","R. Horn","R. Horn","WR","","","","injury-status","BYE","-","999.0","-","-","-","-","-","-","-","-","-","-","-"
"1616","K. Coleman","K. Coleman","RB","","","","injury-status","BYE","-","999.0","-","-","-","-","-","-","-","-","-","-","-"
"1617","R. Morris","R. Morris","RB","","","","injury-status","BYE","-","999.0","-","-","-","-","-","-","-","-","-","-","-"
"1618","M. McFarland","M. McFarland","TE","","","","injury-status","BYE","-","999.0","-","-","-","-","-","-","-","-","-","-","-"
"1619","J. Simmons","J. Simmons","RB","","","","injury-status","BYE","-","999.0","-","-","-","-","-","-","-","-","-","-","-"
"1620","J. Mickens","J. Mickens","WR","NYG","9","","injury-status","Final W 21-20 @ TEN","-","999.0","-","-","-","-","-","-","-","-","-","-","-"
"1621","D. Williams","D. Williams","WR","","","Ques","injury-status questionable","BYE","-","999.0","-","-","-","-","-","-","-","-","-","-","-"
"1622","A. Ellis","A. Ellis","TE","","","","injury-status","BYE","-","999.0","-","-","-","-","-","-","-","-","-","-","-"
"1623","M. Tucker","M. Tucker","WR","","","","injury-status","BYE","-","999.0","-","-","-","-","-","-","-","-","-","-","-"
"1624","B. Brown-Dukes","B. Brown-Dukes","RB","","","","injury-status","BYE","-","265.7","-","-","-","-","-","-","-","-","-","-","-"
"1625","J. Brown","J. Brown","K","","","","injury-status","BYE","-","621.6","-","-","-","-","-","-","-","-","-","-","-"
"1626","E. Penny","E. Penny","RB","","","","injury-status","BYE","-","999.0","-","-","-","-","-","-","-","-","-","-","-"
"1627","C. O'Neal","C. O'Neal","RB","","","","injury-status","BYE","-","999.0","-","-","-","-","-","-","-","-","-","-","-"
"1628","J. Vander Laan","J. Vander Laan","TE","","","","injury-status","BYE","-","999.0","-","-","-","-","-","-","-","-","-","-","-"
"1629","B. Shippen","B. Shippen","WR","","","","injury-status","BYE","-","999.0","-","-","-","-","-","-","-","-","-","-","-"
"1630","R. Mullaney","R. Mullaney","WR","","","","injury-status","BYE","-","999.0","-","-","-","-","-","-","-","-","-","-","-"
"1631","T. Jones","T. Jones","WR","","","","injury-status","BYE","-","999.0","-","-","-","-","-","-","-","-","-","-","-"
"1632","J. Holtz","J. Holtz","TE","NO","14","","injury-status","Final W 27-26 @ ATL","-","999.0","-","-","-","-","-","-","-","-","-","-","-"
"1633","T. Carson","T. Carson","RB","","","","injury-status","BYE","-","999.0","-","-","-","-","-","-","-","-","-","-","-"
"1634","W. Ratelle","W. Ratelle","RB","","","","injury-status","BYE","-","999.0","-","-","-","-","-","-","-","-","-","-","-"
"1635","J. Perkins","J. Perkins","TE","NYJ","10","","injury-status","Final L 9-24 vs BAL","-","999.0","-","-","-","-","-","-","-","-","-","-","-"
"1636","V. Showers","V. Showers","WR","","","","injury-status","BYE","-","999.0","-","-","-","-","-","-","-","-","-","-","-"
"1637","R. Diggs","R. Diggs","WR","","","","injury-status","BYE","-","264.4","-","-","-","-","-","-","-","-","-","-","-"
"1638","M. Weiser","M. Weiser","TE","","","","injury-status","BYE","-","999.0","-","-","-","-","-","-","-","-","-","-","-"
"1639","Q. Hicks","Q. Hicks","RB","","","","injury-status","BYE","-","999.0","-","-","-","-","-","-","-","-","-","-","-"
"1640","S. Vainuku","S. Vainuku","RB","","","","injury-status","BYE","-","999.0","-","-","-","-","-","-","-","-","-","-","-"
"1641","J. Williams-Lambert","J. Williams-Lambert","WR","","","","injury-status","BYE","-","573.1","-","-","-","-","-","-","-","-","-","-","-"
"1642","T. Lewis","T. Lewis","WR","","","Ques","injury-status questionable","BYE","-","999.0","-","-","-","-","-","-","-","-","-","-","-"
"1643","D. Stewart","D. Stewart","WR","","","","injury-status","BYE","-","999.0","-","-","-","-","-","-","-","-","-","-","-"
"1644","K. Cartwright","K. Cartwright","TE","","","","injury-status","BYE","-","493.7","-","-","-","-","-","-","-","-","-","-","-"
"1645","P. Barber","P. Barber","RB","","","","injury-status","BYE","-","999.0","-","-","-","-","-","-","-","-","-","-","-"
"1646","M. Leak","M. Leak","WR","","","","injury-status","BYE","-","999.0","-","-","-","-","-","-","-","-","-","-","-"
"1647","C. Rogers","C. Rogers","WR","","","","injury-status","BYE","-","999.0","-","-","-","-","-","-","-","-","-","-","-"
"1648","A. Bonnet","A. Bonnet","RB","","","","injury-status","BYE","-","999.0","-","-","-","-","-","-","-","-","-","-","-"
"1649","M. Michel","M. Michel","WR","WAS","14","","injury-status","Final W 28-22 vs JAX","-","999.0","-","-","-","-","-","-","-","-","-","-","-"
"1650","B. Williams","B. Williams","TE","","","","injury-status","BYE","-","999.0","-","-","-","-","-","-","-","-","-","-","-"
"1651","C. Severin","C. Severin","WR","","","","injury-status","BYE","-","999.0","-","-","-","-","-","-","-","-","-","-","-"
"1652","J. Robinson","J. Robinson","WR","","","","injury-status","BYE","-","999.0","-","-","-","-","-","-","-","-","-","-","-"
"1653","J. Jones","J. Jones","WR","","","","injury-status","BYE","-","999.0","-","-","-","-","-","-","-","-","-","-","-"
"1654","M. Mathews","M. Mathews","WR","","","","injury-status","BYE","-","999.0","-","-","-","-","-","-","-","-","-","-","-"
"1655","K. Maye","K. Maye","WR","","","","injury-status","BYE","-","999.0","-","-","-","-","-","-","-","-","-","-","-"
"1656","J. McGee","J. McGee","TE","","","","injury-status","BYE","-","999.0","-","-","-","-","-","-","-","-","-","-","-"
"1657","D. Williams","D. Williams","WR","","","","injury-status","BYE","-","999.0","-","-","-","-","-","-","-","-","-","-","-"
"1658","S. Scheu","S. Scheu","TE","","","","injury-status","BYE","-","999.0","-","-","-","-","-","-","-","-","-","-","-"
"1659","G. Allison","G. Allison","WR","","","","injury-status","BYE","-","999.0","-","-","-","-","-","-","-","-","-","-","-"
"1660","D. Cajuste","D. Cajuste","WR","","","","injury-status","BYE","-","999.0","-","-","-","-","-","-","-","-","-","-","-"
"1661","D. Griswold","D. Griswold","TE","","","","injury-status","BYE","-","542.0","-","-","-","-","-","-","-","-","-","-","-"
"1662","M. Bercovici","M. Bercovici","QB","","","","injury-status","BYE","-","291.0","-","-","-","-","-","-","-","-","-","-","-"
"1663","D. Foster","D. Foster","RB","","","","injury-status","BYE","-","999.0","-","-","-","-","-","-","-","-","-","-","-"
"1664","C. Brown","C. Brown","WR","","","","injury-status","BYE","-","999.0","-","-","-","-","-","-","-","-","-","-","-"
"1665","J. Holton","J. Holton","WR","","","","injury-status","BYE","-","999.0","-","-","-","-","-","-","-","-","-","-","-"
"1666","K. Garrett","K. Garrett","WR","","","","injury-status","BYE","-","999.0","-","-","-","-","-","-","-","-","-","-","-"
"1667","B. Braunecker","B. Braunecker","TE","","","","injury-status","BYE","-","999.0","-","-","-","-","-","-","-","-","-","-","-"
"1668","M. North","M. North","WR","","","","injury-status","BYE","-","999.0","-","-","-","-","-","-","-","-","-","-","-"
"1669","R. Martin","R. Martin","K","","","","injury-status","BYE","-","999.0","-","-","-","-","-","-","-","-","-","-","-"
"1670","J. Stave","J. Stave","QB","","","","injury-status","BYE","-","382.0","-","-","-","-","-","-","-","-","-","-","-"
"1671","J. Ferguson","J. Ferguson","RB","","","","injury-status","BYE","-","999.0","-","-","-","-","-","-","-","-","-","-","-"
"1672","C. Jones","C. Jones","WR","","","","injury-status","BYE","-","999.0","-","-","-","-","-","-","-","-","-","-","-"
"1673","C. Swain","C. Swain","RB","","","","injury-status","BYE","-","999.0","-","-","-","-","-","-","-","-","-","-","-"
"1674","J. Woodrum","J. Woodrum","QB","","","","injury-status","BYE","-","520.3","-","-","-","-","-","-","-","-","-","-","-"
"1675","J. Edelman","J. Edelman","WR","","","","injury-status","BYE","-","396.7","-","-","-","-","-","-","-","-","-","-","-"
"1676","A. Erickson","A. Erickson","WR","WAS","14","","injury-status","Final W 28-22 vs JAX","-","999.0","-","-","-","-","-","-","-","-","-","-","-"
"1677","M. McKay","M. McKay","WR","","","","injury-status","BYE","-","999.0","-","-","-","-","-","-","-","-","-","-","-"
"1678","D. Johnson","D. Johnson","RB","","","","injury-status","BYE","-","999.0","-","-","-","-","-","-","-","-","-","-","-"
"1679","B. Sandland","B. Sandland","TE","","","","injury-status","BYE","-","999.0","-","-","-","-","-","-","-","-","-","-","-"
"1680","K. Lawler","K. Lawler","WR","","","","injury-status","BYE","-","999.0","-","-","-","-","-","-","-","-","-","-","-"
"1681","K. Marshall","K. Marshall","RB","","","","injury-status","BYE","-","999.0","-","-","-","-","-","-","-","-","-","-","-"
"1682","D. Fuller","D. Fuller","WR","","","","injury-status","BYE","-","999.0","-","-","-","-","-","-","-","-","-","-","-"
"1683","D. Lucien","D. Lucien","WR","","","","injury-status","BYE","-","999.0","-","-","-","-","-","-","-","-","-","-","-"
"1684","D. Jackson","D. Jackson","RB","","","","injury-status","BYE","-","999.0","-","-","-","-","-","-","-","-","-","-","-"
"1685","C. Core","C. Core","WR","","","Ques","injury-status questionable","BYE","-","999.0","-","-","-","-","-","-","-","-","-","-","-"
"1686","D. Vitale","D. Vitale","RB","","","","injury-status","BYE","-","304.0","-","-","-","-","-","-","-","-","-","-","-"
"1687","K. Listenbee","K. Listenbee","WR","","","","injury-status","BYE","-","388.5","-","-","-","-","-","-","-","-","-","-","-"
"1688","J. Rudock","J. Rudock","QB","","","","injury-status","BYE","-","590.2","-","-","-","-","-","-","-","-","-","-","-"
"1689","N. Sudfeld","N. Sudfeld","QB","DET","6","","injury-status","Final L 35-38 vs PHI","-","999.0","-","-","-","-","-","-","-","-","-","-","-"
"1690","J. Adams","J. Adams","TE","","","","injury-status","BYE","-","999.0","-","-","-","-","-","-","-","-","-","-","-"
"1691","M. Bohringer","M. Bohringer","TE","","","","injury-status","BYE","-","999.0","-","-","-","-","-","-","-","-","-","-","-"
"1692","T. Hemingway","T. Hemingway","TE","WAS","14","","injury-status","Final W 28-22 vs JAX","-","999.0","-","-","-","-","-","-","-","-","-","-","-"
"1693","A. Janovich","A. Janovich","RB","","","","injury-status","BYE","-","999.0","-","-","-","-","-","-","-","-","-","-","-"
"1694","R. Fitzpatrick","R. Fitzpatrick","QB","","","","injury-status","BYE","-","372.7","-","-","-","-","-","-","-","-","-","-","-"
"1695","T. Davis","T. Davis","WR","","","","injury-status","BYE","-","999.0","-","-","-","-","-","-","-","-","-","-","-"
"1696","K. Hogan","K. Hogan","QB","TEN","6","","injury-status","Final L 20-21 vs NYG","-","999.0","-","-","-","-","-","-","-","-","-","-","-"
"1697","P. Rivers","P. Rivers","QB","","","","injury-status","BYE","-","362.6","-","-","-","-","-","-","-","-","-","-","-"
"1698","W. Smallwood","W. Smallwood","RB","WAS","14","","injury-status","Final W 28-22 vs JAX","-","573.3","-","-","-","-","-","-","-","-","-","-","-"
"1699","D. Washington","D. Washington","RB","","","","injury-status","BYE","-","999.0","-","-","-","-","-","-","-","-","-","-","-"
"1700","T. Sharpe","T. Sharpe","WR","","","Ques","injury-status questionable","BYE","-","593.0","-","-","-","-","-","-","-","-","-","-","-"
"1701","S. DeValve","S. DeValve","TE","","","","injury-status","BYE","-","999.0","-","-","-","-","-","-","-","-","-","-","-"
"1702","T. Ervin","T. Ervin","RB","","","Ques","injury-status questionable","BYE","-","999.0","-","-","-","-","-","-","-","-","-","-","-"
"1703","B. Kaufusi","B. Kaufusi","TE","GB","14","","injury-status","Final L 7-23 @ MIN","-","999.0","-","-","-","-","-","-","-","-","-","-","-"
"1704","P. Perkins","P. Perkins","RB","","","","injury-status","BYE","-","999.0","-","-","-","-","-","-","-","-","-","-","-"
"1705","K. Dixon","K. Dixon","RB","","","","injury-status","BYE","-","999.0","-","-","-","-","-","-","-","-","-","-","-"
"1706","C. Kessler","C. Kessler","QB","","","","injury-status","BYE","-","999.0","-","-","-","-","-","-","-","-","-","-","-"
"1707","C. Prosise","C. Prosise","RB","","","","injury-status","BYE","-","999.0","-","-","-","-","-","-","-","-","-","-","-"
"1708","S. Shepard","S. Shepard","WR","NYG","9","","injury-status","Final W 21-20 @ TEN","-","999.0","-","-","-","-","-","-","-","-","-","-","-"
"1709","J. Doctson","J. Doctson","WR","","","","injury-status","BYE","-","678.3","-","-","-","-","-","-","-","-","-","-","-"
"1710","C. Coleman","C. Coleman","WR","","","","injury-status","BYE","-","999.0","-","-","-","-","-","-","-","-","-","-","-"
"1711","P. Lynch","P. Lynch","QB","","","","injury-status","BYE","-","999.0","-","-","-","-","-","-","-","-","-","-","-"
"1712","X. Rush","X. Rush","WR","","","","injury-status","BYE","-","999.0","-","-","-","-","-","-","-","-","-","-","-"
"1713","A. Dable","A. Dable","WR","","","","injury-status","BYE","-","999.0","-","-","-","-","-","-","-","-","-","-","-"
"1714","M. Slater","M. Slater","WR","NE","10","","injury-status","Final L 7-20 @ MIA","-","999.0","-","-","-","-","-","-","-","-","-","-","-"
"1715","J. Johnson","J. Johnson","WR","","","","injury-status","BYE","-","999.0","-","-","-","-","-","-","-","-","-","-","-"
"1716","G. Sinclair","G. Sinclair","TE","","","","injury-status","BYE","-","999.0","-","-","-","-","-","-","-","-","-","-","-"
"1717","R. Travis","R. Travis","TE","","","","injury-status","BYE","-","999.0","-","-","-","-","-","-","-","-","-","-","-"
"1718","M. Lengel","M. Lengel","TE","","","","injury-status","BYE","-","999.0","-","-","-","-","-","-","-","-","-","-","-"
"1719","M. Wile","M. Wile","P, K","","","","injury-status","BYE","-","416.0","-","-","-","-","-","-","-","-","-","-","-"
"1720","B. Cottom","B. Cottom","RB","","","","injury-status","BYE","-","999.0","-","-","-","-","-","-","-","-","-","-","-"
"1721","M. LaCosse","M. LaCosse","TE","NE","10","","injury-status","Final L 7-20 @ MIA","-","999.0","-","-","-","-","-","-","-","-","-","-","-"
"1722","D. Lawrence","D. Lawrence","WR","","","","injury-status","BYE","-","999.0","-","-","-","-","-","-","-","-","-","-","-"
"1723","D. Foxx","D. Foxx","WR","","","","injury-status","BYE","-","361.5","-","-","-","-","-","-","-","-","-","-","-"
"1724","B. Vogler","B. Vogler","TE","","","","injury-status","BYE","-","999.0","-","-","-","-","-","-","-","-","-","-","-"
"1725","R. Smith","R. Smith","RB","","","","injury-status","BYE","-","999.0","-","-","-","-","-","-","-","-","-","-","-"
"1726","D. Brees","D. Brees","QB","","","","injury-status","BYE","-","405.2","-","-","-","-","-","-","-","-","-","-","-"
"1727","Z. Laskey","Z. Laskey","RB","","","","injury-status","BYE","-","999.0","-","-","-","-","-","-","-","-","-","-","-"
"1728","D. Walker","D. Walker","TE","","","","injury-status","BYE","-","568.7","-","-","-","-","-","-","-","-","-","-","-"
"1729","K. Cook","K. Cook","WR","","","","injury-status","BYE","-","648.0","-","-","-","-","-","-","-","-","-","-","-"
"1730","M. Meyer","M. Meyer","K","","","","injury-status","BYE","-","394.3","-","-","-","-","-","-","-","-","-","-","-"
"1731","M. Palardy","M. Palardy","P, K - NE(10)","","","","injury-status","Final L 7-20 @ MIA","-","531.0","-","-","-","-","-","-","-","-","-","-","-"
"1732","D. White","D. White","WR","","","Ques","injury-status questionable","BYE","-","999.0","-","-","-","-","-","-","-","-","-","-","-"
"1733","G. Johnson","G. Johnson","RB","","","","injury-status","BYE","-","999.0","-","-","-","-","-","-","-","-","-","-","-"
"1734","R. Bailey","R. Bailey","WR","","","","injury-status","BYE","-","999.0","-","-","-","-","-","-","-","-","-","-","-"
"1735","D. Brown","D. Brown","TE","","","Ques","injury-status questionable","BYE","-","999.0","-","-","-","-","-","-","-","-","-","-","-"
"1736","A. Smith","A. Smith","QB","","","","injury-status","BYE","-","381.7","-","-","-","-","-","-","-","-","-","-","-"
"1737","T. Long","T. Long","P, K","","","","injury-status","BYE","-","519.6","-","-","-","-","-","-","-","-","-","-","-"
"1738","J. Heaps","J. Heaps","QB","","","","injury-status","BYE","-","468.3","-","-","-","-","-","-","-","-","-","-","-"
"1739","D. Jennings","D. Jennings","WR","","","","injury-status","BYE","-","999.0","-","-","-","-","-","-","-","-","-","-","-"
"1740","T. Semisch","T. Semisch","TE","","","","injury-status","BYE","-","421.2","-","-","-","-","-","-","-","-","-","-","-"
"1741","A. Goodley","A. Goodley","WR","","","","injury-status","BYE","-","999.0","-","-","-","-","-","-","-","-","-","-","-"
"1742","D. Anderson","D. Anderson","WR","","","","injury-status","BYE","-","999.0","-","-","-","-","-","-","-","-","-","-","-"
"1743","T. Williams","T. Williams","WR","","","Ques","injury-status questionable","BYE","-","999.0","-","-","-","-","-","-","-","-","-","-","-"
"1744","T. Davis","T. Davis","WR","","","","injury-status","BYE","-","999.0","-","-","-","-","-","-","-","-","-","-","-"
"1745","Z. Zenner","Z. Zenner","RB","","","","injury-status","BYE","-","552.3","-","-","-","-","-","-","-","-","-","-","-"
"1746","R. Anderson","R. Anderson","TE","","","","injury-status","BYE","-","518.0","-","-","-","-","-","-","-","-","-","-","-"
"1747","D. Brown","D. Brown","WR","","","","injury-status","BYE","-","356.0","-","-","-","-","-","-","-","-","-","-","-"
"1748","B. Koyack","B. Koyack","TE","","","","injury-status","BYE","-","999.0","-","-","-","-","-","-","-","-","-","-","-"
"1749","M. Johnson","M. Johnson","RB","","","","injury-status","BYE","-","999.0","-","-","-","-","-","-","-","-","-","-","-"
"1750","N. O'Leary","N. O'Leary","TE","","","Ques","injury-status questionable","BYE","-","999.0","-","-","-","-","-","-","-","-","-","-","-"
"1751","G. Davis","G. Davis","WR","","","","injury-status","BYE","-","999.0","-","-","-","-","-","-","-","-","-","-","-"
"1752","K. Bell","K. Bell","WR","","","","injury-status","BYE","-","999.0","-","-","-","-","-","-","-","-","-","-","-"
"1753","J. Nelson","J. Nelson","WR","","","","injury-status","BYE","-","999.0","-","-","-","-","-","-","-","-","-","-","-"
"1754","D. Sproles","D. Sproles","RB","","","","injury-status","BYE","-","999.0","-","-","-","-","-","-","-","-","-","-","-"
"1755","J. Ajayi","J. Ajayi","RB","","","","injury-status","BYE","-","312.7","-","-","-","-","-","-","-","-","-","-","-"
"1756","B. Hundley","B. Hundley","QB","BAL","10","","injury-status","Final W 24-9 @ NYJ","-","254.0","-","-","-","-","-","-","-","-","-","-","-"
"1757","J. Allen","J. Allen","RB","","","","injury-status","BYE","-","457.0","-","-","-","-","-","-","-","-","-","-","-"
"1758","J. Hardy","J. Hardy","WR","","","","injury-status","BYE","-","999.0","-","-","-","-","-","-","-","-","-","-","-"
"1759","J. Heuerman","J. Heuerman","TE","","","","injury-status","BYE","-","463.9","-","-","-","-","-","-","-","-","-","-","-"
"1760","C. Walford","C. Walford","TE","","","","injury-status","BYE","-","999.0","-","-","-","-","-","-","-","-","-","-","-"
"1761","D. Funchess","D. Funchess","TE","","","","injury-status","BYE","-","636.0","-","-","-","-","-","-","-","-","-","-","-"
"1762","D. Smith","D. Smith","WR","","","","injury-status","BYE","-","999.0","-","-","-","-","-","-","-","-","-","-","-"
"1763","T. Yeldon","T. Yeldon","RB","","","","injury-status","BYE","-","999.0","-","-","-","-","-","-","-","-","-","-","-"
"1764","M. Moore","M. Moore","QB","","","","injury-status","BYE","-","340.0","-","-","-","-","-","-","-","-","-","-","-"
"1765","F. Gore","F. Gore","RB","","","","injury-status","BYE","-","391.6","-","-","-","-","-","-","-","-","-","-","-"
"1766","T. Gurley","T. Gurley","RB","","","","injury-status","BYE","-","318.9","-","-","-","-","-","-","-","-","-","-","-"
"1767","J. Cunningham","J. Cunningham","TE","","","","injury-status","BYE","-","999.0","-","-","-","-","-","-","-","-","-","-","-"
"1768","J. Witten","J. Witten","TE","","","","injury-status","BYE","-","341.5","-","-","-","-","-","-","-","-","-","-","-"
"1769","D. Inman","D. Inman","WR","","","","injury-status","BYE","-","999.0","-","-","-","-","-","-","-","-","-","-","-"
"1770","P. Richardson","P. Richardson","WR","","","","injury-status","BYE","-","999.0","-","-","-","-","-","-","-","-","-","-","-"
"1771","T. Millard","T. Millard","RB","","","","injury-status","BYE","-","664.0","-","-","-","-","-","-","-","-","-","-","-"
"1772","L. Fitzgerald","L. Fitzgerald","WR","","","","injury-status","BYE","-","363.8","-","-","-","-","-","-","-","-","-","-","-"
"1773","G. Gilbert","G. Gilbert","QB","NE","10","","injury-status","Final L 7-20 @ MIA","-","299.0","-","-","-","-","-","-","-","-","-","-","-"
"1774","M. Lucas","M. Lucas","WR","","","","injury-status","BYE","-","999.0","-","-","-","-","-","-","-","-","-","-","-"
"1775","R. Nix","R. Nix","RB","","","","injury-status","BYE","-","999.0","-","-","-","-","-","-","-","-","-","-","-"
"1776","R. Neal","R. Neal","RB","","","","injury-status","BYE","-","999.0","-","-","-","-","-","-","-","-","-","-","-"
"1777","T. Jones","T. Jones","WR","","","","injury-status","BYE","-","999.0","-","-","-","-","-","-","-","-","-","-","-"
"1778","E. Ebron","E. Ebron","TE","PIT","9","","injury-status","Final W 23-20 @ CIN","-","999.0","-","-","-","-","-","-","-","-","-","-","-"
"1779","S. Perry","S. Perry","RB","","","","injury-status","BYE","-","999.0","-","-","-","-","-","-","-","-","-","-","-"
"1780","D. Fales","D. Fales","QB","","","","injury-status","BYE","-","513.0","-","-","-","-","-","-","-","-","-","-","-"
"1781","R. Grant","R. Grant","WR","","","","injury-status","BYE","-","999.0","-","-","-","-","-","-","-","-","-","-","-"
"1782","X. Grimble","X. Grimble","TE","","","","injury-status","BYE","-","431.0","-","-","-","-","-","-","-","-","-","-","-"
"1783","J. McCown","J. McCown","QB","","","","injury-status","BYE","-","338.0","-","-","-","-","-","-","-","-","-","-","-"
"1784","S. Simonson","S. Simonson","TE","","","","injury-status","BYE","-","999.0","-","-","-","-","-","-","-","-","-","-","-"
"1785","S. Roberts","S. Roberts","WR","","","","injury-status","BYE","-","999.0","-","-","-","-","-","-","-","-","-","-","-"
"1786","D. Thomas","D. Thomas","WR","","","","injury-status","BYE","-","999.0","-","-","-","-","-","-","-","-","-","-","-"
"1787","C. Latimer","C. Latimer","WR","","","","injury-status","BYE","-","999.0","-","-","-","-","-","-","-","-","-","-","-"
"1788","B. Fowler","B. Fowler","WR","","","","injury-status","BYE","-","999.0","-","-","-","-","-","-","-","-","-","-","-"
"1789","V. Davis","V. Davis","TE","","","","injury-status","BYE","-","581.0","-","-","-","-","-","-","-","-","-","-","-"
"1790","M. Lee","M. Lee","WR","","","","injury-status","BYE","-","999.0","-","-","-","-","-","-","-","-","-","-","-"
"1791","A. Hurns","A. Hurns","WR","MIA","11","Ques","injury-status questionable","Final W 20-7 vs NE","-","661.0","-","-","-","-","-","-","-","-","-","-","-"
"1792","B. Bortles","B. Bortles","QB","NO","14","","injury-status","Final W 27-26 @ ATL","-","499.4","-","-","-","-","-","-","-","-","-","-","-"
"1793","D. Moncrief","D. Moncrief","WR","","","Ques","injury-status questionable","BYE","-","999.0","-","-","-","-","-","-","-","-","-","-","-"
"1794","D. Walker","D. Walker","WR","","","","injury-status","BYE","-","603.7","-","-","-","-","-","-","-","-","-","-","-"
"1795","W. Snead","W. Snead","WR","SF","9","","injury-status","Final L 10-19 @ CHI","-","999.0","-","-","-","-","-","-","-","-","-","-","-"
"1796","T. Gabriel","T. Gabriel","WR","","","","injury-status","BYE","-","446.0","-","-","-","-","-","-","-","-","-","-","-"
"1797","A. McCarron","A. McCarron","QB","ATL","14","","injury-status","Final L 26-27 vs NO","-","305.7","-","-","-","-","-","-","-","-","-","-","-"
"1798","S. Evans","S. Evans","WR","","","","injury-status","BYE","-","999.0","-","-","-","-","-","-","-","-","-","-","-"
"1799","Q. Enunwa","Q. Enunwa","WR","","","","injury-status","BYE","-","999.0","-","-","-","-","-","-","-","-","-","-","-"
"1800","J. White","J. White","RB","","","","injury-status","BYE","-","999.0","-","-","-","-","-","-","-","-","-","-","-"
"1801","S. Houston","S. Houston","RB","","","","injury-status","BYE","-","999.0","-","-","-","-","-","-","-","-","-","-","-"
"1802","A. Peterson","A. Peterson","RB","","","","injury-status","BYE","-","366.0","-","-","-","-","-","-","-","-","-","-","-"
"1803","D. Stanton","D. Stanton","QB","","","","injury-status","BYE","-","323.0","-","-","-","-","-","-","-","-","-","-","-"
"1804","J. Matthews","J. Matthews","TE","SF","9","","injury-status","Final L 10-19 @ CHI","-","466.3","-","-","-","-","-","-","-","-","-","-","-"
"1805","D. Fluellen","D. Fluellen","RB","","","","injury-status","BYE","-","301.0","-","-","-","-","-","-","-","-","-","-","-"
"1806","T. Burton","T. Burton","TE","","","","injury-status","BYE","-","599.2","-","-","-","-","-","-","-","-","-","-","-"
"1807","M. Schaub","M. Schaub","QB","","","","injury-status","BYE","-","367.0","-","-","-","-","-","-","-","-","-","-","-"
"1808","J. Hill","J. Hill","TE","","","","injury-status","BYE","-","503.8","-","-","-","-","-","-","-","-","-","-","-"
"1809","D. Carrier","D. Carrier","TE","","","","injury-status","BYE","-","342.3","-","-","-","-","-","-","-","-","-","-","-"
"1810","J. Doyle","J. Doyle","TE","IND","14","","injury-status","Final T 20-20 @ HOU","-","999.0","-","-","-","-","-","-","-","-","-","-","-"
"1811","E. Rogers","E. Rogers","WR","","","","injury-status","BYE","-","999.0","-","-","-","-","-","-","-","-","-","-","-"
"1812","B. Williams","B. Williams","TE","","","","injury-status","BYE","-","504.0","-","-","-","-","-","-","-","-","-","-","-"
"1813","Z. Line","Z. Line","RB","","","","injury-status","BYE","-","999.0","-","-","-","-","-","-","-","-","-","-","-"
"1814","J. Brown","J. Brown","WR","","","","injury-status","BYE","-","999.0","-","-","-","-","-","-","-","-","-","-","-"
"1815","U. Nwachukwu","U. Nwachukwu","WR","","","","injury-status","BYE","-","999.0","-","-","-","-","-","-","-","-","-","-","-"
"1816","T. Sinkfield","T. Sinkfield","WR","","","","injury-status","BYE","-","999.0","-","-","-","-","-","-","-","-","-","-","-"
"1817","L. Toilolo","L. Toilolo","TE","NYG","9","Ques","injury-status questionable","Final W 21-20 @ TEN","-","999.0","-","-","-","-","-","-","-","-","-","-","-"
"1818","D. Harris","D. Harris","TE","","","","injury-status","BYE","-","444.6","-","-","-","-","-","-","-","-","-","-","-"
"1819","T. Bray","T. Bray","QB","","","","injury-status","BYE","-","259.0","-","-","-","-","-","-","-","-","-","-","-"
"1820","L. Willson","L. Willson","TE","","","","injury-status","BYE","-","598.0","-","-","-","-","-","-","-","-","-","-","-"
"1821","S. Ware","S. Ware","RB","","","","injury-status","BYE","-","999.0","-","-","-","-","-","-","-","-","-","-","-"
"1822","D. Fells","D. Fells","TE","TB","11","","injury-status","Final W 19-3 @ DAL","-","999.0","-","-","-","-","-","-","-","-","-","-","-"
"1823","V. McDonald","V. McDonald","TE","","","","injury-status","BYE","-","277.6","-","-","-","-","-","-","-","-","-","-","-"
"1824","T. Austin","T. Austin","WR","","","","injury-status","BYE","-","999.0","-","-","-","-","-","-","-","-","-","-","-"
"1825","M. Glennon","M. Glennon","QB","MIA","11","","injury-status","Final W 20-7 vs NE","-","397.3","-","-","-","-","-","-","-","-","-","-","-"
"1826","K. Stills","K. Stills","WR","","","","injury-status","BYE","-","999.0","-","-","-","-","-","-","-","-","-","-","-"
"1827","R. Griffin","R. Griffin","QB","TB","11","","injury-status","Final W 19-3 @ DAL","-","292.3","-","-","-","-","-","-","-","-","-","-","-"
"1828","K. Barner","K. Barner","RB","","","","injury-status","BYE","-","608.6","-","-","-","-","-","-","-","-","-","-","-"
"1829","T. Riddick","T. Riddick","RB","","","","injury-status","BYE","-","491.6","-","-","-","-","-","-","-","-","-","-","-"
"1830","C. Thompson","C. Thompson","RB","","","","injury-status","BYE","-","999.0","-","-","-","-","-","-","-","-","-","-","-"
"1831","J. Reed","J. Reed","TE","","","","injury-status","BYE","-","999.0","-","-","-","-","-","-","-","-","-","-","-"
"1832","C. Anderson","C. Anderson","RB","","","","injury-status","BYE","-","999.0","-","-","-","-","-","-","-","-","-","-","-"
"1833","L. Bell","L. Bell","RB","TB","11","","injury-status","Final W 19-3 @ DAL","-","544.2","-","-","-","-","-","-","-","-","-","-","-"
"1834","T. Eifert","T. Eifert","TE","","","","injury-status","BYE","-","387.1","-","-","-","-","-","-","-","-","-","-","-"
"1835","B. Roethlisberger","B. Roethlisberger","QB","PIT","9","","injury-status","Final W 23-20 @ CIN","-","407.4","-","-","-","-","-","-","-","-","-","-","-"
"1836","M. Barkley","M. Barkley","QB","BUF","7","","injury-status","Final W 31-10 @ LAR","-","470.0","-","-","-","-","-","-","-","-","-","-","-"
"1837","R. Shepard","R. Shepard","WR","","","","injury-status","BYE","-","999.0","-","-","-","-","-","-","-","-","-","-","-"
"1838","C. Hogan","C. Hogan","WR","","","","injury-status","BYE","-","281.0","-","-","-","-","-","-","-","-","-","-","-"
"1839","J. Bellamy","J. Bellamy","WR","","","","injury-status","BYE","-","999.0","-","-","-","-","-","-","-","-","-","-","-"
"1840","J. Olawale","J. Olawale","RB","","","","injury-status","BYE","-","999.0","-","-","-","-","-","-","-","-","-","-","-"
"1841","P. DiMarco","P. DiMarco","RB","","","","injury-status","BYE","-","625.3","-","-","-","-","-","-","-","-","-","-","-"
"1842","J. Develin","J. Develin","RB","","","","injury-status","BYE","-","564.3","-","-","-","-","-","-","-","-","-","-","-"
"1843","J. Kearse","J. Kearse","WR","","","","injury-status","BYE","-","578.0","-","-","-","-","-","-","-","-","-","-","-"
"1844","F. Owusu","F. Owusu","WR","","","","injury-status","BYE","-","411.0","-","-","-","-","-","-","-","-","-","-","-"
"1845","M. Bryant","M. Bryant","K","","","","injury-status","BYE","-","253.3","-","-","-","-","-","-","-","-","-","-","-"
"1846","A. Tanney","A. Tanney","QB","","","","injury-status","BYE","-","449.7","-","-","-","-","-","-","-","-","-","-","-"
"1847","R. Turbin","R. Turbin","RB","","","","injury-status","BYE","-","500.5","-","-","-","-","-","-","-","-","-","-","-"
"1848","G. Celek","G. Celek","TE","","","","injury-status","BYE","-","334.4","-","-","-","-","-","-","-","-","-","-","-"
"1849","J. Wright","J. Wright","WR","","","","injury-status","BYE","-","383.0","-","-","-","-","-","-","-","-","-","-","-"
"1850","R. Ellison","R. Ellison","TE","","","","injury-status","BYE","-","278.0","-","-","-","-","-","-","-","-","-","-","-"
"1851","A. Vinatieri","A. Vinatieri","K","","","","injury-status","BYE","-","349.5","-","-","-","-","-","-","-","-","-","-","-"
"1852","A. Morris","A. Morris","RB","","","","injury-status","BYE","-","310.3","-","-","-","-","-","-","-","-","-","-","-"
"1853","R. Griffin","R. Griffin","QB","","","","injury-status","BYE","-","433.6","-","-","-","-","-","-","-","-","-","-","-"
"1854","A. Jeffery","A. Jeffery","WR","","","","injury-status","BYE","-","344.4","-","-","-","-","-","-","-","-","-","-","-"
"1855","T. Benjamin","T. Benjamin","WR","","","","injury-status","BYE","-","415.0","-","-","-","-","-","-","-","-","-","-","-"
"1856","M. Sanu","M. Sanu","WR","","","","injury-status","BYE","-","322.0","-","-","-","-","-","-","-","-","-","-","-"
"1857","L. Miller","L. Miller","RB","","","","injury-status","BYE","-","276.4","-","-","-","-","-","-","-","-","-","-","-"
"1858","J. Hall","J. Hall","WR","","","","injury-status","BYE","-","-","-","-","-","-","-","-","-","-","-","-","-"
"1859","D. Hagans","D. Hagans","RB","","","","injury-status","BYE","-","-","-","-","-","-","-","-","-","-","-","-","-"
"1860","M. Golden","M. Golden","WR","GB","14","","injury-status","Final L 7-23 @ MIN","-","-","-","-","-","-","-","-","-","-","-","-","-"
"1861","J. Royals","J. Royals","WR","KC","8","Ques","injury-status questionable","Final W 44-21 @ ARI","-","-","-","-","-","-","-","-","-","-","-","-","-"
"1862","T. Rutenbeck","T. Rutenbeck","WR","","","","injury-status","BYE","-","-","-","-","-","-","-","-","-","-","-","-","-"
"1863","N. Noel","N. Noel","RB","","","","injury-status","BYE","-","-","-","-","-","-","-","-","-","-","-","-","-"
"1864","K. McIntosh","K. McIntosh","RB","SEA","11","IR","injury-status ir","Final W 17-16 vs DEN","-","-","-","-","-","-","-","-","-","-","-","-","-"
"1865","N. Williams","N. Williams","WR","","","","injury-status","BYE","-","-","-","-","-","-","-","-","-","-","-","-","-"
"1866","D. Edwards","D. Edwards","RB","WAS","14","","injury-status","Final W 28-22 vs JAX","-","-","-","-","-","-","-","-","-","-","-","-","-"
"1867","M. Flowers","M. Flowers","WR","","","","injury-status","BYE","-","-","-","-","-","-","-","-","-","-","-","-","-"
"1868","X. White","X. White","WR","","","","injury-status","BYE","-","-","-","-","-","-","-","-","-","-","-","-","-"
"1869","C. Johnson","C. Johnson","WR","","","","injury-status","BYE","-","-","-","-","-","-","-","-","-","-","-","-","-"
"1870","C. Stover","C. Stover","TE","HOU","6","","injury-status","Final T 20-20 vs IND","-","-","-","-","-","-","-","-","-","-","-","-","-"
"1871","T. Bynum","T. Bynum","WR","","","","injury-status","BYE","-","-","-","-","-","-","-","-","-","-","-","-","-"
"1872","D. Culp","D. Culp","TE","TB","11","","injury-status","Final W 19-3 @ DAL","-","-","-","-","-","-","-","-","-","-","-","-","-"
"1873","J. Calhoun","J. Calhoun","WR","","","","injury-status","BYE","-","-","-","-","-","-","-","-","-","-","-","-","-"
"1874","D. Miller","D. Miller","WR","","","","injury-status","BYE","-","-","-","-","-","-","-","-","-","-","-","-","-"
"1875","T. Keaton","T. Keaton","WR","","","","injury-status","BYE","-","-","-","-","-","-","-","-","-","-","-","-","-"
"1876","T. Taula","T. Taula","TE","TB","11","","injury-status","Final W 19-3 @ DAL","-","-","-","-","-","-","-","-","-","-","-","-","-"
"1877","K. Smith","K. Smith","WR","","","","injury-status","BYE","-","-","-","-","-","-","-","-","-","-","-","-","-"
"1878","D. Maye","D. Maye","QB","NE","10","","injury-status","Final L 7-20 @ MIA","-","-","-","-","-","-","-","-","-","-","-","-","-"
"1879","T. Robinson","T. Robinson","WR","","","Ques","injury-status questionable","BYE","-","-","-","-","-","-","-","-","-","-","-","-","-"
"1880","A. Torres","A. Torres","TE","","","Ques","injury-status questionable","BYE","-","-","-","-","-","-","-","-","-","-","-","-","-"
"1881","M. Bernard","M. Bernard","RB","","","","injury-status","BYE","-","-","-","-","-","-","-","-","-","-","-","-","-"
"1882","B. Bryant","B. Bryant","QB","","","","injury-status","BYE","-","-","-","-","-","-","-","-","-","-","-","-","-"
"1883","Z. D'Orazio","Z. D'Orazio","WR","","","","injury-status","BYE","-","-","-","-","-","-","-","-","-","-","-","-","-"
"1884","J. Colletto","J. Colletto","RB","","","","injury-status","BYE","-","-","-","-","-","-","-","-","-","-","-","-","-"
"1885","K. Harper","K. Harper","RB","","","","injury-status","BYE","-","-","-","-","-","-","-","-","-","-","-","-","-"
"1886","P. Thorne","P. Thorne","QB","","","","injury-status","BYE","-","-","-","-","-","-","-","-","-","-","-","-","-"
"1887","D. Neal","D. Neal","WR","","","","injury-status","BYE","-","-","-","-","-","-","-","-","-","-","-","-","-"
"1888","R. Taylor","R. Taylor","WR","","","","injury-status","BYE","-","-","-","-","-","-","-","-","-","-","-","-","-"
"1889","D. Harper","D. Harper","WR","","","","injury-status","BYE","-","-","-","-","-","-","-","-","-","-","-","-","-"
"1890","J. Keeney-James","J. Keeney-James","WR","","","","injury-status","BYE","-","-","-","-","-","-","-","-","-","-","-","-","-"
"1891","R. Hamilton","R. Hamilton","TE","","","","injury-status","BYE","-","-","-","-","-","-","-","-","-","-","-","-","-"
"1892","C. Fajardo","C. Fajardo","QB","","","","injury-status","BYE","-","-","-","-","-","-","-","-","-","-","-","-","-"
"1893","R. Owens","R. Owens","WR","","","","injury-status","BYE","-","-","-","-","-","-","-","-","-","-","-","-","-"
"1894","J. Rumph","J. Rumph","WR","","","","injury-status","BYE","-","-","-","-","-","-","-","-","-","-","-","-","-"
"1895","K. Allen","K. Allen","WR","","","","injury-status","BYE","-","-","-","-","-","-","-","-","-","-","-","-","-"
"1896","S. James","S. James","WR","","","","injury-status","BYE","-","-","-","-","-","-","-","-","-","-","-","-","-"
"1897","Z. Brooks","Z. Brooks","RB","","","","injury-status","BYE","-","-","-","-","-","-","-","-","-","-","-","-","-"
"1898","P. Mafah","P. Mafah","RB","DAL","9","IR","injury-status ir","Final L 3-19 vs TB","-","-","-","-","-","-","-","-","-","-","-","-","-"
"1899","C. Chrest","C. Chrest","WR","","","","injury-status","BYE","-","-","-","-","-","-","-","-","-","-","-","-","-"
"1900","J. Burton","J. Burton","WR","CIN","10","Ques","injury-status questionable","Final L 20-23 vs PIT","-","-","-","-","-","-","-","-","-","-","-","-","-"
"1901","T. Johnson","T. Johnson","WR","TB","11","","injury-status","Final W 19-3 @ DAL","-","-","-","-","-","-","-","-","-","-","-","-","-"
"1902","P. Murtagh","P. Murtagh","TE","DEN","9","","injury-status","Final L 16-17 @ SEA","-","-","-","-","-","-","-","-","-","-","-","-","-"
"1903","R. Davis","R. Davis","RB","BUF","7","","injury-status","Final W 31-10 @ LAR","-","-","-","-","-","-","-","-","-","-","-","-","-"
"1904","M. Tinsley","M. Tinsley","WR","CIN","10","","injury-status","Final L 20-23 vs PIT","-","-","-","-","-","-","-","-","-","-","-","-","-"
"1905","B. Cupp","B. Cupp","TE","","","","injury-status","BYE","-","-","-","-","-","-","-","-","-","-","-","-","-"
"1906","B. Collins","B. Collins","WR","NYG","9","","injury-status","Final W 21-20 @ TEN","-","-","-","-","-","-","-","-","-","-","-","-","-"
"1907","A. Dennis","A. Dennis","QB","","","","injury-status","BYE","-","-","-","-","-","-","-","-","-","-","-","-","-"
"1908","C. Stoudt","C. Stoudt","QB","","","","injury-status","BYE","-","-","-","-","-","-","-","-","-","-","-","-","-"
"1909","T. Scott","T. Scott","WR","","","","injury-status","BYE","-","-","-","-","-","-","-","-","-","-","-","-","-"
"1910","B. Green","B. Green","WR","","","","injury-status","BYE","-","-","-","-","-","-","-","-","-","-","-","-","-"
"1911","J. Addison","J. Addison","WR","MIN","7","Sus","injury-status sus","Final W 23-7 vs GB","-","-","-","-","-","-","-","-","-","-","-","-","-"
"1912","I. Washington","I. Washington","WR","","","Ques","injury-status questionable","BYE","-","-","-","-","-","-","-","-","-","-","-","-","-"
"1913","J. Polk","J. Polk","WR","NE","10","IR","injury-status ir","Final L 7-20 @ MIA","-","-","-","-","-","-","-","-","-","-","-","-","-"
"1914","A. Marshall","A. Marshall","RB","CLE","9","","injury-status","Final W 26-24 @ CAR","-","-","-","-","-","-","-","-","-","-","-","-","-"
"1915","J. Cropper","J. Cropper","WR","DAL","9","","injury-status","Final L 3-19 vs TB","-","-","-","-","-","-","-","-","-","-","-","-","-"
"1916","W. Sheppard","W. Sheppard","WR","GB","14","","injury-status","Final L 7-23 @ MIN","-","-","-","-","-","-","-","-","-","-","-","-","-"
"1917","W. Thompson","W. Thompson","QB","","","","injury-status","BYE","-","-","-","-","-","-","-","-","-","-","-","-","-"
"1918","J. Shenker","J. Shenker","TE","","","","injury-status","BYE","-","-","-","-","-","-","-","-","-","-","-","-","-"
"1919","J. Hawes","J. Hawes","TE","BUF","7","","injury-status","Final W 31-10 @ LAR","-","-","-","-","-","-","-","-","-","-","-","-","-"
"1920","J. Wright","J. Wright","RB","MIA","11","Doub","injury-status doubtful","Final W 20-7 vs NE","-","-","-","-","-","-","-","-","-","-","-","-","-"
"1921","T. Knue","T. Knue","WR","","","","injury-status","BYE","-","-","-","-","-","-","-","-","-","-","-","-","-"
"1922","M. Cunningham","M. Cunningham","WR","","","","injury-status","BYE","-","-","-","-","-","-","-","-","-","-","-","-","-"
"1923","R. Jarrett","R. Jarrett","WR","","","","injury-status","BYE","-","-","-","-","-","-","-","-","-","-","-","-","-"
"1924","S. Shrader","S. Shrader","K","IND","14","","injury-status","Final T 20-20 @ HOU","-","-","-","-","-","-","-","-","-","-","-","-","-"
"1925","M. Bryant","M. Bryant","WR","","","","injury-status","BYE","-","-","-","-","-","-","-","-","-","-","-","-","-"
"1926","J. Smith","J. Smith","WR","","","","injury-status","BYE","-","-","-","-","-","-","-","-","-","-","-","-","-"
"1927","J. Waters","J. Waters","QB","","","","injury-status","BYE","-","-","-","-","-","-","-","-","-","-","-","-","-"
"1928","H. Mevis","H. Mevis","K","NYJ","10","","injury-status","Final L 9-24 vs BAL","-","-","-","-","-","-","-","-","-","-","-","-","-"
"1929","G. Oakes","G. Oakes","TE","","","","injury-status","BYE","-","-","-","-","-","-","-","-","-","-","-","-","-"
"1930","J. Daniels","J. Daniels","QB","WAS","14","","injury-status","Final W 28-22 vs JAX","-","-","-","-","-","-","-","-","-","-","-","-","-"
"1931","U. Bentley","U. Bentley","RB","IND","14","","injury-status","Final T 20-20 @ HOU","-","-","-","-","-","-","-","-","-","-","-","-","-"
"1932","B. Bowers","B. Bowers","TE","LV","6","","injury-status","Final L 19-24 @ LAC","-","-","-","-","-","-","-","-","-","-","-","-","-"
"1933","D. Vaughn","D. Vaughn","RB","","","","injury-status","BYE","-","-","-","-","-","-","-","-","-","-","-","-","-"
"1934","J. Matthews","J. Matthews","WR","","","","injury-status","BYE","-","-","-","-","-","-","-","-","-","-","-","-","-"
"1935","D. Wallis","D. Wallis","WR","","","","injury-status","BYE","-","-","-","-","-","-","-","-","-","-","-","-","-"
"1936","B. Heard","B. Heard","RB","","","","injury-status","BYE","-","-","-","-","-","-","-","-","-","-","-","-","-"
"1937","C. Knox","C. Knox","RB","","","","injury-status","BYE","-","-","-","-","-","-","-","-","-","-","-","-","-"
"1938","A. Martinez","A. Martinez","QB","SF","9","","injury-status","Final L 10-19 @ CHI","-","-","-","-","-","-","-","-","-","-","-","-","-"
"1939","B. Sasser","B. Sasser","WR","","","","injury-status","BYE","-","-","-","-","-","-","-","-","-","-","-","-","-"
"1940","Q. Ismail","Q. Ismail","WR","NYG","9","","injury-status","Final W 21-20 @ TEN","-","-","-","-","-","-","-","-","-","-","-","-","-"
"1941","T. Harman","T. Harman","WR","","","","injury-status","BYE","-","-","-","-","-","-","-","-","-","-","-","-","-"
"1942","Z. Charbonnet","Z. Charbonnet","RB","SEA","11","","injury-status","Final W 17-16 vs DEN","-","-","-","-","-","-","-","-","-","-","-","-","-"
"1943","J. Haselwood","J. Haselwood","WR","","","","injury-status","BYE","-","-","-","-","-","-","-","-","-","-","-","-","-"
"1944","B. Potter","B. Potter","K","","","","injury-status","BYE","-","-","-","-","-","-","-","-","-","-","-","-","-"
"1945","S. Pitz","S. Pitz","TE","","","","injury-status","BYE","-","-","-","-","-","-","-","-","-","-","-","-","-"
"1946","L. Stokes","L. Stokes","TE","","","","injury-status","BYE","-","-","-","-","-","-","-","-","-","-","-","-","-"
"1947","N. Johnson","N. Johnson","TE","","","","injury-status","BYE","-","-","-","-","-","-","-","-","-","-","-","-","-"
"1948","C. Burton","C. Burton","TE","","","","injury-status","BYE","-","-","-","-","-","-","-","-","-","-","-","-","-"
"1949","B. Ford-Wheaton","B. Ford-Wheaton","WR","NYG","9","IR","injury-status ir","Final W 21-20 @ TEN","-","-","-","-","-","-","-","-","-","-","-","-","-"
"1950","C. Acosta","C. Acosta","K","","","","injury-status","BYE","-","-","-","-","-","-","-","-","-","-","-","-","-"
"1951","D. Powell","D. Powell","WR","","","","injury-status","BYE","-","-","-","-","-","-","-","-","-","-","-","-","-"
"1952","Z. Franklin","Z. Franklin","WR","","","","injury-status","BYE","-","-","-","-","-","-","-","-","-","-","-","-","-"
"1953","J. Jones","J. Jones","WR","MIN","7","","injury-status","Final W 23-7 vs GB","-","-","-","-","-","-","-","-","-","-","-","-","-"
"1954","R. Fairweather","R. Fairweather","TE","DAL","9","","injury-status","Final L 3-19 vs TB","-","-","-","-","-","-","-","-","-","-","-","-","-"
"1955","B. Watson","B. Watson","RB","","","Ques","injury-status questionable","BYE","-","-","-","-","-","-","-","-","-","-","-","-","-"
"1956","T. Bagent","T. Bagent","QB","CHI","14","","injury-status","Final W 19-10 vs SF","-","-","-","-","-","-","-","-","-","-","-","-","-"
"1957","T. Broden","T. Broden","WR","SEA","11","","injury-status","Final W 17-16 vs DEN","-","-","-","-","-","-","-","-","-","-","-","-","-"
"1958","I. Bowser","I. Bowser","RB","","","","injury-status","BYE","-","-","-","-","-","-","-","-","-","-","-","-","-"
"1959","K. Lambert-Smith","K. Lambert-Smith","WR","LAC","8","","injury-status","Final W 24-19 vs LV","-","-","-","-","-","-","-","-","-","-","-","-","-"
"1960","T. Sheffield","T. Sheffield","WR","","","","injury-status","BYE","-","-","-","-","-","-","-","-","-","-","-","-","-"
"1961","J. Westover","J. Westover","TE","NE","10","","injury-status","Final L 7-20 @ MIA","-","-","-","-","-","-","-","-","-","-","-","-","-"
"1962","J. Brooks","J. Brooks","WR","DAL","9","","injury-status","Final L 3-19 vs TB","-","-","-","-","-","-","-","-","-","-","-","-","-"
"1963","E. Dotson","E. Dotson","RB","","","","injury-status","BYE","-","-","-","-","-","-","-","-","-","-","-","-","-"
"1964","J. Jackson","J. Jackson","RB","","","","injury-status","BYE","-","-","-","-","-","-","-","-","-","-","-","-","-"
"1965","C. Collier","C. Collier","RB","LV","6","","injury-status","Final L 19-24 @ LAC","-","-","-","-","-","-","-","-","-","-","-","-","-"
"1966","J. Milroe","J. Milroe","QB","SEA","11","","injury-status","Final W 17-16 vs DEN","-","-","-","-","-","-","-","-","-","-","-","-","-"
"1967","D. Bell","D. Bell","K","","","","injury-status","BYE","-","-","-","-","-","-","-","-","-","-","-","-","-"
"1968","J. Jordan","J. Jordan","RB","HOU","6","","injury-status","Final T 20-20 vs IND","-","-","-","-","-","-","-","-","-","-","-","-","-"
"1969","B. Chancellor","B. Chancellor","WR","","","","injury-status","BYE","-","-","-","-","-","-","-","-","-","-","-","-","-"
"1970","B. Presley","B. Presley","WR","LAR","7","","injury-status","Final L 10-31 vs BUF","-","-","-","-","-","-","-","-","-","-","-","-","-"
"1971","S. Powell","S. Powell","RB","","","","injury-status","BYE","-","-","-","-","-","-","-","-","-","-","-","-","-"
"1972","J. Mims","J. Mims","RB","TEN","6","","injury-status","Final L 20-21 vs NYG","-","-","-","-","-","-","-","-","-","-","-","-","-"
"1973","A. Larson","A. Larson","TE","","","","injury-status","BYE","-","-","-","-","-","-","-","-","-","-","-","-","-"
"1974","J. Galbreath","J. Galbreath","TE","PIT","9","","injury-status","Final W 23-20 @ CIN","-","-","-","-","-","-","-","-","-","-","-","-","-"
"1975","M. DiLiello","M. DiLiello","QB","","","","injury-status","BYE","-","-","-","-","-","-","-","-","-","-","-","-","-"
"1976","J. Wayne","J. Wayne","WR","HOU","6","","injury-status","Final T 20-20 vs IND","-","-","-","-","-","-","-","-","-","-","-","-","-"
"1977","J. Bates","J. Bates","K","DET","6","","injury-status","Final L 35-38 vs PHI","-","-","-","-","-","-","-","-","-","-","-","-","-"
"1978","T. Griffin","T. Griffin","WR","","","","injury-status","BYE","-","-","-","-","-","-","-","-","-","-","-","-","-"
"1979","P. Conroy","P. Conroy","TE","","","","injury-status","BYE","-","-","-","-","-","-","-","-","-","-","-","-","-"
"1980","T. Harrison","T. Harrison","WR","","","","injury-status","BYE","-","-","-","-","-","-","-","-","-","-","-","-","-"
"1981","T. Dell","T. Dell","WR","HOU","6","PUP","injury-status pup","Final T 20-20 vs IND","-","-","-","-","-","-","-","-","-","-","-","-","-"
"1982","N. Adkins","N. Adkins","TE","DEN","9","Out","injury-status out","Final L 16-17 @ SEA","-","-","-","-","-","-","-","-","-","-","-","-","-"
"1983","E. Frohnapfel","E. Frohnapfel","TE","","","","injury-status","BYE","-","-","-","-","-","-","-","-","-","-","-","-","-"
"1984","M. Price","M. Price","WR","MIN","7","","injury-status","Final W 23-7 vs GB","-","-","-","-","-","-","-","-","-","-","-","-","-"
"1985","D. Felton","D. Felton","WR","","","IR","injury-status ir","BYE","-","-","-","-","-","-","-","-","-","-","-","-","-"
"1986","D. Stoops","D. Stoops","WR","","","Sus","injury-status sus","BYE","-","-","-","-","-","-","-","-","-","-","-","-","-"
"1987","J. Wilson","J. Wilson","TE","","","","injury-status","BYE","-","-","-","-","-","-","-","-","-","-","-","-","-"
"1988","L. Sefcik","L. Sefcik","TE","","","","injury-status","BYE","-","-","-","-","-","-","-","-","-","-","-","-","-"
"1989","M. Cooper","M. Cooper","RB","","","","injury-status","BYE","-","-","-","-","-","-","-","-","-","-","-","-","-"
"1990","I. Abanikanda","I. Abanikanda","RB","GB","14","","injury-status","Final L 7-23 @ MIN","-","-","-","-","-","-","-","-","-","-","-","-","-"
"1991","S. Davis","S. Davis","WR","","","","injury-status","BYE","-","-","-","-","-","-","-","-","-","-","-","-","-"
"1992","G. Jackson","G. Jackson","WR","","","","injury-status","BYE","-","-","-","-","-","-","-","-","-","-","-","-","-"
"1993","K. Lewis","K. Lewis","RB","","","","injury-status","BYE","-","-","-","-","-","-","-","-","-","-","-","-","-"
"1994","E. Higgins","E. Higgins","TE","ARI","13","","injury-status","Final L 21-44 vs KC","-","-","-","-","-","-","-","-","-","-","-","-","-"
"1995","C. Stroud","C. Stroud","QB","HOU","6","","injury-status","Final T 20-20 vs IND","-","-","-","-","-","-","-","-","-","-","-","-","-"
"1996","R. Brown","R. Brown","RB","","","","injury-status","BYE","-","-","-","-","-","-","-","-","-","-","-","-","-"
"1997","D. Garrison","D. Garrison","TE","","","","injury-status","BYE","-","-","-","-","-","-","-","-","-","-","-","-","-"
"1998","J. Richardson","J. Richardson","WR","CHI","14","","injury-status","Final W 19-10 vs SF","-","-","-","-","-","-","-","-","-","-","-","-","-"
"1999","E. Wilson","E. Wilson","RB","GB","14","","injury-status","Final L 7-23 @ MIN","-","-","-","-","-","-","-","-","-","-","-","-","-"
"2000","M. Lemonious-Craig","M. Lemonious-Craig","WR","","","Ques","injury-status questionable","BYE","-","-","-","-","-","-","-","-","-","-","-","-","-"
"2001","L. Schoonmaker","L. Schoonmaker","TE","DAL","9","","injury-status","Final L 3-19 vs TB","-","-","-","-","-","-","-","-","-","-","-","-","-"
"2002","S. Ntoh","S. Ntoh","RB","","","","injury-status","BYE","-","-","-","-","-","-","-","-","-","-","-","-","-"
"2003","G. DuBose","G. DuBose","WR","","","Ques","injury-status questionable","BYE","-","-","-","-","-","-","-","-","-","-","-","-","-"
"2004","K. Warner","K. Warner","WR","","","","injury-status","BYE","-","-","-","-","-","-","-","-","-","-","-","-","-"
"2005","J. Foreman","J. Foreman","WR","","","Ques","injury-status questionable","BYE","-","-","-","-","-","-","-","-","-","-","-","-","-"
"2006","C. Granger","C. Granger","TE","","","Ques","injury-status questionable","BYE","-","-","-","-","-","-","-","-","-","-","-","-","-"
"2007","B. Ross","B. Ross","RB","","","","injury-status","BYE","-","-","-","-","-","-","-","-","-","-","-","-","-"
"2008","D. Luckett","D. Luckett","WR","","","","injury-status","BYE","-","-","-","-","-","-","-","-","-","-","-","-","-"
"2009","J. Honigford","J. Honigford","TE","","","","injury-status","BYE","-","-","-","-","-","-","-","-","-","-","-","-","-"
"2010","R. Flournoy","R. Flournoy","WR","DAL","9","","injury-status","Final L 3-19 vs TB","-","-","-","-","-","-","-","-","-","-","-","-","-"
"2011","T. Potts","T. Potts","RB","","","","injury-status","BYE","-","-","-","-","-","-","-","-","-","-","-","-","-"
"2012","T. Reiman","T. Reiman","TE","ARI","13","","injury-status","Final L 21-44 vs KC","-","-","-","-","-","-","-","-","-","-","-","-","-"
"2013","A. Asante","A. Asante","WR","","","","injury-status","BYE","-","-","-","-","-","-","-","-","-","-","-","-","-"
"2014","N. Remigio","N. Remigio","WR","KC","8","","injury-status","Final W 44-21 @ ARI","-","-","-","-","-","-","-","-","-","-","-","-","-"
"2015","T. Clinton","T. Clinton","RB","","","","injury-status","BYE","-","-","-","-","-","-","-","-","-","-","-","-","-"
"2016","J. Cephus","J. Cephus","WR","JAX","11","IR","injury-status ir","Final L 22-28 @ WAS","-","-","-","-","-","-","-","-","-","-","-","-","-"
"2017","J. Hunter","J. Hunter","RB","LAR","7","","injury-status","Final L 10-31 vs BUF","-","-","-","-","-","-","-","-","-","-","-","-","-"
"2018","J. Lovelocke","J. Lovelocke","QB","","","","injury-status","BYE","-","-","-","-","-","-","-","-","-","-","-","-","-"
"2019","D. Williams","D. Williams","RB","","","Ques","injury-status questionable","BYE","-","-","-","-","-","-","-","-","-","-","-","-","-"
"2020","R. Jefferson","R. Jefferson","RB","","","","injury-status","BYE","-","-","-","-","-","-","-","-","-","-","-","-","-"
"2021","J. Reese","J. Reese","WR","","","","injury-status","BYE","-","-","-","-","-","-","-","-","-","-","-","-","-"
"2022","T. Scott","T. Scott","WR","IND","14","","injury-status","Final T 20-20 @ HOU","-","-","-","-","-","-","-","-","-","-","-","-","-"
"2023","K. Hill","K. Hill","RB","","","","injury-status","BYE","-","-","-","-","-","-","-","-","-","-","-","-","-"
"2024","C. Williams","C. Williams","QB","CHI","14","","injury-status","Final W 19-10 vs SF","-","-","-","-","-","-","-","-","-","-","-","-","-"
"2025","J. Sirmon","J. Sirmon","QB","","","","injury-status","BYE","-","-","-","-","-","-","-","-","-","-","-","-","-"
"2026","J. Bergen","J. Bergen","WR","SF","9","","injury-status","Final L 10-19 @ CHI","-","-","-","-","-","-","-","-","-","-","-","-","-"
"2027","R. Johnson","R. Johnson","RB","CHI","14","Ques","injury-status questionable","Final W 19-10 vs SF","-","-","-","-","-","-","-","-","-","-","-","-","-"
"2028","X. Johnson","X. Johnson","WR","","","Ques","injury-status questionable","BYE","-","-","-","-","-","-","-","-","-","-","-","-","-"
"2029","A. Perry","A. Perry","WR","DEN","9","","injury-status","Final L 16-17 @ SEA","-","-","-","-","-","-","-","-","-","-","-","-","-"
"2030","S. Hartman","S. Hartman","QB","WAS","14","","injury-status","Final W 28-22 vs JAX","-","-","-","-","-","-","-","-","-","-","-","-","-"
"2031","L. Grimm","L. Grimm","WR","LAC","8","","injury-status","Final W 24-19 vs LV","-","-","-","-","-","-","-","-","-","-","-","-","-"
"2032","D. Johnson","D. Johnson","WR","","","","injury-status","BYE","-","-","-","-","-","-","-","-","-","-","-","-","-"
"2033","L. Benson","L. Benson","TE","","","","injury-status","BYE","-","-","-","-","-","-","-","-","-","-","-","-","-"
"2034","T. Mordecai","T. Mordecai","QB","","","IR","injury-status ir","BYE","-","-","-","-","-","-","-","-","-","-","-","-","-"
"2035","T. Jones","T. Jones","WR","","","","injury-status","BYE","-","-","-","-","-","-","-","-","-","-","-","-","-"
"2036","M. Mayer","M. Mayer","TE","LV","6","","injury-status","Final L 19-24 @ LAC","-","-","-","-","-","-","-","-","-","-","-","-","-"
"2037","T. Loop","T. Loop","K","BAL","10","","injury-status","Final W 24-9 @ NYJ","-","-","-","-","-","-","-","-","-","-","-","-","-"
"2038","T. Jennings","T. Jennings","RB","NE","10","","injury-status","Final L 7-20 @ MIA","-","-","-","-","-","-","-","-","-","-","-","-","-"
"2039","B. Means","B. Means","WR","NO","14","IR","injury-status ir","Final W 27-26 @ ATL","-","-","-","-","-","-","-","-","-","-","-","-","-"
"2040","J. Lee","J. Lee","WR","","","","injury-status","BYE","-","-","-","-","-","-","-","-","-","-","-","-","-"
"2041","M. Wright","M. Wright","WR","","","Ques","injury-status questionable","BYE","-","-","-","-","-","-","-","-","-","-","-","-","-"
"2042","J. Lunsford","J. Lunsford","K","","","","injury-status","BYE","-","-","-","-","-","-","-","-","-","-","-","-","-"
"2043","J. Turner","J. Turner","K","","","","injury-status","BYE","-","-","-","-","-","-","-","-","-","-","-","-","-"
"2044","J. Simon","J. Simon","TE","ATL","14","","injury-status","Final L 26-27 vs NO","-","-","-","-","-","-","-","-","-","-","-","-","-"
"2045","L. Keys","L. Keys","WR","","","Ques","injury-status questionable","BYE","-","-","-","-","-","-","-","-","-","-","-","-","-"
"2046","A. Squirewell","A. Squirewell","RB","","","","injury-status","BYE","-","-","-","-","-","-","-","-","-","-","-","-","-"
"2047","M. Stepp","M. Stepp","RB","","","Ques","injury-status questionable","BYE","-","-","-","-","-","-","-","-","-","-","-","-","-"
"2048","J. Murray","J. Murray","TE","","","Ques","injury-status questionable","BYE","-","-","-","-","-","-","-","-","-","-","-","-","-"
"2049","K. Rowan","K. Rowan","WR","","","","injury-status","BYE","-","-","-","-","-","-","-","-","-","-","-","-","-"
"2050","J. Karty","J. Karty","K","LAR","7","","injury-status","Final L 10-31 vs BUF","-","-","-","-","-","-","-","-","-","-","-","-","-"
"2051","R. Scheuerman","R. Scheuerman","RB","","","","injury-status","BYE","-","-","-","-","-","-","-","-","-","-","-","-","-"
"2052","D. Vele","D. Vele","WR","NO","14","","injury-status","Final W 27-26 @ ATL","-","-","-","-","-","-","-","-","-","-","-","-","-"
"2053","P. Fant","P. Fant","TE","DAL","9","","injury-status","Final L 3-19 vs TB","-","-","-","-","-","-","-","-","-","-","-","-","-"
"2054","C. Jackson","C. Jackson","WR","SEA","11","","injury-status","Final W 17-16 vs DEN","-","-","-","-","-","-","-","-","-","-","-","-","-"
"2055","T. Palmer","T. Palmer","WR","NO","14","","injury-status","Final W 27-26 @ ATL","-","-","-","-","-","-","-","-","-","-","-","-","-"
"2056","J. Hyatt","J. Hyatt","WR","NYG","9","","injury-status","Final W 21-20 @ TEN","-","-","-","-","-","-","-","-","-","-","-","-","-"
"2057","N. Henderson","N. Henderson","QB","","","","injury-status","BYE","-","-","-","-","-","-","-","-","-","-","-","-","-"
"2058","M. Rosemy-Jacksaint","M. Rosemy-Jacksaint","WR","","","","injury-status","BYE","-","-","-","-","-","-","-","-","-","-","-","-","-"
"2059","G. Maag","G. Maag","WR","","","","injury-status","BYE","-","-","-","-","-","-","-","-","-","-","-","-","-"
"2060","B. Bennett","B. Bennett","QB","","","","injury-status","BYE","-","-","-","-","-","-","-","-","-","-","-","-","-"
"2061","C. Runyon","C. Runyon","TE","LV","6","","injury-status","Final L 19-24 @ LAC","-","-","-","-","-","-","-","-","-","-","-","-","-"
"2062","C. Bradley","C. Bradley","QB","","","IR","injury-status ir","BYE","-","-","-","-","-","-","-","-","-","-","-","-","-"
"2063","D. Daniels","D. Daniels","WR","","","","injury-status","BYE","-","-","-","-","-","-","-","-","-","-","-","-","-"
"2064","M. Wiley","M. Wiley","RB","","","","injury-status","BYE","-","-","-","-","-","-","-","-","-","-","-","-","-"
"2065","K. Robichaux","K. Robichaux","RB","DET","6","IR","injury-status ir","Final L 35-38 vs PHI","-","-","-","-","-","-","-","-","-","-","-","-","-"
"2066","J. Hunt","J. Hunt","WR","","","","injury-status","BYE","-","-","-","-","-","-","-","-","-","-","-","-","-"
"2067","W. Taulapapa","W. Taulapapa","RB","","","","injury-status","BYE","-","-","-","-","-","-","-","-","-","-","-","-","-"
"2068","X. Smith","X. Smith","WR","LAR","7","","injury-status","Final L 10-31 vs BUF","-","-","-","-","-","-","-","-","-","-","-","-","-"
"2069","L. Lundy","L. Lundy","RB","","","","injury-status","BYE","-","-","-","-","-","-","-","-","-","-","-","-","-"
"2070","M. Wittek","M. Wittek","QB","","","","injury-status","BYE","-","-","-","-","-","-","-","-","-","-","-","-","-"
"2071","K. Robinson","K. Robinson","RB","","","","injury-status","BYE","-","-","-","-","-","-","-","-","-","-","-","-","-"
"2072","J. Plummer","J. Plummer","QB","","","","injury-status","BYE","-","-","-","-","-","-","-","-","-","-","-","-","-"
"2073","R. Miller","R. Miller","WR","TB","11","","injury-status","Final W 19-3 @ DAL","-","-","-","-","-","-","-","-","-","-","-","-","-"
"2074","G. Porter","G. Porter","WR","","","","injury-status","BYE","-","-","-","-","-","-","-","-","-","-","-","-","-"
"2075","H. Fannin","H. Fannin","TE","CLE","9","","injury-status","Final W 26-24 @ CAR","-","-","-","-","-","-","-","-","-","-","-","-","-"
"2076","Z. Evans","Z. Evans","RB","","","","injury-status","BYE","-","-","-","-","-","-","-","-","-","-","-","-","-"
"2077","J. Janke","J. Janke","WR","","","Ques","injury-status questionable","BYE","-","-","-","-","-","-","-","-","-","-","-","-","-"
"2078","I. Umodu","I. Umodu","WR","","","","injury-status","BYE","-","-","-","-","-","-","-","-","-","-","-","-","-"
"2079","K. Case","K. Case","WR","","","","injury-status","BYE","-","-","-","-","-","-","-","-","-","-","-","-","-"
"2080","Z. Flowers","Z. Flowers","WR","BAL","10","","injury-status","Final W 24-9 @ NYJ","-","-","-","-","-","-","-","-","-","-","-","-","-"
"2081","C. Smith","C. Smith","RB","","","","injury-status","BYE","-","-","-","-","-","-","-","-","-","-","-","-","-"
"2082","L. Allen","L. Allen","RB","JAX","11","","injury-status","Final L 22-28 @ WAS","-","-","-","-","-","-","-","-","-","-","-","-","-"
"2083","P. Wilson","P. Wilson","WR","","","","injury-status","BYE","-","-","-","-","-","-","-","-","-","-","-","-","-"
"2084","C. Trahan","C. Trahan","TE","","","","injury-status","BYE","-","-","-","-","-","-","-","-","-","-","-","-","-"
"2085","D. Martin-Robinson","D. Martin-Robinson","TE","TEN","6","","injury-status","Final L 20-21 vs NYG","-","-","-","-","-","-","-","-","-","-","-","-","-"
"2086","K. Mullings","K. Mullings","RB","TEN","6","Ques","injury-status questionable","Final L 20-21 vs NYG","-","-","-","-","-","-","-","-","-","-","-","-","-"
"2087","A. Gould","A. Gould","WR","IND","14","","injury-status","Final T 20-20 @ HOU","-","-","-","-","-","-","-","-","-","-","-","-","-"
"2088","J. Downs","J. Downs","WR","IND","14","Ques","injury-status questionable","Final T 20-20 @ HOU","-","-","-","-","-","-","-","-","-","-","-","-","-"
"2089","Q. Skinner","Q. Skinner","WR","NYJ","10","","injury-status","Final L 9-24 vs BAL","-","-","-","-","-","-","-","-","-","-","-","-","-"
"2090","T. Harrell","T. Harrell","WR","","","","injury-status","BYE","-","-","-","-","-","-","-","-","-","-","-","-","-"
"2091","J. Meeks","J. Meeks","WR","DET","6","","injury-status","Final L 35-38 vs PHI","-","-","-","-","-","-","-","-","-","-","-","-","-"
"2092","A. Green","A. Green","WR","","","Ques","injury-status questionable","BYE","-","-","-","-","-","-","-","-","-","-","-","-","-"
"2093","B. Rice","B. Rice","WR","","","","injury-status","BYE","-","-","-","-","-","-","-","-","-","-","-","-","-"
"2094","D. Davis","D. Davis","WR","","","","injury-status","BYE","-","-","-","-","-","-","-","-","-","-","-","-","-"
"2095","B. Gardner","B. Gardner","TE","","","","injury-status","BYE","-","-","-","-","-","-","-","-","-","-","-","-","-"
"2096","J. James","J. James","RB","SF","9","IR","injury-status ir","Final L 10-19 @ CHI","-","-","-","-","-","-","-","-","-","-","-","-","-"
"2097","D. Giddens","D. Giddens","RB","IND","14","","injury-status","Final T 20-20 @ HOU","-","-","-","-","-","-","-","-","-","-","-","-","-"
"2098","M. Hull","M. Hull","WR","","","","injury-status","BYE","-","-","-","-","-","-","-","-","-","-","-","-","-"
"2099","T. Washington","T. Washington","WR","MIA","11","","injury-status","Final W 20-7 vs NE","-","-","-","-","-","-","-","-","-","-","-","-","-"
"2100","M. Knowles","M. Knowles","WR","","","","injury-status","BYE","-","-","-","-","-","-","-","-","-","-","-","-","-"
"2101","D. Mahina","D. Mahina","TE","","","","injury-status","BYE","-","-","-","-","-","-","-","-","-","-","-","-","-"
"2102","L. Pettway","L. Pettway","TE","","","","injury-status","BYE","-","-","-","-","-","-","-","-","-","-","-","-","-"
"2103","H. Rucci","H. Rucci","TE","MIA","11","","injury-status","Final W 20-7 vs NE","-","-","-","-","-","-","-","-","-","-","-","-","-"
"2104","A. Mitchell","A. Mitchell","WR","IND","14","","injury-status","Final T 20-20 @ HOU","-","-","-","-","-","-","-","-","-","-","-","-","-"
"2105","A. Landphere","A. Landphere","TE","","","","injury-status","BYE","-","-","-","-","-","-","-","-","-","-","-","-","-"
"2106","D. Dabney","D. Dabney","TE","TEN","6","","injury-status","Final L 20-21 vs NYG","-","-","-","-","-","-","-","-","-","-","-","-","-"
"2107","W. Wright","W. Wright","WR","","","","injury-status","BYE","-","-","-","-","-","-","-","-","-","-","-","-","-"
"2108","D. Johnson","D. Johnson","RB","","","","injury-status","BYE","-","-","-","-","-","-","-","-","-","-","-","-","-"
"2109","H. Hatten","H. Hatten","WR","","","","injury-status","BYE","-","-","-","-","-","-","-","-","-","-","-","-","-"
"2110","I. Bond","I. Bond","WR","CLE","9","","injury-status","Final W 26-24 @ CAR","-","-","-","-","-","-","-","-","-","-","-","-","-"
"2111","M. Ezeike","M. Ezeike","TE","","","","injury-status","BYE","-","-","-","-","-","-","-","-","-","-","-","-","-"
"2112","X. Wade","X. Wade","WR","","","","injury-status","BYE","-","-","-","-","-","-","-","-","-","-","-","-","-"
"2113","T. Steelman","T. Steelman","WR","","","","injury-status","BYE","-","-","-","-","-","-","-","-","-","-","-","-","-"
"2114","Q. Johnston","Q. Johnston","WR","LAC","8","Ques","injury-status questionable","Final W 24-19 vs LV","-","-","-","-","-","-","-","-","-","-","-","-","-"
"2115","J. Blue","J. Blue","WR","","","","injury-status","BYE","-","-","-","-","-","-","-","-","-","-","-","-","-"
"2116","M. Ibrahim","M. Ibrahim","RB","","","","injury-status","BYE","-","-","-","-","-","-","-","-","-","-","-","-","-"
"2117","T. McKee","T. McKee","QB","PHI","7","Ques","injury-status questionable","Final W 38-35 @ DET","-","-","-","-","-","-","-","-","-","-","-","-","-"
"2118","A. Borregales","A. Borregales","K","NE","10","","injury-status","Final L 7-20 @ MIA","-","-","-","-","-","-","-","-","-","-","-","-","-"
"2119","I. Rex","I. Rex","TE","","","","injury-status","BYE","-","-","-","-","-","-","-","-","-","-","-","-","-"
"2120","J. Sanders","J. Sanders","TE","CAR","13","","injury-status","Final L 24-26 vs CLE","-","-","-","-","-","-","-","-","-","-","-","-","-"
"2121","M. Weisman","M. Weisman","RB","","","","injury-status","BYE","-","-","-","-","-","-","-","-","-","-","-","-","-"
"2122","D. Arias","D. Arias","WR","","","","injury-status","BYE","-","-","-","-","-","-","-","-","-","-","-","-","-"
"2123","T. Shavers","T. Shavers","WR","BUF","7","","injury-status","Final W 31-10 @ LAR","-","-","-","-","-","-","-","-","-","-","-","-","-"
"2124","J. Byrd","J. Byrd","WR","","","","injury-status","BYE","-","-","-","-","-","-","-","-","-","-","-","-","-"
"2125","C. Cota","C. Cota","WR","","","","injury-status","BYE","-","-","-","-","-","-","-","-","-","-","-","-","-"
"2126","J. Kim","J. Kim","K","","","","injury-status","BYE","-","-","-","-","-","-","-","-","-","-","-","-","-"
"2127","C. Yankoff","C. Yankoff","TE","WAS","14","","injury-status","Final W 28-22 vs JAX","-","-","-","-","-","-","-","-","-","-","-","-","-"
"2128","L. Victor","L. Victor","WR","","","","injury-status","BYE","-","-","-","-","-","-","-","-","-","-","-","-","-"
"2129","C. Johnson","C. Johnson","WR","","","","injury-status","BYE","-","-","-","-","-","-","-","-","-","-","-","-","-"
"2130","J. Higgins","J. Higgins","WR","HOU","6","","injury-status","Final T 20-20 vs IND","-","-","-","-","-","-","-","-","-","-","-","-","-"
"2131","J. Jackson","J. Jackson","RB","JAX","11","","injury-status","Final L 22-28 @ WAS","-","-","-","-","-","-","-","-","-","-","-","-","-"
"2132","E. Arroyo","E. Arroyo","TE","SEA","11","","injury-status","Final W 17-16 vs DEN","-","-","-","-","-","-","-","-","-","-","-","-","-"
"2133","T. Thomas","T. Thomas","WR","","","","injury-status","BYE","-","-","-","-","-","-","-","-","-","-","-","-","-"
"2134","X. Restrepo","X. Restrepo","WR","TEN","6","","injury-status","Final L 20-21 vs NYG","-","-","-","-","-","-","-","-","-","-","-","-","-"
"2135","C. Brown","C. Brown","RB","CIN","10","","injury-status","Final L 20-23 vs PIT","-","-","-","-","-","-","-","-","-","-","-","-","-"
"2136","B. Wooldridge","B. Wooldridge","QB","","","","injury-status","BYE","-","-","-","-","-","-","-","-","-","-","-","-","-"
"2137","Q. Ewers","Q. Ewers","QB","MIA","11","","injury-status","Final W 20-7 vs NE","-","-","-","-","-","-","-","-","-","-","-","-","-"
"2138","L. Lachey","L. Lachey","TE","HOU","6","","injury-status","Final T 20-20 vs IND","-","-","-","-","-","-","-","-","-","-","-","-","-"
"2139","B. Sauls","B. Sauls","K","","","","injury-status","BYE","-","-","-","-","-","-","-","-","-","-","-","-","-"
"2140","J. Briningstool","J. Briningstool","TE","KC","8","IR","injury-status ir","Final W 44-21 @ ARI","-","-","-","-","-","-","-","-","-","-","-","-","-"
"2141","F. Gore","F. Gore","RB","BUF","7","","injury-status","Final W 31-10 @ LAR","-","-","-","-","-","-","-","-","-","-","-","-","-"
"2142","Z. Heins","Z. Heins","TE","","","","injury-status","BYE","-","-","-","-","-","-","-","-","-","-","-","-","-"
"2143","J. Shorter","J. Shorter","WR","LV","6","","injury-status","Final L 19-24 @ LAC","-","-","-","-","-","-","-","-","-","-","-","-","-"
"2144","K. Coleman","K. Coleman","WR","BUF","7","","injury-status","Final W 31-10 @ LAR","-","-","-","-","-","-","-","-","-","-","-","-","-"
"2145","C. Steele","C. Steele","RB","KC","8","","injury-status","Final W 44-21 @ ARI","-","-","-","-","-","-","-","-","-","-","-","-","-"
"2146","X. Legette","X. Legette","WR","CAR","13","","injury-status","Final L 24-26 vs CLE","-","-","-","-","-","-","-","-","-","-","-","-","-"
"2147","K. McCord","K. McCord","QB","PHI","7","","injury-status","Final W 38-35 @ DET","-","-","-","-","-","-","-","-","-","-","-","-","-"
"2148","C. Suits","C. Suits","QB","","","","injury-status","BYE","-","-","-","-","-","-","-","-","-","-","-","-","-"
"2149","S. Rattler","S. Rattler","QB","NO","14","","injury-status","Final W 27-26 @ ATL","-","-","-","-","-","-","-","-","-","-","-","-","-"
"2150","E. Merriweather","E. Merriweather","RB","","","Out","injury-status out","BYE","-","-","-","-","-","-","-","-","-","-","-","-","-"
"2151","S. Vaki","S. Vaki","RB","DET","6","","injury-status","Final L 35-38 vs PHI","-","-","-","-","-","-","-","-","-","-","-","-","-"
"2152","P. White","P. White","K","","","","injury-status","BYE","-","-","-","-","-","-","-","-","-","-","-","-","-"
"2153","T. Vokolek","T. Vokolek","TE","ARI","13","","injury-status","Final L 21-44 vs KC","-","-","-","-","-","-","-","-","-","-","-","-","-"
"2154","J. Whyle","J. Whyle","TE","GB","14","","injury-status","Final L 7-23 @ MIN","-","-","-","-","-","-","-","-","-","-","-","-","-"
"2155","D. Gabriel","D. Gabriel","QB","CLE","9","","injury-status","Final W 26-24 @ CAR","-","-","-","-","-","-","-","-","-","-","-","-","-"
"2156","C. Miller","C. Miller","QB","LV","6","","injury-status","Final L 19-24 @ LAC","-","-","-","-","-","-","-","-","-","-","-","-","-"
"2157","S. Thompson","S. Thompson","RB","","","","injury-status","BYE","-","-","-","-","-","-","-","-","-","-","-","-","-"
"2158","T. Wease","T. Wease","WR","MIA","11","","injury-status","Final W 20-7 vs NE","-","-","-","-","-","-","-","-","-","-","-","-","-"
"2159","D. Aultman","D. Aultman","WR","","","","injury-status","BYE","-","-","-","-","-","-","-","-","-","-","-","-","-"
"2160","J. Baker","J. Baker","WR","PHI","7","","injury-status","Final W 38-35 @ DET","-","-","-","-","-","-","-","-","-","-","-","-","-"
"2161","E. Demercado","E. Demercado","RB","ARI","13","","injury-status","Final L 21-44 vs KC","-","-","-","-","-","-","-","-","-","-","-","-","-"
"2162","M. Dixon","M. Dixon","WR","","","","injury-status","BYE","-","-","-","-","-","-","-","-","-","-","-","-","-"
"2163","G. Mertz","G. Mertz","QB","HOU","6","","injury-status","Final T 20-20 vs IND","-","-","-","-","-","-","-","-","-","-","-","-","-"
"2164","M. Epps","M. Epps","TE","","","","injury-status","BYE","-","-","-","-","-","-","-","-","-","-","-","-","-"
"2165","D. Edwards","D. Edwards","RB","","","","injury-status","BYE","-","-","-","-","-","-","-","-","-","-","-","-","-"
"2166","K. Williams","K. Williams","WR","NE","10","Ques","injury-status questionable","Final L 7-20 @ MIA","-","-","-","-","-","-","-","-","-","-","-","-","-"
"2167","L. Deal","L. Deal","TE","","","Ques","injury-status questionable","BYE","-","-","-","-","-","-","-","-","-","-","-","-","-"
"2168","K. Miller","K. Miller","RB","NO","14","","injury-status","Final W 27-26 @ ATL","-","-","-","-","-","-","-","-","-","-","-","-","-"
"2169","J. Bean","J. Bean","QB","","","","injury-status","BYE","-","-","-","-","-","-","-","-","-","-","-","-","-"
"2170","L. Johnson","L. Johnson","WR","","","","injury-status","BYE","-","-","-","-","-","-","-","-","-","-","-","-","-"
"2171","A. Barner","A. Barner","TE","SEA","11","","injury-status","Final W 17-16 vs DEN","-","-","-","-","-","-","-","-","-","-","-","-","-"
"2172","M. Van Vooren","M. Van Vooren","WR","","","","injury-status","BYE","-","-","-","-","-","-","-","-","-","-","-","-","-"
"2173","T. Bigsby","T. Bigsby","RB","JAX","11","","injury-status","Final L 22-28 @ WAS","-","-","-","-","-","-","-","-","-","-","-","-","-"
"2174","J. Whittington","J. Whittington","WR","LAR","7","","injury-status","Final L 10-31 vs BUF","-","-","-","-","-","-","-","-","-","-","-","-","-"
"2175","M. Dyer","M. Dyer","RB","","","","injury-status","BYE","-","-","-","-","-","-","-","-","-","-","-","-","-"
"2176","T. Neville","T. Neville","TE","","","","injury-status","BYE","-","-","-","-","-","-","-","-","-","-","-","-","-"
"2177","R. Brown","R. Brown","WR","","","","injury-status","BYE","-","-","-","-","-","-","-","-","-","-","-","-","-"
"2178","X. Hutchinson","X. Hutchinson","WR","HOU","6","","injury-status","Final T 20-20 vs IND","-","-","-","-","-","-","-","-","-","-","-","-","-"
"2179","C. Skattebo","C. Skattebo","RB","NYG","9","","injury-status","Final W 21-20 @ TEN","-","-","-","-","-","-","-","-","-","-","-","-","-"
"2180","L. Toafili","L. Toafili","RB","NYJ","10","","injury-status","Final L 9-24 vs BAL","-","-","-","-","-","-","-","-","-","-","-","-","-"
"2181","M. Taylor","M. Taylor","TE","NYJ","10","","injury-status","Final L 9-24 vs BAL","-","-","-","-","-","-","-","-","-","-","-","-","-"
"2182","J. Coker","J. Coker","WR","CAR","13","IR","injury-status ir","Final L 24-26 vs CLE","-","-","-","-","-","-","-","-","-","-","-","-","-"
"2183","A. Henning","A. Henning","WR","MIA","11","","injury-status","Final W 20-7 vs NE","-","-","-","-","-","-","-","-","-","-","-","-","-"
"2184","R. Sanders","R. Sanders","RB","CLE","9","","injury-status","Final W 26-24 @ CAR","-","-","-","-","-","-","-","-","-","-","-","-","-"
"2185","S. Evans","S. Evans","RB","","","","injury-status","BYE","-","-","-","-","-","-","-","-","-","-","-","-","-"
"2186","X. Gipson","X. Gipson","WR","NYJ","10","Ques","injury-status questionable","Final L 9-24 vs BAL","-","-","-","-","-","-","-","-","-","-","-","-","-"
"2187","T. Barber","T. Barber","WR","","","","injury-status","BYE","-","-","-","-","-","-","-","-","-","-","-","-","-"
"2188","A. Smith","A. Smith","WR","CAR","13","","injury-status","Final L 24-26 vs CLE","-","-","-","-","-","-","-","-","-","-","-","-","-"
"2189","C. Burgess","C. Burgess","WR","","","","injury-status","BYE","-","-","-","-","-","-","-","-","-","-","-","-","-"
"2190","J. McClellan","J. McClellan","RB","","","","injury-status","BYE","-","-","-","-","-","-","-","-","-","-","-","-","-"
"2191","J. Jones","J. Jones","WR","WAS","14","","injury-status","Final W 28-22 vs JAX","-","-","-","-","-","-","-","-","-","-","-","-","-"
"2192","K. Doe","K. Doe","WR","","","","injury-status","BYE","-","-","-","-","-","-","-","-","-","-","-","-","-"
"2193","G. Helm","G. Helm","TE","TEN","6","","injury-status","Final L 20-21 vs NYG","-","-","-","-","-","-","-","-","-","-","-","-","-"
"2194","C. Coleman","C. Coleman","WR","","","","injury-status","BYE","-","-","-","-","-","-","-","-","-","-","-","-","-"
"2195","J. Reed","J. Reed","WR","CAR","13","","injury-status","Final L 24-26 vs CLE","-","-","-","-","-","-","-","-","-","-","-","-","-"
"2196","C. Prieskorn","C. Prieskorn","TE","","","","injury-status","BYE","-","-","-","-","-","-","-","-","-","-","-","-","-"
"2197","J. Tukes","J. Tukes","TE","","","","injury-status","BYE","-","-","-","-","-","-","-","-","-","-","-","-","-"
"2198","I. Ferguson","I. Ferguson","WR","","","","injury-status","BYE","-","-","-","-","-","-","-","-","-","-","-","-","-"
"2199","D. Light","D. Light","TE","","","","injury-status","BYE","-","-","-","-","-","-","-","-","-","-","-","-","-"
"2200","D. Sampson","D. Sampson","RB","CLE","9","","injury-status","Final W 26-24 @ CAR","-","-","-","-","-","-","-","-","-","-","-","-","-"
"2201","T. Horton","T. Horton","WR","SEA","11","Ques","injury-status questionable","Final W 17-16 vs DEN","-","-","-","-","-","-","-","-","-","-","-","-","-"
"2202","K. Leach","K. Leach","TE","","","","injury-status","BYE","-","-","-","-","-","-","-","-","-","-","-","-","-"
"2203","J. Brooks","J. Brooks","RB","CAR","13","PUP","injury-status pup","Final L 24-26 vs CLE","-","-","-","-","-","-","-","-","-","-","-","-","-"
"2204","C. Washington","C. Washington","RB","ATL","14","","injury-status","Final L 26-27 vs NO","-","-","-","-","-","-","-","-","-","-","-","-","-"
"2205","D. Cooper","D. Cooper","WR","PHI","7","","injury-status","Final W 38-35 @ DET","-","-","-","-","-","-","-","-","-","-","-","-","-"
"2206","M. Mang","M. Mang","TE","IND","14","","injury-status","Final T 20-20 @ HOU","-","-","-","-","-","-","-","-","-","-","-","-","-"
"2207","A. Stogner","A. Stogner","TE","","","","injury-status","BYE","-","-","-","-","-","-","-","-","-","-","-","-","-"
"2208","C. Chrest","C. Chrest","WR","","","","injury-status","BYE","-","-","-","-","-","-","-","-","-","-","-","-","-"
"2209","B. Thomas","B. Thomas","WR","JAX","11","","injury-status","Final L 22-28 @ WAS","-","-","-","-","-","-","-","-","-","-","-","-","-"
"2210","N. Cain","N. Cain","RB","","","","injury-status","BYE","-","-","-","-","-","-","-","-","-","-","-","-","-"
"2211","G. Larvadain","G. Larvadain","WR","CLE","9","","injury-status","Final W 26-24 @ CAR","-","-","-","-","-","-","-","-","-","-","-","-","-"
"2212","R. Seale","R. Seale","RB","","","","injury-status","BYE","-","-","-","-","-","-","-","-","-","-","-","-","-"
"2213","Z. Ojile","Z. Ojile","RB","","","","injury-status","BYE","-","-","-","-","-","-","-","-","-","-","-","-","-"
"2214","D. Reeves","D. Reeves","TE","","","","injury-status","BYE","-","-","-","-","-","-","-","-","-","-","-","-","-"
"2215","C. Worthy","C. Worthy","WR","","","","injury-status","BYE","-","-","-","-","-","-","-","-","-","-","-","-","-"
"2216","M. Swinson","M. Swinson","TE","","","","injury-status","BYE","-","-","-","-","-","-","-","-","-","-","-","-","-"
"2217","J. Howard","J. Howard","RB","","","Ques","injury-status questionable","BYE","-","-","-","-","-","-","-","-","-","-","-","-","-"
"2218","K. Monangai","K. Monangai","RB","CHI","14","Ques","injury-status questionable","Final W 19-10 vs SF","-","-","-","-","-","-","-","-","-","-","-","-","-"
"2219","R. Ali","R. Ali","RB","BAL","10","","injury-status","Final W 24-9 @ NYJ","-","-","-","-","-","-","-","-","-","-","-","-","-"
"2220","T. Spears","T. Spears","RB","TEN","6","IR","injury-status ir","Final L 20-21 vs NYG","-","-","-","-","-","-","-","-","-","-","-","-","-"
"2221","J. Johnson","J. Johnson","WR","","","Ques","injury-status questionable","BYE","-","-","-","-","-","-","-","-","-","-","-","-","-"
"2222","C. Dippre","C. Dippre","TE","NE","10","","injury-status","Final L 7-20 @ MIA","-","-","-","-","-","-","-","-","-","-","-","-","-"
"2223","R. Burns","R. Burns","RB","CHI","14","","injury-status","Final W 19-10 vs SF","-","-","-","-","-","-","-","-","-","-","-","-","-"
"2224","Z. Bowens","Z. Bowens","WR","","","","injury-status","BYE","-","-","-","-","-","-","-","-","-","-","-","-","-"
"2225","D. Rodriguez","D. Rodriguez","WR","","","","injury-status","BYE","-","-","-","-","-","-","-","-","-","-","-","-","-"
"2226","C. Theaker","C. Theaker","K","","","","injury-status","BYE","-","-","-","-","-","-","-","-","-","-","-","-","-"
"2227","B. Cobbs","B. Cobbs","WR","","","","injury-status","BYE","-","-","-","-","-","-","-","-","-","-","-","-","-"
"2228","S. Bowman","S. Bowman","TE","","","","injury-status","BYE","-","-","-","-","-","-","-","-","-","-","-","-","-"
"2229","B. Nix","B. Nix","QB","DEN","9","","injury-status","Final L 16-17 @ SEA","-","-","-","-","-","-","-","-","-","-","-","-","-"
"2230","T. Palmer","T. Palmer","WR","ARI","13","","injury-status","Final L 21-44 vs KC","-","-","-","-","-","-","-","-","-","-","-","-","-"
"2231","J. Hayek","J. Hayek","WR","","","","injury-status","BYE","-","-","-","-","-","-","-","-","-","-","-","-","-"
"2232","B. Yurosek","B. Yurosek","TE","MIN","7","","injury-status","Final W 23-7 vs GB","-","-","-","-","-","-","-","-","-","-","-","-","-"
"2233","T. Edwards","T. Edwards","WR","LAR","7","","injury-status","Final L 10-31 vs BUF","-","-","-","-","-","-","-","-","-","-","-","-","-"
"2234","J. Lockhart","J. Lockhart","WR","","","Ques","injury-status questionable","BYE","-","-","-","-","-","-","-","-","-","-","-","-","-"
"2235","M. Heath","M. Heath","WR","GB","14","","injury-status","Final L 7-23 @ MIN","-","-","-","-","-","-","-","-","-","-","-","-","-"
"2236","E. Young","E. Young","RB","","","","injury-status","BYE","-","-","-","-","-","-","-","-","-","-","-","-","-"
"2237","B. Grupe","B. Grupe","K","NO","14","","injury-status","Final W 27-26 @ ATL","-","-","-","-","-","-","-","-","-","-","-","-","-"
"2238","S. Brown","S. Brown","WR","","","","injury-status","BYE","-","-","-","-","-","-","-","-","-","-","-","-","-"
"2239","T. McMillan","T. McMillan","WR","CAR","13","Ques","injury-status questionable","Final L 24-26 vs CLE","-","-","-","-","-","-","-","-","-","-","-","-","-"
"2240","S. Wiglusz","S. Wiglusz","WR","","","","injury-status","BYE","-","-","-","-","-","-","-","-","-","-","-","-","-"
"2241","P. Bryant","P. Bryant","WR","DEN","9","","injury-status","Final L 16-17 @ SEA","-","-","-","-","-","-","-","-","-","-","-","-","-"
"2242","E. Gray","E. Gray","RB","NYG","9","PUP","injury-status pup","Final W 21-20 @ TEN","-","-","-","-","-","-","-","-","-","-","-","-","-"
"2243","B. Corrales","B. Corrales","WR","","","","injury-status","BYE","-","-","-","-","-","-","-","-","-","-","-","-","-"
"2244","J. Noel","J. Noel","WR","HOU","6","","injury-status","Final T 20-20 vs IND","-","-","-","-","-","-","-","-","-","-","-","-","-"
"2245","K. Jackson","K. Jackson","WR","","","","injury-status","BYE","-","-","-","-","-","-","-","-","-","-","-","-","-"
"2246","J. Gill","J. Gill","WR","","","Ques","injury-status questionable","BYE","-","-","-","-","-","-","-","-","-","-","-","-","-"
"2247","H. Pearson","H. Pearson","RB","","","","injury-status","BYE","-","-","-","-","-","-","-","-","-","-","-","-","-"
"2248","J. Waters","J. Waters","RB","","","","injury-status","BYE","-","-","-","-","-","-","-","-","-","-","-","-","-"
"2249","B. Cook","B. Cook","QB","NYJ","10","","injury-status","Final L 9-24 vs BAL","-","-","-","-","-","-","-","-","-","-","-","-","-"
"2250","T. Luther","T. Luther","WR","","","","injury-status","BYE","-","-","-","-","-","-","-","-","-","-","-","-","-"
"2251","M. Lloyd","M. Lloyd","RB","GB","14","IR","injury-status ir","Final L 7-23 @ MIN","-","-","-","-","-","-","-","-","-","-","-","-","-"
"2252","L. Lingard","L. Lingard","RB","","","","injury-status","BYE","-","-","-","-","-","-","-","-","-","-","-","-","-"
"2253","A. Dykes","A. Dykes","RB","","","","injury-status","BYE","-","-","-","-","-","-","-","-","-","-","-","-","-"
"2254","A. Tyus","A. Tyus","RB","","","","injury-status","BYE","-","-","-","-","-","-","-","-","-","-","-","-","-"
"2255","C. McDonald","C. McDonald","TE","","","","injury-status","BYE","-","-","-","-","-","-","-","-","-","-","-","-","-"
"2256","L. Musgrave","L. Musgrave","TE","GB","14","","injury-status","Final L 7-23 @ MIN","-","-","-","-","-","-","-","-","-","-","-","-","-"
"2257","K. Mumpfield","K. Mumpfield","WR","LAR","7","","injury-status","Final L 10-31 vs BUF","-","-","-","-","-","-","-","-","-","-","-","-","-"
"2258","L. Kilgore","L. Kilgore","QB","","","","injury-status","BYE","-","-","-","-","-","-","-","-","-","-","-","-","-"
"2259","D. Uiagalelei","D. Uiagalelei","QB","LAC","8","","injury-status","Final W 24-19 vs LV","-","-","-","-","-","-","-","-","-","-","-","-","-"
"2260","C. Owen","C. Owen","WR","IND","14","","injury-status","Final T 20-20 @ HOU","-","-","-","-","-","-","-","-","-","-","-","-","-"
"2261","J. Bell","J. Bell","TE","","","","injury-status","BYE","-","-","-","-","-","-","-","-","-","-","-","-","-"
"2262","D. Lassiter","D. Lassiter","WR","","","","injury-status","BYE","-","-","-","-","-","-","-","-","-","-","-","-","-"
"2263","D. Drummond","D. Drummond","WR","ATL","14","","injury-status","Final L 26-27 vs NO","-","-","-","-","-","-","-","-","-","-","-","-","-"
"2264","J. Kibodi","J. Kibodi","RB","","","","injury-status","BYE","-","-","-","-","-","-","-","-","-","-","-","-","-"
"2265","N. McCollum","N. McCollum","WR","","","","injury-status","BYE","-","-","-","-","-","-","-","-","-","-","-","-","-"
"2266","D. Martinez","D. Martinez","RB","SEA","11","","injury-status","Final W 17-16 vs DEN","-","-","-","-","-","-","-","-","-","-","-","-","-"
"2267","M. Hippenhammer","M. Hippenhammer","WR","","","","injury-status","BYE","-","-","-","-","-","-","-","-","-","-","-","-","-"
"2268","C. Grandy","C. Grandy","TE","CIN","10","","injury-status","Final L 20-23 vs PIT","-","-","-","-","-","-","-","-","-","-","-","-","-"
"2269","J. Moussa","J. Moussa","QB","","","","injury-status","BYE","-","-","-","-","-","-","-","-","-","-","-","-","-"
"2270","J. Jiles","J. Jiles","WR","NE","10","","injury-status","Final L 7-20 @ MIA","-","-","-","-","-","-","-","-","-","-","-","-","-"
"2271","G. Watson","G. Watson","QB","","","","injury-status","BYE","-","-","-","-","-","-","-","-","-","-","-","-","-"
"2272","D. Kincaid","D. Kincaid","TE","BUF","7","","injury-status","Final W 31-10 @ LAR","-","-","-","-","-","-","-","-","-","-","-","-","-"
"2273","A. Graham","A. Graham","RB","","","","injury-status","BYE","-","-","-","-","-","-","-","-","-","-","-","-","-"
"2274","J. Wayne","J. Wayne","WR","","","","injury-status","BYE","-","-","-","-","-","-","-","-","-","-","-","-","-"
"2275","K. Johnson","K. Johnson","WR","","","","injury-status","BYE","-","-","-","-","-","-","-","-","-","-","-","-","-"
"2276","B. Walker","B. Walker","TE","","","","injury-status","BYE","-","-","-","-","-","-","-","-","-","-","-","-","-"
"2277","D. Reaves","D. Reaves","WR","","","","injury-status","BYE","-","-","-","-","-","-","-","-","-","-","-","-","-"
"2278","S. Jackson","S. Jackson","WR","LV","6","","injury-status","Final L 19-24 @ LAC","-","-","-","-","-","-","-","-","-","-","-","-","-"
"2279","J. Blackman","J. Blackman","QB","","","","injury-status","BYE","-","-","-","-","-","-","-","-","-","-","-","-","-"
"2280","J. Webb","J. Webb","WR","NE","10","","injury-status","Final L 7-20 @ MIA","-","-","-","-","-","-","-","-","-","-","-","-","-"
"2281","D. Leonard","D. Leonard","TE","","","","injury-status","BYE","-","-","-","-","-","-","-","-","-","-","-","-","-"
"2282","J. Watkins","J. Watkins","WR","SF","9","Ques","injury-status questionable","Final L 10-19 @ CHI","-","-","-","-","-","-","-","-","-","-","-","-","-"
"2283","Q. Judkins","Q. Judkins","RB","CLE","9","","injury-status","Final W 26-24 @ CAR","-","-","-","-","-","-","-","-","-","-","-","-","-"
"2284","B. Spann-Ford","B. Spann-Ford","TE","DAL","9","","injury-status","Final L 3-19 vs TB","-","-","-","-","-","-","-","-","-","-","-","-","-"
"2285","K. Horton","K. Horton","WR","","","","injury-status","BYE","-","-","-","-","-","-","-","-","-","-","-","-","-"
"2286","D. Lovett","D. Lovett","WR","DET","6","","injury-status","Final L 35-38 vs PHI","-","-","-","-","-","-","-","-","-","-","-","-","-"
"2287","A. Aune","A. Aune","QB","","","","injury-status","BYE","-","-","-","-","-","-","-","-","-","-","-","-","-"
"2288","L. Webb","L. Webb","RB","","","","injury-status","BYE","-","-","-","-","-","-","-","-","-","-","-","-","-"
"2289","G. Lutman","G. Lutman","WR","","","","injury-status","BYE","-","-","-","-","-","-","-","-","-","-","-","-","-"
"2290","D. Thornton","D. Thornton","WR","LV","6","","injury-status","Final L 19-24 @ LAC","-","-","-","-","-","-","-","-","-","-","-","-","-"
"2291","T. Franks","T. Franks","RB","","","","injury-status","BYE","-","-","-","-","-","-","-","-","-","-","-","-","-"
"2292","J. Jenkins","J. Jenkins","WR","","","","injury-status","BYE","-","-","-","-","-","-","-","-","-","-","-","-","-"
"2293","N. Peat","N. Peat","RB","","","","injury-status","BYE","-","-","-","-","-","-","-","-","-","-","-","-","-"
"2294","A. Robbins","A. Robbins","RB","","","","injury-status","BYE","-","-","-","-","-","-","-","-","-","-","-","-","-"
"2295","C. Smyth","C. Smyth","K","NO","14","","injury-status","Final W 27-26 @ ATL","-","-","-","-","-","-","-","-","-","-","-","-","-"
"2296","S. Klotz","S. Klotz","TE","","","","injury-status","BYE","-","-","-","-","-","-","-","-","-","-","-","-","-"
"2297","T. Dye","T. Dye","RB","","","","injury-status","BYE","-","-","-","-","-","-","-","-","-","-","-","-","-"
"2298","L. Larison","L. Larison","RB","NE","10","IR","injury-status ir","Final L 7-20 @ MIA","-","-","-","-","-","-","-","-","-","-","-","-","-"
"2299","A. Carlisle","A. Carlisle","WR","","","","injury-status","BYE","-","-","-","-","-","-","-","-","-","-","-","-","-"
"2300","J. Davis","J. Davis","WR","","","","injury-status","BYE","-","-","-","-","-","-","-","-","-","-","-","-","-"
"2301","O. Martin","O. Martin","WR","","","","injury-status","BYE","-","-","-","-","-","-","-","-","-","-","-","-","-"
"2302","D. Stanley","D. Stanley","WR","","","","injury-status","BYE","-","-","-","-","-","-","-","-","-","-","-","-","-"
"2303","A. Smith","A. Smith","WR","NYJ","10","","injury-status","Final L 9-24 vs BAL","-","-","-","-","-","-","-","-","-","-","-","-","-"
"2304","J. Jackson","J. Jackson","WR","","","","injury-status","BYE","-","-","-","-","-","-","-","-","-","-","-","-","-"
"2305","Q. Jones","Q. Jones","RB","","","","injury-status","BYE","-","-","-","-","-","-","-","-","-","-","-","-","-"
"2306","D. Thomas-Jones","D. Thomas-Jones","TE","","","","injury-status","BYE","-","-","-","-","-","-","-","-","-","-","-","-","-"
"2307","R. Starkey","R. Starkey","WR","","","Ques","injury-status questionable","BYE","-","-","-","-","-","-","-","-","-","-","-","-","-"
"2308","T. Etienne","T. Etienne","RB","CAR","13","","injury-status","Final L 24-26 vs CLE","-","-","-","-","-","-","-","-","-","-","-","-","-"
"2309","J. Wiley","J. Wiley","TE","KC","8","","injury-status","Final W 44-21 @ ARI","-","-","-","-","-","-","-","-","-","-","-","-","-"
"2310","K. Rourke","K. Rourke","QB","SF","9","PUP","injury-status pup","Final L 10-19 @ CHI","-","-","-","-","-","-","-","-","-","-","-","-","-"
"2311","J. Strong","J. Strong","RB","","","","injury-status","BYE","-","-","-","-","-","-","-","-","-","-","-","-","-"
"2312","D. Leary","D. Leary","QB","","","","injury-status","BYE","-","-","-","-","-","-","-","-","-","-","-","-","-"
"2313","J. Coker","J. Coker","QB","","","","injury-status","BYE","-","-","-","-","-","-","-","-","-","-","-","-","-"
"2314","M. Pottebaum","M. Pottebaum","RB","","","","injury-status","BYE","-","-","-","-","-","-","-","-","-","-","-","-","-"
"2315","M. Lang","M. Lang","TE","","","","injury-status","BYE","-","-","-","-","-","-","-","-","-","-","-","-","-"
"2316","C. Latu","C. Latu","TE","PHI","7","","injury-status","Final W 38-35 @ DET","-","-","-","-","-","-","-","-","-","-","-","-","-"
"2317","M. Harrison","M. Harrison","WR","ARI","13","","injury-status","Final L 21-44 vs KC","-","-","-","-","-","-","-","-","-","-","-","-","-"
"2318","R. Jones","R. Jones","RB","","","","injury-status","BYE","-","-","-","-","-","-","-","-","-","-","-","-","-"
"2319","M. Matavao","M. Matavao","TE","NO","14","","injury-status","Final W 27-26 @ ATL","-","-","-","-","-","-","-","-","-","-","-","-","-"
"2320","C. Autman-Bell","C. Autman-Bell","WR","","","","injury-status","BYE","-","-","-","-","-","-","-","-","-","-","-","-","-"
"2321","K. Taylor","K. Taylor","TE","","","","injury-status","BYE","-","-","-","-","-","-","-","-","-","-","-","-","-"
"2322","T. Flanders","T. Flanders","RB","","","","injury-status","BYE","-","-","-","-","-","-","-","-","-","-","-","-","-"
"2323","C. Tillman","C. Tillman","WR","CLE","9","","injury-status","Final W 26-24 @ CAR","-","-","-","-","-","-","-","-","-","-","-","-","-"
"2324","C. Little","C. Little","K","JAX","11","","injury-status","Final L 22-28 @ WAS","-","-","-","-","-","-","-","-","-","-","-","-","-"
"2325","J. Terrell","J. Terrell","RB","","","","injury-status","BYE","-","-","-","-","-","-","-","-","-","-","-","-","-"
"2326","D. Watts","D. Watts","WR","","","","injury-status","BYE","-","-","-","-","-","-","-","-","-","-","-","-","-"
"2327","D. Davis","D. Davis","WR","LAC","8","","injury-status","Final W 24-19 vs LV","-","-","-","-","-","-","-","-","-","-","-","-","-"
"2328","J. White","J. White","RB","","","Ques","injury-status questionable","BYE","-","-","-","-","-","-","-","-","-","-","-","-","-"
"2329","T. Knox","T. Knox","TE","","","Ques","injury-status questionable","BYE","-","-","-","-","-","-","-","-","-","-","-","-","-"
"2330","J. Sample","J. Sample","WR","","","","injury-status","BYE","-","-","-","-","-","-","-","-","-","-","-","-","-"
"2331","J. Harris","J. Harris","WR","","","","injury-status","BYE","-","-","-","-","-","-","-","-","-","-","-","-","-"
"2332","J. Shirden","J. Shirden","RB","","","","injury-status","BYE","-","-","-","-","-","-","-","-","-","-","-","-","-"
"2333","O. Cardenas","O. Cardenas","TE","","","","injury-status","BYE","-","-","-","-","-","-","-","-","-","-","-","-","-"
"2334","J. Bech","J. Bech","WR","LV","6","","injury-status","Final L 19-24 @ LAC","-","-","-","-","-","-","-","-","-","-","-","-","-"
"2335","B. Burmeister","B. Burmeister","WR","","","","injury-status","BYE","-","-","-","-","-","-","-","-","-","-","-","-","-"
"2336","Q. Bundrage","Q. Bundrage","WR","","","","injury-status","BYE","-","-","-","-","-","-","-","-","-","-","-","-","-"
"2337","T. Taua","T. Taua","RB","","","","injury-status","BYE","-","-","-","-","-","-","-","-","-","-","-","-","-"
"2338","J. Hicks","J. Hicks","WR","","","","injury-status","BYE","-","-","-","-","-","-","-","-","-","-","-","-","-"
"2339","J. Bly","J. Bly","WR","","","","injury-status","BYE","-","-","-","-","-","-","-","-","-","-","-","-","-"
"2340","J. Lumpkin","J. Lumpkin","TE","","","","injury-status","BYE","-","-","-","-","-","-","-","-","-","-","-","-","-"
"2341","J. Gibbs","J. Gibbs","RB","DET","6","","injury-status","Final L 35-38 vs PHI","-","-","-","-","-","-","-","-","-","-","-","-","-"
"2342","K. Sheets","K. Sheets","WR","","","","injury-status","BYE","-","-","-","-","-","-","-","-","-","-","-","-","-"
"2343","Z. Scott","Z. Scott","RB","MIN","7","Ques","injury-status questionable","Final W 23-7 vs GB","-","-","-","-","-","-","-","-","-","-","-","-","-"
"2344","J. Scates","J. Scates","WR","","","","injury-status","BYE","-","-","-","-","-","-","-","-","-","-","-","-","-"
"2345","A. Ajou","A. Ajou","WR","","","","injury-status","BYE","-","-","-","-","-","-","-","-","-","-","-","-","-"
"2346","B. Whiteheart","B. Whiteheart","TE","CLE","9","Ques","injury-status questionable","Final W 26-24 @ CAR","-","-","-","-","-","-","-","-","-","-","-","-","-"
"2347","M. Redman","M. Redman","TE","LAR","7","","injury-status","Final L 10-31 vs BUF","-","-","-","-","-","-","-","-","-","-","-","-","-"
"2348","J. Copeland","J. Copeland","WR","","","","injury-status","BYE","-","-","-","-","-","-","-","-","-","-","-","-","-"
"2349","E. Ayomanor","E. Ayomanor","WR","TEN","6","","injury-status","Final L 20-21 vs NYG","-","-","-","-","-","-","-","-","-","-","-","-","-"
"2350","A. O'Connell","A. O'Connell","QB","LV","6","IR","injury-status ir","Final L 19-24 @ LAC","-","-","-","-","-","-","-","-","-","-","-","-","-"
"2351","H. Ahlers","H. Ahlers","QB","","","","injury-status","BYE","-","-","-","-","-","-","-","-","-","-","-","-","-"
"2352","D. Allen","D. Allen","TE","LAR","7","","injury-status","Final L 10-31 vs BUF","-","-","-","-","-","-","-","-","-","-","-","-","-"
"2353","P. Durham","P. Durham","TE","TB","11","","injury-status","Final W 19-3 @ DAL","-","-","-","-","-","-","-","-","-","-","-","-","-"
"2354","T. Morin","T. Morin","WR","","","","injury-status","BYE","-","-","-","-","-","-","-","-","-","-","-","-","-"
"2355","L. Pitts","L. Pitts","TE","","","","injury-status","BYE","-","-","-","-","-","-","-","-","-","-","-","-","-"
"2356","K. Johnson","K. Johnson","WR","TB","11","","injury-status","Final W 19-3 @ DAL","-","-","-","-","-","-","-","-","-","-","-","-","-"
"2357","X. Worthy","X. Worthy","WR","KC","8","","injury-status","Final W 44-21 @ ARI","-","-","-","-","-","-","-","-","-","-","-","-","-"
"2358","A. Richardson","A. Richardson","QB","IND","14","","injury-status","Final T 20-20 @ HOU","-","-","-","-","-","-","-","-","-","-","-","-","-"
"2359","N. Rauschenberg","N. Rauschenberg","K","","","","injury-status","BYE","-","-","-","-","-","-","-","-","-","-","-","-","-"
"2360","K. Closs","K. Closs","WR","","","","injury-status","BYE","-","-","-","-","-","-","-","-","-","-","-","-","-"
"2361","S. Bennett","S. Bennett","QB","LAR","7","","injury-status","Final L 10-31 vs BUF","-","-","-","-","-","-","-","-","-","-","-","-","-"
"2362","T. Fidone","T. Fidone","TE","NYG","9","","injury-status","Final W 21-20 @ TEN","-","-","-","-","-","-","-","-","-","-","-","-","-"
"2363","C. Crooms","C. Crooms","WR","","","Ques","injury-status questionable","BYE","-","-","-","-","-","-","-","-","-","-","-","-","-"
"2364","J. Hill","J. Hill","TE","MIA","11","","injury-status","Final W 20-7 vs NE","-","-","-","-","-","-","-","-","-","-","-","-","-"
"2365","M. Trujillo","M. Trujillo","K","","","IR","injury-status ir","BYE","-","-","-","-","-","-","-","-","-","-","-","-","-"
"2366","D. Winn","D. Winn","QB","","","","injury-status","BYE","-","-","-","-","-","-","-","-","-","-","-","-","-"
"2367","B. Lampe","B. Lampe","RB","NE","10","IR","injury-status ir","Final L 7-20 @ MIA","-","-","-","-","-","-","-","-","-","-","-","-","-"
"2368","H. Presley","H. Presley","WR","","","","injury-status","BYE","-","-","-","-","-","-","-","-","-","-","-","-","-"
"2369","M. Nabers","M. Nabers","WR","NYG","9","Ques","injury-status questionable","Final W 21-20 @ TEN","-","-","-","-","-","-","-","-","-","-","-","-","-"
"2370","D. McBride","D. McBride","RB","","","","injury-status","BYE","-","-","-","-","-","-","-","-","-","-","-","-","-"
"2371","M. Williams","M. Williams","WR","","","Ques","injury-status questionable","BYE","-","-","-","-","-","-","-","-","-","-","-","-","-"
"2372","D. Wright","D. Wright","WR","","","","injury-status","BYE","-","-","-","-","-","-","-","-","-","-","-","-","-"
"2373","Z. Mathis","Z. Mathis","WR","","","","injury-status","BYE","-","-","-","-","-","-","-","-","-","-","-","-","-"
"2374","M. Muhammad","M. Muhammad","WR","","","Ques","injury-status questionable","BYE","-","-","-","-","-","-","-","-","-","-","-","-","-"
"2375","L. Krieg","L. Krieg","K","ATL","14","","injury-status","Final L 26-27 vs NO","-","-","-","-","-","-","-","-","-","-","-","-","-"
"2376","J. Blue","J. Blue","RB","DAL","9","","injury-status","Final L 3-19 vs TB","-","-","-","-","-","-","-","-","-","-","-","-","-"
"2377","N. Nash","N. Nash","WR","ATL","14","","injury-status","Final L 26-27 vs NO","-","-","-","-","-","-","-","-","-","-","-","-","-"
"2378","J. Hoyland","J. Hoyland","K","","","","injury-status","BYE","-","-","-","-","-","-","-","-","-","-","-","-","-"
"2379","B. Tuten","B. Tuten","RB","JAX","11","","injury-status","Final L 22-28 @ WAS","-","-","-","-","-","-","-","-","-","-","-","-","-"
"2380","T. Hoosman","T. Hoosman","RB","","","","injury-status","BYE","-","-","-","-","-","-","-","-","-","-","-","-","-"
"2381","D. Martin","D. Martin","RB","","","","injury-status","BYE","-","-","-","-","-","-","-","-","-","-","-","-","-"
"2382","C. Cota","C. Cota","WR","","","","injury-status","BYE","-","-","-","-","-","-","-","-","-","-","-","-","-"
"2383","W. Howard","W. Howard","QB","PIT","9","IR","injury-status ir","Final W 23-20 @ CIN","-","-","-","-","-","-","-","-","-","-","-","-","-"
"2384","D. Neal","D. Neal","RB","NO","14","","injury-status","Final W 27-26 @ ATL","-","-","-","-","-","-","-","-","-","-","-","-","-"
"2385","T. DeVito","T. DeVito","QB","NE","10","","injury-status","Final L 7-20 @ MIA","-","-","-","-","-","-","-","-","-","-","-","-","-"
"2386","D. Daniels","D. Daniels","WR","","","","injury-status","BYE","-","-","-","-","-","-","-","-","-","-","-","-","-"
"2387","D. Wilson","D. Wilson","WR","","","","injury-status","BYE","-","-","-","-","-","-","-","-","-","-","-","-","-"
"2388","T. Hunter","T. Hunter","WR, DB - JAX(11)","","","","injury-status","Final L 22-28 @ WAS","-","-","-","-","-","-","-","-","-","-","-","-","-"
"2389","B. Robinson","B. Robinson","RB","ATL","14","","injury-status","Final L 26-27 vs NO","-","-","-","-","-","-","-","-","-","-","-","-","-"
"2390","R. Daniels","R. Daniels","WR","","","","injury-status","BYE","-","-","-","-","-","-","-","-","-","-","-","-","-"
"2391","H. Williams","H. Williams","QB","","","","injury-status","BYE","-","-","-","-","-","-","-","-","-","-","-","-","-"
"2392","D. Miller","D. Miller","RB","NYG","9","","injury-status","Final W 21-20 @ TEN","-","-","-","-","-","-","-","-","-","-","-","-","-"
"2393","C. McDonald","C. McDonald","WR","","","IR","injury-status ir","BYE","-","-","-","-","-","-","-","-","-","-","-","-","-"
"2394","N. Kallerup","N. Kallerup","TE","SEA","11","","injury-status","Final W 17-16 vs DEN","-","-","-","-","-","-","-","-","-","-","-","-","-"
"2395","T. Franklin","T. Franklin","WR","DEN","9","","injury-status","Final L 16-17 @ SEA","-","-","-","-","-","-","-","-","-","-","-","-","-"
"2396","T. Yassmin","T. Yassmin","TE","LAC","8","","injury-status","Final W 24-19 vs LV","-","-","-","-","-","-","-","-","-","-","-","-","-"
"2397","A. Johnson","A. Johnson","RB","LAC","8","","injury-status","Final W 24-19 vs LV","-","-","-","-","-","-","-","-","-","-","-","-","-"
"2398","M. Castles","M. Castles","TE","","","","injury-status","BYE","-","-","-","-","-","-","-","-","-","-","-","-","-"
"2399","M. Penix","M. Penix","QB","ATL","14","","injury-status","Final L 26-27 vs NO","-","-","-","-","-","-","-","-","-","-","-","-","-"
"2400","J. Copenhaver","J. Copenhaver","TE","","","","injury-status","BYE","-","-","-","-","-","-","-","-","-","-","-","-","-"
"2401","M. Mims","M. Mims","WR","DEN","9","Ques","injury-status questionable","Final L 16-17 @ SEA","-","-","-","-","-","-","-","-","-","-","-","-","-"
"2402","D. Achane","D. Achane","RB","MIA","11","Ques","injury-status questionable","Final W 20-7 vs NE","-","-","-","-","-","-","-","-","-","-","-","-","-"
"2403","C. Bazelak","C. Bazelak","QB","TB","11","","injury-status","Final W 19-3 @ DAL","-","-","-","-","-","-","-","-","-","-","-","-","-"
"2404","R. Rice","R. Rice","WR","KC","8","Sus","injury-status sus","Final W 44-21 @ ARI","-","-","-","-","-","-","-","-","-","-","-","-","-"
"2405","D. Caton","D. Caton","WR","","","","injury-status","BYE","-","-","-","-","-","-","-","-","-","-","-","-","-"
"2406","P. Herbert","P. Herbert","TE","JAX","11","","injury-status","Final L 22-28 @ WAS","-","-","-","-","-","-","-","-","-","-","-","-","-"
"2407","M. Brosmer","M. Brosmer","QB","MIN","7","","injury-status","Final W 23-7 vs GB","-","-","-","-","-","-","-","-","-","-","-","-","-"
"2408","T. Tracy","T. Tracy","RB","NYG","9","","injury-status","Final W 21-20 @ TEN","-","-","-","-","-","-","-","-","-","-","-","-","-"
"2409","T. Pickering","T. Pickering","TE","","","","injury-status","BYE","-","-","-","-","-","-","-","-","-","-","-","-","-"
"2410","K. Laborn","K. Laborn","RB","","","","injury-status","BYE","-","-","-","-","-","-","-","-","-","-","-","-","-"
"2411","L. Taylor","L. Taylor","TE","","","Ques","injury-status questionable","BYE","-","-","-","-","-","-","-","-","-","-","-","-","-"
"2412","E. Wilson","E. Wilson","TE","","","","injury-status","BYE","-","-","-","-","-","-","-","-","-","-","-","-","-"
"2413","M. Baldwin","M. Baldwin","WR","","","","injury-status","BYE","-","-","-","-","-","-","-","-","-","-","-","-","-"
"2414","V. Blanchard","V. Blanchard","K","","","","injury-status","BYE","-","-","-","-","-","-","-","-","-","-","-","-","-"
"2415","A. Armstrong","A. Armstrong","WR","","","","injury-status","BYE","-","-","-","-","-","-","-","-","-","-","-","-","-"
"2416","M. Fairchild","M. Fairchild","TE","","","","injury-status","BYE","-","-","-","-","-","-","-","-","-","-","-","-","-"
"2417","A. Davis","A. Davis","WR","","","","injury-status","BYE","-","-","-","-","-","-","-","-","-","-","-","-","-"
"2418","D. Parks","D. Parks","WR","","","","injury-status","BYE","-","-","-","-","-","-","-","-","-","-","-","-","-"
"2419","O. Gordon","O. Gordon","RB","MIA","11","","injury-status","Final W 20-7 vs NE","-","-","-","-","-","-","-","-","-","-","-","-","-"
"2420","I. Wooden","I. Wooden","WR","","","","injury-status","BYE","-","-","-","-","-","-","-","-","-","-","-","-","-"
"2421","B. Narveson","B. Narveson","K","","","","injury-status","BYE","-","-","-","-","-","-","-","-","-","-","-","-","-"
"2422","T. Mosley","T. Mosley","WR","","","","injury-status","BYE","-","-","-","-","-","-","-","-","-","-","-","-","-"
"2423","O. Hiliare","O. Hiliare","WR","","","","injury-status","BYE","-","-","-","-","-","-","-","-","-","-","-","-","-"
"2424","A. Holler","A. Holler","TE","","","","injury-status","BYE","-","-","-","-","-","-","-","-","-","-","-","-","-"
"2425","B. Sims","B. Sims","TE","GB","14","","injury-status","Final L 7-23 @ MIN","-","-","-","-","-","-","-","-","-","-","-","-","-"
"2426","J. Laap","J. Laap","WR","","","","injury-status","BYE","-","-","-","-","-","-","-","-","-","-","-","-","-"
"2427","J. Sinz","J. Sinz","TE","","","","injury-status","BYE","-","-","-","-","-","-","-","-","-","-","-","-","-"
"2428","R. Brown","R. Brown","TE","","","","injury-status","BYE","-","-","-","-","-","-","-","-","-","-","-","-","-"
"2429","C. Tyree","C. Tyree","WR","","","Ques","injury-status questionable","BYE","-","-","-","-","-","-","-","-","-","-","-","-","-"
"2430","J. Dangerfield","J. Dangerfield","WR","","","","injury-status","BYE","-","-","-","-","-","-","-","-","-","-","-","-","-"
"2431","X. Guillory","X. Guillory","WR","","","Ques","injury-status questionable","BYE","-","-","-","-","-","-","-","-","-","-","-","-","-"
"2432","R. Awatt","R. Awatt","RB","","","","injury-status","BYE","-","-","-","-","-","-","-","-","-","-","-","-","-"
"2433","L. Bester","L. Bester","WR","","","","injury-status","BYE","-","-","-","-","-","-","-","-","-","-","-","-","-"
"2434","C. Neighbors","C. Neighbors","RB","","","","injury-status","BYE","-","-","-","-","-","-","-","-","-","-","-","-","-"
"2435","T. Holden","T. Holden","WR","DAL","9","","injury-status","Final L 3-19 vs TB","-","-","-","-","-","-","-","-","-","-","-","-","-"
"2436","A. Wells","A. Wells","WR","","","","injury-status","BYE","-","-","-","-","-","-","-","-","-","-","-","-","-"
"2437","L. Ward","L. Ward","RB","","","","injury-status","BYE","-","-","-","-","-","-","-","-","-","-","-","-","-"
"2438","C. Rodriguez","C. Rodriguez","RB","WAS","14","","injury-status","Final W 28-22 vs JAX","-","-","-","-","-","-","-","-","-","-","-","-","-"
"2439","S. Bolden","S. Bolden","WR","HOU","6","","injury-status","Final T 20-20 vs IND","-","-","-","-","-","-","-","-","-","-","-","-","-"
"2440","M. Evans","M. Evans","TE","CAR","13","","injury-status","Final L 24-26 vs CLE","-","-","-","-","-","-","-","-","-","-","-","-","-"
"2441","J. Warren","J. Warren","TE","","","","injury-status","BYE","-","-","-","-","-","-","-","-","-","-","-","-","-"
"2442","R. Leonard","R. Leonard","QB","IND","14","","injury-status","Final T 20-20 @ HOU","-","-","-","-","-","-","-","-","-","-","-","-","-"
"2443","J. Mingo","J. Mingo","WR","DAL","9","IR","injury-status ir","Final L 3-19 vs TB","-","-","-","-","-","-","-","-","-","-","-","-","-"
"2444","A. Jeanty","A. Jeanty","RB","LV","6","","injury-status","Final L 19-24 @ LAC","-","-","-","-","-","-","-","-","-","-","-","-","-"
"2445","W. Reichard","W. Reichard","K","MIN","7","","injury-status","Final W 23-7 vs GB","-","-","-","-","-","-","-","-","-","-","-","-","-"
"2446","P. Sims","P. Sims","QB","","","","injury-status","BYE","-","-","-","-","-","-","-","-","-","-","-","-","-"
"2447","C. Johnson","C. Johnson","WR","","","","injury-status","BYE","-","-","-","-","-","-","-","-","-","-","-","-","-"
"2448","A. Gleichert","A. Gleichert","TE","","","","injury-status","BYE","-","-","-","-","-","-","-","-","-","-","-","-","-"
"2449","R. Keyton","R. Keyton","WR","","","","injury-status","BYE","-","-","-","-","-","-","-","-","-","-","-","-","-"
"2450","C. Bauman","C. Bauman","QB","","","","injury-status","BYE","-","-","-","-","-","-","-","-","-","-","-","-","-"
"2451","T. Ayo-Durojaiye","T. Ayo-Durojaiye","RB","","","","injury-status","BYE","-","-","-","-","-","-","-","-","-","-","-","-","-"
"2452","J. Plumlee","J. Plumlee","QB","","","IR","injury-status ir","BYE","-","-","-","-","-","-","-","-","-","-","-","-","-"
"2453","J. McCarthy","J. McCarthy","QB","MIN","7","","injury-status","Final W 23-7 vs GB","-","-","-","-","-","-","-","-","-","-","-","-","-"
"2454","C. Clear","C. Clear","TE","","","","injury-status","BYE","-","-","-","-","-","-","-","-","-","-","-","-","-"
"2455","S. Barnett","S. Barnett","WR","","","","injury-status","BYE","-","-","-","-","-","-","-","-","-","-","-","-","-"
"2456","T. Evans","T. Evans","RB","","","","injury-status","BYE","-","-","-","-","-","-","-","-","-","-","-","-","-"
"2457","J. Williams","J. Williams","RB","TB","11","","injury-status","Final W 19-3 @ DAL","-","-","-","-","-","-","-","-","-","-","-","-","-"
"2458","K. Ings","K. Ings","WR","","","","injury-status","BYE","-","-","-","-","-","-","-","-","-","-","-","-","-"
"2459","J. Croskey-Merritt","J. Croskey-Merritt","RB","WAS","14","","injury-status","Final W 28-22 vs JAX","-","-","-","-","-","-","-","-","-","-","-","-","-"
"2460","J. Vann","J. Vann","WR","","","","injury-status","BYE","-","-","-","-","-","-","-","-","-","-","-","-","-"
"2461","J. Bell","J. Bell","TE","","","","injury-status","BYE","-","-","-","-","-","-","-","-","-","-","-","-","-"
"2462","J. Dart","J. Dart","QB","NYG","9","","injury-status","Final W 21-20 @ TEN","-","-","-","-","-","-","-","-","-","-","-","-","-"
"2463","K. Foelsch","K. Foelsch","TE","","","","injury-status","BYE","-","-","-","-","-","-","-","-","-","-","-","-","-"
"2464","D. Davis","D. Davis","WR","","","","injury-status","BYE","-","-","-","-","-","-","-","-","-","-","-","-","-"
"2465","P. Brooks","P. Brooks","WR","","","","injury-status","BYE","-","-","-","-","-","-","-","-","-","-","-","-","-"
"2466","K. Slovis","K. Slovis","QB","ARI","13","","injury-status","Final L 21-44 vs KC","-","-","-","-","-","-","-","-","-","-","-","-","-"
"2467","M. Trickett","M. Trickett","K","","","","injury-status","BYE","-","-","-","-","-","-","-","-","-","-","-","-","-"
"2468","T. Creecy","T. Creecy","RB","","","","injury-status","BYE","-","-","-","-","-","-","-","-","-","-","-","-","-"
"2469","R. Jones","R. Jones","TE","","","","injury-status","BYE","-","-","-","-","-","-","-","-","-","-","-","-","-"
"2470","C. Peoples","C. Peoples","RB","","","","injury-status","BYE","-","-","-","-","-","-","-","-","-","-","-","-","-"
"2471","S. Sanders","S. Sanders","QB","","","","injury-status","BYE","-","-","-","-","-","-","-","-","-","-","-","-","-"
"2472","T. Tucker","T. Tucker","WR","LV","6","","injury-status","Final L 19-24 @ LAC","-","-","-","-","-","-","-","-","-","-","-","-","-"
"2473","B. Johnson","B. Johnson","WR","","","","injury-status","BYE","-","-","-","-","-","-","-","-","-","-","-","-","-"
"2474","D. Anthrop","D. Anthrop","WR","","","","injury-status","BYE","-","-","-","-","-","-","-","-","-","-","-","-","-"
"2475","J. Lane","J. Lane","WR","WAS","14","","injury-status","Final W 28-22 vs JAX","-","-","-","-","-","-","-","-","-","-","-","-","-"
"2476","D. Cambre","D. Cambre","WR","","","","injury-status","BYE","-","-","-","-","-","-","-","-","-","-","-","-","-"
"2477","C. Tune","C. Tune","QB","GB","14","","injury-status","Final L 7-23 @ MIN","-","-","-","-","-","-","-","-","-","-","-","-","-"
"2478","G. Holani","G. Holani","RB","SEA","11","","injury-status","Final W 17-16 vs DEN","-","-","-","-","-","-","-","-","-","-","-","-","-"
"2479","S. Gosnell","S. Gosnell","WR","BUF","7","","injury-status","Final W 31-10 @ LAR","-","-","-","-","-","-","-","-","-","-","-","-","-"
"2480","M. Morgan","M. Morgan","K","","","","injury-status","BYE","-","-","-","-","-","-","-","-","-","-","-","-","-"
"2481","I. Wheeler","I. Wheeler","RB","","","IR","injury-status ir","BYE","-","-","-","-","-","-","-","-","-","-","-","-","-"
"2482","J. Burton","J. Burton","WR","","","","injury-status","BYE","-","-","-","-","-","-","-","-","-","-","-","-","-"
"2483","Z. Horton","Z. Horton","TE","DET","6","","injury-status","Final L 35-38 vs PHI","-","-","-","-","-","-","-","-","-","-","-","-","-"
"2484","K. Hudson","K. Hudson","WR","","","","injury-status","BYE","-","-","-","-","-","-","-","-","-","-","-","-","-"
"2485","P. Olatoke","P. Olatoke","WR","","","","injury-status","BYE","-","-","-","-","-","-","-","-","-","-","-","-","-"
"2486","T. Sloat","T. Sloat","TE","","","","injury-status","BYE","-","-","-","-","-","-","-","-","-","-","-","-","-"
"2487","H. Dekkers","H. Dekkers","QB","NO","14","","injury-status","Final W 27-26 @ ATL","-","-","-","-","-","-","-","-","-","-","-","-","-"
"2488","J. Janke","J. Janke","WR","","","","injury-status","BYE","-","-","-","-","-","-","-","-","-","-","-","-","-"
"2489","T. DeMorat","T. DeMorat","QB","","","","injury-status","BYE","-","-","-","-","-","-","-","-","-","-","-","-","-"
"2490","T. Greaney","T. Greaney","TE","","","","injury-status","BYE","-","-","-","-","-","-","-","-","-","-","-","-","-"
"2491","T. Hudson","T. Hudson","WR","","","","injury-status","BYE","-","-","-","-","-","-","-","-","-","-","-","-","-"
"2492","J. Jackson","J. Jackson","WR","LAC","8","","injury-status","Final W 24-19 vs LV","-","-","-","-","-","-","-","-","-","-","-","-","-"
"2493","K. Prather","K. Prather","WR","","","Ques","injury-status questionable","BYE","-","-","-","-","-","-","-","-","-","-","-","-","-"
"2494","C. McClelland","C. McClelland","RB","","","","injury-status","BYE","-","-","-","-","-","-","-","-","-","-","-","-","-"
"2495","C. Dike","C. Dike","WR","TEN","6","","injury-status","Final L 20-21 vs NYG","-","-","-","-","-","-","-","-","-","-","-","-","-"
"2496","W. Shipley","W. Shipley","RB","PHI","7","","injury-status","Final W 38-35 @ DET","-","-","-","-","-","-","-","-","-","-","-","-","-"
"2497","D. Washington","D. Washington","TE","PIT","9","","injury-status","Final W 23-20 @ CIN","-","-","-","-","-","-","-","-","-","-","-","-","-"
"2498","C. Camper","C. Camper","WR","","","","injury-status","BYE","-","-","-","-","-","-","-","-","-","-","-","-","-"
"2499","B. Willis","B. Willis","TE","SF","9","","injury-status","Final L 10-19 @ CHI","-","-","-","-","-","-","-","-","-","-","-","-","-"
"2500","R. Collins","R. Collins","WR","","","","injury-status","BYE","-","-","-","-","-","-","-","-","-","-","-","-","-"
"2501","M. Corley","M. Corley","WR","CLE","9","","injury-status","Final W 26-24 @ CAR","-","-","-","-","-","-","-","-","-","-","-","-","-"
"2502","J. Mcafee","J. Mcafee","TE","","","","injury-status","BYE","-","-","-","-","-","-","-","-","-","-","-","-","-"
"2503","K. Latu","K. Latu","TE","BUF","7","","injury-status","Final W 31-10 @ LAR","-","-","-","-","-","-","-","-","-","-","-","-","-"
"2504","J. Baker","J. Baker","WR","","","","injury-status","BYE","-","-","-","-","-","-","-","-","-","-","-","-","-"
"2505","T. Watson","T. Watson","TE","KC","8","","injury-status","Final W 44-21 @ ARI","-","-","-","-","-","-","-","-","-","-","-","-","-"
"2506","A. Iosivas","A. Iosivas","WR","CIN","10","","injury-status","Final L 20-23 vs PIT","-","-","-","-","-","-","-","-","-","-","-","-","-"
"2507","D. Carter","D. Carter","WR","","","Ques","injury-status questionable","BYE","-","-","-","-","-","-","-","-","-","-","-","-","-"
"2508","C. Davis","C. Davis","K","","","","injury-status","BYE","-","-","-","-","-","-","-","-","-","-","-","-","-"
"2509","P. Nacua","P. Nacua","WR","LAR","7","","injury-status","Final L 10-31 vs BUF","-","-","-","-","-","-","-","-","-","-","-","-","-"
"2510","R. Ouzts","R. Ouzts","RB","SEA","11","","injury-status","Final W 17-16 vs DEN","-","-","-","-","-","-","-","-","-","-","-","-","-"
"2511","L. Rees-Zammit","L. Rees-Zammit","RB","","","Ques","injury-status questionable","BYE","-","-","-","-","-","-","-","-","-","-","-","-","-"
"2512","T. Felton","T. Felton","WR","MIN","7","Ques","injury-status questionable","Final W 23-7 vs GB","-","-","-","-","-","-","-","-","-","-","-","-","-"
"2513","S. Ryan","S. Ryan","WR","","","","injury-status","BYE","-","-","-","-","-","-","-","-","-","-","-","-","-"
"2514","C. Ward","C. Ward","QB","TEN","6","","injury-status","Final L 20-21 vs NYG","-","-","-","-","-","-","-","-","-","-","-","-","-"
"2515","M. Miller","M. Miller","TE","","","","injury-status","BYE","-","-","-","-","-","-","-","-","-","-","-","-","-"
"2516","B. Sinnott","B. Sinnott","TE","WAS","14","","injury-status","Final W 28-22 vs JAX","-","-","-","-","-","-","-","-","-","-","-","-","-"
"2517","E. Hull","E. Hull","RB","","","","injury-status","BYE","-","-","-","-","-","-","-","-","-","-","-","-","-"
"2518","E. Pancol","E. Pancol","WR","","","Ques","injury-status questionable","BYE","-","-","-","-","-","-","-","-","-","-","-","-","-"
"2519","K. Harris","K. Harris","WR","","","Ques","injury-status questionable","BYE","-","-","-","-","-","-","-","-","-","-","-","-","-"
"2520","N. Wright","N. Wright","RB","","","","injury-status","BYE","-","-","-","-","-","-","-","-","-","-","-","-","-"
"2521","M. Clark","M. Clark","WR","","","","injury-status","BYE","-","-","-","-","-","-","-","-","-","-","-","-","-"
"2522","T. Pratt","T. Pratt","WR","","","","injury-status","BYE","-","-","-","-","-","-","-","-","-","-","-","-","-"
"2523","J. Ngata","J. Ngata","WR","","","","injury-status","BYE","-","-","-","-","-","-","-","-","-","-","-","-","-"
"2524","P. Lutz","P. Lutz","WR","","","","injury-status","BYE","-","-","-","-","-","-","-","-","-","-","-","-","-"
"2525","D. Wade","D. Wade","WR","BAL","10","IR","injury-status ir","Final W 24-9 @ NYJ","-","-","-","-","-","-","-","-","-","-","-","-","-"
"2526","M. Carter","M. Carter","WR","","","","injury-status","BYE","-","-","-","-","-","-","-","-","-","-","-","-","-"
"2527","C. Schlee","C. Schlee","QB","","","","injury-status","BYE","-","-","-","-","-","-","-","-","-","-","-","-","-"
"2528","J. Stephens","J. Stephens","TE","DAL","9","IR","injury-status ir","Final L 3-19 vs TB","-","-","-","-","-","-","-","-","-","-","-","-","-"
"2529","B. Oliver","B. Oliver","WR","TEN","6","","injury-status","Final L 20-21 vs NYG","-","-","-","-","-","-","-","-","-","-","-","-","-"
"2530","O. Wright","O. Wright","RB","","","","injury-status","BYE","-","-","-","-","-","-","-","-","-","-","-","-","-"
"2531","T. Elgersma","T. Elgersma","QB","","","","injury-status","BYE","-","-","-","-","-","-","-","-","-","-","-","-","-"
"2532","S. Williams","S. Williams","WR","GB","14","Ques","injury-status questionable","Final L 7-23 @ MIN","-","-","-","-","-","-","-","-","-","-","-","-","-"
"2533","D. Brown","D. Brown","RB","","","","injury-status","BYE","-","-","-","-","-","-","-","-","-","-","-","-","-"
"2534","D. McDuffie","D. McDuffie","RB","","","","injury-status","BYE","-","-","-","-","-","-","-","-","-","-","-","-","-"
"2535","A. Quevedo","A. Quevedo","K","","","","injury-status","BYE","-","-","-","-","-","-","-","-","-","-","-","-","-"
"2536","R. Harvey","R. Harvey","RB","DEN","9","","injury-status","Final L 16-17 @ SEA","-","-","-","-","-","-","-","-","-","-","-","-","-"
"2537","S. Wyatt","S. Wyatt","WR","","","","injury-status","BYE","-","-","-","-","-","-","-","-","-","-","-","-","-"
"2538","J. Horn","J. Horn","WR","CAR","13","","injury-status","Final L 24-26 vs CLE","-","-","-","-","-","-","-","-","-","-","-","-","-"
"2539","T. Adams","T. Adams","WR","","","","injury-status","BYE","-","-","-","-","-","-","-","-","-","-","-","-","-"
"2540","P. Browning","P. Browning","WR","","","","injury-status","BYE","-","-","-","-","-","-","-","-","-","-","-","-","-"
"2541","C. Johnson","C. Johnson","WR","","","","injury-status","BYE","-","-","-","-","-","-","-","-","-","-","-","-","-"
"2542","D. White","D. White","WR","","","","injury-status","BYE","-","-","-","-","-","-","-","-","-","-","-","-","-"
"2543","W. Ruby","W. Ruby","WR","","","Ques","injury-status questionable","BYE","-","-","-","-","-","-","-","-","-","-","-","-","-"
"2544","I. Neyor","I. Neyor","WR","GB","14","","injury-status","Final L 7-23 @ MIN","-","-","-","-","-","-","-","-","-","-","-","-","-"
"2545","T. Morgan","T. Morgan","QB","","","","injury-status","BYE","-","-","-","-","-","-","-","-","-","-","-","-","-"
"2546","B. Brooks","B. Brooks","RB","HOU","6","","injury-status","Final T 20-20 vs IND","-","-","-","-","-","-","-","-","-","-","-","-","-"
"2547","C. Schrader","C. Schrader","RB","LAR","7","","injury-status","Final L 10-31 vs BUF","-","-","-","-","-","-","-","-","-","-","-","-","-"
"2548","W. Marks","W. Marks","RB","HOU","6","","injury-status","Final T 20-20 vs IND","-","-","-","-","-","-","-","-","-","-","-","-","-"
"2549","T. Owens","T. Owens","WR","","","","injury-status","BYE","-","-","-","-","-","-","-","-","-","-","-","-","-"
"2550","T. Welch","T. Welch","TE","NO","14","","injury-status","Final W 27-26 @ ATL","-","-","-","-","-","-","-","-","-","-","-","-","-"
"2551","K. Johnson","K. Johnson","RB","PIT","9","","injury-status","Final W 23-20 @ CIN","-","-","-","-","-","-","-","-","-","-","-","-","-"
"2552","B. Pierre","B. Pierre","TE","CAR","13","","injury-status","Final L 24-26 vs CLE","-","-","-","-","-","-","-","-","-","-","-","-","-"
"2553","E. Cooks","E. Cooks","WR","PHI","7","","injury-status","Final W 38-35 @ DET","-","-","-","-","-","-","-","-","-","-","-","-","-"
"2554","B. Corum","B. Corum","RB","LAR","7","","injury-status","Final L 10-31 vs BUF","-","-","-","-","-","-","-","-","-","-","-","-","-"
"2555","N. Williams","N. Williams","WR","DEN","9","","injury-status","Final L 16-17 @ SEA","-","-","-","-","-","-","-","-","-","-","-","-","-"
"2556","L. Scott","L. Scott","RB","BAL","10","","injury-status","Final W 24-9 @ NYJ","-","-","-","-","-","-","-","-","-","-","-","-","-"
"2557","C. Dunn","C. Dunn","K","","","","injury-status","BYE","-","-","-","-","-","-","-","-","-","-","-","-","-"
"2558","T. Brooks","T. Brooks","RB","CIN","10","","injury-status","Final L 20-23 vs PIT","-","-","-","-","-","-","-","-","-","-","-","-","-"
"2559","K. Mitchell","K. Mitchell","RB","BAL","10","","injury-status","Final W 24-9 @ NYJ","-","-","-","-","-","-","-","-","-","-","-","-","-"
"2560","C. Powell","C. Powell","RB","","","","injury-status","BYE","-","-","-","-","-","-","-","-","-","-","-","-","-"
"2561","B. Allen","B. Allen","RB","NYJ","10","","injury-status","Final L 9-24 vs BAL","-","-","-","-","-","-","-","-","-","-","-","-","-"
"2562","H. Hall","H. Hall","RB","","","","injury-status","BYE","-","-","-","-","-","-","-","-","-","-","-","-","-"
"2563","T. Johnson","T. Johnson","TE","NYG","9","","injury-status","Final W 21-20 @ TEN","-","-","-","-","-","-","-","-","-","-","-","-","-"
"2564","J. Haener","J. Haener","QB","NO","14","","injury-status","Final W 27-26 @ ATL","-","-","-","-","-","-","-","-","-","-","-","-","-"
"2565","T. Kraft","T. Kraft","TE","GB","14","","injury-status","Final L 7-23 @ MIN","-","-","-","-","-","-","-","-","-","-","-","-","-"
"2566","D. Jackson","D. Jackson","WR","","","","injury-status","BYE","-","-","-","-","-","-","-","-","-","-","-","-","-"
"2567","J. Barbon","J. Barbon","WR","","","","injury-status","BYE","-","-","-","-","-","-","-","-","-","-","-","-","-"
"2568","E. Collins","E. Collins","RB","","","","injury-status","BYE","-","-","-","-","-","-","-","-","-","-","-","-","-"
"2569","C. Cordeiro","C. Cordeiro","QB","","","","injury-status","BYE","-","-","-","-","-","-","-","-","-","-","-","-","-"
"2570","J. Haggins","J. Haggins","WR","","","","injury-status","BYE","-","-","-","-","-","-","-","-","-","-","-","-","-"
"2571","M. Severance","M. Severance","RB","","","","injury-status","BYE","-","-","-","-","-","-","-","-","-","-","-","-","-"
"2572","C. Lohner","C. Lohner","TE","DEN","9","","injury-status","Final L 16-17 @ SEA","-","-","-","-","-","-","-","-","-","-","-","-","-"
"2573","R. Wilson","R. Wilson","WR","PIT","9","","injury-status","Final W 23-20 @ CIN","-","-","-","-","-","-","-","-","-","-","-","-","-"
"2574","M. Tipton","M. Tipton","WR","NO","14","","injury-status","Final W 27-26 @ ATL","-","-","-","-","-","-","-","-","-","-","-","-","-"
"2575","B. Westfield","B. Westfield","WR","","","","injury-status","BYE","-","-","-","-","-","-","-","-","-","-","-","-","-"
"2576","V. Johnson","V. Johnson","WR","","","","injury-status","BYE","-","-","-","-","-","-","-","-","-","-","-","-","-"
"2577","T. Wolff","T. Wolff","K","","","","injury-status","BYE","-","-","-","-","-","-","-","-","-","-","-","-","-"
"2578","L. McCaffrey","L. McCaffrey","WR","WAS","14","","injury-status","Final W 28-22 vs JAX","-","-","-","-","-","-","-","-","-","-","-","-","-"
"2579","M. Landers","M. Landers","WR","","","Ques","injury-status questionable","BYE","-","-","-","-","-","-","-","-","-","-","-","-","-"
"2580","Q. Skinner","Q. Skinner","WR","","","","injury-status","BYE","-","-","-","-","-","-","-","-","-","-","-","-","-"
"2581","D. Davis","D. Davis","WR","","","Ques","injury-status questionable","BYE","-","-","-","-","-","-","-","-","-","-","-","-","-"
"2582","R. Bell","R. Bell","WR","DET","6","","injury-status","Final L 35-38 vs PHI","-","-","-","-","-","-","-","-","-","-","-","-","-"
"2583","T. Ferguson","T. Ferguson","TE","LAR","7","","injury-status","Final L 10-31 vs BUF","-","-","-","-","-","-","-","-","-","-","-","-","-"
"2584","B. Young","B. Young","QB","CAR","13","","injury-status","Final L 24-26 vs CLE","-","-","-","-","-","-","-","-","-","-","-","-","-"
"2585","S. Watts","S. Watts","RB","","","","injury-status","BYE","-","-","-","-","-","-","-","-","-","-","-","-","-"
"2586","J. Podlesny","J. Podlesny","K","","","","injury-status","BYE","-","-","-","-","-","-","-","-","-","-","-","-","-"
"2587","R. Coe","R. Coe","K","","","","injury-status","BYE","-","-","-","-","-","-","-","-","-","-","-","-","-"
"2588","E. Egbuka","E. Egbuka","WR","TB","11","","injury-status","Final W 19-3 @ DAL","-","-","-","-","-","-","-","-","-","-","-","-","-"
"2589","R. Pearsall","R. Pearsall","WR","SF","9","","injury-status","Final L 10-19 @ CHI","-","-","-","-","-","-","-","-","-","-","-","-","-"
"2590","T. Stewart","T. Stewart","RB","","","","injury-status","BYE","-","-","-","-","-","-","-","-","-","-","-","-","-"
"2591","J. Moore","J. Moore","WR","CIN","10","","injury-status","Final L 20-23 vs PIT","-","-","-","-","-","-","-","-","-","-","-","-","-"
"2592","B. Braylon","B. Braylon","WR","","","","injury-status","BYE","-","-","-","-","-","-","-","-","-","-","-","-","-"
"2593","A. Cruickshank","A. Cruickshank","WR","","","","injury-status","BYE","-","-","-","-","-","-","-","-","-","-","-","-","-"
"2594","G. Bartholomew","G. Bartholomew","TE","MIN","7","PUP","injury-status pup","Final W 23-7 vs GB","-","-","-","-","-","-","-","-","-","-","-","-","-"
"2595","O. Wilson","O. Wilson","WR","","","","injury-status","BYE","-","-","-","-","-","-","-","-","-","-","-","-","-"
"2596","S. Stilianos","S. Stilianos","TE","","","","injury-status","BYE","-","-","-","-","-","-","-","-","-","-","-","-","-"
"2597","A. Kelly","A. Kelly","WR","","","","injury-status","BYE","-","-","-","-","-","-","-","-","-","-","-","-","-"
"2598","Z. Malone","Z. Malone","WR","","","","injury-status","BYE","-","-","-","-","-","-","-","-","-","-","-","-","-"
"2599","J. McAtamney","J. McAtamney","K","NYG","9","","injury-status","Final W 21-20 @ TEN","-","-","-","-","-","-","-","-","-","-","-","-","-"
"2600","I. Guerendo","I. Guerendo","RB","SF","9","","injury-status","Final L 10-19 @ CHI","-","-","-","-","-","-","-","-","-","-","-","-","-"
"2601","N. King","N. King","WR","","","","injury-status","BYE","-","-","-","-","-","-","-","-","-","-","-","-","-"
"2602","D. Fleming","D. Fleming","WR","MIN","7","","injury-status","Final W 23-7 vs GB","-","-","-","-","-","-","-","-","-","-","-","-","-"
"2603","J. Bonds","J. Bonds","WR","","","","injury-status","BYE","-","-","-","-","-","-","-","-","-","-","-","-","-"
"2604","J. Newton","J. Newton","WR","","","","injury-status","BYE","-","-","-","-","-","-","-","-","-","-","-","-","-"
"2605","T. Mellott","T. Mellott","WR","NO","14","","injury-status","Final W 27-26 @ ATL","-","-","-","-","-","-","-","-","-","-","-","-","-"
"2606","E. Lee","E. Lee","WR","","","","injury-status","BYE","-","-","-","-","-","-","-","-","-","-","-","-","-"
"2607","T. Harris","T. Harris","WR","LAC","8","Ques","injury-status questionable","Final W 24-19 vs LV","-","-","-","-","-","-","-","-","-","-","-","-","-"
"2608","W. Levis","W. Levis","QB","TEN","6","IR","injury-status ir","Final L 20-21 vs NYG","-","-","-","-","-","-","-","-","-","-","-","-","-"
"2609","N. Carter","N. Carter","RB","ATL","14","","injury-status","Final L 26-27 vs NO","-","-","-","-","-","-","-","-","-","-","-","-","-"
"2610","E. Ruffin","E. Ruffin","WR","","","","injury-status","BYE","-","-","-","-","-","-","-","-","-","-","-","-","-"
"2611","S. Tucker","S. Tucker","RB","TB","11","","injury-status","Final W 19-3 @ DAL","-","-","-","-","-","-","-","-","-","-","-","-","-"
"2612","K. Akharaiyi","K. Akharaiyi","WR","","","","injury-status","BYE","-","-","-","-","-","-","-","-","-","-","-","-","-"
"2613","T. Pennix","T. Pennix","TE","","","","injury-status","BYE","-","-","-","-","-","-","-","-","-","-","-","-","-"
"2614","A. Szmyt","A. Szmyt","K","CLE","9","","injury-status","Final W 26-24 @ CAR","-","-","-","-","-","-","-","-","-","-","-","-","-"
"2615","T. Warren","T. Warren","TE","IND","14","","injury-status","Final T 20-20 @ HOU","-","-","-","-","-","-","-","-","-","-","-","-","-"
"2616","E. Jones","E. Jones","QB","ATL","14","IR","injury-status ir","Final L 26-27 vs NO","-","-","-","-","-","-","-","-","-","-","-","-","-"
"2617","M. Pline","M. Pline","TE","NO","14","IR","injury-status ir","Final W 27-26 @ ATL","-","-","-","-","-","-","-","-","-","-","-","-","-"
"2618","D. Thompson-Robinson","D. Thompson-Robinson","QB","","","","injury-status","BYE","-","-","-","-","-","-","-","-","-","-","-","-","-"
"2619","J. Matocha","J. Matocha","QB","","","","injury-status","BYE","-","-","-","-","-","-","-","-","-","-","-","-","-"
"2620","D. Porter","D. Porter","WR","","","","injury-status","BYE","-","-","-","-","-","-","-","-","-","-","-","-","-"
"2621","M. Colburn","M. Colburn","RB","","","","injury-status","BYE","-","-","-","-","-","-","-","-","-","-","-","-","-"
"2622","T. Shough","T. Shough","QB","NO","14","","injury-status","Final W 27-26 @ ATL","-","-","-","-","-","-","-","-","-","-","-","-","-"
"2623","B. Strange","B. Strange","TE","JAX","11","","injury-status","Final L 22-28 @ WAS","-","-","-","-","-","-","-","-","-","-","-","-","-"
"2624","B. Nesbit","B. Nesbit","TE","MIN","7","","injury-status","Final W 23-7 vs GB","-","-","-","-","-","-","-","-","-","-","-","-","-"
"2625","M. Hiers","M. Hiers","QB","","","","injury-status","BYE","-","-","-","-","-","-","-","-","-","-","-","-","-"
"2626","S. Clifford","S. Clifford","QB","","","","injury-status","BYE","-","-","-","-","-","-","-","-","-","-","-","-","-"
"2627","K. Lynch-Adams","K. Lynch-Adams","RB","","","","injury-status","BYE","-","-","-","-","-","-","-","-","-","-","-","-","-"
"2628","D. Campbell","D. Campbell","WR","CAR","13","","injury-status","Final L 24-26 vs CLE","-","-","-","-","-","-","-","-","-","-","-","-","-"
"2629","J. McMillan","J. McMillan","WR","TB","11","IR","injury-status ir","Final W 19-3 @ DAL","-","-","-","-","-","-","-","-","-","-","-","-","-"
"2630","D. Prince","D. Prince","RB","NE","10","IR","injury-status ir","Final L 7-20 @ MIA","-","-","-","-","-","-","-","-","-","-","-","-","-"
"2631","C. Lewis","C. Lewis","K","","","","injury-status","BYE","-","-","-","-","-","-","-","-","-","-","-","-","-"
"2632","J. Moody","J. Moody","K","SF","9","","injury-status","Final L 10-19 @ CHI","-","-","-","-","-","-","-","-","-","-","-","-","-"
"2633","B. Smith","B. Smith","RB","KC","8","","injury-status","Final W 44-21 @ ARI","-","-","-","-","-","-","-","-","-","-","-","-","-"
"2634","M. Foster","M. Foster","WR","","","Ques","injury-status questionable","BYE","-","-","-","-","-","-","-","-","-","-","-","-","-"
"2635","S. Days","S. Days","RB","","","","injury-status","BYE","-","-","-","-","-","-","-","-","-","-","-","-","-"
"2636","D. Wicks","D. Wicks","WR","GB","14","Ques","injury-status questionable","Final L 7-23 @ MIN","-","-","-","-","-","-","-","-","-","-","-","-","-"
"2637","L. Burden","L. Burden","WR","CHI","14","","injury-status","Final W 19-10 vs SF","-","-","-","-","-","-","-","-","-","-","-","-","-"
"2638","B. Thompson","B. Thompson","WR","","","","injury-status","BYE","-","-","-","-","-","-","-","-","-","-","-","-","-"
"2639","D. Douglas","D. Douglas","WR","NE","10","","injury-status","Final L 7-20 @ MIA","-","-","-","-","-","-","-","-","-","-","-","-","-"
"2640","S. Schnee","S. Schnee","WR","","","","injury-status","BYE","-","-","-","-","-","-","-","-","-","-","-","-","-"
"2641","Q. Conley","Q. Conley","RB","","","","injury-status","BYE","-","-","-","-","-","-","-","-","-","-","-","-","-"
"2642","J. Saylors","J. Saylors","RB","DET","6","","injury-status","Final L 35-38 vs PHI","-","-","-","-","-","-","-","-","-","-","-","-","-"
"2643","I. Gathings","I. Gathings","TE","","","Ques","injury-status questionable","BYE","-","-","-","-","-","-","-","-","-","-","-","-","-"
"2644","T. Tagovailoa","T. Tagovailoa","QB","","","","injury-status","BYE","-","-","-","-","-","-","-","-","-","-","-","-","-"
"2645","M. Johnson","M. Johnson","RB","","","","injury-status","BYE","-","-","-","-","-","-","-","-","-","-","-","-","-"
"2646","L. Floriea","L. Floriea","WR","","","Ques","injury-status questionable","BYE","-","-","-","-","-","-","-","-","-","-","-","-","-"
"2647","M. Rigerman","M. Rigerman","TE","","","","injury-status","BYE","-","-","-","-","-","-","-","-","-","-","-","-","-"
"2648","J. Thrash","J. Thrash","WR","CLE","9","","injury-status","Final W 26-24 @ CAR","-","-","-","-","-","-","-","-","-","-","-","-","-"
"2649","M. Yarns","M. Yarns","RB","","","","injury-status","BYE","-","-","-","-","-","-","-","-","-","-","-","-","-"
"2650","G. Greene","G. Greene","QB","TB","11","","injury-status","Final W 19-3 @ DAL","-","-","-","-","-","-","-","-","-","-","-","-","-"
"2651","J. Travis","J. Travis","QB","","","NA","injury-status na","BYE","-","-","-","-","-","-","-","-","-","-","-","-","-"
"2652","S. LaPorta","S. LaPorta","TE","DET","6","","injury-status","Final L 35-38 vs PHI","-","-","-","-","-","-","-","-","-","-","-","-","-"
"2653","G. Hardison","G. Hardison","QB","","","","injury-status","BYE","-","-","-","-","-","-","-","-","-","-","-","-","-"
"2654","D. Caffrey","D. Caffrey","TE","","","","injury-status","BYE","-","-","-","-","-","-","-","-","-","-","-","-","-"
"2655","J. Banks","J. Banks","WR","","","","injury-status","BYE","-","-","-","-","-","-","-","-","-","-","-","-","-"
"2656","A. Hale","A. Hale","K","","","Ques","injury-status questionable","BYE","-","-","-","-","-","-","-","-","-","-","-","-","-"
"2657","D. Demus","D. Demus","WR","","","","injury-status","BYE","-","-","-","-","-","-","-","-","-","-","-","-","-"
"2658","J. Jackson","J. Jackson","WR","","","","injury-status","BYE","-","-","-","-","-","-","-","-","-","-","-","-","-"
"2659","J. Jackson","J. Jackson","WR","","","","injury-status","BYE","-","-","-","-","-","-","-","-","-","-","-","-","-"
"2660","M. Riley","M. Riley","WR","","","Ques","injury-status questionable","BYE","-","-","-","-","-","-","-","-","-","-","-","-","-"
"2661","K. Thompson","K. Thompson","WR","","","","injury-status","BYE","-","-","-","-","-","-","-","-","-","-","-","-","-"
"2662","S. Sanders","S. Sanders","QB","CLE","9","","injury-status","Final W 26-24 @ CAR","-","-","-","-","-","-","-","-","-","-","-","-","-"
"2663","I. Williams","I. Williams","WR","CIN","10","","injury-status","Final L 20-23 vs PIT","-","-","-","-","-","-","-","-","-","-","-","-","-"
"2664","N. Rourke","N. Rourke","QB","","","","injury-status","BYE","-","-","-","-","-","-","-","-","-","-","-","-","-"
"2665","J. Bobo","J. Bobo","WR","SEA","11","Ques","injury-status questionable","Final W 17-16 vs DEN","-","-","-","-","-","-","-","-","-","-","-","-","-"
"2666","J. Holiday","J. Holiday","WR","KC","8","","injury-status","Final W 44-21 @ ARI","-","-","-","-","-","-","-","-","-","-","-","-","-"
"2667","M. McNamee","M. McNamee","K","GB","14","","injury-status","Final L 7-23 @ MIN","-","-","-","-","-","-","-","-","-","-","-","-","-"
"2668","T. Benson","T. Benson","RB","ARI","13","","injury-status","Final L 21-44 vs KC","-","-","-","-","-","-","-","-","-","-","-","-","-"
"2669","B. Russell","B. Russell","TE","SEA","11","","injury-status","Final W 17-16 vs DEN","-","-","-","-","-","-","-","-","-","-","-","-","-"
"2670","D. George","D. George","WR","","","","injury-status","BYE","-","-","-","-","-","-","-","-","-","-","-","-","-"
"2671","D. Blankumsee","D. Blankumsee","WR","","","","injury-status","BYE","-","-","-","-","-","-","-","-","-","-","-","-","-"
"2672","A. Grant","A. Grant","RB","","","","injury-status","BYE","-","-","-","-","-","-","-","-","-","-","-","-","-"
"2673","C. Dowell","C. Dowell","WR","","","","injury-status","BYE","-","-","-","-","-","-","-","-","-","-","-","-","-"
"2674","P. Jarrett","P. Jarrett","QB","","","","injury-status","BYE","-","-","-","-","-","-","-","-","-","-","-","-","-"
"2675","I. Winstead","I. Winstead","WR","","","","injury-status","BYE","-","-","-","-","-","-","-","-","-","-","-","-","-"
"2676","N. Gindorff","N. Gindorff","TE","","","","injury-status","BYE","-","-","-","-","-","-","-","-","-","-","-","-","-"
"2677","J. Paddock","J. Paddock","QB","","","","injury-status","BYE","-","-","-","-","-","-","-","-","-","-","-","-","-"
"2678","J. Chisholm","J. Chisholm","RB","","","","injury-status","BYE","-","-","-","-","-","-","-","-","-","-","-","-","-"
"2679","J. Harper","J. Harper","WR","","","","injury-status","BYE","-","-","-","-","-","-","-","-","-","-","-","-","-"
"2680","K. Robinson","K. Robinson","RB","","","","injury-status","BYE","-","-","-","-","-","-","-","-","-","-","-","-","-"
"2681","T. Swen","T. Swen","RB","","","","injury-status","BYE","-","-","-","-","-","-","-","-","-","-","-","-","-"
"2682","R. Baker","R. Baker","RB","","","Ques","injury-status questionable","BYE","-","-","-","-","-","-","-","-","-","-","-","-","-"
"2683","T. Gordon","T. Gordon","TE","","","","injury-status","BYE","-","-","-","-","-","-","-","-","-","-","-","-","-"
"2684","R. Lombardi","R. Lombardi","QB","","","","injury-status","BYE","-","-","-","-","-","-","-","-","-","-","-","-","-"
"2685","W. Mallory","W. Mallory","TE","IND","14","","injury-status","Final T 20-20 @ HOU","-","-","-","-","-","-","-","-","-","-","-","-","-"
"2686","C. Peterson","C. Peterson","QB","","","","injury-status","BYE","-","-","-","-","-","-","-","-","-","-","-","-","-"
"2687","X. Weaver","X. Weaver","WR","ARI","13","","injury-status","Final L 21-44 vs KC","-","-","-","-","-","-","-","-","-","-","-","-","-"
"2688","V. Ambrosio","V. Ambrosio","K","","","","injury-status","BYE","-","-","-","-","-","-","-","-","-","-","-","-","-"
"2689","C. Brayboy","C. Brayboy","WR","JAX","11","","injury-status","Final L 22-28 @ WAS","-","-","-","-","-","-","-","-","-","-","-","-","-"
"2690","M. Pratt","M. Pratt","QB","","","Ques","injury-status questionable","BYE","-","-","-","-","-","-","-","-","-","-","-","-","-"
"2691","J. Mayes","J. Mayes","WR","","","","injury-status","BYE","-","-","-","-","-","-","-","-","-","-","-","-","-"
"2692","A. Peasley","A. Peasley","QB","","","","injury-status","BYE","-","-","-","-","-","-","-","-","-","-","-","-","-"
"2693","D. Holker","D. Holker","TE","","","","injury-status","BYE","-","-","-","-","-","-","-","-","-","-","-","-","-"
"2694","H. Hooker","H. Hooker","QB","CAR","13","","injury-status","Final L 24-26 vs CLE","-","-","-","-","-","-","-","-","-","-","-","-","-"
"2695","L. Jackson","L. Jackson","WR","MIN","7","","injury-status","Final W 23-7 vs GB","-","-","-","-","-","-","-","-","-","-","-","-","-"
"2696","S. Pinckney","S. Pinckney","WR","","","","injury-status","BYE","-","-","-","-","-","-","-","-","-","-","-","-","-"
"2697","G. Hebert","G. Hebert","TE","","","","injury-status","BYE","-","-","-","-","-","-","-","-","-","-","-","-","-"
"2698","E. All","E. All","TE","CIN","10","PUP","injury-status pup","Final L 20-23 vs PIT","-","-","-","-","-","-","-","-","-","-","-","-","-"
"2699","R. Douglas","R. Douglas","WR","","","","injury-status","BYE","-","-","-","-","-","-","-","-","-","-","-","-","-"
"2700","Z. Kuntz","Z. Kuntz","TE","","","","injury-status","BYE","-","-","-","-","-","-","-","-","-","-","-","-","-"
"2701","K. Jackson","K. Jackson","WR","","","","injury-status","BYE","-","-","-","-","-","-","-","-","-","-","-","-","-"
"2702","L. Jones","L. Jones","WR","","","","injury-status","BYE","-","-","-","-","-","-","-","-","-","-","-","-","-"
"2703","J. Marshall","J. Marshall","WR","","","","injury-status","BYE","-","-","-","-","-","-","-","-","-","-","-","-","-"
"2704","J. Franklin","J. Franklin","QB","","","","injury-status","BYE","-","-","-","-","-","-","-","-","-","-","-","-","-"
"2705","J. Petaia","J. Petaia","TE","","","Ques","injury-status questionable","BYE","-","-","-","-","-","-","-","-","-","-","-","-","-"
"2706","G. Spivey","G. Spivey","TE","","","","injury-status","BYE","-","-","-","-","-","-","-","-","-","-","-","-","-"
"2707","E. Badger","E. Badger","WR","","","","injury-status","BYE","-","-","-","-","-","-","-","-","-","-","-","-","-"
"2708","M. Wilson","M. Wilson","WR","ARI","13","","injury-status","Final L 21-44 vs KC","-","-","-","-","-","-","-","-","-","-","-","-","-"
"2709","R. Odunze","R. Odunze","WR","CHI","14","","injury-status","Final W 19-10 vs SF","-","-","-","-","-","-","-","-","-","-","-","-","-"
"2710","H. Luepke","H. Luepke","RB","DAL","9","","injury-status","Final L 3-19 vs TB","-","-","-","-","-","-","-","-","-","-","-","-","-"
"2711","J. Terry","J. Terry","TE","","","IR","injury-status ir","BYE","-","-","-","-","-","-","-","-","-","-","-","-","-"
"2712","S. Carden","S. Carden","QB","","","","injury-status","BYE","-","-","-","-","-","-","-","-","-","-","-","-","-"
"2713","D. Hankins","D. Hankins","RB","CHI","14","IR","injury-status ir","Final W 19-10 vs SF","-","-","-","-","-","-","-","-","-","-","-","-","-"
"2714","E. Garbers","E. Garbers","QB","","","","injury-status","BYE","-","-","-","-","-","-","-","-","-","-","-","-","-"
"2715","C. Washington","C. Washington","WR","ATL","14","","injury-status","Final L 26-27 vs NO","-","-","-","-","-","-","-","-","-","-","-","-","-"
"2716","R. Burns","R. Burns","RB","","","","injury-status","BYE","-","-","-","-","-","-","-","-","-","-","-","-","-"
"2717","R. White","R. White","WR","SEA","11","","injury-status","Final W 17-16 vs DEN","-","-","-","-","-","-","-","-","-","-","-","-","-"
"2718","L. McConkey","L. McConkey","WR","LAC","8","","injury-status","Final W 24-19 vs LV","-","-","-","-","-","-","-","-","-","-","-","-","-"
"2719","R. Lewis","R. Lewis","WR","","","","injury-status","BYE","-","-","-","-","-","-","-","-","-","-","-","-","-"
"2720","S. Henigan","S. Henigan","QB","JAX","11","","injury-status","Final L 22-28 @ WAS","-","-","-","-","-","-","-","-","-","-","-","-","-"
"2721","J. Small","J. Small","RB","","","Ques","injury-status questionable","BYE","-","-","-","-","-","-","-","-","-","-","-","-","-"
"2722","R. Mobley","R. Mobley","WR","","","","injury-status","BYE","-","-","-","-","-","-","-","-","-","-","-","-","-"
"2723","M. Coprich","M. Coprich","RB","","","","injury-status","BYE","-","-","-","-","-","-","-","-","-","-","-","-","-"
"2724","C. Kiner","C. Kiner","RB","SF","9","Ques","injury-status questionable","Final L 10-19 @ CHI","-","-","-","-","-","-","-","-","-","-","-","-","-"
"2725","I. TeSlaa","I. TeSlaa","WR","DET","6","","injury-status","Final L 35-38 vs PHI","-","-","-","-","-","-","-","-","-","-","-","-","-"
"2726","M. Major","M. Major","RB","","","","injury-status","BYE","-","-","-","-","-","-","-","-","-","-","-","-","-"
"2727","J. Jones","J. Jones","WR","","","","injury-status","BYE","-","-","-","-","-","-","-","-","-","-","-","-","-"
"2728","T. Henderson","T. Henderson","RB","NE","10","","injury-status","Final L 7-20 @ MIA","-","-","-","-","-","-","-","-","-","-","-","-","-"
"2729","C. Ryland","C. Ryland","K","ARI","13","","injury-status","Final L 21-44 vs KC","-","-","-","-","-","-","-","-","-","-","-","-","-"
"2730","A. Jones","A. Jones","RB","","","","injury-status","BYE","-","-","-","-","-","-","-","-","-","-","-","-","-"
"2731","R. Fitzgerald","R. Fitzgerald","K","CAR","13","","injury-status","Final L 24-26 vs CLE","-","-","-","-","-","-","-","-","-","-","-","-","-"
"2732","R. Sharp","R. Sharp","TE","","","","injury-status","BYE","-","-","-","-","-","-","-","-","-","-","-","-","-"
"2733","P. LeBlanc","P. LeBlanc","WR","","","","injury-status","BYE","-","-","-","-","-","-","-","-","-","-","-","-","-"
"2734","D. Joyner","D. Joyner","WR","","","","injury-status","BYE","-","-","-","-","-","-","-","-","-","-","-","-","-"
"2735","A. Reed","A. Reed","QB","","","","injury-status","BYE","-","-","-","-","-","-","-","-","-","-","-","-","-"
"2736","J. Manton","J. Manton","K","","","","injury-status","BYE","-","-","-","-","-","-","-","-","-","-","-","-","-"
"2737","D. Durden","D. Durden","WR","","","Ques","injury-status questionable","BYE","-","-","-","-","-","-","-","-","-","-","-","-","-"
"2738","L. Parker","L. Parker","WR","","","","injury-status","BYE","-","-","-","-","-","-","-","-","-","-","-","-","-"
"2739","J. Wright","J. Wright","RB","SEA","11","","injury-status","Final W 17-16 vs DEN","-","-","-","-","-","-","-","-","-","-","-","-","-"
"2740","J. Walker","J. Walker","WR","CHI","14","","injury-status","Final W 19-10 vs SF","-","-","-","-","-","-","-","-","-","-","-","-","-"
"2741","I. Davis","I. Davis","RB","NYJ","10","Ques","injury-status questionable","Final L 9-24 vs BAL","-","-","-","-","-","-","-","-","-","-","-","-","-"
"2742","L. Nichols","L. Nichols","RB","PIT","9","","injury-status","Final W 23-20 @ CIN","-","-","-","-","-","-","-","-","-","-","-","-","-"
"2743","J. Smith-Njigba","J. Smith-Njigba","WR","SEA","11","","injury-status","Final W 17-16 vs DEN","-","-","-","-","-","-","-","-","-","-","-","-","-"
"2744","T. Lindsey","T. Lindsey","WR","","","","injury-status","BYE","-","-","-","-","-","-","-","-","-","-","-","-","-"
"2745","R. Mueller","R. Mueller","RB","","","","injury-status","BYE","-","-","-","-","-","-","-","-","-","-","-","-","-"
"2746","T. Pitts","T. Pitts","WR","","","Ques","injury-status questionable","BYE","-","-","-","-","-","-","-","-","-","-","-","-","-"
"2747","G. Holmes","G. Holmes","WR","","","","injury-status","BYE","-","-","-","-","-","-","-","-","-","-","-","-","-"
"2748","K. Vidal","K. Vidal","RB","LAC","8","","injury-status","Final W 24-19 vs LV","-","-","-","-","-","-","-","-","-","-","-","-","-"
"2749","J. Conyers","J. Conyers","TE","MIA","11","IR","injury-status ir","Final W 20-7 vs NE","-","-","-","-","-","-","-","-","-","-","-","-","-"
"2750","E. Brun","E. Brun","TE","","","","injury-status","BYE","-","-","-","-","-","-","-","-","-","-","-","-","-"
"2751","B. Bates","B. Bates","TE","CLE","9","","injury-status","Final W 26-24 @ CAR","-","-","-","-","-","-","-","-","-","-","-","-","-"
"2752","A. Coxson","A. Coxson","WR","","","","injury-status","BYE","-","-","-","-","-","-","-","-","-","-","-","-","-"
"2753","J. Smith","J. Smith","WR","","","IR","injury-status ir","BYE","-","-","-","-","-","-","-","-","-","-","-","-","-"
"2754","A. Boone","A. Boone","QB","","","","injury-status","BYE","-","-","-","-","-","-","-","-","-","-","-","-","-"
"2755","S. Houma","S. Houma","RB","","","","injury-status","BYE","-","-","-","-","-","-","-","-","-","-","-","-","-"
"2756","D. Laube","D. Laube","RB","LV","6","","injury-status","Final L 19-24 @ LAC","-","-","-","-","-","-","-","-","-","-","-","-","-"
"2757","C. Brooks","C. Brooks","RB","GB","14","","injury-status","Final L 7-23 @ MIN","-","-","-","-","-","-","-","-","-","-","-","-","-"
"2758","J. Edwards","J. Edwards","RB","","","","injury-status","BYE","-","-","-","-","-","-","-","-","-","-","-","-","-"
"2759","G. Scott","G. Scott","TE","","","","injury-status","BYE","-","-","-","-","-","-","-","-","-","-","-","-","-"
"2760","A. Carlson","A. Carlson","K","","","","injury-status","BYE","-","-","-","-","-","-","-","-","-","-","-","-","-"
"2761","J. Brooks","J. Brooks","WR","WAS","14","","injury-status","Final W 28-22 vs JAX","-","-","-","-","-","-","-","-","-","-","-","-","-"
"2762","J. Brownlee","J. Brownlee","WR","KC","8","","injury-status","Final W 44-21 @ ARI","-","-","-","-","-","-","-","-","-","-","-","-","-"
"2763","M. Herzog","M. Herzog","RB","","","","injury-status","BYE","-","-","-","-","-","-","-","-","-","-","-","-","-"
"2764","C. Louks","C. Louks","WR","","","","injury-status","BYE","-","-","-","-","-","-","-","-","-","-","-","-","-"
"2765","M. Johnson","M. Johnson","WR","","","","injury-status","BYE","-","-","-","-","-","-","-","-","-","-","-","-","-"
"2766","J. Reed","J. Reed","WR","GB","14","Ques","injury-status questionable","Final L 7-23 @ MIN","-","-","-","-","-","-","-","-","-","-","-","-","-"
"2767","E. Bailey","E. Bailey","RB","","","","injury-status","BYE","-","-","-","-","-","-","-","-","-","-","-","-","-"
"2768","Z. Annexstad","Z. Annexstad","QB","","","","injury-status","BYE","-","-","-","-","-","-","-","-","-","-","-","-","-"
"2769","T. McLachlan","T. McLachlan","TE","CIN","10","IR","injury-status ir","Final L 20-23 vs PIT","-","-","-","-","-","-","-","-","-","-","-","-","-"
"2770","C. Jones","C. Jones","WR","CIN","10","","injury-status","Final L 20-23 vs PIT","-","-","-","-","-","-","-","-","-","-","-","-","-"
"2771","J. Sifrin","J. Sifrin","TE","","","","injury-status","BYE","-","-","-","-","-","-","-","-","-","-","-","-","-"
"2772","A. Brown","A. Brown","WR","","","","injury-status","BYE","-","-","-","-","-","-","-","-","-","-","-","-","-"
"2773","H. El-Zayat","H. El-Zayat","WR","","","Ques","injury-status questionable","BYE","-","-","-","-","-","-","-","-","-","-","-","-","-"
"2774","M. Washington","M. Washington","WR","MIA","11","","injury-status","Final W 20-7 vs NE","-","-","-","-","-","-","-","-","-","-","-","-","-"
"2775","E. Chism","E. Chism","WR","NE","10","Ques","injury-status questionable","Final L 7-20 @ MIA","-","-","-","-","-","-","-","-","-","-","-","-","-"
"2776","B. McCoy","B. McCoy","WR","","","","injury-status","BYE","-","-","-","-","-","-","-","-","-","-","-","-","-"
"2777","B. Easton","B. Easton","WR","","","","injury-status","BYE","-","-","-","-","-","-","-","-","-","-","-","-","-"
"2778","T. Kahmann","T. Kahmann","WR","","","","injury-status","BYE","-","-","-","-","-","-","-","-","-","-","-","-","-"
"2779","T. Brown","T. Brown","K","","","","injury-status","BYE","-","-","-","-","-","-","-","-","-","-","-","-","-"
"2780","J. Hall","J. Hall","QB","","","","injury-status","BYE","-","-","-","-","-","-","-","-","-","-","-","-","-"
"2781","H. Spears","H. Spears","TE","","","","injury-status","BYE","-","-","-","-","-","-","-","-","-","-","-","-","-"
"2782","C. Tyler","C. Tyler","RB","","","","injury-status","BYE","-","-","-","-","-","-","-","-","-","-","-","-","-"
"2783","C. Loveland","C. Loveland","TE","CHI","14","","injury-status","Final W 19-10 vs SF","-","-","-","-","-","-","-","-","-","-","-","-","-"
"2784","J. Pritchett","J. Pritchett","WR","NYJ","10","","injury-status","Final L 9-24 vs BAL","-","-","-","-","-","-","-","-","-","-","-","-","-"
"2785","M. Williams","M. Williams","QB","","","","injury-status","BYE","-","-","-","-","-","-","-","-","-","-","-","-","-"
"2786","J. Milton","J. Milton","QB","DAL","9","","injury-status","Final L 3-19 vs TB","-","-","-","-","-","-","-","-","-","-","-","-","-"
"2787","X. Valladay","X. Valladay","RB","MIN","7","","injury-status","Final W 23-7 vs GB","-","-","-","-","-","-","-","-","-","-","-","-","-"
"2788","J. Wilson","J. Wilson","WR","PHI","7","IR","injury-status ir","Final W 38-35 @ DET","-","-","-","-","-","-","-","-","-","-","-","-","-"
"2789","C. King","C. King","WR","","","","injury-status","BYE","-","-","-","-","-","-","-","-","-","-","-","-","-"
"2790","A. McNulty","A. McNulty","K","","","","injury-status","BYE","-","-","-","-","-","-","-","-","-","-","-","-","-"
"2791","A. Estime","A. Estime","RB","PHI","7","","injury-status","Final W 38-35 @ DET","-","-","-","-","-","-","-","-","-","-","-","-","-"
"2792","D. Gardner","D. Gardner","WR","","","","injury-status","BYE","-","-","-","-","-","-","-","-","-","-","-","-","-"
"2793","E. Dean","E. Dean","TE","","","","injury-status","BYE","-","-","-","-","-","-","-","-","-","-","-","-","-"
"2794","M. Dalena","M. Dalena","WR","","","","injury-status","BYE","-","-","-","-","-","-","-","-","-","-","-","-","-"
"2795","B. Taylor","B. Taylor","WR","","","","injury-status","BYE","-","-","-","-","-","-","-","-","-","-","-","-","-"
"2796","R. Williams","R. Williams","RB","","","","injury-status","BYE","-","-","-","-","-","-","-","-","-","-","-","-","-"
"2797","C. Chapman","C. Chapman","WR","","","","injury-status","BYE","-","-","-","-","-","-","-","-","-","-","-","-","-"
"2798","B. Tremayne","B. Tremayne","WR","CAR","13","","injury-status","Final L 24-26 vs CLE","-","-","-","-","-","-","-","-","-","-","-","-","-"
"2799","K. Williams","K. Williams","WR","PIT","9","","injury-status","Final W 23-20 @ CIN","-","-","-","-","-","-","-","-","-","-","-","-","-"
"2800","M. Duggan","M. Duggan","QB","","","","injury-status","BYE","-","-","-","-","-","-","-","-","-","-","-","-","-"
"2801","J. Kelly","J. Kelly","WR","HOU","6","","injury-status","Final T 20-20 vs IND","-","-","-","-","-","-","-","-","-","-","-","-","-"
"2802","D. Fenwick","D. Fenwick","RB","","","","injury-status","BYE","-","-","-","-","-","-","-","-","-","-","-","-","-"
"2803","J. Fleming","J. Fleming","WR","","","","injury-status","BYE","-","-","-","-","-","-","-","-","-","-","-","-","-"
"2804","C. Beck","C. Beck","WR","","","","injury-status","BYE","-","-","-","-","-","-","-","-","-","-","-","-","-"
"2805","I. Adeyi","I. Adeyi","WR","","","","injury-status","BYE","-","-","-","-","-","-","-","-","-","-","-","-","-"
"2806","J. George","J. George","WR","","","","injury-status","BYE","-","-","-","-","-","-","-","-","-","-","-","-","-"
"2807","E. Jenkins","E. Jenkins","TE","PHI","7","","injury-status","Final W 38-35 @ DET","-","-","-","-","-","-","-","-","-","-","-","-","-"
"2808","J. Lingenfelter","J. Lingenfelter","TE","","","","injury-status","BYE","-","-","-","-","-","-","-","-","-","-","-","-","-"
"2809","D. Hardy","D. Hardy","WR","","","","injury-status","BYE","-","-","-","-","-","-","-","-","-","-","-","-","-"
"2810","L. Wester","L. Wester","WR","BAL","10","","injury-status","Final W 24-9 @ NYJ","-","-","-","-","-","-","-","-","-","-","-","-","-"
"2811","T. Williams","T. Williams","RB","","","","injury-status","BYE","-","-","-","-","-","-","-","-","-","-","-","-","-"
"2812","O. Gadsden","O. Gadsden","TE","LAC","8","","injury-status","Final W 24-19 vs LV","-","-","-","-","-","-","-","-","-","-","-","-","-"
"2813","T. James","T. James","WR","","","","injury-status","BYE","-","-","-","-","-","-","-","-","-","-","-","-","-"
"2814","D. Walker","D. Walker","WR","BAL","10","","injury-status","Final W 24-9 @ NYJ","-","-","-","-","-","-","-","-","-","-","-","-","-"
"2815","T. Grimes","T. Grimes","WR","","","","injury-status","BYE","-","-","-","-","-","-","-","-","-","-","-","-","-"
"2816","J. King","J. King","WR","","","","injury-status","BYE","-","-","-","-","-","-","-","-","-","-","-","-","-"
"2817","J. McLaughlin","J. McLaughlin","RB","DEN","9","","injury-status","Final L 16-17 @ SEA","-","-","-","-","-","-","-","-","-","-","-","-","-"
"2818","O. Hampton","O. Hampton","RB","LAC","8","","injury-status","Final W 24-19 vs LV","-","-","-","-","-","-","-","-","-","-","-","-","-"
"2819","K. Boutte","K. Boutte","WR","NE","10","","injury-status","Final L 7-20 @ MIA","-","-","-","-","-","-","-","-","-","-","-","-","-"
"2820","C. Sims","C. Sims","TE","","","","injury-status","BYE","-","-","-","-","-","-","-","-","-","-","-","-","-"
"2821","D. Singer","D. Singer","WR","","","","injury-status","BYE","-","-","-","-","-","-","-","-","-","-","-","-","-"
"2822","J. Cowing","J. Cowing","WR","SF","9","IR","injury-status ir","Final L 10-19 @ CHI","-","-","-","-","-","-","-","-","-","-","-","-","-"
"2823","K. Milton","K. Milton","RB","CIN","10","","injury-status","Final L 20-23 vs PIT","-","-","-","-","-","-","-","-","-","-","-","-","-"
"2824","B. Irving","B. Irving","RB","TB","11","","injury-status","Final W 19-3 @ DAL","-","-","-","-","-","-","-","-","-","-","-","-","-"
"2825","P. Washington","P. Washington","WR","JAX","11","","injury-status","Final L 22-28 @ WAS","-","-","-","-","-","-","-","-","-","-","-","-","-"
"2826","J. Kapp","J. Kapp","WR","","","","injury-status","BYE","-","-","-","-","-","-","-","-","-","-","-","-","-"
"2827","B. Gabbert","B. Gabbert","QB","","","","injury-status","BYE","-","-","-","-","-","-","-","-","-","-","-","-","-"
"2828","B. Aubrey","B. Aubrey","K","DAL","9","","injury-status","Final L 3-19 vs TB","-","-","-","-","-","-","-","-","-","-","-","-","-"
"2829","K. Dent","K. Dent","QB","","","","injury-status","BYE","-","-","-","-","-","-","-","-","-","-","-","-","-"