"index","short_name","name","position","team","bye_week","injury_text","injury_class","game_status","points","stat_2","stat_3","stat_4","stat_5","stat_6","stat_7","stat_8","stat_9","stat_10","stat_11","stat_12"
"1","J. Winston","J. Winston","QB","NO","14","","injury-status","Final W 27-26 @ ATL","46","5","16","-","-","-","-","-","73","115","858","4"
"2","M. Mariota","M. Mariota","QB","ATL","14","Ques","injury-status questionable","Final L 26-27 vs NO","198","85","438","4","-","-","-","-","184","300","2219","15"
"3","Z. Wilson","Z. Wilson","QB","NYJ","10","","injury-status","Final L 9-24 vs BAL","104","28","102","1","1","1","2","1","132","242","1688","6"
"4","M. Ryan","M. Ryan","QB","IND","14","","injury-status","Final T 20-20 @ HOU","153","27","70","1","-","-","-","-","309","461","3057","14"
"5","M. Jones","M. Jones","QB","NE","10","Ques","injury-status questionable","Final L 7-20 @ MIA","176","47","102","1","-","-","-","-","288","442","2997","14"
"6","J. Garoppolo","J. Garoppolo","QB","SF","9","","injury-status","Final L 10-19 @ CHI","166","23","33","2","-","-","-","-","207","308","2437","16"
"7","D. Mills","D. Mills","QB","HOU","6","","injury-status","Final T 20-20 vs IND","189","32","108","2","-","-","-","-","292","479","3118","17"
"8","B. Hall","B. Hall","RB","NYJ","10","","injury-status","Final L 9-24 vs BAL","105","80","463","4","19","31","218","1","-","-","-","-"
"9","M. Gordon","M. Gordon","RB","KC","8","","injury-status","Final W 44-21 @ ARI","70","90","318","2","25","32","223","-","-","-","-","-"
"10","C. Edwards-Helaire","C. Edwards-Helaire","RB","KC","8","","injury-status","Final W 44-21 @ ARI","90","71","302","3","17","23","151","3","-","-","-","-"
"11","C. Wentz","C. Wentz","QB","WAS","14","","injury-status","Final W 28-22 vs JAX","116","22","86","1","-","-","-","-","172","276","1755","11"
"12","B. Cooks","B. Cooks","WR","HOU","6","","injury-status","Final T 20-20 vs IND","117","2","7","-","57","93","699","3","-","-","-","-"
"13","C. Samuel","C. Samuel","WR","WAS","14","Ques","injury-status questionable","Final W 28-22 vs JAX","143","38","187","1","64","92","656","4","-","-","-","-"
"14","S. Ehlinger","S. Ehlinger","QB","IND","14","","injury-status","Final T 20-20 @ HOU","37","17","87","-","-","-","-","-","64","101","573","3"
"15","K. Pickett","K. Pickett","QB","PIT","9","Ques","injury-status questionable","Final W 23-20 @ CIN","155","55","237","3","-","-","-","-","245","389","2404","7"
"16","M. Boone","M. Boone","RB","DEN","9","","injury-status","Final L 16-17 @ SEA","24","24","102","-","9","15","96","-","-","-","-","-"
"17","R. Doubs","R. Doubs","WR","GB","14","","injury-status","Final L 7-23 @ MIN","79","1","11","-","42","67","425","3","-","-","-","-"
"18","J. Brissett","J. Brissett","QB","CLE","9","","injury-status","Final W 26-24 @ CAR","169","49","243","2","-","-","-","-","236","369","2608","12"
"19","K. Gainwell","K. Gainwell","RB","PHI","7","","injury-status","Final W 38-35 @ DET","76","53","240","4","23","29","169","-","-","-","-","-"
"20","A. Mattison","A. Mattison","RB","MIN","7","IR","injury-status ir","Final W 23-7 vs GB","81","74","283","5","15","18","91","1","-","-","-","-"
"21","N. Miller-Hines","N. Miller-Hines","RB","BUF","7","","injury-status","Final W 31-10 @ LAR","64","24","33","1","30","37","241","1","-","-","-","-"
"22","C. Claypool","C. Claypool","WR","CHI","14","Ques","injury-status questionable","Final W 19-10 vs SF","81","9","59","-","46","79","451","1","1","1","1","1"
"23","D. Watson","D. Watson","QB","CLE","9","PUP","injury-status pup","Final W 26-24 @ CAR","90","36","175","1","-","-","-","-","99","170","1102","7"
"24","B. Mayfield","B. Mayfield","QB","LAR","7","","injury-status","Final L 10-31 vs BUF","120","31","89","1","-","-","-","-","201","335","2163","10"
"25","N. Brown","N. Brown","WR","DAL","9","Ques","injury-status questionable","Final L 3-19 vs TB","92","-","-","-","43","74","555","3","-","-","-","-"
"26","R. Moore","R. Moore","WR","ARI","13","IR","injury-status ir","Final L 21-44 vs KC","67","6","-5","-","41","56","414","1","-","-","-","-"
"27","D. Njoku","D. Njoku","TE","CLE","9","","injury-status","Final W 26-24 @ CAR","112","2","-8","-","58","80","628","4","-","-","-","-"
"28","R. Gage","R. Gage","WR","TB","11","Ques","injury-status questionable","Final W 19-3 @ DAL","97","-","-","-","51","70","426","5","-","-","-","-"
"29","D. Parker","D. Parker","WR","NE","10","","injury-status","Final L 7-20 @ MIA","87","-","-","-","31","47","539","3","-","-","-","-"
"30","M. Ingram","M. Ingram","RB","NO","14","","injury-status","Final W 27-26 @ ATL","40","62","233","1","16","18","68","-","-","-","-","-"
"31","J. Landry","J. Landry","WR","NO","14","","injury-status","Final W 27-26 @ ATL","47","-","-","-","25","39","272","1","-","-","-","-"
"32","K. Hamler","K. Hamler","WR","DEN","9","","injury-status","Final L 16-17 @ SEA","22","2","23","-","7","14","165","-","-","-","-","-"
"33","I. Spiller","I. Spiller","RB","LAC","8","","injury-status","Final W 24-19 vs LV","7","18","41","-","3","3","13","-","-","-","-","-"
"34","S. Moore","S. Moore","WR","KC","8","","injury-status","Final W 44-21 @ ARI","29","3","24","-","22","33","250","-","-","-","-","-"
"35","K. Osborn","K. Osborn","WR","MIN","7","","injury-status","Final W 23-7 vs GB","125","3","6","-","60","90","650","5","-","-","-","-"
"36","R. Cobb","R. Cobb","WR","GB","14","","injury-status","Final L 7-23 @ MIN","64","-","-","-","34","50","417","1","-","-","-","-"
"37","D. Hilliard","D. Hilliard","RB","TEN","6","Ques","injury-status questionable","Final L 20-21 vs NYG","67","22","145","-","21","26","177","4","-","-","-","-"
"38","M. Trubisky","M. Trubisky","QB","PIT","9","","injury-status","Final W 23-20 @ CIN","79","19","38","2","-","-","-","-","117","180","1252","4"
"39","N. Agholor","N. Agholor","WR","NE","10","","injury-status","Final L 7-20 @ MIA","58","-","-","-","31","53","362","2","-","-","-","-"
"40","H. Renfrow","H. Renfrow","WR","LV","6","","injury-status","Final L 19-24 @ LAC","58","-","-","-","36","50","330","2","-","-","-","-"
"41","R. Chosen","R. Chosen","WR","ARI","13","","injury-status","Final L 21-44 vs KC","41","-","-","-","20","44","282","1","-","-","-","-"
"42","R. James","R. James","WR","NYG","9","","injury-status","Final W 21-20 @ TEN","101","2","6","-","57","70","569","4","-","-","-","-"
"43","C. Edmonds","C. Edmonds","RB","DEN","9","","injury-status","Final L 16-17 @ SEA","66","68","245","2","16","24","157","1","-","-","-","-"
"44","Z. White","Z. White","RB","LV","6","","injury-status","Final L 19-24 @ LAC","7","17","70","-","-","-","-","-","-","-","-","-"
"45","N. Westbrook-Ikhine","N. Westbrook-Ikhine","WR","TEN","6","","injury-status","Final L 20-21 vs NYG","70","-","-","-","25","50","397","3","-","-","-","-"
"46","C. Davis","C. Davis","WR","NYJ","10","","injury-status","Final L 9-24 vs BAL","82","-","-","-","32","64","536","2","-","-","-","-"
"47","J. Tolbert","J. Tolbert","WR","DAL","9","","injury-status","Final L 3-19 vs TB","2","-","-","-","2","3","12","-","-","-","-","-"
"48","C. Wilson","C. Wilson","WR","MIA","11","","injury-status","Final W 20-7 vs NE","20","1","8","-","12","18","136","-","-","-","-","-"
"49","E. Benjamin","E. Benjamin","RB","NO","14","","injury-status","Final W 27-26 @ ATL","77","77","313","2","25","34","193","-","-","-","-","-"
"50","Tampa Bay. Buccaneers","Tampa Bay. Buccaneers","DEF","TB","11","","injury-status","Final W 19-3 @ DAL","117","-","-","-","-","-","-","-","-","-","-","-"
"51","K. Bourne","K. Bourne","WR","NE","10","Ques","injury-status questionable","Final L 7-20 @ MIA","69","6","39","-","35","48","434","1","-","-","-","-"
"52","B. Scott","B. Scott","RB","PHI","7","","injury-status","Final W 38-35 @ DET","44","54","217","3","5","6","15","-","-","-","-","-"
"53","D. Bell","D. Bell","WR","CLE","9","PUP","injury-status pup","Final W 26-24 @ CAR","33","-","-","-","24","35","214","-","-","-","-","-"
"54","M. Prater","M. Prater","K","ARI","13","Ques","injury-status questionable","Final L 21-44 vs KC","95","-","-","-","-","-","-","-","-","-","-","-"
"55","J. McKissic","J. McKissic","RB","WAS","14","Ques","injury-status questionable","Final W 28-22 vs JAX","42","22","95","-","27","40","173","-","-","-","-","-"
"56","T. Hill","T. Hill","TE","NO","14","PUP","injury-status pup","Final W 27-26 @ ATL","139","96","575","7","9","13","77","2","13","19","240","2"
"57","B. Pringle","B. Pringle","WR","CHI","14","","injury-status","Final W 19-10 vs SF","31","-","-","-","10","16","135","2","-","-","-","-"
"58","E. Mitchell","E. Mitchell","RB","SF","9","","injury-status","Final L 10-19 @ CHI","42","45","279","2","3","4","7","-","-","-","-","-"
"59","New Orleans. Saints","New Orleans. Saints","DEF","NO","14","","injury-status","Final W 27-26 @ ATL","124","-","-","-","-","-","-","-","-","-","-","-"
"60","Q. Watkins","Q. Watkins","WR","PHI","7","Ques","injury-status questionable","Final W 38-35 @ DET","67","3","1","-","33","51","354","3","-","-","-","-"
"61","T. Marshall","T. Marshall","WR","CAR","13","","injury-status","Final L 24-26 vs CLE","67","-","-","-","28","47","490","1","-","-","-","-"
"62","A. Green","A. Green","WR","ARI","13","","injury-status","Final L 21-44 vs KC","50","-","-","-","24","47","236","2","-","-","-","-"
"63","Los Angeles. Rams","Los Angeles. Rams","DEF","LAR","7","","injury-status","Final L 10-31 vs BUF","113","-","-","-","-","-","-","-","-","-","-","-"
"64","B. Berrios","B. Berrios","WR","NYJ","10","","injury-status","Final L 9-24 vs BAL","48","9","91","2","18","32","145","-","1","1","2","1"
"65","J. Reynolds","J. Reynolds","WR","DET","6","","injury-status","Final L 35-38 vs PHI","85","-","-","-","38","59","479","3","-","-","-","-"
"66","Green Bay. Packers","Green Bay. Packers","DEF","GB","14","","injury-status","Final L 7-23 @ MIN","129","-","-","-","-","-","-","-","-","-","-","-"
"67","D. Harty","D. Harty","WR","NO","14","Ques","injury-status questionable","Final W 27-26 @ ATL","-1","-","-","-","2","2","13","-","-","-","-","-"
"68","Los Angeles. Chargers","Los Angeles. Chargers","DEF","LAC","8","","injury-status","Final W 24-19 vs LV","115","-","-","-","-","-","-","-","-","-","-","-"
"69","Cleveland. Browns","Cleveland. Browns","DEF","CLE","9","","injury-status","Final W 26-24 @ CAR","120","-","-","-","-","-","-","-","-","-","-","-"
"70","Cincinnati. Bengals","Cincinnati. Bengals","DEF","CIN","10","","injury-status","Final L 20-23 vs PIT","125","-","-","-","-","-","-","-","-","-","-","-"
"71","Carolina. Panthers","Carolina. Panthers","DEF","CAR","13","","injury-status","Final L 24-26 vs CLE","120","-","-","-","-","-","-","-","-","-","-","-"
"72","Arizona. Cardinals","Arizona. Cardinals","DEF","ARI","13","","injury-status","Final L 21-44 vs KC","115","-","-","-","-","-","-","-","-","-","-","-"
"73","B. Edwards","B. Edwards","WR","","","","injury-status","BYE","3","-","-","-","3","5","15","-","-","-","-","-"
"74","Denver. Broncos","Denver. Broncos","DEF","DEN","9","","injury-status","Final L 16-17 @ SEA","117","-","-","-","-","-","-","-","-","-","-","-"
"75","Y. Koo","Y. Koo","K","ATL","14","","injury-status","Final L 26-27 vs NO","145","-","-","-","-","-","-","-","-","-","-","-"
"76","Las Vegas. Raiders","Las Vegas. Raiders","DEF","LV","6","","injury-status","Final L 19-24 @ LAC","88","-","-","-","-","-","-","-","-","-","-","-"
"77","Washington. Commanders","Washington. Commanders","DEF","WAS","14","","injury-status","Final W 28-22 vs JAX","124","-","-","-","-","-","-","-","-","-","-","-"
"78","S. Watkins","S. Watkins","WR","BAL","10","","injury-status","Final W 24-9 @ NYJ","38","-","-","-","16","27","325","-","-","-","-","-"
"79","C. McLaughlin","C. McLaughlin","K","IND","14","","injury-status","Final T 20-20 @ HOU","132","-","-","-","-","-","-","-","-","-","-","-"
"80","B. Skowronek","B. Skowronek","WR","LAR","7","","injury-status","Final L 10-31 vs BUF","65","1","17","1","39","61","376","-","-","-","-","-"
"81","J. Proche","J. Proche","WR","BAL","10","","injury-status","Final W 24-9 @ NYJ","9","-","-","-","8","17","62","-","-","1","-","-"
"82","B. McManus","B. McManus","K","DEN","9","","injury-status","Final L 16-17 @ SEA","125","-","-","-","-","-","-","-","-","-","-","-"
"83","A. Dalton","A. Dalton","QB","NO","14","Ques","injury-status questionable","Final W 27-26 @ ATL","178","30","54","-","-","-","-","-","252","378","2871","18"
"84","I. Smith","I. Smith","TE","MIN","7","IR","injury-status ir","Final W 23-7 vs GB","42","-","-","-","25","36","182","2","-","-","-","-"
"85","S. Michel","S. Michel","RB","","","","injury-status","BYE","20","36","106","-","9","13","53","-","-","-","-","-"
"86","J. Slye","J. Slye","K","WAS","14","","injury-status","Final W 28-22 vs JAX","106","-","-","-","-","-","-","-","-","-","-","-"
"87","C. Brate","C. Brate","TE","TB","11","","injury-status","Final W 19-3 @ DAL","27","-","-","-","20","38","174","-","-","-","-","-"
"88","L. Thomas","L. Thomas","TE","WAS","14","","injury-status","Final W 28-22 vs JAX","58","-","-","-","39","61","323","1","-","-","-","-"
"89","R. Succop","R. Succop","K","TB","11","","injury-status","Final W 19-3 @ DAL","125","-","-","-","-","-","-","-","-","-","-","-"
"90","A. Seibert","A. Seibert","K","","","Ques","injury-status questionable","BYE","21","-","-","-","-","-","-","-","-","-","-","-"
"91","J. Elliott","J. Elliott","K","PHI","7","","injury-status","Final W 38-35 @ DET","117","-","-","-","-","-","-","-","-","-","-","-"
"92","D. Hopkins","D. Hopkins","K","LAC","8","","injury-status","Final W 24-19 vs LV","39","-","-","-","-","-","-","-","-","-","-","-"
"93","G. Zuerlein","G. Zuerlein","K","NYJ","10","Ques","injury-status questionable","Final L 9-24 vs BAL","131","-","-","-","-","-","-","-","-","-","-","-"
"94","M. Gesicki","M. Gesicki","TE","MIA","11","Ques","injury-status questionable","Final W 20-7 vs NE","82","-","-","-","32","52","362","5","-","-","-","-"
"95","J. Mason","J. Mason","RB","SF","9","","injury-status","Final L 10-19 @ CHI","32","43","258","1","-","-","-","-","-","-","-","-"
"96","M. Crosby","M. Crosby","K","GB","14","","injury-status","Final L 7-23 @ MIN","114","-","-","-","-","-","-","-","-","-","-","-"
"97","New York. Giants","New York. Giants","DEF","NYG","9","","injury-status","Final W 21-20 @ TEN","125","-","-","-","-","-","-","-","-","-","-","-"
"98","O. Beckham","O. Beckham","WR","","","","injury-status","BYE","-","-","-","-","-","-","-","-","-","-","-","-"
"99","J. Sanders","J. Sanders","K","MIA","11","IR","injury-status ir","Final W 20-7 vs NE","126","-","-","-","-","-","-","-","-","-","-","-"
"100","R. Bullock","R. Bullock","K","TEN","6","","injury-status","Final L 20-21 vs NYG","84","-","-","-","-","-","-","-","-","-","-","-"
"101","Chicago. Bears","Chicago. Bears","DEF","CHI","14","","injury-status","Final W 19-10 vs SF","70","-","-","-","-","-","-","-","-","-","-","-"
"102","T. Davis-Price","T. Davis-Price","RB","SF","9","","injury-status","Final L 10-19 @ CHI","10","34","99","-","-","2","-","-","-","-","-","-"
"103","G. Joseph","G. Joseph","K","MIN","7","","injury-status","Final W 23-7 vs GB","120","-","-","-","-","-","-","-","-","-","-","-"
"104","I. Likely","I. Likely","TE","BAL","10","Ques","injury-status questionable","Final W 24-9 @ NYJ","73","-","-","-","36","60","373","3","-","-","-","-"
"105","R. Gould","R. Gould","K","SF","9","","injury-status","Final L 10-19 @ CHI","136","-","-","-","-","-","-","-","-","-","-","-"
"106","C. Boswell","C. Boswell","K","PIT","9","","injury-status","Final W 23-20 @ CIN","89","-","-","-","-","-","-","-","-","-","-","-"
"107","Detroit. Lions","Detroit. Lions","DEF","DET","6","","injury-status","Final L 35-38 vs PHI","111","-","-","-","-","-","-","-","-","-","-","-"
"108","D. Williams","D. Williams","RB","ARI","13","","injury-status","Final L 21-44 vs KC","19","21","102","1","4","8","9","-","-","-","-","-"
"109","Atlanta. Falcons","Atlanta. Falcons","DEF","ATL","14","","injury-status","Final L 26-27 vs NO","97","-","-","-","-","-","-","-","-","-","-","-"
"110","C. Evans","C. Evans","RB","CIN","10","","injury-status","Final L 20-23 vs PIT","11","-","-","-","3","4","38","1","-","-","-","-"
"111","B. Jordan","B. Jordan","TE","HOU","6","IR","injury-status ir","Final T 20-20 vs IND","20","-","-","-","14","28","128","-","-","-","-","-"
"112","A. Hooper","A. Hooper","TE","TEN","6","","injury-status","Final L 20-21 vs NYG","77","-","-","-","41","60","444","2","-","-","-","-"
"113","T. Thornton","T. Thornton","WR","NE","10","","injury-status","Final L 7-20 @ MIA","55","3","16","1","22","45","247","2","-","-","-","-"
"114","C. Santos","C. Santos","K","CHI","14","","injury-status","Final W 19-10 vs SF","97","-","-","-","-","-","-","-","-","-","-","-"
"115","S. Darnold","S. Darnold","QB","CAR","13","","injury-status","Final L 24-26 vs CLE","83","26","106","2","-","-","-","-","82","140","1143","7"
"116","M. Callaway","M. Callaway","WR","NO","14","","injury-status","Final W 27-26 @ ATL","30","-","-","-","16","32","158","1","-","-","-","-"
"117","K. Fairbairn","K. Fairbairn","K","HOU","6","","injury-status","Final T 20-20 vs IND","130","-","-","-","-","-","-","-","-","-","-","-"
"118","T. Conklin","T. Conklin","TE","NYJ","10","","injury-status","Final L 9-24 vs BAL","101","2","3","-","58","87","552","3","-","-","-","-"
"119","Houston. Texans","Houston. Texans","DEF","HOU","6","","injury-status","Final T 20-20 vs IND","120","-","-","-","-","-","-","-","-","-","-","-"
"120","K. Golladay","K. Golladay","WR","NYG","9","","injury-status","Final W 21-20 @ TEN","17","-","-","-","6","17","81","1","-","-","-","-"
"121","K. Ingram","K. Ingram","RB","ARI","13","IR","injury-status ir","Final L 21-44 vs KC","16","27","60","1","4","5","21","-","-","-","-","-"
"122","J. Hill","J. Hill","RB","BAL","10","","injury-status","Final W 24-9 @ NYJ","34","49","262","-","12","12","58","-","-","-","-","-"
"123","C. Rush","C. Rush","QB","DAL","9","","injury-status","Final L 3-19 vs TB","58","9","6","-","-","-","-","-","94","162","1051","5"
"124","C. Reynolds","C. Reynolds","RB","DET","6","","injury-status","Final L 35-38 vs PHI","26","23","102","-","9","10","116","-","-","-","-","-"
"125","B. Bolden","B. Bolden","RB","LV","6","","injury-status","Final L 19-24 @ LAC","23","17","66","-","9","9","57","1","-","-","-","-"
"126","M. Alie-Cox","M. Alie-Cox","TE","IND","14","","injury-status","Final T 20-20 @ HOU","43","-","-","-","19","28","189","3","-","-","-","-"
"127","T. Sermon","T. Sermon","RB","PHI","7","","injury-status","Final W 38-35 @ DET","2","2","19","-","-","-","-","-","-","-","-","-"
"128","M. Johnson","M. Johnson","WR","NYG","9","","injury-status","Final W 21-20 @ TEN","14","-","-","-","9","22","99","-","-","-","-","-"
"129","D. Johnson","D. Johnson","RB","CLE","9","","injury-status","Final W 26-24 @ CAR","4","4","17","-","3","3","7","-","-","-","-","-"
"130","A. Abdullah","A. Abdullah","RB","LV","6","Ques","injury-status questionable","Final L 19-24 @ LAC","42","4","20","-","25","32","211","1","-","-","-","-"
"131","O. Zaccheaus","O. Zaccheaus","WR","ATL","14","","injury-status","Final L 26-27 vs NO","89","2","7","-","40","61","533","3","-","-","-","-"
"132","E. Pineiro","E. Pineiro","K","CAR","13","","injury-status","Final L 24-26 vs CLE","142","-","-","-","-","-","-","-","-","-","-","-"
"133","M. Breida","M. Breida","RB","NYG","9","","injury-status","Final W 21-20 @ TEN","50","54","220","1","20","25","118","-","-","-","-","-"
"134","R. Patterson","R. Patterson","K","JAX","11","","injury-status","Final L 22-28 @ WAS","134","-","-","-","-","-","-","-","-","-","-","-"
"135","A. Brown","A. Brown","WR","","","","injury-status","BYE","-","-","-","-","-","-","-","-","-","-","-","-"
"136","A. Schwartz","A. Schwartz","WR","CLE","9","Ques","injury-status questionable","Final W 26-24 @ CAR","16","4","57","1","4","10","51","-","-","-","-","-"
"137","J. Jennings","J. Jennings","WR","SF","9","Ques","injury-status questionable","Final L 10-19 @ CHI","64","-","-","-","35","56","416","1","-","-","-","-"
"138","D. Ridder","D. Ridder","QB","ATL","14","","injury-status","Final L 26-27 vs NO","36","16","64","-","-","-","-","-","73","115","708","2"
"139","K. Philips","K. Philips","WR","TEN","6","","injury-status","Final L 20-21 vs NYG","6","-","-","-","8","13","78","-","-","-","-","-"
"140","N. Fant","N. Fant","TE","SEA","11","","injury-status","Final W 17-16 vs DEN","98","-","-","-","50","63","486","4","-","-","-","-"
"141","C. Otton","C. Otton","TE","TB","11","Ques","injury-status questionable","Final W 19-3 @ DAL","72","-","-","-","42","65","391","2","-","-","-","-"
"142","P. Dorsett","P. Dorsett","WR","HOU","6","","injury-status","Final T 20-20 vs IND","42","-","-","-","20","40","257","1","-","1","-","-"
"143","R. Higgins","R. Higgins","WR","CAR","13","","injury-status","Final L 24-26 vs CLE","-","-","-","-","-","-","-","-","-","-","-","-"
"144","T. Atwell","T. Atwell","WR","LAR","7","","injury-status","Final L 10-31 vs BUF","54","9","34","1","18","35","298","1","-","-","-","-"
"145","W. Dissly","W. Dissly","TE","SEA","11","","injury-status","Final W 17-16 vs DEN","72","-","-","-","34","38","349","3","-","-","-","-"
"146","L. Shenault","L. Shenault","WR","CAR","13","","injury-status","Final L 24-26 vs CLE","59","9","65","1","27","32","272","1","-","-","-","-"
"147","F. Swain","F. Swain","WR","DEN","9","Ques","injury-status questionable","Final L 16-17 @ SEA","8","-","-","-","4","6","74","-","-","-","-","-"
"148","A. Okwuegbunam","A. Okwuegbunam","TE","DEN","9","","injury-status","Final L 16-17 @ SEA","21","-","-","-","10","18","95","1","-","-","-","-"
"149","C. Conley","C. Conley","WR","TEN","6","","injury-status","Final L 20-21 vs NYG","7","-","-","-","4","7","46","-","-","-","-","-"
"150","D. Williams","D. Williams","RB","","","Ques","injury-status questionable","BYE","0","2","2","-","-","-","-","-","-","-","-","-"
"151","J. Washington","J. Washington","WR","","","","injury-status","BYE","-","-","-","-","-","1","-","-","-","-","-","-"
"152","D. Sills","D. Sills","WR","NYG","9","","injury-status","Final W 21-20 @ TEN","16","-","-","-","11","17","106","-","-","-","-","-"
"153","D. Dallas","D. Dallas","RB","SEA","11","","injury-status","Final W 17-16 vs DEN","39","35","186","-","17","19","126","-","-","1","-","-"
"154","M. Davis","M. Davis","RB","","","","injury-status","BYE","2","8","18","-","2","2","4","-","-","-","-","-"
"155","M. Gaskin","M. Gaskin","RB","MIA","11","","injury-status","Final W 20-7 vs NE","7","10","26","-","4","6","28","-","-","-","-","-"
"156","D. Felton","D. Felton","RB","CLE","9","","injury-status","Final W 26-24 @ CAR","0","1","-4","-","2","4","8","-","-","-","-","-"
"157","C. York","C. York","K","CLE","9","","injury-status","Final W 26-24 @ CAR","111","-","-","-","-","-","-","-","-","-","-","-"
"158","J. Guyton","J. Guyton","WR","LAC","8","","injury-status","Final W 24-19 vs LV","7","-","-","-","2","4","64","-","-","-","-","-"
"159","T. Homer","T. Homer","RB","SEA","11","IR","injury-status ir","Final W 17-16 vs DEN","35","19","74","-","16","18","157","1","-","-","-","-"
"160","D. Lock","D. Lock","QB","SEA","11","","injury-status","Final W 17-16 vs DEN","-","-","-","-","-","-","-","-","-","-","-","-"
"161","A. Rodgers","A. Rodgers","WR","HOU","6","","injury-status","Final T 20-20 vs IND","25","2","7","-","16","25","204","1","-","-","-","-"
"162","R. Jones","R. Jones","RB","KC","8","","injury-status","Final W 44-21 @ ARI","16","17","70","1","1","1","22","-","-","-","-","-"
"163","M. Willis","M. Willis","QB","TEN","6","","injury-status","Final L 20-21 vs NYG","19","27","123","1","-","-","-","-","31","61","276","-"
"164","T. Hudson","T. Hudson","TE","CIN","10","","injury-status","Final L 20-23 vs PIT","18","-","-","-","10","15","132","-","-","-","-","-"
"165","K. Cole","K. Cole","WR","LV","6","","injury-status","Final L 19-24 @ LAC","24","-","-","-","10","21","141","1","-","-","-","-"
"166","N. Foles","N. Foles","QB","IND","14","","injury-status","Final T 20-20 @ HOU","6","2","8","-","-","-","-","-","25","42","224","-"
"167","J. Crowder","J. Crowder","WR","BUF","7","","injury-status","Final W 31-10 @ LAR","8","-","-","-","6","13","60","-","-","-","-","-"
"168","L. Treadwell","L. Treadwell","WR","SEA","11","","injury-status","Final W 17-16 vs DEN","7","-","-","-","6","10","42","-","-","-","-","-"
"169","D. Bellinger","D. Bellinger","TE","NYG","9","","injury-status","Final W 21-20 @ TEN","59","1","2","1","30","35","268","2","-","-","-","-"
"170","C. Beasley","C. Beasley","WR","BUF","7","","injury-status","Final W 31-10 @ LAR","7","-","-","-","6","8","35","-","-","-","-","-"
"171","D. Parham","D. Parham","TE","LAC","8","IR","injury-status ir","Final W 24-19 vs LV","24","-","-","-","10","12","130","1","-","-","-","-"
"172","R. McCloud","R. McCloud","WR","SF","9","","injury-status","Final L 10-19 @ CHI","49","4","78","1","14","25","243","1","-","-","-","-"
"173","E. St. Brown","E. St. Brown","WR","CHI","14","Ques","injury-status questionable","Final W 19-10 vs SF","53","6","54","-","21","38","323","1","-","-","-","-"
"174","D. Eskridge","D. Eskridge","WR","SEA","11","Ques","injury-status questionable","Final W 17-16 vs DEN","10","2","10","-","7","13","58","-","-","-","-","-"
"175","B. Purdy","B. Purdy","QB","SF","9","","injury-status","Final L 10-19 @ CHI","110","22","13","1","-","-","-","-","114","170","1374","13"
"176","P. Strong","P. Strong","RB","NE","10","IR","injury-status ir","Final L 7-20 @ MIA","24","10","100","1","7","7","42","-","-","-","-","-"
"177","D. Sample","D. Sample","TE","CIN","10","Ques","injury-status questionable","Final L 20-23 vs PIT","1","-","-","-","2","2","-2","-","-","-","-","-"
"178","C. Uzomah","C. Uzomah","TE","NYJ","10","Ques","injury-status questionable","Final L 9-24 vs BAL","46","-","-","-","21","27","232","2","-","-","-","-"
"179","P. Lindsay","P. Lindsay","RB","","","","injury-status","BYE","12","15","49","-","6","8","19","-","-","-","-","-"
"180","K. Vaughn","K. Vaughn","RB","TB","11","","injury-status","Final W 19-3 @ DAL","9","17","53","-","3","4","19","-","-","-","-","-"
"181","T. McBride","T. McBride","TE","ARI","13","","injury-status","Final L 21-44 vs KC","46","-","-","-","29","39","265","1","-","-","-","-"
"182","T. Tremble","T. Tremble","TE","CAR","13","Ques","injury-status questionable","Final L 24-26 vs CLE","42","-","-","-","19","32","174","3","-","-","-","-"
"183","K. Nwangwu","K. Nwangwu","RB","MIN","7","","injury-status","Final W 23-7 vs GB","11","9","14","-","2","2","21","-","-","-","-","-"
"184","F. Moreau","F. Moreau","TE","LV","6","PUP","injury-status pup","Final L 19-24 @ LAC","68","-","2","-","33","54","420","2","-","-","-","-"
"185","B. Snell","B. Snell","RB","PIT","9","","injury-status","Final W 23-20 @ CIN","18","20","90","1","2","2","17","-","-","-","-","-"
"186","O. Howard","O. Howard","TE","HOU","6","","injury-status","Final T 20-20 vs IND","32","-","-","-","10","23","145","2","-","-","-","-"
"187","H. Bryant","H. Bryant","TE","CLE","9","","injury-status","Final W 26-24 @ CAR","46","1","8","-","31","42","239","1","-","-","-","-"
"188","D. Smythe","D. Smythe","TE","MIA","11","","injury-status","Final W 20-7 vs NE","33","2","1","1","15","20","129","1","-","-","-","-"
"189","T. Jones","T. Jones","RB","SEA","11","","injury-status","Final W 17-16 vs DEN","8","10","24","-","5","8","30","-","-","-","-","-"
"190","J. Woods","J. Woods","TE","IND","14","","injury-status","Final T 20-20 @ HOU","61","-","-","-","25","40","312","3","-","-","-","-"
"191","B. Zappe","B. Zappe","QB","NE","10","","injury-status","Final L 7-20 @ MIA","38","10","-","-","1","1","-6","-","65","92","781","5"
"192","J. Smith","J. Smith","TE","NE","10","Ques","injury-status questionable","Final L 7-20 @ MIA","38","1","5","-","27","38","245","-","-","-","-","-"
"193","J. Jackson","J. Jackson","RB","DET","6","","injury-status","Final L 35-38 vs PHI","45","42","170","1","12","19","101","1","-","-","-","-"
"194","K. Hodge","K. Hodge","WR","ATL","14","","injury-status","Final L 26-27 vs NO","35","-","-","-","13","20","202","1","-","-","-","-"
"195","B. Bell","B. Bell","TE","KC","8","","injury-status","Final W 44-21 @ ARI","9","-","-","-","2","2","20","1","-","-","-","-"
"196","D. Robinson","D. Robinson","WR","BAL","10","Sus","injury-status sus","Final W 24-9 @ NYJ","78","-","-","-","48","75","458","2","-","-","-","-"
"197","V. Jones","V. Jones","WR","CHI","14","","injury-status","Final W 19-10 vs SF","28","9","103","1","7","14","107","1","-","-","-","-"
"198","K. Hill","K. Hill","RB","","","","injury-status","BYE","1","1","7","-","-","-","-","-","-","-","-","-"
"199","J. Bates","J. Bates","TE","WAS","14","","injury-status","Final W 28-22 vs JAX","23","-","-","-","14","22","108","1","-","-","-","-"
"200","K. Granson","K. Granson","TE","IND","14","","injury-status","Final T 20-20 @ HOU","46","1","-","-","31","40","302","-","-","-","-","-"
"201","T. Wallace","T. Wallace","WR","BAL","10","","injury-status","Final W 24-9 @ NYJ","5","-","-","-","4","7","33","-","-","-","-","-"
"202","K. Rudolph","K. Rudolph","TE","TB","11","","injury-status","Final W 19-3 @ DAL","10","-","-","-","3","5","28","1","-","-","-","-"
"203","D. Mims","D. Mims","WR","NYJ","10","","injury-status","Final L 9-24 vs BAL","24","-","-","-","11","25","186","-","-","-","-","-"
"204","G. Brightwell","G. Brightwell","RB","NYG","9","","injury-status","Final W 21-20 @ TEN","28","31","141","1","5","8","39","-","-","-","-","-"
"205","J. Reagor","J. Reagor","WR","MIN","7","Out","injury-status out","Final W 23-7 vs GB","19","4","25","-","8","13","104","1","-","-","-","-"
"206","A. Trautman","A. Trautman","TE","NO","14","","injury-status","Final W 27-26 @ ATL","37","-","-","-","18","22","207","1","-","-","-","-"
"207","S. Smith","S. Smith","WR","CAR","13","Sus","injury-status sus","Final L 24-26 vs CLE","47","-","-","-","22","41","296","2","-","-","-","-"
"208","J. Funk","J. Funk","RB","IND","14","","injury-status","Final T 20-20 @ HOU","-","-","-","-","-","-","-","-","-","-","-","-"
"209","P. Walker","P. Walker","QB","CAR","13","","injury-status","Final L 24-26 vs CLE","42","6","39","-","-","-","-","-","63","106","731","3"
"210","T. Ebner","T. Ebner","RB","CHI","14","Ques","injury-status questionable","Final W 19-10 vs SF","3","24","54","-","2","8","8","-","-","-","-","-"
"211","P. Brown","P. Brown","TE","CLE","9","","injury-status","Final W 26-24 @ CAR","18","-","-","-","12","20","117","-","-","-","-","-"
"212","T. Taylor","T. Taylor","QB","NYG","9","Ques","injury-status questionable","Final W 21-20 @ TEN","10","5","70","-","-","-","-","-","6","8","58","1"
"213","J. Akins","J. Akins","TE","HOU","6","","injury-status","Final T 20-20 vs IND","97","-","-","-","37","54","495","5","-","-","-","-"
"214","D. Fitzpatrick","D. Fitzpatrick","WR","TEN","6","Ques","injury-status questionable","Final L 20-21 vs NYG","-","-","-","-","-","-","-","-","-","-","-","-"
"215","G. Bernard","G. Bernard","RB","TB","11","","injury-status","Final W 19-3 @ DAL","3","8","28","-","2","2","-1","-","-","-","-","-"
"216","J. Agnew","J. Agnew","WR","JAX","11","Ques","injury-status questionable","Final L 22-28 @ WAS","59","12","86","-","23","30","187","3","-","-","-","-"
"217","D. Brown","D. Brown","WR","WAS","14","","injury-status","Final W 28-22 vs JAX","30","1","15","-","5","14","143","2","-","-","-","-"
"218","T. McSorley","T. McSorley","QB","ARI","13","","injury-status","Final L 21-44 vs KC","12","15","61","-","-","-","-","-","45","83","412","-"
"219","Z. Pascal","Z. Pascal","WR","PHI","7","","injury-status","Final W 38-35 @ DET","29","1","-","-","15","19","150","1","-","-","-","-"
"220","J. Driskel","J. Driskel","QB","HOU","6","","injury-status","Final T 20-20 vs IND","17","20","75","-","1","1","4","-","14","20","108","1"
"221","I. Thomas","I. Thomas","TE","CAR","13","","injury-status","Final L 24-26 vs CLE","30","-","-","-","21","30","197","-","-","-","-","-"
"222","K. Raymond","K. Raymond","WR","DET","6","","injury-status","Final L 35-38 vs PHI","90","7","36","-","47","64","616","-","-","-","-","-"
"223","T. Heinicke","T. Heinicke","QB","WAS","14","","injury-status","Final W 28-22 vs JAX","115","28","96","1","-","-","-","-","161","259","1859","12"
"224","Q. Cephus","Q. Cephus","WR","DET","6","","injury-status","Final L 35-38 vs PHI","3","-","-","-","2","3","15","-","-","-","-","-"
"225","J. Ferguson","J. Ferguson","TE","DAL","9","","injury-status","Final L 3-19 vs TB","39","-","-","-","19","22","174","2","-","-","-","-"
"226","B. Perkins","B. Perkins","QB","LAR","7","","injury-status","Final L 10-31 vs BUF","17","19","90","-","-","-","-","-","19","34","161","1"
"227","D. Pettis","D. Pettis","WR","CHI","14","","injury-status","Final W 19-10 vs SF","55","2","37","-","19","41","245","3","-","-","-","-"
"228","T. Sherfield","T. Sherfield","WR","MIA","11","","injury-status","Final W 20-7 vs NE","69","-","-","-","30","51","417","2","-","-","-","-"
"229","M. Mack","M. Mack","RB","DEN","9","Ques","injury-status questionable","Final L 16-17 @ SEA","34","16","84","1","8","10","99","1","-","-","-","-"
"230","M. Lewis","M. Lewis","TE","GB","14","","injury-status","Final L 7-23 @ MIN","24","-","-","-","6","7","66","2","-","-","-","-"
"231","J. Patterson","J. Patterson","RB","WAS","14","Ques","injury-status questionable","Final W 28-22 vs JAX","8","17","78","-","-","1","-","-","-","-","-","-"
"232","B. Wright","B. Wright","TE","DET","6","","injury-status","Final L 35-38 vs PHI","55","-","-","-","18","24","216","4","-","-","-","-"
"233","A. Dulin","A. Dulin","WR","IND","14","Ques","injury-status questionable","Final T 20-20 @ HOU","35","2","8","-","15","22","207","1","-","-","-","-"
"234","P. Williams","P. Williams","WR","CAR","13","","injury-status","Final L 24-26 vs CLE","-","-","-","-","-","-","-","-","-","-","-","-"
"235","D. Arnold","D. Arnold","TE","JAX","11","","injury-status","Final L 22-28 @ WAS","18","-","-","-","9","13","135","-","-","-","-","-"
"236","J. Taylor","J. Taylor","RB","NE","10","","injury-status","Final L 7-20 @ MIA","2","10","9","-","1","1","8","-","-","-","-","-"
"237","Z. Gentry","Z. Gentry","TE","PIT","9","","injury-status","Final W 23-20 @ CIN","23","-","-","-","19","23","132","-","-","-","-","-"
"238","M. Williams","M. Williams","TE","ARI","13","","injury-status","Final L 21-44 vs KC","3","-","-","-","3","3","18","-","-","-","-","-"
"239","K. Hinton","K. Hinton","WR","DEN","9","","injury-status","Final L 16-17 @ SEA","44","2","13","-","24","33","311","-","-","-","-","-"
"240","T. Huntley","T. Huntley","QB","BAL","10","","injury-status","Final W 24-9 @ NYJ","50","43","137","1","-","-","-","-","75","112","658","2"
"241","J. Jefferson","J. Jefferson","RB","DET","6","","injury-status","Final L 35-38 vs PHI","-","-","-","-","-","-","-","-","-","-","-","-"
"242","K. Shakir","K. Shakir","WR","BUF","7","Ques","injury-status questionable","Final W 31-10 @ LAR","29","-","-","-","10","20","161","1","-","-","-","-"
"243","K. Juszczyk","K. Juszczyk","RB","SF","9","","injury-status","Final L 10-19 @ CHI","45","7","26","1","19","23","200","1","-","-","-","-"
"244","F. Franks","F. Franks","TE","ATL","14","","injury-status","Final L 26-27 vs NO","-","1","-","-","-","2","-","-","-","-","-","-"
"245","J. Ruckert","J. Ruckert","TE","NYJ","10","","injury-status","Final L 9-24 vs BAL","1","-","-","-","1","2","8","-","-","-","-","-"
"246","N. Harry","N. Harry","TE","CHI","14","","injury-status","Final W 19-10 vs SF","21","-","-","-","7","9","116","1","-","-","-","-"
"247","C. Kolar","C. Kolar","TE","BAL","10","","injury-status","Final W 24-9 @ NYJ","7","-","-","-","4","6","49","-","-","-","-","-"
"248","A. Beck","A. Beck","RB","DEN","9","","injury-status","Final L 16-17 @ SEA","9","2","-","-","5","11","69","-","-","-","-","-"
"249","C. McCoy","C. McCoy","QB","ARI","13","","injury-status","Final L 21-44 vs KC","34","14","36","-","-","-","-","-","90","132","780","1"
"250","T. Johnson","T. Johnson","RB","NYJ","10","","injury-status","Final L 9-24 vs BAL","37","30","160","1","12","24","88","-","-","-","-","-"
"251","T. Bridgewater","T. Bridgewater","QB","MIA","11","","injury-status","Final W 20-7 vs NE","42","3","27","-","-","-","-","-","49","79","683","4"
"252","I. Hodgins","I. Hodgins","WR","NYG","9","","injury-status","Final W 21-20 @ TEN","81","-","-","-","37","48","392","4","-","-","-","-"
"253","M. Goodwin","M. Goodwin","WR","SEA","11","","injury-status","Final W 17-16 vs DEN","77","2","5","-","27","42","387","4","-","-","-","-"
"254","B. Zylstra","B. Zylstra","WR","DET","6","","injury-status","Final L 35-38 vs PHI","-","-","-","-","-","-","-","-","-","-","-","-"
"255","J. Ross","J. Ross","WR","KC","8","","injury-status","Final W 44-21 @ ARI","-","-","-","-","-","-","-","-","-","-","-","-"
"256","A. Miller","A. Miller","WR","PIT","9","","injury-status","Final W 23-20 @ CIN","-","-","-","-","-","-","-","-","-","-","-","-"
"257","R. Griffin","R. Griffin","TE","CHI","14","","injury-status","Final W 19-10 vs SF","5","-","-","-","4","8","26","-","-","-","-","-"
"258","J. Hasty","J. Hasty","RB","JAX","11","","injury-status","Final L 22-28 @ WAS","60","46","194","2","20","26","126","1","-","-","-","-"
"259","R. Blackshear","R. Blackshear","RB","CAR","13","Ques","injury-status questionable","Final L 24-26 vs CLE","37","23","77","3","10","12","93","-","-","-","-","-"
"260","D. Byrd","D. Byrd","WR","ATL","14","","injury-status","Final L 26-27 vs NO","45","-","-","-","13","23","268","2","-","-","-","-"
"261","A. Isabella","A. Isabella","WR","BAL","10","Ques","injury-status questionable","Final W 24-9 @ NYJ","3","1","1","-","2","5","21","-","-","-","-","-"
"262","R. Freeman","R. Freeman","RB","HOU","6","","injury-status","Final T 20-20 vs IND","15","41","117","-","6","8","33","-","-","-","-","-"
"263","Z. Horvath","Z. Horvath","RB","LAC","8","","injury-status","Final W 24-19 vs LV","16","4","8","-","5","8","8","2","-","-","-","-"
"264","G. Ward","G. Ward","WR","PHI","7","","injury-status","Final W 38-35 @ DET","-","-","-","-","-","-","-","-","-","-","-","-"
"265","S. Miller","S. Miller","WR","TB","11","","injury-status","Final W 19-3 @ DAL","31","1","8","-","23","40","185","-","-","-","-","-"
"266","D. Ogunbowale","D. Ogunbowale","RB","HOU","6","","injury-status","Final T 20-20 vs IND","40","42","123","1","20","26","104","-","-","-","-","-"
"267","M. Pruitt","M. Pruitt","TE","ATL","14","","injury-status","Final L 26-27 vs NO","47","-","-","-","16","21","150","4","-","-","-","-"
"268","R. Cracraft","R. Cracraft","WR","MIA","11","","injury-status","Final W 20-7 vs NE","27","-","-","-","9","14","102","2","-","-","-","-"
"269","T. Kroft","T. Kroft","TE","SF","9","","injury-status","Final L 10-19 @ CHI","8","-","-","-","4","5","57","-","-","-","-","-"
"270","C. Ham","C. Ham","RB","MIN","7","IR","injury-status ir","Final W 23-7 vs GB","26","4","7","2","10","12","86","-","-","-","-","-"
"271","M. Corral","M. Corral","QB","CAR","13","","injury-status","Final L 24-26 vs CLE","-","-","-","-","-","-","-","-","-","-","-","-"
"272","K. Harris","K. Harris","RB","NE","10","","injury-status","Final L 7-20 @ MIA","11","18","52","1","-","-","-","-","-","-","-","-"
"273","S. Fehoko","S. Fehoko","WR","DAL","9","","injury-status","Final L 3-19 vs TB","4","-","-","-","3","4","24","-","-","-","-","-"
"274","J. Smith","J. Smith","WR","NYJ","10","Ques","injury-status questionable","Final L 9-24 vs BAL","17","-","-","-","8","11","134","-","-","-","-","-"
"275","C. Sims","C. Sims","WR","WAS","14","Ques","injury-status questionable","Final W 28-22 vs JAX","13","-","-","-","8","18","89","-","-","-","-","-"
"276","J. Moore","J. Moore","WR","LAC","8","","injury-status","Final W 24-19 vs LV","1","-","-","-","1","2","5","-","-","-","-","-"
"277","E. Saubert","E. Saubert","TE","DEN","9","","injury-status","Final L 16-17 @ SEA","29","-","-","-","15","24","148","1","-","-","-","-"
"278","D. Booker","D. Booker","RB","","","","injury-status","BYE","-","-","-","-","-","-","-","-","-","-","-","-"
"279","T. Coleman","T. Coleman","RB","SF","9","","injury-status","Final L 10-19 @ CHI","21","12","26","1","3","3","44","1","-","-","-","-"
"280","B. Melton","B. Melton","WR","GB","11","","injury-status","Final L 7-23 @ MIN","-","-","-","-","-","-","-","-","-","-","-","-"
"281","T. Johnson","T. Johnson","WR","TB","11","","injury-status","Final W 19-3 @ DAL","-","-","-","-","-","-","-","-","-","-","-","-"
"282","D. Gore","D. Gore","RB","NO","14","","injury-status","Final W 27-26 @ ATL","-","-","-","-","-","-","-","-","-","-","-","-"
"283","S. Sims","S. Sims","WR","PIT","9","Ques","injury-status questionable","Final W 23-20 @ CIN","21","13","70","-","14","23","104","-","-","-","-","-"
"284","D. Gray","D. Gray","WR","SF","9","Ques","injury-status questionable","Final L 10-19 @ CHI","2","1","9","-","1","7","10","-","-","-","-","-"
"285","C. Austin","C. Austin","WR","PIT","9","Ques","injury-status questionable","Final W 23-20 @ CIN","-","-","-","-","-","-","-","-","-","-","-","-"
"286","T. Hilton","T. Hilton","WR","DAL","9","","injury-status","Final L 3-19 vs TB","16","-","-","-","7","10","121","-","-","-","-","-"
"287","J. Stidham","J. Stidham","QB","LV","6","","injury-status","Final L 19-24 @ LAC","43","14","84","-","-","-","-","-","53","83","656","4"
"288","T. Irwin","T. Irwin","WR","CIN","10","","injury-status","Final L 20-23 vs PIT","56","1","11","-","15","23","231","4","-","-","-","-"
"289","B. Perriman","B. Perriman","WR","TB","11","","injury-status","Final W 19-3 @ DAL","17","2","-7","-","9","19","110","1","-","-","-","-"
"290","R. Rivers","R. Rivers","RB","LAR","7","","injury-status","Final L 10-31 vs BUF","8","9","21","-","5","5","29","-","-","-","-","-"
"291","J. James","J. James","TE","CLE","9","","injury-status","Final W 26-24 @ CAR","-","-","-","-","-","-","-","-","-","-","-","-"
"292","M. Brown","M. Brown","RB","LAR","7","","injury-status","Final L 10-31 vs BUF","20","18","81","1","5","6","37","-","-","-","-","-"
"293","C. Parkey","C. Parkey","K","","","","injury-status","BYE","-","-","-","-","-","-","-","-","-","-","-","-"
"294","S. Gostkowski","S. Gostkowski","K","","","","injury-status","BYE","-","-","-","-","-","-","-","-","-","-","-","-"
"295","T. Jones","T. Jones","WR","JAX","11","","injury-status","Final L 22-28 @ WAS","5","-","-","-","3","4","30","-","-","-","-","-"
"296","A. Firkser","A. Firkser","TE","ATL","14","","injury-status","Final L 26-27 vs NO","15","-","-","-","9","13","100","-","-","-","-","-"
"297","D. Houston","D. Houston","WR","DAL","9","","injury-status","Final L 3-19 vs TB","3","-","-","-","2","6","16","-","-","-","-","-"
"298","J. Mundt","J. Mundt","TE","MIN","7","","injury-status","Final W 23-7 vs GB","30","-","-","-","19","21","140","1","-","-","-","-"
"299","T. Badie","T. Badie","RB","DEN","9","","injury-status","Final L 16-17 @ SEA","9","1","-","-","1","1","24","1","-","-","-","-"
"300","A. Baccellia","A. Baccellia","WR","ARI","13","","injury-status","Final L 21-44 vs KC","8","-","-","-","7","10","45","-","-","-","-","-"
"301","D. Patmon","D. Patmon","WR","IND","14","","injury-status","Final T 20-20 @ HOU","3","-","-","-","2","6","24","-","-","-","-","-"
"302","R. Dwelley","R. Dwelley","TE","SF","9","","injury-status","Final L 10-19 @ CHI","19","-","-","-","3","5","105","1","-","-","-","-"
"303","L. Bowden","L. Bowden","WR","NE","10","","injury-status","Final L 7-20 @ MIA","-","-","-","-","-","-","-","-","-","-","-","-"
"304","S. Conner","S. Conner","RB","JAX","11","","injury-status","Final L 22-28 @ WAS","10","12","42","1","-","-","-","-","-","-","-","-"
"305","R. Seals-Jones","R. Seals-Jones","TE","","","Ques","injury-status questionable","BYE","-","-","-","-","-","-","-","-","-","-","-","-"
"306","A. Wesley","A. Wesley","WR","ARI","13","","injury-status","Final L 21-44 vs KC","-","-","-","-","-","-","-","-","-","-","-","-"
"307","T. Billy-Johnson","T. Billy-Johnson","WR","CIN","10","","injury-status","Final L 20-23 vs PIT","1","-","-","-","1","1","8","-","-","-","-","-"
"308","C. Keenum","C. Keenum","QB","BUF","7","Ques","injury-status questionable","Final W 31-10 @ LAR","0","5","-","-","-","-","-","-","2","7","8","-"
"309","J. Hollister","J. Hollister","TE","SEA","11","","injury-status","Final W 17-16 vs DEN","-","-","-","-","-","-","-","-","-","-","-","-"
"310","W. Fuller","W. Fuller","WR","","","Ques","injury-status questionable","BYE","-","-","-","-","-","-","-","-","-","-","-","-"
"311","P. Hendershot","P. Hendershot","TE","DAL","9","","injury-status","Final L 3-19 vs TB","33","1","2","1","11","16","103","2","-","-","-","-"
"312","L. Humphrey","L. Humphrey","WR","","","","injury-status","BYE","3","-","-","-","2","4","20","-","-","-","-","-"
"313","C. Huntley","C. Huntley","RB","ATL","14","","injury-status","Final L 26-27 vs NO","43","76","366","1","2","2","3","-","-","-","-","-"
"314","P. Hesse","P. Hesse","TE","ATL","14","","injury-status","Final L 26-27 vs NO","13","-","-","-","9","11","89","-","-","-","-","-"
"315","M. Davis","M. Davis","RB","DAL","9","","injury-status","Final L 3-19 vs TB","31","38","161","1","6","7","63","-","-","-","-","-"
"316","M. Washington","M. Washington","WR","DEN","9","","injury-status","Final L 16-17 @ SEA","-2","5","30","-","4","9","2","-","-","-","-","-"
"317","K. Blanton","K. Blanton","TE","KC","8","","injury-status","Final W 44-21 @ ARI","5","-","-","-","2","2","35","-","-","-","-","-"
"318","B. Rypien","B. Rypien","QB","DEN","9","","injury-status","Final L 16-17 @ SEA","18","6","7","-","-","-","-","-","53","88","483","2"
"319","C. Hyde","C. Hyde","RB","","","","injury-status","BYE","-","-","-","-","-","-","-","-","-","-","-","-"
"320","S. Ahmed","S. Ahmed","RB","MIA","11","IR","injury-status ir","Final W 20-7 vs NE","14","12","64","1","1","1","8","-","-","-","-","-"
"321","A. Tate","A. Tate","WR","ARI","13","","injury-status","Final L 21-44 vs KC","-","-","-","-","-","-","-","-","-","-","-","-"
"322","K. White","K. White","WR","NO","14","","injury-status","Final W 27-26 @ ATL","8","-","-","-","2","5","74","-","-","-","-","-"
"323","D. Newsome","D. Newsome","WR","SF","9","","injury-status","Final L 10-19 @ CHI","-","-","-","-","-","-","-","-","-","-","-","-"
"324","I. Smith-Marsette","I. Smith-Marsette","WR","KC","8","","injury-status","Final W 44-21 @ ARI","-1","1","-1","-","1","4","15","-","-","-","-","-"
"325","D. Freeman","D. Freeman","RB","","","","injury-status","BYE","-","-","-","-","-","-","-","-","-","-","-","-"
"326","A. Rogers","A. Rogers","TE","WAS","14","Ques","injury-status questionable","Final W 28-22 vs JAX","12","2","26","-","5","6","64","-","-","-","-","-"
"327","J. Nailor","J. Nailor","WR","MIN","7","Ques","injury-status questionable","Final W 23-7 vs GB","28","-","-","-","9","13","179","1","-","-","-","-"
"328","N. Gray","N. Gray","TE","KC","8","","injury-status","Final W 44-21 @ ARI","56","1","1","1","28","34","299","1","-","-","-","-"
"329","M. Thomas","M. Thomas","WR","BAL","10","Ques","injury-status questionable","Final W 24-9 @ NYJ","7","-","-","-","2","10","38","-","-","-","-","-"
"330","R. Blankenship","R. Blankenship","K","","","","injury-status","BYE","17","-","-","-","-","-","-","-","-","-","-","-"
"331","D. Johnson","D. Johnson","RB","BUF","7","","injury-status","Final W 31-10 @ LAR","0","2","4","-","-","-","-","-","-","-","-","-"
"332","D. Carter","D. Carter","WR","LAC","8","","injury-status","Final W 24-19 vs LV","86","2","-15","-","46","65","538","3","-","-","-","-"
"333","C. Okonkwo","C. Okonkwo","TE","TEN","6","","injury-status","Final L 20-21 vs NYG","81","3","2","-","32","46","450","3","-","-","-","-"
"334","J. Deguara","J. Deguara","TE","GB","14","","injury-status","Final L 7-23 @ MIN","18","-","-","-","13","15","114","-","-","-","-","-"
"335","P. Taylor","P. Taylor","RB","GB","14","IR","injury-status ir","Final L 7-23 @ MIN","5","10","31","-","1","1","17","-","-","-","-","-"
"336","L. Rountree","L. Rountree","RB","LAC","8","","injury-status","Final W 24-19 vs LV","4","13","19","-","2","2","14","-","-","-","-","-"
"337","T. Davis","T. Davis","TE","GB","14","","injury-status","Final L 7-23 @ MIN","5","-","-","-","4","7","26","-","-","-","-","-"
"338","J. Howard","J. Howard","RB","","","","injury-status","BYE","0","1","1","-","-","-","-","-","-","-","-","-"
"339","N. Boyle","N. Boyle","TE","","","","injury-status","BYE","-","-","-","-","-","-","-","-","-","-","-","-"
"340","J. O'Shaughnessy","J. O'Shaughnessy","TE","MIN","7","","injury-status","Final W 23-7 vs GB","-","-","-","-","-","-","-","-","-","-","-","-"
"341","C. Henne","C. Henne","QB","KC","8","","injury-status","Final W 44-21 @ ARI","-2","5","-5","-","-","-","-","-","-","2","-","-"
"342","T. Smith","T. Smith","WR","NO","14","","injury-status","Final W 27-26 @ ATL","43","-","-","-","19","27","278","1","-","-","-","-"
"343","S. Thompson","S. Thompson","QB","MIA","11","","injury-status","Final W 20-7 vs NE","18","14","21","-","-","-","-","-","60","105","534","1"
"344","N. Vannett","N. Vannett","TE","NYG","9","","injury-status","Final W 21-20 @ TEN","9","-","-","-","6","9","55","-","-","-","-","-"
"345","J. Eason","J. Eason","QB","","","","injury-status","BYE","1","-","-","-","-","-","-","-","3","5","59","-"
"346","C. Daniel","C. Daniel","QB","LAC","8","","injury-status","Final W 24-19 vs LV","8","1","4","-","-","-","-","-","8","12","52","1"
"347","T. McKitty","T. McKitty","TE","LAC","8","","injury-status","Final W 24-19 vs LV","11","-","-","-","10","18","72","-","-","-","-","-"
"348","J. Cook","J. Cook","TE","","","","injury-status","BYE","-","-","-","-","-","-","-","-","-","-","-","-"
"349","T. Siemian","T. Siemian","QB","CHI","14","","injury-status","Final W 19-10 vs SF","11","4","8","-","-","-","-","-","15","26","184","1"
"350","J. Gordon","J. Gordon","WR","","","","injury-status","BYE","-","-","-","-","-","1","-","-","-","-","-","-"
"351","K. Allen","K. Allen","QB","HOU","6","","injury-status","Final T 20-20 vs IND","16","6","13","-","-","-","-","-","46","78","416","2"
"352","T. Jackson","T. Jackson","TE","PHI","7","IR","injury-status ir","Final W 38-35 @ DET","-","-","-","-","-","-","-","-","-","-","-","-"
"353","J. Wilkins","J. Wilkins","RB","","","","injury-status","BYE","12","13","58","-","6","8","29","-","-","-","-","-"
"354","B. Jarwin","B. Jarwin","TE","","","","injury-status","BYE","-","-","-","-","-","-","-","-","-","-","-","-"
"355","J. Love","J. Love","QB","GB","14","","injury-status","Final L 7-23 @ MIN","12","1","-1","-","-","-","-","-","14","21","195","1"
"356","A. Williams","A. Williams","RB","ATL","14","","injury-status","Final L 26-27 vs NO","27","22","109","1","13","14","61","-","-","-","-","-"
"357","G. Swaim","G. Swaim","TE","TEN","6","Ques","injury-status questionable","Final L 20-21 vs NYG","18","-","-","-","12","16","58","1","-","-","-","-"
"358","T. Quitoriano","T. Quitoriano","TE","HOU","6","","injury-status","Final T 20-20 vs IND","27","-","-","-","7","14","113","2","-","-","-","-"
"359","E. Ezukanma","E. Ezukanma","WR","MIA","11","","injury-status","Final W 20-7 vs NE","1","-","-","-","1","1","3","-","-","-","-","-"
"360","C. Turner","C. Turner","TE","WAS","14","","injury-status","Final W 28-22 vs JAX","3","-","-","-","2","9","23","-","-","-","-","-"
"361","J. Mitchell","J. Mitchell","TE","DET","6","","injury-status","Final L 35-38 vs PHI","23","-","-","-","11","11","113","1","-","-","-","-"
"362","G. Calcaterra","G. Calcaterra","TE","PHI","7","","injury-status","Final W 38-35 @ DET","11","-","-","-","5","9","81","-","-","-","-","-"
"363","L. Havrisik","L. Havrisik","K","","","","injury-status","BYE","-","-","-","-","-","-","-","-","-","-","-","-"
"364","R. Santoso","R. Santoso","K, P","","","","injury-status","BYE","-","-","-","-","-","-","-","-","-","-","-","-"
"365","Z. Gonzalez","Z. Gonzalez","K","CAR","13","","injury-status","Final L 24-26 vs CLE","-","-","-","-","-","-","-","-","-","-","-","-"
"366","B. Hoyer","B. Hoyer","QB","NE","10","","injury-status","Final L 7-20 @ MIA","1","-","-","-","-","-","-","-","5","6","37","-"
"367","C. Powell","C. Powell","WR","KC","8","","injury-status","Final W 44-21 @ ARI","-","-","-","-","-","-","-","-","-","-","-","-"
"368","J. Oliver","J. Oliver","TE","BAL","10","","injury-status","Final W 24-9 @ NYJ","34","-","-","-","14","25","149","2","-","-","-","-"
"369","C. Newton","C. Newton","QB","","","","injury-status","BYE","-","-","-","-","-","-","-","-","-","-","-","-"
"370","J. Watson","J. Watson","WR","KC","8","","injury-status","Final W 44-21 @ ARI","51","-","-","-","15","34","315","2","-","-","-","-"
"371","J. Wolford","J. Wolford","QB","LAR","7","","injury-status","Final L 10-31 vs BUF","15","8","32","-","-","-","-","-","38","62","390","1"
"372","B. Powell","B. Powell","WR","LAR","7","","injury-status","Final L 10-31 vs BUF","35","17","80","-","24","32","156","-","-","-","-","-"
"373","S. Howell","S. Howell","QB","WAS","14","","injury-status","Final W 28-22 vs JAX","19","5","35","1","-","-","-","-","11","19","169","1"
"374","N. Mullens","N. Mullens","QB","MIN","7","","injury-status","Final W 23-7 vs GB","13","4","8","-","-","-","-","-","21","25","224","1"
"375","A. Trammell","A. Trammell","WR","LAR","7","","injury-status","Final L 10-31 vs BUF","2","-","-","-","2","4","13","-","-","-","-","-"
"376","W. Gallman","W. Gallman","RB","SEA","11","","injury-status","Final W 17-16 vs DEN","-","-","-","-","-","-","-","-","-","-","-","-"
"377","K. Turpin","K. Turpin","WR","DAL","9","","injury-status","Final L 3-19 vs TB","-4","3","17","-","1","2","9","-","-","-","-","-"
"378","B. Hopkins","B. Hopkins","TE","LAR","7","","injury-status","Final L 10-31 vs BUF","14","-","-","-","7","11","109","-","-","-","-","-"
"379","J. Fortson","J. Fortson","TE","KC","8","Ques","injury-status questionable","Final W 44-21 @ ARI","24","-","-","-","9","13","108","2","-","-","-","-"
"380","R. Armstead","R. Armstead","RB","","","","injury-status","BYE","-","-","-","-","-","-","-","-","-","-","-","-"
"381","D. Jackson","D. Jackson","WR","","","","injury-status","BYE","20","-","-","-","9","17","153","-","-","-","-","-"
"382","T. Sweeney","T. Sweeney","TE","BUF","7","Out","injury-status out","Final W 31-10 @ LAR","1","-","-","-","1","1","7","-","-","-","-","-"
"383","D. Evans","D. Evans","RB","CHI","14","Ques","injury-status questionable","Final W 19-10 vs SF","10","14","64","-","1","1","33","-","-","-","-","-"
"384","M. Strachan","M. Strachan","WR","IND","14","","injury-status","Final T 20-20 @ HOU","7","-","-","-","3","9","59","-","-","-","-","-"
"385","J. Reed","J. Reed","WR","LAC","8","Ques","injury-status questionable","Final W 24-19 vs LV","-","-","-","-","-","-","-","-","-","-","-","-"
"386","Q. Morris","Q. Morris","TE","BUF","7","","injury-status","Final W 31-10 @ LAR","17","-","-","-","8","11","84","1","-","-","-","-"
"387","D. Johnson","D. Johnson","RB","NO","14","","injury-status","Final W 27-26 @ ATL","6","12","24","-","4","4","47","-","-","-","-","-"
"388","G. Igwebuike","G. Igwebuike","RB","SEA","11","","injury-status","Final W 17-16 vs DEN","1","3","4","-","1","1","3","-","-","-","-","-"
"389","K. Kirkwood","K. Kirkwood","WR","NO","14","","injury-status","Final W 27-26 @ ATL","3","-","-","-","2","4","18","-","-","-","-","-"
"390","D. Bailey","D. Bailey","K","","","","injury-status","BYE","-","-","-","-","-","-","-","-","-","-","-","-"
"391","J. Garibay","J. Garibay","K","","","","injury-status","BYE","-","-","-","-","-","-","-","-","-","-","-","-"
"392","C. Shudak","C. Shudak","K","TEN","6","","injury-status","Final L 20-21 vs NYG","9","-","-","-","-","-","-","-","-","-","-","-"
"393","C. Naggar","C. Naggar","K","","","","injury-status","BYE","-","-","-","-","-","-","-","-","-","-","-","-"
"394","Q. Nordin","Q. Nordin","K","NE","10","Ques","injury-status questionable","Final L 7-20 @ MIA","-","-","-","-","-","-","-","-","-","-","-","-"
"395","S. Hauschka","S. Hauschka","K","","","","injury-status","BYE","-","-","-","-","-","-","-","-","-","-","-","-"
"396","M. Ammendola","M. Ammendola","K, P - GB(14)","","","","injury-status","Final L 7-23 @ MIN","16","-","-","-","-","-","-","-","-","-","-","-"
"397","T. McCann","T. McCann","K","","","","injury-status","BYE","-","-","-","-","-","-","-","-","-","-","-","-"
"398","S. Sloman","S. Sloman","K","","","","injury-status","BYE","-","-","-","-","-","-","-","-","-","-","-","-"
"399","A. McFarland","A. McFarland","RB","PIT","9","","injury-status","Final W 23-20 @ CIN","5","6","30","-","2","2","11","-","-","-","-","-"
"400","M. Wright","M. Wright","K","KC","9","","injury-status","Final W 44-21 @ ARI","67","-","-","-","-","-","-","-","-","-","-","-"
"401","S. Ficken","S. Ficken","K","DET","6","","injury-status","Final L 35-38 vs PHI","-","-","-","-","-","-","-","-","-","-","-","-"
"402","A. Rosas","A. Rosas","K","","","Ques","injury-status questionable","BYE","-","-","-","-","-","-","-","-","-","-","-","-"
"403","J. Lambo","J. Lambo","K","","","","injury-status","BYE","2","-","-","-","-","-","-","-","-","-","-","-"
"404","K. Forbath","K. Forbath","K","","","","injury-status","BYE","-","-","-","-","-","-","-","-","-","-","-","-"
"405","D. Milne","D. Milne","WR","WAS","14","","injury-status","Final W 28-22 vs JAX","12","-","-","-","6","7","37","1","-","-","-","-"
"406","M. Rudolph","M. Rudolph","QB","PIT","9","","injury-status","Final W 23-20 @ CIN","-","-","-","-","-","-","-","-","-","-","-","-"
"407","C. Parkinson","C. Parkinson","TE","SEA","11","","injury-status","Final W 17-16 vs DEN","57","-","-","-","25","34","322","2","-","-","-","-"
"408","L. Perine","L. Perine","RB","MIA","11","","injury-status","Final W 20-7 vs NE","-","-","-","-","-","-","-","-","-","-","-","-"
"409","A. Ingold","A. Ingold","RB","MIA","11","","injury-status","Final W 20-7 vs NE","31","6","8","1","15","23","105","1","-","-","-","-"
"410","K. Pryor","K. Pryor","WR","JAX","11","","injury-status","Final L 22-28 @ WAS","-","-","-","-","-","-","-","-","-","-","-","-"
"411","T. Williams","T. Williams","RB","CIN","10","","injury-status","Final L 20-23 vs PIT","7","6","30","-","2","3","30","-","-","-","-","-"
"412","J. Johnson","J. Johnson","QB","SF","9","","injury-status","Final L 10-19 @ CHI","1","2","3","-","-","-","-","-","1","2","10","-"
"413","C. Manhertz","C. Manhertz","TE","JAX","11","","injury-status","Final L 22-28 @ WAS","7","-","-","-","6","8","42","-","-","-","-","-"
"414","R. Dowdle","R. Dowdle","RB","DAL","9","","injury-status","Final L 3-19 vs TB","-","-","-","-","-","-","-","-","-","-","-","-"
"415","T. Montgomery","T. Montgomery","RB","NE","10","","injury-status","Final L 7-20 @ MIA","9","2","-2","-","3","4","15","1","-","-","-","-"
"416","C. Beathard","C. Beathard","QB","JAX","11","","injury-status","Final L 22-28 @ WAS","0","4","-4","-","-","-","-","-","7","11","35","-"
"417","B. Gabbert","B. Gabbert","QB","TB","11","","injury-status","Final W 19-3 @ DAL","5","-","-","-","-","-","-","-","6","8","29","1"
"418","B. Johnson","B. Johnson","WR","DEN","9","Ques","injury-status questionable","Final L 16-17 @ SEA","10","-","-","-","6","14","42","1","-","-","-","-"
"419","J. Flacco","J. Flacco","QB","NYJ","10","","injury-status","Final L 9-24 vs BAL","47","3","6","-","-","-","-","-","110","191","1051","5"
"420","K. Mond","K. Mond","QB - CLE","","","","injury-status","Final W 26-24 @ CAR","-","-","-","-","-","-","-","-","-","-","-","-"
"421","J. Dobbs","J. Dobbs","QB","TEN","6","","injury-status","Final L 20-21 vs NYG","19","8","44","-","-","-","-","-","40","68","411","2"
"422","P. Ricard","P. Ricard","RB","BAL","10","Ques","injury-status questionable","Final W 24-9 @ NYJ","15","7","16","-","11","13","74","-","-","-","-","-"
"423","C. Heyward","C. Heyward","TE","PIT","9","","injury-status","Final W 23-20 @ CIN","30","2","27","-","12","17","151","1","-","-","-","-"
"424","B. Allen","B. Allen","QB","CIN","10","","injury-status","Final L 20-23 vs PIT","1","3","-1","-","-","-","-","-","3","3","22","-"
"425","S. Smartt","S. Smartt","TE","LAC","8","","injury-status","Final W 24-19 vs LV","4","-","-","-","4","5","17","-","-","-","-","-"
"426","J. Ford","J. Ford","RB","CLE","9","","injury-status","Final W 26-24 @ CAR","1","8","12","-","-","-","-","-","-","-","-","-"
"427","M. Boykin","M. Boykin","WR","PIT","9","","injury-status","Final W 23-20 @ CIN","2","-","-","-","2","3","11","-","-","-","-","-"
"428","K. Coutee","K. Coutee","WR","IND","14","","injury-status","Final T 20-20 @ HOU","-4","-","-","-","1","1","20","-","-","-","-","-"
"429","M. Woods","M. Woods","WR","CLE","9","","injury-status","Final W 26-24 @ CAR","7","1","-5","-","5","10","45","-","-","-","-","-"
"430","K. Smith","K. Smith","RB","ATL","14","Ques","injury-status questionable","Final L 26-27 vs NO","2","1","2","-","1","2","8","-","-","-","-","-"
"431","A. Wilson","A. Wilson","WR","LV","6","","injury-status","Final L 19-24 @ LAC","-","-","-","-","-","-","-","-","-","-","-","-"
"432","T. Vizcaino","T. Vizcaino","K","NE","10","","injury-status","Final L 7-20 @ MIA","10","-","-","-","-","-","-","-","-","-","-","-"
"433","J. Wydermyer","J. Wydermyer","TE","IND","14","","injury-status","Final T 20-20 @ HOU","-","-","-","-","-","-","-","-","-","-","-","-"
"434","T. Taylor","T. Taylor","WR","CIN","10","IR","injury-status ir","Final L 20-23 vs PIT","7","4","15","-","6","10","62","-","-","-","-","-"
"435","P. Hart","P. Hart","WR","SEA","11","Ques","injury-status questionable","Final W 17-16 vs DEN","4","-","-","-","3","4","20","-","-","-","-","-"
"436","S. Mannion","S. Mannion","QB","SEA","11","","injury-status","Final W 17-16 vs DEN","-","-","-","-","-","-","-","-","-","-","-","-"
"437","M. Bandy","M. Bandy","WR","LAC","8","","injury-status","Final W 24-19 vs LV","14","-","-","-","10","21","89","-","-","-","-","-"
"438","T. Wesco","T. Wesco","TE","CHI","14","","injury-status","Final W 19-10 vs SF","6","-","-","-","2","4","26","-","-","-","-","-"
"439","J. Richard","J. Richard","RB","LV","6","","injury-status","Final L 19-24 @ LAC","-","-","-","-","-","-","-","-","-","-","-","-"
"440","L. Hajrullahu","L. Hajrullahu","K","","","","injury-status","BYE","-","-","-","-","-","-","-","-","-","-","-","-"
"441","M. Nugent","M. Nugent","K","","","","injury-status","BYE","-","-","-","-","-","-","-","-","-","-","-","-"
"442","C. Blewitt","C. Blewitt","K","","","","injury-status","BYE","-","-","-","-","-","-","-","-","-","-","-","-"
"443","T. Chandler","T. Chandler","RB","MIN","7","","injury-status","Final W 23-7 vs GB","2","6","20","-","-","-","-","-","-","-","-","-"
"444","N. Muse","N. Muse","TE","MIN","7","","injury-status","Final W 23-7 vs GB","-","-","-","-","-","-","-","-","-","-","-","-"
"445","N. Peterman","N. Peterman","QB","CHI","14","","injury-status","Final W 19-10 vs SF","9","2","7","-","-","-","-","-","14","25","139","1"
"446","S. Toure","S. Toure","WR","GB","14","","injury-status","Final L 7-23 @ MIN","16","-","-","-","5","10","82","1","-","-","-","-"
"447","D. Price","D. Price","RB","IND","14","","injury-status","Final T 20-20 @ HOU","-","-","-","-","-","-","-","-","-","-","-","-"
"448","D. Young","D. Young","WR","SEA","11","","injury-status","Final W 17-16 vs DEN","3","-","-","-","2","2","24","-","-","-","-","-"
"449","J. FitzPatrick","J. FitzPatrick","TE","ATL","14","","injury-status","Final L 26-27 vs NO","-","-","-","-","-","-","-","-","-","-","-","-"
"450","J. McCourt","J. McCourt","K","JAX","11","","injury-status","Final L 22-28 @ WAS","-","-","-","-","-","-","-","-","-","-","-","-"
"451","T. Bertolet","T. Bertolet","K","LAC","8","","injury-status","Final W 24-19 vs LV","15","-","-","-","-","-","-","-","-","-","-","-"
"452","T. Benson","T. Benson","WR","DET","6","","injury-status","Final L 35-38 vs PHI","-","-","-","-","-","-","-","-","-","-","-","-"
"453","D. Ozigbo","D. Ozigbo","RB","","","","injury-status","BYE","1","3","4","-","1","1","3","-","-","-","-","-"
"454","M. Burton","M. Burton","RB","KC","8","IR","injury-status ir","Final W 44-21 @ ARI","3","5","7","-","2","3","11","-","-","-","-","-"
"455","C. Strong","C. Strong","QB","","","","injury-status","BYE","-","-","-","-","-","-","-","-","-","-","-","-"
"456","R. Rodgers","R. Rodgers","TE","LAC","8","Ques","injury-status questionable","Final W 24-19 vs LV","1","-","-","-","1","4","4","-","-","-","-","-"
"457","T. Kennedy","T. Kennedy","WR","DET","6","","injury-status","Final L 35-38 vs PHI","18","-","-","-","8","15","141","-","-","-","-","-"
"458","J. Brown","J. Brown","WR","BUF","7","","injury-status","Final W 31-10 @ LAR","11","-","-","-","1","2","42","1","-","-","-","-"
"459","J. Williams","J. Williams","RB","WAS","14","Ques","injury-status questionable","Final W 28-22 vs JAX","23","37","152","-","7","10","40","-","-","-","-","-"
"460","J. Chestnut","J. Chestnut","RB","TEN","6","","injury-status","Final L 20-21 vs NYG","7","9","12","-","3","3","41","-","-","-","-","-"
"461","A. Humphries","A. Humphries","WR","","","","injury-status","BYE","-","-","-","-","-","-","-","-","-","-","-","-"
"462","R. McMath","R. McMath","WR","TEN","6","","injury-status","Final L 20-21 vs NYG","5","1","4","-","2","8","40","-","-","-","-","-"
"463","B. Brown","B. Brown","RB","LV","6","","injury-status","Final L 19-24 @ LAC","-","-","-","-","-","-","-","-","-","-","-","-"
"464","J. Harris","J. Harris","WR","LAR","7","","injury-status","Final L 10-31 vs BUF","1","-","-","-","1","1","6","-","-","-","-","-"
"465","D. Turner","D. Turner","WR","LV","6","Ques","injury-status questionable","Final L 19-24 @ LAC","2","4","26","-","-","1","-","-","-","-","-","-"
"466","C. Hollister","C. Hollister","WR","TEN","6","Ques","injury-status questionable","Final L 20-21 vs NYG","7","-","-","-","3","5","54","-","-","-","-","-"
"467","T. Williams","T. Williams","RB","ARI","13","","injury-status","Final L 21-44 vs KC","1","-","-","-","1","1","5","-","-","-","-","-"
"468","J. Ward","J. Ward","RB","TEN","6","","injury-status","Final L 20-21 vs NYG","4","5","25","-","2","3","7","-","-","-","-","-"
"469","N. Webster","N. Webster","WR","CHI","14","","injury-status","Final W 19-10 vs SF","1","-","-","-","2","3","14","-","-","-","-","-"
"470","L. McCutcheon","L. McCutcheon","WR","LAR","7","","injury-status","Final L 10-31 vs BUF","-","-","-","-","-","5","-","-","-","-","-","-"
"471","J. Bernhardt","J. Bernhardt","WR","ATL","14","","injury-status","Final L 26-27 vs NO","-","-","-","-","-","-","-","-","-","-","-","-"
"472","M. Sargent","M. Sargent","RB","JAX","11","","injury-status","Final L 22-28 @ WAS","-","-","-","-","-","-","-","-","-","-","-","-"
"473","J. Camp","J. Camp","WR","HOU","6","","injury-status","Final T 20-20 vs IND","1","-","-","-","1","1","7","-","-","-","-","-"
"474","A. Williams","A. Williams","RB","","","","injury-status","BYE","-","-","-","-","-","-","-","-","-","-","-","-"
"475","S. Zylstra","S. Zylstra","TE","DET","6","","injury-status","Final L 35-38 vs PHI","36","-","-","-","11","15","60","4","-","-","-","-"
"476","Q. Ollison","Q. Ollison","RB","DAL","9","","injury-status","Final L 3-19 vs TB","-","-","-","-","-","-","-","-","-","-","-","-"
"477","J. Johnson","J. Johnson","RB","LV","6","","injury-status","Final L 19-24 @ LAC","4","-","-","-","5","6","10","-","-","-","-","-"
"478","C. Carter","C. Carter","TE","MIA","11","","injury-status","Final W 20-7 vs NE","-","-","-","-","-","-","-","-","-","-","-","-"
"479","D. Asiasi","D. Asiasi","TE","CIN","10","","injury-status","Final L 20-23 vs PIT","2","-","-","-","2","4","5","-","-","-","-","-"
"480","C. Clement","C. Clement","RB","ARI","13","","injury-status","Final L 21-44 vs KC","19","15","55","1","5","7","54","-","-","-","-","-"
"481","E. Tomlinson","E. Tomlinson","TE","DEN","9","","injury-status","Final L 16-17 @ SEA","24","-","-","-","9","13","79","2","-","-","-","-"
"482","K. Merritt","K. Merritt","WR","NO","14","","injury-status","Final W 27-26 @ ATL","-","-","-","-","-","-","-","-","-","-","-","-"
"483","S. Morgan","S. Morgan","WR","CIN","10","","injury-status","Final L 20-23 vs PIT","-","-","-","-","-","1","-","-","-","-","-","-"
"484","J. Kumerow","J. Kumerow","WR","BUF","7","Ques","injury-status questionable","Final W 31-10 @ LAR","8","-","-","-","4","7","64","-","-","-","-","-"
"485","A. Brown","A. Brown","QB","BAL","10","","injury-status","Final W 24-9 @ NYJ","7","3","-5","-","-","-","-","-","22","49","302","-"
"486","S. McKeon","S. McKeon","TE","DAL","9","","injury-status","Final L 3-19 vs TB","3","-","-","-","2","3","11","-","-","-","-","-"
"487","K. Kieft","K. Kieft","TE","TB","11","","injury-status","Final W 19-3 @ DAL","18","-","-","-","7","10","80","1","-","-","-","-"
"488","J. Horsted","J. Horsted","TE","LV","6","","injury-status","Final L 19-24 @ LAC","4","-","-","-","3","4","19","-","-","-","-","-"
"489","N. Sciba","N. Sciba","K","","","","injury-status","BYE","7","-","-","-","-","-","-","-","-","-","-","-"
"490","D. Eberle","D. Eberle","K","","","","injury-status","BYE","4","-","-","-","-","-","-","-","-","-","-","-"
"491","D. Blough","D. Blough","QB","ARI","13","","injury-status","Final L 21-44 vs KC","20","4","5","-","-","-","-","-","38","58","402","2"
"492","D. Webb","D. Webb","QB","NYG","9","","injury-status","Final W 21-20 @ TEN","21","6","41","1","-","-","-","-","23","40","168","1"
"493","L. Farrell","L. Farrell","TE","JAX","11","","injury-status","Final L 22-28 @ WAS","6","-","-","-","4","4","40","-","-","-","-","-"
"494","T. Cannon","T. Cannon","RB","TEN","6","","injury-status","Final L 20-21 vs NYG","-","-","-","-","-","-","-","-","-","-","-","-"
"495","J. Stoll","J. Stoll","TE","PHI","7","","injury-status","Final W 38-35 @ DET","18","-","-","-","11","14","123","-","-","-","-","-"
"496","T. Cleveland","T. Cleveland","WR","DEN","9","","injury-status","Final L 16-17 @ SEA","4","-","-","-","2","7","28","-","-","-","-","-"
"497","S. Anderson","S. Anderson","TE","ARI","13","","injury-status","Final L 21-44 vs KC","2","-","-","-","3","7","9","-","-","-","-","-"
"498","M. Alexander","M. Alexander","WR","DET","6","","injury-status","Final L 35-38 vs PHI","1","-","-","-","1","1","7","-","-","-","-","-"
"499","J. Virgil","J. Virgil","WR","DEN","9","Ques","injury-status questionable","Final L 16-17 @ SEA","12","-","-","-","2","5","75","1","-","-","-","-"
"500","M. Wilcox","M. Wilcox","TE","CIN","10","","injury-status","Final L 20-23 vs PIT","28","-","-","-","17","18","139","1","-","-","-","-"
"501","J. Grant","J. Grant","WR","CLE","9","","injury-status","Final W 26-24 @ CAR","-","-","-","-","-","-","-","-","-","-","-","-"
"502","T. Hairston","T. Hairston","RB","HOU","6","","injury-status","Final T 20-20 vs IND","4","-","-","-","5","8","19","-","-","-","-","-"
"503","S. Sullivan","S. Sullivan","TE","CAR","13","Out","injury-status out","Final L 24-26 vs CLE","6","-","-","-","2","6","46","-","-","-","-","-"
"504","D. Watt","D. Watt","RB","PIT","9","","injury-status","Final W 23-20 @ CIN","18","9","21","1","5","5","11","1","-","-","-","-"
"505","P. Cooper","P. Cooper","WR","ARI","13","","injury-status","Final L 21-44 vs KC","3","4","15","-","2","2","6","-","-","-","-","-"
"506","C. Myarick","C. Myarick","TE","NYG","9","","injury-status","Final W 21-20 @ TEN","16","-","-","-","7","8","65","1","-","-","-","-"
"507","L. Cager","L. Cager","TE","NYG","9","","injury-status","Final W 21-20 @ TEN","24","-","-","-","13","19","118","1","-","-","-","-"
"508","D. Thompkins","D. Thompkins","WR","TB","11","","injury-status","Final W 19-3 @ DAL","7","2","26","-","5","10","32","-","-","-","-","-"
"509","B. Ellefson","B. Ellefson","TE","MIN","7","","injury-status","Final W 23-7 vs GB","4","-","-","-","3","3","26","-","-","-","-","-"
"510","R. Bonnafon","R. Bonnafon","RB","WAS","14","","injury-status","Final W 28-22 vs JAX","1","3","8","-","-","-","-","-","-","-","-","-"
"511","H. Long","H. Long","TE","MIA","11","","injury-status","Final W 20-7 vs NE","-","-","-","-","-","-","-","-","-","-","-","-"
"512","D. Washington","D. Washington","RB","NO","14","Ques","injury-status questionable","Final W 27-26 @ ATL","5","11","38","-","1","1","7","-","-","-","-","-"
"513","G. Ricci","G. Ricci","TE","CAR","13","","injury-status","Final L 24-26 vs CLE","14","-","-","-","8","9","100","-","-","-","-","-"
"514","A. Prentice","A. Prentice","RB","NO","14","","injury-status","Final W 27-26 @ ATL","2","4","9","-","3","3","9","-","-","-","-","-"
"515","J. Tonges","J. Tonges","TE","CHI","14","","injury-status","Final W 19-10 vs SF","-","-","-","-","-","1","-","-","-","-","-","-"
"516","T. Conner","T. Conner","TE","MIA","11","","injury-status","Final W 20-7 vs NE","-","-","-","-","-","3","-","-","-","-","-","-"
"517","T. Jones","T. Jones","RB","BUF","7","","injury-status","Final W 31-10 @ LAR","-3","-","-","-","-","-","-","-","-","-","-","-"
"518","K. Blasingame","K. Blasingame","RB","CHI","14","","injury-status","Final W 19-10 vs SF","-","-","-","-","-","1","-","-","-","-","-","-"
"519","C. Woerner","C. Woerner","TE","SF","9","","injury-status","Final L 10-19 @ CHI","-","-","-","-","-","2","-","-","-","-","-","-"
"520","T. Carter","T. Carter","RB","","","","injury-status","BYE","-","-","-","-","-","-","-","-","-","-","-","-"
"521","R. Gilliam","R. Gilliam","RB","BUF","7","","injury-status","Final W 31-10 @ LAR","18","-","-","-","9","11","76","1","-","-","-","-"
"522","A. Collins","A. Collins","RB","","","","injury-status","BYE","-","-","-","-","-","-","-","-","-","-","-","-"
"523","B. Miller","B. Miller","RB","","","","injury-status","BYE","-","-","-","-","-","-","-","-","-","-","-","-"
"524","A. Sherman","A. Sherman","RB","","","","injury-status","BYE","-","-","-","-","-","-","-","-","-","-","-","-"
"525","L. Kendricks","L. Kendricks","TE","","","","injury-status","BYE","-","-","-","-","-","-","-","-","-","-","-","-"
"526","L. Stocker","L. Stocker","TE","","","","injury-status","BYE","-","-","-","-","-","-","-","-","-","-","-","-"
"527","D. Harris","D. Harris","WR","","","Ques","injury-status questionable","BYE","-","-","-","-","-","-","-","-","-","-","-","-"
"528","C. Ratkovich","C. Ratkovich","RB","ATL","14","","injury-status","Final L 26-27 vs NO","-","-","-","-","-","-","-","-","-","-","-","-"
"529","J. Ali","J. Ali","WR","ATL","14","","injury-status","Final L 26-27 vs NO","-","-","-","-","-","1","-","-","-","-","-","-"
"530","D. Baldwin","D. Baldwin","WR","CLE","9","","injury-status","Final W 26-24 @ CAR","4","-","-","-","2","2","25","-","-","-","-","-"
"531","T. Odukoya","T. Odukoya","TE","TEN","6","","injury-status","Final L 20-21 vs NYG","-","-","-","-","-","-","-","-","-","-","-","-"
"532","D. Plitt","D. Plitt","QB","","","","injury-status","BYE","-","-","-","-","-","-","-","-","-","-","-","-"
"533","B. Lewis","B. Lewis","WR","","","","injury-status","BYE","-","-","-","-","-","-","-","-","-","-","-","-"
"534","T. Koontz","T. Koontz","TE","","","","injury-status","BYE","-","-","-","-","-","-","-","-","-","-","-","-"
"535","K. Wheatfall","K. Wheatfall","WR","","","","injury-status","BYE","-","-","-","-","-","-","-","-","-","-","-","-"
"536","R. McDaniel","R. McDaniel","WR","","","","injury-status","BYE","-","-","-","-","-","-","-","-","-","-","-","-"
"537","N. Bohannon","N. Bohannon","TE","","","","injury-status","BYE","-","-","-","-","-","-","-","-","-","-","-","-"
"538","K. Brown","K. Brown","WR","","","","injury-status","BYE","-","-","-","-","-","-","-","-","-","-","-","-"
"539","T. Fisk","T. Fisk","TE","","","","injury-status","BYE","-","-","-","-","-","-","-","-","-","-","-","-"
"540","J. Howland","J. Howland","TE","","","","injury-status","BYE","-","-","-","-","-","-","-","-","-","-","-","-"
"541","W. Johnson","W. Johnson","WR","","","Ques","injury-status questionable","BYE","-","-","-","-","-","-","-","-","-","-","-","-"
"542","J. Scott","J. Scott","TE","","","","injury-status","BYE","-","-","-","-","-","-","-","-","-","-","-","-"
"543","K. Kassis","K. Kassis","WR","","","","injury-status","BYE","-","-","-","-","-","-","-","-","-","-","-","-"
"544","B. Beise","B. Beise","TE","","","","injury-status","BYE","-","-","-","-","-","-","-","-","-","-","-","-"
"545","K. Geiger","K. Geiger","WR","TB","11","","injury-status","Final W 19-3 @ DAL","-","-","-","-","-","-","-","-","-","-","-","-"
"546","I. Charles","I. Charles","WR","NYJ","10","PUP","injury-status pup","Final L 9-24 vs BAL","-","-","-","-","-","-","-","-","-","-","-","-"
"547","K. Abram","K. Abram","WR","","","","injury-status","BYE","-","-","-","-","-","-","-","-","-","-","-","-"
"548","C. Fotheringham","C. Fotheringham","TE","LV","6","","injury-status","Final L 19-24 @ LAC","-","-","-","-","-","-","-","-","-","-","-","-"
"549","E. Fernea","E. Fernea","WR","IND","14","","injury-status","Final T 20-20 @ HOU","-","-","-","-","-","-","-","-","-","-","-","-"
"550","M. Young","M. Young","WR","","","","injury-status","BYE","-","-","-","-","-","-","-","-","-","-","-","-"
"551","K. Crawford","K. Crawford","WR","","","Ques","injury-status questionable","BYE","-","-","-","-","-","-","-","-","-","-","-","-"
"552","S. Nacua","S. Nacua","WR","","","","injury-status","BYE","-","-","-","-","-","-","-","-","-","-","-","-"
"553","N. Givan","N. Givan","TE","","","","injury-status","BYE","-","-","-","-","-","-","-","-","-","-","-","-"
"554","A. Turner","A. Turner","WR","","","","injury-status","BYE","-","-","-","-","-","-","-","-","-","-","-","-"
"555","A. Shampklin","A. Shampklin","RB","IND","14","","injury-status","Final T 20-20 @ HOU","-","-","-","-","-","-","-","-","-","-","-","-"
"556","Z. Mitchell-Paden","Z. Mitchell-Paden","TE","CLE","9","","injury-status","Final W 26-24 @ CAR","-","-","-","-","-","-","-","-","-","-","-","-"
"557","F. Harper","F. Harper","QB","","","","injury-status","BYE","-","-","-","-","-","-","-","-","-","-","-","-"
"558","J. Rigg","J. Rigg","TE","","","","injury-status","BYE","-","-","-","-","-","-","-","-","-","-","-","-"
"559","A. Mevis","A. Mevis","K","","","","injury-status","BYE","-","-","-","-","-","-","-","-","-","-","-","-"
"560","M. Williams","M. Williams","WR","","","","injury-status","BYE","-","-","-","-","-","-","-","-","-","-","-","-"
"561","J. Bist","J. Bist","TE","","","","injury-status","BYE","-","-","-","-","-","-","-","-","-","-","-","-"
"562","D. Miller","D. Miller","TE","NYG","9","","injury-status","Final W 21-20 @ TEN","-","-","-","-","-","-","-","-","-","-","-","-"
"563","R. Williams","R. Williams","TE","PIT","9","","injury-status","Final W 23-20 @ CIN","-","-","-","-","-","-","-","-","-","-","-","-"
"564","K. Davis","K. Davis","WR","DEN","9","","injury-status","Final L 16-17 @ SEA","-","-","-","-","-","-","-","-","-","-","-","-"
"565","D. Parham","D. Parham","TE","","","","injury-status","BYE","-","-","-","-","-","-","-","-","-","-","-","-"
"566","T. McAllister","T. McAllister","RB","DEN","9","","injury-status","Final L 16-17 @ SEA","-","-","-","-","-","-","-","-","-","-","-","-"
"567","R. Carter","R. Carter","TE","LAR","7","","injury-status","Final L 10-31 vs BUF","-","-","-","-","-","-","-","-","-","-","-","-"
"568","J. Pettigrew","J. Pettigrew","TE","","","","injury-status","BYE","-","-","-","-","-","-","-","-","-","-","-","-"
"569","R. Webb","R. Webb","WR","NE","10","","injury-status","Final L 7-20 @ MIA","-","-","-","-","-","-","-","-","-","-","-","-"
"570","S. Bridges","S. Bridges","WR","BAL","10","","injury-status","Final W 24-9 @ NYJ","-","-","-","-","-","-","-","-","-","-","-","-"
"571","D. Tuggle","D. Tuggle","RB","","","","injury-status","BYE","-","-","-","-","-","-","-","-","-","-","-","-"
"572","T. Fleet-Davis","T. Fleet-Davis","RB","","","","injury-status","BYE","-","-","-","-","-","-","-","-","-","-","-","-"
"573","K. Oginni","K. Oginni","TE","","","","injury-status","BYE","-","-","-","-","-","-","-","-","-","-","-","-"
"574","L. Lenoir","L. Lenoir","WR","","","","injury-status","BYE","-","-","-","-","-","-","-","-","-","-","-","-"
"575","S. Scarver","S. Scarver","WR","","","","injury-status","BYE","-","-","-","-","-","-","-","-","-","-","-","-"
"576","C. Holder","C. Holder","WR","","","","injury-status","BYE","-","-","-","-","-","-","-","-","-","-","-","-"
"577","K. Shaa","K. Shaa","WR","","","","injury-status","BYE","-","-","-","-","-","-","-","-","-","-","-","-"
"578","H. Litwin","H. Litwin","WR","","","","injury-status","BYE","-","-","-","-","-","-","-","-","-","-","-","-"
"579","J. Herslow","J. Herslow","WR","","","","injury-status","BYE","-","-","-","-","-","-","-","-","-","-","-","-"
"580","J. Mitchell","J. Mitchell","TE","","","","injury-status","BYE","-","-","-","-","-","-","-","-","-","-","-","-"
"581","V. Green","V. Green","TE","","","Ques","injury-status questionable","BYE","-","-","-","-","-","-","-","-","-","-","-","-"
"582","P. Romo","P. Romo","K","","","","injury-status","BYE","-","-","-","-","-","-","-","-","-","-","-","-"
"583","L. Watson","L. Watson","TE","SF","9","","injury-status","Final L 10-19 @ CHI","-","-","-","-","-","-","-","-","-","-","-","-"
"584","T. James","T. James","WR","","","","injury-status","BYE","-","-","-","-","-","-","-","-","-","-","-","-"
"585","L. Winningham","L. Winningham","WR","","","","injury-status","BYE","-","-","-","-","-","-","-","-","-","-","-","-"
"586","G. Gunter","G. Gunter","TE","","","","injury-status","BYE","-","-","-","-","-","-","-","-","-","-","-","-"
"587","C. Pierce","C. Pierce","TE","ARI","13","","injury-status","Final L 21-44 vs KC","-","-","-","-","-","-","-","-","-","-","-","-"
"588","S. Robinson","S. Robinson","WR","","","","injury-status","BYE","-","-","-","-","-","-","-","-","-","-","-","-"
"589","J. Payton","J. Payton","WR","","","","injury-status","BYE","-","-","-","-","-","-","-","-","-","-","-","-"
"590","J. Kirklin","J. Kirklin","WR","","","","injury-status","BYE","-","-","-","-","-","-","-","-","-","-","-","-"
"591","C. Hodge","C. Hodge","WR","","","","injury-status","BYE","-","-","-","-","-","-","-","-","-","-","-","-"
"592","G. Walston","G. Walston","TE","","","","injury-status","BYE","-","-","-","-","-","-","-","-","-","-","-","-"
"593","T. Mack","T. Mack","WR","","","","injury-status","BYE","-","-","-","-","-","-","-","-","-","-","-","-"
"594","D. Davis","D. Davis","WR","","","","injury-status","BYE","-","-","-","-","-","-","-","-","-","-","-","-"
"595","K. McGowan","K. McGowan","WR","WAS","14","","injury-status","Final W 28-22 vs JAX","-","-","-","-","-","-","-","-","-","-","-","-"
"596","M. Santos-Silva","M. Santos-Silva","TE","","","","injury-status","BYE","-","-","-","-","-","-","-","-","-","-","-","-"
"597","T. Bradford","T. Bradford","WR","","","","injury-status","BYE","-","-","-","-","-","-","-","-","-","-","-","-"
"598","B. Peters","B. Peters","QB","","","","injury-status","BYE","-","-","-","-","-","-","-","-","-","-","-","-"
"599","E. Krommenhoek","E. Krommenhoek","TE","","","","injury-status","BYE","-","-","-","-","-","-","-","-","-","-","-","-"
"600","T. Limi-Jones","T. Limi-Jones","WR","","","","injury-status","BYE","-","-","-","-","-","-","-","-","-","-","-","-"
"601","A. Parchment","A. Parchment","WR","","","Ques","injury-status questionable","BYE","-","-","-","-","-","-","-","-","-","-","-","-"
"602","R. Henry","R. Henry","WR","ATL","14","Ques","injury-status questionable","Final L 26-27 vs NO","-","-","-","-","-","-","-","-","-","-","-","-"
"603","D. Wright","D. Wright","WR","CAR","13","Ques","injury-status questionable","Final L 24-26 vs CLE","-","-","-","-","-","-","-","-","-","-","-","-"
"604","J. Lovett","J. Lovett","RB","","","","injury-status","BYE","-","-","-","-","-","-","-","-","-","-","-","-"
"605","D. Cheek","D. Cheek","QB","CAR","13","","injury-status","Final L 24-26 vs CLE","-","-","-","-","-","-","-","-","-","-","-","-"
"606","J. Babicz","J. Babicz","TE","","","","injury-status","BYE","-","-","-","-","-","-","-","-","-","-","-","-"
"607","T. Ford","T. Ford","QB","","","","injury-status","BYE","-","-","-","-","-","-","-","-","-","-","-","-"
"608","T. Clark","T. Clark","WR","","","","injury-status","BYE","-","-","-","-","-","-","-","-","-","-","-","-"
"609","D. Estrada","D. Estrada","WR","HOU","6","Ques","injury-status questionable","Final T 20-20 vs IND","-","-","-","-","-","-","-","-","-","-","-","-"
"610","S. Green","S. Green","TE","","","","injury-status","BYE","-","-","-","-","-","-","-","-","-","-","-","-"
"611","D. Ogletree","D. Ogletree","TE","IND","14","","injury-status","Final T 20-20 @ HOU","-","-","-","-","-","-","-","-","-","-","-","-"
"612","J. Guarantano","J. Guarantano","QB","DEN","9","","injury-status","Final L 16-17 @ SEA","-","-","-","-","-","-","-","-","-","-","-","-"
"613","J. Hall","J. Hall","WR","","","","injury-status","BYE","-","-","-","-","-","-","-","-","-","-","-","-"
"614","P. Invalid","P. Invalid","WR","","","","injury-status","BYE","-","-","-","-","-","-","-","-","-","-","-","-"
"615","D. Robertson","D. Robertson","WR","","","","injury-status","BYE","-","-","-","-","-","-","-","-","-","-","-","-"
"616","C. Sutton","C. Sutton","WR","","","","injury-status","BYE","-","-","-","-","-","-","-","-","-","-","-","-"
"617","T. Hennigan","T. Hennigan","WR","MIN","7","","injury-status","Final W 23-7 vs GB","-","-","-","-","-","-","-","-","-","-","-","-"
"618","N. Pau'u","N. Pau'u","WR","","","","injury-status","BYE","-","-","-","-","-","-","-","-","-","-","-","-"
"619","K. Lassiter","K. Lassiter","WR","CIN","10","","injury-status","Final L 20-23 vs PIT","-","-","-","-","-","-","-","-","-","-","-","-"
"620","P. Invalid","P. Invalid","TE","","","","injury-status","BYE","-","-","-","-","-","-","-","-","-","-","-","-"
"621","C. Brewer","C. Brewer","TE","","","","injury-status","BYE","-","-","-","-","-","-","-","-","-","-","-","-"
"622","P. Invalid","P. Invalid","TE","","","","injury-status","BYE","-","-","-","-","-","-","-","-","-","-","-","-"
"623","C. Garbers","C. Garbers","QB","LV","6","","injury-status","Final L 19-24 @ LAC","-","-","-","-","-","-","-","-","-","-","-","-"
"624","P. Invalid","P. Invalid","QB","","","","injury-status","BYE","-","-","-","-","-","-","-","-","-","-","-","-"
"625","L. Lewis","L. Lewis","QB","","","","injury-status","BYE","-","-","-","-","-","-","-","-","-","-","-","-"
"626","P. Invalid","P. Invalid","RB","","","","injury-status","BYE","-","-","-","-","-","-","-","-","-","-","-","-"
"627","P. Invalid","P. Invalid","RB","","","","injury-status","BYE","-","-","-","-","-","-","-","-","-","-","-","-"
"628","P. Invalid","P. Invalid","RB","","","","injury-status","BYE","-","-","-","-","-","-","-","-","-","-","-","-"
"629","K. Marks","K. Marks","RB","","","","injury-status","BYE","-","-","-","-","-","-","-","-","-","-","-","-"
"630","P. Invalid","P. Invalid","RB","","","","injury-status","BYE","-","-","-","-","-","-","-","-","-","-","-","-"
"631","M. Harley","M. Harley","WR","CLE","9","","injury-status","Final W 26-24 @ CAR","-","-","-","-","-","-","-","-","-","-","-","-"
"632","J. Sorenson","J. Sorenson","WR","","","","injury-status","BYE","-","-","-","-","-","-","-","-","-","-","-","-"
"633","S. Berryhill","S. Berryhill","WR","DET","6","","injury-status","Final L 35-38 vs PHI","-","-","-","-","-","-","-","-","-","-","-","-"
"634","J. Smart","J. Smart","WR","","","","injury-status","BYE","-","-","-","-","-","-","-","-","-","-","-","-"
"635","P. Invalid","P. Invalid","RB","","","","injury-status","BYE","-","-","-","-","-","-","-","-","-","-","-","-"
"636","B. Covey","B. Covey","WR","PHI","7","","injury-status","Final W 38-35 @ DET","-2","-","-","-","-","-","-","-","-","-","-","-"
"637","C. Oladokun","C. Oladokun","QB","KC","8","","injury-status","Final W 44-21 @ ARI","-","-","-","-","-","-","-","-","-","-","-","-"
"638","D. Allen","D. Allen","WR","PHI","7","","injury-status","Final W 38-35 @ DET","-","-","-","-","-","-","-","-","-","-","-","-"
"639","J. Ezzard","J. Ezzard","WR","","","Ques","injury-status questionable","BYE","-","-","-","-","-","-","-","-","-","-","-","-"
"640","T. Snead","T. Snead","WR","","","","injury-status","BYE","-","-","-","-","-","-","-","-","-","-","-","-"
"641","T. Pledger","T. Pledger","RB","","","","injury-status","BYE","-","-","-","-","-","-","-","-","-","-","-","-"
"642","G. Brkic","G. Brkic","K","","","","injury-status","BYE","-","-","-","-","-","-","-","-","-","-","-","-"
"643","P. Invalid","P. Invalid","QB","","","","injury-status","BYE","-","-","-","-","-","-","-","-","-","-","-","-"
"644","P. Invalid","P. Invalid","TE","","","","injury-status","BYE","-","-","-","-","-","-","-","-","-","-","-","-"
"645","T. Harris","T. Harris","WR","","","","injury-status","BYE","-","-","-","-","-","-","-","-","-","-","-","-"
"646","C. Jackson","C. Jackson","WR","MIA","11","","injury-status","Final W 20-7 vs NE","-","-","-","-","-","-","-","-","-","-","-","-"
"647","T. Martin","T. Martin","WR","SF","9","","injury-status","Final L 10-19 @ CHI","-","-","-","-","-","-","-","-","-","-","-","-"
"648","L. Krull","L. Krull","TE","NO","14","","injury-status","Final W 27-26 @ ATL","-","-","-","-","-","-","-","-","-","-","-","-"
"649","K. Pimpleton","K. Pimpleton","WR","NYG","9","","injury-status","Final W 21-20 @ TEN","-","-","-","-","-","-","-","-","-","-","-","-"
"650","G. Prince","G. Prince","TE","JAX","11","","injury-status","Final L 22-28 @ WAS","-","-","-","-","-","-","-","-","-","-","-","-"
"651","B. Koback","B. Koback","RB","MIN","7","","injury-status","Final W 23-7 vs GB","-","-","-","-","-","-","-","-","-","-","-","-"
"652","D. Deese","D. Deese","TE","","","","injury-status","BYE","-","-","-","-","-","-","-","-","-","-","-","-"
"653","P. Invalid","P. Invalid","RB","","","","injury-status","BYE","-","-","-","-","-","-","-","-","-","-","-","-"
"654","D. Torrey","D. Torrey","RB","","","","injury-status","BYE","-","-","-","-","-","-","-","-","-","-","-","-"
"655","S. Jones","S. Jones","RB","","","","injury-status","BYE","-","-","-","-","-","-","-","-","-","-","-","-"
"656","B. Baylor","B. Baylor","RB","ATL","14","","injury-status","Final L 26-27 vs NO","-","-","-","-","-","-","-","-","-","-","-","-"
"657","R. Person","R. Person","RB","","","","injury-status","BYE","-","-","-","-","-","-","-","-","-","-","-","-"
"658","E. Emezie","E. Emezie","WR","ATL","14","","injury-status","Final L 26-27 vs NO","-","-","-","-","-","-","-","-","-","-","-","-"
"659","P. Invalid","P. Invalid","RB","","","","injury-status","BYE","-","-","-","-","-","-","-","-","-","-","-","-"
"660","J. Sterns","J. Sterns","WR","LAR","7","","injury-status","Final L 10-31 vs BUF","-","-","-","-","-","-","-","-","-","-","-","-"
"661","J. Heiligh","J. Heiligh","WR","","","","injury-status","BYE","-","-","-","-","-","-","-","-","-","-","-","-"
"662","M. Durant","M. Durant","RB","","","","injury-status","BYE","-","-","-","-","-","-","-","-","-","-","-","-"
"663","J. Roberson","J. Roberson","WR","LAR","7","","injury-status","Final L 10-31 vs BUF","-","-","-","-","-","-","-","-","-","-","-","-"
"664","P. Invalid","P. Invalid","RB","","","","injury-status","BYE","-","-","-","-","-","-","-","-","-","-","-","-"
"665","I. Weston","I. Weston","WR","CLE","9","","injury-status","Final W 26-24 @ CAR","-","-","-","-","-","-","-","-","-","-","-","-"
"666","G. Bell","G. Bell","RB","","","","injury-status","BYE","-","-","-","-","-","-","-","-","-","-","-","-"
"667","C. Kelley","C. Kelley","QB","","","","injury-status","BYE","-","-","-","-","-","-","-","-","-","-","-","-"
"668","J. Johnson","J. Johnson","WR","","","","injury-status","BYE","-","-","-","-","-","-","-","-","-","-","-","-"
"669","S. McCormick","S. McCormick","RB","LV","6","","injury-status","Final L 19-24 @ LAC","-","-","-","-","-","-","-","-","-","-","-","-"
"670","M. Borghi","M. Borghi","RB","","","","injury-status","BYE","-","-","-","-","-","-","-","-","-","-","-","-"
"671","L. Brown","L. Brown","RB","","","","injury-status","BYE","-","-","-","-","-","-","-","-","-","-","-","-"
"672","P. Invalid","P. Invalid","QB","","","","injury-status","BYE","-","-","-","-","-","-","-","-","-","-","-","-"
"673","A. Allen","A. Allen","TE","GB","14","","injury-status","Final L 7-23 @ MIN","-","-","-","-","-","-","-","-","-","-","-","-"
"674","D. Dixon","D. Dixon","WR","","","","injury-status","BYE","-","-","-","-","-","-","-","-","-","-","-","-"
"675","D. Crum","D. Crum","QB","","","","injury-status","BYE","-","-","-","-","-","-","-","-","-","-","-","-"
"676","M. Polk","M. Polk","WR","NYG","9","","injury-status","Final W 21-20 @ TEN","-","-","-","-","-","-","-","-","-","-","-","-"
"677","T. Goodson","T. Goodson","RB","GB","14","Ques","injury-status questionable","Final L 7-23 @ MIN","-","-","-","-","-","-","-","-","-","-","-","-"
"678","J. Hall","J. Hall","TE","","","","injury-status","BYE","-","-","-","-","-","-","-","-","-","-","-","-"
"679","J. Coan","J. Coan","QB","","","","injury-status","BYE","-","-","-","-","-","-","-","-","-","-","-","-"
"680","K. Austin","K. Austin","WR","JAX","11","","injury-status","Final L 22-28 @ WAS","-","-","-","-","-","-","-","-","-","-","-","-"
"681","D. King","D. King","QB","","","","injury-status","BYE","-","-","-","-","-","-","-","-","-","-","-","-"
"682","C. Rambo","C. Rambo","WR","","","Ques","injury-status questionable","BYE","-","-","-","-","-","-","-","-","-","-","-","-"
"683","T. Fryfogle","T. Fryfogle","WR","","","","injury-status","BYE","-","-","-","-","-","-","-","-","-","-","-","-"
"684","J. Corbin","J. Corbin","RB","NYG","9","","injury-status","Final W 21-20 @ TEN","-","-","-","-","-","-","-","-","-","-","-","-"
"685","E. Perry","E. Perry","QB","JAX","11","","injury-status","Final L 22-28 @ WAS","-","-","-","-","-","-","-","-","-","-","-","-"
"686","C. Hodges","C. Hodges","TE","WAS","14","Ques","injury-status questionable","Final W 28-22 vs JAX","-","-","-","-","-","-","-","-","-","-","-","-"
"687","S. Bolden","S. Bolden","WR","","","","injury-status","BYE","-","-","-","-","-","-","-","-","-","-","-","-"
"688","A. Smith","A. Smith","RB","","","","injury-status","BYE","-","-","-","-","-","-","-","-","-","-","-","-"
"689","C. Verdell","C. Verdell","RB","","","","injury-status","BYE","-","-","-","-","-","-","-","-","-","-","-","-"
"690","D. Williams","D. Williams","WR","","","","injury-status","BYE","-","-","-","-","-","-","-","-","-","-","-","-"
"691","J. Johnson","J. Johnson","WR","HOU","6","Ques","injury-status questionable","Final T 20-20 vs IND","-","-","-","-","-","-","-","-","-","-","-","-"
"692","C. Allen","C. Allen","TE","CHI","14","","injury-status","Final W 19-10 vs SF","-","-","-","-","-","-","-","-","-","-","-","-"
"693","B. Powell","B. Powell","RB","","","","injury-status","BYE","-","-","-","-","-","-","-","-","-","-","-","-"
"694","B. Sanders","B. Sanders","WR","MIA","11","","injury-status","Final W 20-7 vs NE","-0","-","-","-","2","3","17","-","-","-","-","-"
"695","R. Roberson","R. Roberson","WR","TEN","6","","injury-status","Final L 20-21 vs NYG","-","-","-","-","-","-","-","-","-","-","-","-"
"696","Z. White","Z. White","RB","","","","injury-status","BYE","-","-","-","-","-","-","-","-","-","-","-","-"
"697","T. Turner","T. Turner","WR","","","","injury-status","BYE","-","-","-","-","-","-","-","-","-","-","-","-"
"698","D. Drummond","D. Drummond","WR","DAL","9","","injury-status","Final L 3-19 vs TB","-","-","-","-","-","-","-","-","-","-","-","-"
"699","P. Invalid","P. Invalid","QB","","","","injury-status","BYE","-","-","-","-","-","-","-","-","-","-","-","-"
"700","K. Brooks","K. Brooks","RB","","","","injury-status","BYE","-","-","-","-","-","-","-","-","-","-","-","-"
"701","M. Teague","M. Teague","RB","","","","injury-status","BYE","-","-","-","-","-","-","-","-","-","-","-","-"
"702","J. Metchie","J. Metchie","WR","HOU","6","","injury-status","Final T 20-20 vs IND","-","-","-","-","-","-","-","-","-","-","-","-"
"703","P. Invalid","P. Invalid","TE","","","","injury-status","BYE","-","-","-","-","-","-","-","-","-","-","-","-"
"704","J. Ealy","J. Ealy","RB","KC","8","","injury-status","Final W 44-21 @ ARI","-","-","-","-","-","-","-","-","-","-","-","-"
"705","L. Smith","L. Smith","TE","ATL","14","","injury-status","Final L 26-27 vs NO","-","-","-","-","-","-","-","-","-","-","-","-"
"706","D. Dedmon","D. Dedmon","WR","","","","injury-status","BYE","-","-","-","-","-","-","-","-","-","-","-","-"
"707","N. Kalinic","N. Kalinic","TE","IND","14","","injury-status","Final T 20-20 @ HOU","-","-","-","-","-","-","-","-","-","-","-","-"
"708","B. Lenius","B. Lenius","TE","","","","injury-status","BYE","-","-","-","-","-","-","-","-","-","-","-","-"
"709","R. Willis","R. Willis","QB","","","","injury-status","BYE","-","-","-","-","-","-","-","-","-","-","-","-"
"710","D. Williams","D. Williams","TE","","","","injury-status","BYE","-","-","-","-","-","-","-","-","-","-","-","-"
"711","M. Vital","M. Vital","TE","","","","injury-status","BYE","-","-","-","-","-","-","-","-","-","-","-","-"
"712","G. Adomitis","G. Adomitis","TE","","","","injury-status","BYE","-","-","-","-","-","-","-","-","-","-","-","-"
"713","M. Jacobson","M. Jacobson","TE","","","","injury-status","BYE","-","-","-","-","-","-","-","-","-","-","-","-"
"714","C. Taylor","C. Taylor","RB","","","","injury-status","BYE","-","-","-","-","-","-","-","-","-","-","-","-"
"715","D. Crawford","D. Crawford","TE","","","","injury-status","BYE","-","-","-","-","-","-","-","-","-","-","-","-"
"716","S. Cannella","S. Cannella","TE","","","","injury-status","BYE","-","-","-","-","-","-","-","-","-","-","-","-"
"717","K. Jackson","K. Jackson","TE","MIA","11","","injury-status","Final W 20-7 vs NE","-","-","-","-","-","-","-","-","-","-","-","-"
"718","K. Costello","K. Costello","QB","","","","injury-status","BYE","-","-","-","-","-","-","-","-","-","-","-","-"
"719","O. Anderson","O. Anderson","RB","","","","injury-status","BYE","-","-","-","-","-","-","-","-","-","-","-","-"
"720","M. Seybert","M. Seybert","TE","","","","injury-status","BYE","-","-","-","-","-","-","-","-","-","-","-","-"
"721","T. Toivonen","T. Toivonen","WR","","","","injury-status","BYE","-","-","-","-","-","-","-","-","-","-","-","-"
"722","C. Saunders","C. Saunders","WR","CAR","13","","injury-status","Final L 24-26 vs CLE","-","-","-","-","-","-","-","-","-","-","-","-"
"723","J. Hausmann","J. Hausmann","TE","","","","injury-status","BYE","-","-","-","-","-","-","-","-","-","-","-","-"
"724","N. McCrary","N. McCrary","RB","","","Ques","injury-status questionable","BYE","-","-","-","-","-","-","-","-","-","-","-","-"
"725","K. Bahar","K. Bahar","QB","","","","injury-status","BYE","-","-","-","-","-","-","-","-","-","-","-","-"
"726","J. Verity","J. Verity","K","","","","injury-status","BYE","-","-","-","-","-","-","-","-","-","-","-","-"
"727","B. Johnson","B. Johnson","K","","","","injury-status","BYE","-","-","-","-","-","-","-","-","-","-","-","-"
"728","D. Sylencieux","D. Sylencieux","WR","","","Ques","injury-status questionable","BYE","-","-","-","-","-","-","-","-","-","-","-","-"
"729","J. Johnson","J. Johnson","RB","","","Ques","injury-status questionable","BYE","-","-","-","-","-","-","-","-","-","-","-","-"
"730","J. Blount","J. Blount","TE","","","","injury-status","BYE","-","-","-","-","-","-","-","-","-","-","-","-"
"731","N. Guggemos","N. Guggemos","TE","GB","14","","injury-status","Final L 7-23 @ MIN","-","-","-","-","-","-","-","-","-","-","-","-"
"732","B. Seikovits","B. Seikovits","TE","ARI","13","","injury-status","Final L 21-44 vs KC","-","-","-","-","-","-","-","-","-","-","-","-"
"733","T. Harbison","T. Harbison","RB","","","Ques","injury-status questionable","BYE","-","-","-","-","-","-","-","-","-","-","-","-"
"734","L. Rice","L. Rice","TE","","","","injury-status","BYE","-","-","-","-","-","-","-","-","-","-","-","-"
"735","B. Mack","B. Mack","WR","","","","injury-status","BYE","-","-","-","-","-","-","-","-","-","-","-","-"
"736","D. Dukes","D. Dukes","WR","","","","injury-status","BYE","-","-","-","-","-","-","-","-","-","-","-","-"
"737","S. Beyer","S. Beyer","TE","","","","injury-status","BYE","-","-","-","-","-","-","-","-","-","-","-","-"
"738","C. Clay","C. Clay","TE","","","","injury-status","BYE","-","-","-","-","-","-","-","-","-","-","-","-"
"739","J. Imatorbhebhe","J. Imatorbhebhe","WR","","","","injury-status","BYE","-","-","-","-","-","-","-","-","-","-","-","-"
"740","T. Black","T. Black","WR","BAL","10","","injury-status","Final W 24-9 @ NYJ","-","-","-","-","-","-","-","-","-","-","-","-"
"741","S. Buechele","S. Buechele","QB","KC","7","","injury-status","Final W 44-21 @ ARI","-","-","-","-","-","-","-","-","-","-","-","-"
"742","D. Stoner","D. Stoner","WR","LV","6","","injury-status","Final L 19-24 @ LAC","-","-","-","-","-","-","-","-","-","-","-","-"
"743","T. Ragas","T. Ragas","RB","","","Ques","injury-status questionable","BYE","-","-","-","-","-","-","-","-","-","-","-","-"
"744","M. Bushman","M. Bushman","TE","KC","8","","injury-status","Final W 44-21 @ ARI","-","-","-","-","-","-","-","-","-","-","-","-"
"745","G. Groshek","G. Groshek","RB","","","","injury-status","BYE","-","-","-","-","-","-","-","-","-","-","-","-"
"746","R. Lees","R. Lees","WR","","","","injury-status","BYE","-","-","-","-","-","-","-","-","-","-","-","-"
"747","P. Wells","P. Wells","TE","","","","injury-status","BYE","-","-","-","-","-","-","-","-","-","-","-","-"
"748","C. Hill","C. Hill","QB","","","","injury-status","BYE","-","-","-","-","-","-","-","-","-","-","-","-"
"749","J. Raine","J. Raine","TE","ATL","14","","injury-status","Final L 26-27 vs NO","-","-","-","-","-","-","-","-","-","-","-","-"
"750","T. Walker","T. Walker","WR","","","","injury-status","BYE","-","-","-","-","-","-","-","-","-","-","-","-"
"751","T. Poljan","T. Poljan","TE","","","","injury-status","BYE","-","-","-","-","-","-","-","-","-","-","-","-"
"752","J. Borregales","J. Borregales","K","","","","injury-status","BYE","-","-","-","-","-","-","-","-","-","-","-","-"
"753","T. Simmons","T. Simmons","WR","","","","injury-status","BYE","-","-","-","-","-","-","-","-","-","-","-","-"
"754","C. Johnson","C. Johnson","WR","SEA","11","","injury-status","Final W 17-16 vs DEN","3","-","-","-","2","4","21","-","-","-","-","-"
"755","C. Wedington","C. Wedington","WR","SEA","11","","injury-status","Final W 17-16 vs DEN","-","-","-","-","-","-","-","-","-","-","-","-"
"756","B. Emmons","B. Emmons","RB","","","","injury-status","BYE","-","-","-","-","-","-","-","-","-","-","-","-"
"757","T. Grimes","T. Grimes","WR","","","Ques","injury-status questionable","BYE","-","-","-","-","-","-","-","-","-","-","-","-"
"758","Z. Davidson","Z. Davidson","TE","BUF","7","","injury-status","Final W 31-10 @ LAR","-","-","-","-","-","-","-","-","-","-","-","-"
"759","N. Ralston","N. Ralston","RB","","","","injury-status","BYE","-","-","-","-","-","-","-","-","-","-","-","-"
"760","H. Kampmoyer","H. Kampmoyer","TE","LAC","8","","injury-status","Final W 24-19 vs LV","-","-","-","-","-","-","-","-","-","-","-","-"
"761","E. Stove","E. Stove","WR","","","","injury-status","BYE","-","-","-","-","-","-","-","-","-","-","-","-"
"762","A. Kessman","A. Kessman","K","CAR","13","","injury-status","Final L 24-26 vs CLE","-","-","-","-","-","-","-","-","-","-","-","-"
"763","C. Tucker","C. Tucker","TE","","","","injury-status","BYE","-","-","-","-","-","-","-","-","-","-","-","-"
"764","A. Rose","A. Rose","RB","","","","injury-status","BYE","-","-","-","-","-","-","-","-","-","-","-","-"
"765","L. Akers","L. Akers","WR","","","","injury-status","BYE","-","-","-","-","-","-","-","-","-","-","-","-"
"766","D. Soehner","D. Soehner","TE","","","Ques","injury-status questionable","BYE","-","-","-","-","-","-","-","-","-","-","-","-"
"767","S. Scott","S. Scott","RB","","","","injury-status","BYE","-","-","-","-","-","-","-","-","-","-","-","-"
"768","B. Moore","B. Moore","TE","","","","injury-status","BYE","-","-","-","-","-","-","-","-","-","-","-","-"
"769","R. Bussey","R. Bussey","WR","","","","injury-status","BYE","-","-","-","-","-","-","-","-","-","-","-","-"
"770","I. McKoy","I. McKoy","WR","","","","injury-status","BYE","-","-","-","-","-","-","-","-","-","-","-","-"
"771","R. Rivers","R. Rivers","QB","","","","injury-status","BYE","-","-","-","-","-","-","-","-","-","-","-","-"
"772","D. Mills","D. Mills","RB","","","","injury-status","BYE","-","-","-","-","-","-","-","-","-","-","-","-"
"773","J. McKinley","J. McKinley","WR","","","","injury-status","BYE","-","-","-","-","-","-","-","-","-","-","-","-"
"774","B. Gaither","B. Gaither","WR","","","","injury-status","BYE","-","-","-","-","-","-","-","-","-","-","-","-"
"775","D. Lewis","D. Lewis","RB","","","","injury-status","BYE","-","-","-","-","-","-","-","-","-","-","-","-"
"776","J. Haydel","J. Haydel","WR","","","","injury-status","BYE","-","-","-","-","-","-","-","-","-","-","-","-"
"777","M. Stokke","M. Stokke","RB","CAR","13","","injury-status","Final L 24-26 vs CLE","-","-","-","-","-","-","-","-","-","-","-","-"
"778","S. Brown","S. Brown","RB","CAR","13","","injury-status","Final L 24-26 vs CLE","6","9","43","-","2","4","10","-","-","-","-","-"
"779","B. Smith","B. Smith","WR","DAL","9","","injury-status","Final L 3-19 vs TB","-","-","-","-","-","-","-","-","-","-","-","-"
"780","A. Lynn","A. Lynn","TE","","","","injury-status","BYE","-","-","-","-","-","-","-","-","-","-","-","-"
"781","J. Hardy","J. Hardy","RB","","","","injury-status","BYE","-","-","-","-","-","-","-","-","-","-","-","-"
"782","T. Vasher","T. Vasher","WR","","","","injury-status","BYE","-","-","-","-","-","-","-","-","-","-","-","-"
"783","O. Mitchell","O. Mitchell","WR","","","Ques","injury-status questionable","BYE","-","-","-","-","-","-","-","-","-","-","-","-"
"784","N. Eubanks","N. Eubanks","TE","","","","injury-status","BYE","-","-","-","-","-","-","-","-","-","-","-","-"
"785","B. Knox","B. Knox","RB","","","","injury-status","BYE","-","-","-","-","-","-","-","-","-","-","-","-"
"786","B. Haubeil","B. Haubeil","K","","","","injury-status","BYE","-","-","-","-","-","-","-","-","-","-","-","-"
"787","M. Forristall","M. Forristall","TE","CLE","9","Ques","injury-status questionable","Final W 26-24 @ CAR","-","-","-","-","-","1","-","-","-","-","-","-"
"788","S. Harrington","S. Harrington","TE","","","","injury-status","BYE","-","-","-","-","-","-","-","-","-","-","-","-"
"789","B. Mason","B. Mason","TE","BAL","10","Ques","injury-status questionable","Final W 24-9 @ NYJ","-","-","-","-","-","-","-","-","-","-","-","-"
"790","K. Baker","K. Baker","WR","NO","14","","injury-status","Final W 27-26 @ ATL","-","-","-","-","-","-","-","-","-","-","-","-"
"791","A. Nunn","A. Nunn","WR","","","","injury-status","BYE","-","-","-","-","-","-","-","-","-","-","-","-"
"792","C. Angeline","C. Angeline","TE","","","","injury-status","BYE","-","-","-","-","-","-","-","-","-","-","-","-"
"793","B. Labelle","B. Labelle","TE","","","Ques","injury-status questionable","BYE","-","-","-","-","-","-","-","-","-","-","-","-"
"794","J. Pederson","J. Pederson","TE","","","Ques","injury-status questionable","BYE","-","-","-","-","-","-","-","-","-","-","-","-"
"795","J. Darden","J. Darden","WR","CLE","9","","injury-status","Final W 26-24 @ CAR","4","1","2","-","2","2","26","-","-","-","-","-"
"796","C. Williams","C. Williams","TE","","","","injury-status","BYE","-","-","-","-","-","-","-","-","-","-","-","-"
"797","D. Roberson","D. Roberson","WR","","","","injury-status","BYE","-","-","-","-","-","-","-","-","-","-","-","-"
"798","S. Reyes","S. Reyes","TE","CHI","14","","injury-status","Final W 19-10 vs SF","-","-","-","-","-","-","-","-","-","-","-","-"
"799","M. Sexton","M. Sexton","WR","","","","injury-status","BYE","-","-","-","-","-","-","-","-","-","-","-","-"
"800","M. Simon","M. Simon","WR","CAR","13","","injury-status","Final L 24-26 vs CLE","-","-","-","-","-","-","-","-","-","-","-","-"
"801","K. Locksley","K. Locksley","WR","","","","injury-status","BYE","-","-","-","-","-","-","-","-","-","-","-","-"
"802","D. Clark","D. Clark","RB","","","Ques","injury-status questionable","BYE","-","-","-","-","-","-","-","-","-","-","-","-"
"803","J. Adams","J. Adams","WR","","","","injury-status","BYE","-","-","-","-","-","-","-","-","-","-","-","-"
"804","T. Lance","T. Lance","QB","SF","9","","injury-status","Final L 10-19 @ CHI","12","16","67","-","-","-","-","-","15","31","194","-"
"805","K. Trask","K. Trask","QB","TB","11","","injury-status","Final W 19-3 @ DAL","1","-","-","-","-","-","-","-","3","9","23","-"
"806","K. Yeboah","K. Yeboah","TE","NYJ","10","IR","injury-status ir","Final L 9-24 vs BAL","-","-","-","-","-","-","-","-","-","-","-","-"
"807","I. Book","I. Book","QB","PHI","7","","injury-status","Final W 38-35 @ DET","-","-","-","-","-","-","-","-","-","-","-","-"
"808","B. Eagles","B. Eagles","WR","","","","injury-status","BYE","-","-","-","-","-","-","-","-","-","-","-","-"
"809","J. Ausbon","J. Ausbon","WR","","","","injury-status","BYE","-","-","-","-","-","-","-","-","-","-","-","-"
"810","K. McClain","K. McClain","WR","","","","injury-status","BYE","-","-","-","-","-","-","-","-","-","-","-","-"
"811","A. Watkins","A. Watkins","WR","","","","injury-status","BYE","-","-","-","-","-","-","-","-","-","-","-","-"
"812","M. Mitchell","M. Mitchell","WR","","","","injury-status","BYE","-","-","-","-","-","-","-","-","-","-","-","-"
"813","S. Surratt","S. Surratt","TE","","","Ques","injury-status questionable","BYE","-","-","-","-","-","-","-","-","-","-","-","-"
"814","D. Hazelton","D. Hazelton","WR","","","","injury-status","BYE","-","-","-","-","-","-","-","-","-","-","-","-"
"815","J. Hawkins","J. Hawkins","RB","","","","injury-status","BYE","-","-","-","-","-","-","-","-","-","-","-","-"
"816","P. Williams","P. Williams","RB","","","","injury-status","BYE","-","-","-","-","-","-","-","-","-","-","-","-"
"817","W. Philyor","W. Philyor","WR","","","","injury-status","BYE","-","-","-","-","-","-","-","-","-","-","-","-"
"818","M. Stevenson","M. Stevenson","WR","CLE","9","","injury-status","Final W 26-24 @ CAR","-","-","-","-","-","-","-","-","-","-","-","-"
"819","J. Newman","J. Newman","QB","","","","injury-status","BYE","-","-","-","-","-","-","-","-","-","-","-","-"
"820","B. Proehl","B. Proehl","WR","MIN","7","","injury-status","Final W 23-7 vs GB","-","-","-","-","-","-","-","-","-","-","-","-"
"821","W. Jackson","W. Jackson","WR","","","Ques","injury-status questionable","BYE","-","-","-","-","-","-","-","-","-","-","-","-"
"822","C. Marable","C. Marable","RB","","","","injury-status","BYE","-","-","-","-","-","-","-","-","-","-","-","-"
"823","T. Vaughns","T. Vaughns","WR","","","","injury-status","BYE","-","-","-","-","-","-","-","-","-","-","-","-"
"824","T. Nixon","T. Nixon","WR","NE","10","","injury-status","Final L 7-20 @ MIA","-","-","-","-","-","-","-","-","-","-","-","-"
"825","M. Williams","M. Williams","WR","","","","injury-status","BYE","-","-","-","-","-","-","-","-","-","-","-","-"
"826","G. Doaks","G. Doaks","RB","HOU","6","","injury-status","Final T 20-20 vs IND","-","-","-","-","-","-","-","-","-","-","-","-"
"827","S. Williams","S. Williams","WR","JAX","11","Ques","injury-status questionable","Final L 22-28 @ WAS","-","-","-","-","-","-","-","-","-","-","-","-"
"828","R. Boyd","R. Boyd","RB","","","","injury-status","BYE","-","-","-","-","-","-","-","-","-","-","-","-"
"829","F. Darby","F. Darby","WR","ATL","14","","injury-status","Final L 26-27 vs NO","2","-","-","-","1","1","15","-","-","-","-","-"
"830","H. Thedford","H. Thedford","TE","DEN","9","","injury-status","Final L 16-17 @ SEA","-","-","-","-","-","-","-","-","-","-","-","-"
"831","C. Blair","C. Blair","WR","","","","injury-status","BYE","-","-","-","-","-","-","-","-","-","-","-","-"
"832","T. Russolino","T. Russolino","K","","","","injury-status","BYE","-","-","-","-","-","-","-","-","-","-","-","-"
"833","S. Castillo","S. Castillo","K","","","","injury-status","BYE","-","-","-","-","-","-","-","-","-","-","-","-"
"834","C. Davis","C. Davis","TE","","","","injury-status","BYE","-","-","-","-","-","-","-","-","-","-","-","-"
"835","D. Dafney","D. Dafney","TE","","","","injury-status","BYE","-","-","-","-","-","-","-","-","-","-","-","-"
"836","P. Quessenberry","P. Quessenberry","TE","","","","injury-status","BYE","-","-","-","-","-","-","-","-","-","-","-","-"
"837","F. Green","F. Green","TE","","","","injury-status","BYE","-","-","-","-","-","-","-","-","-","-","-","-"
"838","C. Harrell","C. Harrell","TE","","","","injury-status","BYE","-","-","-","-","-","-","-","-","-","-","-","-"
"839","N. Maxwell","N. Maxwell","RB","","","","injury-status","BYE","-","-","-","-","-","-","-","-","-","-","-","-"
"840","N. Cottrell","N. Cottrell","RB","","","Ques","injury-status questionable","BYE","-","-","-","-","-","-","-","-","-","-","-","-"
"841","N. Tiano","N. Tiano","QB","","","","injury-status","BYE","-","-","-","-","-","-","-","-","-","-","-","-"
"842","C. Slomka","C. Slomka","RB","","","","injury-status","BYE","-","-","-","-","-","-","-","-","-","-","-","-"
"843","S. Guidry","S. Guidry","WR","","","","injury-status","BYE","-","-","-","-","-","-","-","-","-","-","-","-"
"844","J. Burt","J. Burt","TE","","","","injury-status","BYE","-","-","-","-","-","-","-","-","-","-","-","-"
"845","I. Zuber","I. Zuber","WR","LV","6","Ques","injury-status questionable","Final L 19-24 @ LAC","-","-","-","-","-","-","-","-","-","-","-","-"
"846","M. Dereus","M. Dereus","WR","","","","injury-status","BYE","-","-","-","-","-","-","-","-","-","-","-","-"
"847","J. Hurst","J. Hurst","WR","","","Ques","injury-status questionable","BYE","-","-","-","-","-","-","-","-","-","-","-","-"
"848","T. Jonsen","T. Jonsen","WR","","","","injury-status","BYE","-","-","-","-","-","-","-","-","-","-","-","-"
"849","J. Pearson","J. Pearson","WR","","","","injury-status","BYE","-","-","-","-","-","-","-","-","-","-","-","-"
"850","M. Lynch","M. Lynch","RB","","","","injury-status","BYE","-","-","-","-","-","-","-","-","-","-","-","-"
"851","T. Hudson","T. Hudson","TE - TEN","","","Ques","injury-status questionable","Final L 20-21 vs NYG","-","-","-","-","-","-","-","-","-","-","-","-"
"852","K. Wilkerson","K. Wilkerson","WR","NE","10","","injury-status","Final L 7-20 @ MIA","-","-","-","-","-","-","-","-","-","-","-","-"
"853","K. Williams","K. Williams","WR","","","","injury-status","BYE","-","-","-","-","-","-","-","-","-","-","-","-"
"854","M. Kinsey","M. Kinsey","WR","TEN","6","","injury-status","Final L 20-21 vs NYG","-0","-","-","-","1","1","3","-","-","-","-","-"
"855","C. Scarlett","C. Scarlett","RB","","","","injury-status","BYE","-","-","-","-","-","-","-","-","-","-","-","-"
"856","T. Mabry","T. Mabry","TE","SEA","11","Ques","injury-status questionable","Final W 17-16 vs DEN","7","-","-","-","1","1","7","1","-","-","-","-"
"857","S. Dawkins","S. Dawkins","WR","","","","injury-status","BYE","-","-","-","-","-","-","-","-","-","-","-","-"
"858","P. Carr","P. Carr","RB","","","Ques","injury-status questionable","BYE","-","-","-","-","-","-","-","-","-","-","-","-"
"859","A. Jones","A. Jones","RB","","","","injury-status","BYE","-","-","-","-","-","-","-","-","-","-","-","-"
"860","J. Hokit","J. Hokit","RB","","","","injury-status","BYE","-","-","-","-","-","-","-","-","-","-","-","-"
"861","B. Rutter","B. Rutter","QB","","","","injury-status","BYE","-","-","-","-","-","-","-","-","-","-","-","-"
"862","J. Johnson","J. Johnson","WR","","","","injury-status","BYE","-","-","-","-","-","-","-","-","-","-","-","-"
"863","S. Platzgummer","S. Platzgummer","RB","NYG","9","","injury-status","Final W 21-20 @ TEN","-","-","-","-","-","-","-","-","-","-","-","-"
"864","I. Wright","I. Wright","WR","","","","injury-status","BYE","-","-","-","-","-","-","-","-","-","-","-","-"
"865","N. Togiai","N. Togiai","TE","PHI","7","","injury-status","Final W 38-35 @ DET","-","-","-","-","-","1","-","-","-","-","-","-"
"866","K. Tate","K. Tate","WR","","","","injury-status","BYE","-","-","-","-","-","-","-","-","-","-","-","-"
"867","M. Bailey","M. Bailey","WR","","","","injury-status","BYE","-","-","-","-","-","-","-","-","-","-","-","-"
"868","P. Houston","P. Houston","TE","","","","injury-status","BYE","-","-","-","-","-","-","-","-","-","-","-","-"
"869","D. Phelps","D. Phelps","WR","","","","injury-status","BYE","-","-","-","-","-","-","-","-","-","-","-","-"
"870","R. Medaris","R. Medaris","WR","","","","injury-status","BYE","-","-","-","-","-","-","-","-","-","-","-","-"
"871","J. Braswell","J. Braswell","WR","","","","injury-status","BYE","-","-","-","-","-","-","-","-","-","-","-","-"
"872","G. Campbell","G. Campbell","WR","","","","injury-status","BYE","-","-","-","-","-","-","-","-","-","-","-","-"
"873","R. John","R. John","TE","","","","injury-status","BYE","-","-","-","-","-","-","-","-","-","-","-","-"
"874","K. Markway","K. Markway","TE","","","","injury-status","BYE","-","-","-","-","-","-","-","-","-","-","-","-"
"875","C. Cookus","C. Cookus","QB","LAR","7","","injury-status","Final L 10-31 vs BUF","-","-","-","-","-","-","-","-","-","-","-","-"
"876","J. Ward","J. Ward","WR","","","","injury-status","BYE","-","-","-","-","-","-","-","-","-","-","-","-"
"877","S. Riley","S. Riley","WR","","","","injury-status","BYE","-","-","-","-","-","-","-","-","-","-","-","-"
"878","W. Hastings","W. Hastings","WR","","","","injury-status","BYE","-","-","-","-","-","-","-","-","-","-","-","-"
"879","N. Griffin-Stewart","N. Griffin-Stewart","TE","","","","injury-status","BYE","-","-","-","-","-","-","-","-","-","-","-","-"
"880","J. Bargas","J. Bargas","RB","MIA","11","","injury-status","Final W 20-7 vs NE","-","-","-","-","-","-","-","-","-","-","-","-"
"881","D. Chisena","D. Chisena","WR","MIN","7","Ques","injury-status questionable","Final W 23-7 vs GB","-","-","-","-","-","-","-","-","-","-","-","-"
"882","M. Cole","M. Cole","WR","","","","injury-status","BYE","-","-","-","-","-","-","-","-","-","-","-","-"
"883","B. Polk","B. Polk","WR","","","","injury-status","BYE","-","-","-","-","-","-","-","-","-","-","-","-"
"884","J. Koski","J. Koski","WR","","","","injury-status","BYE","-","-","-","-","-","-","-","-","-","-","-","-"
"885","E. Winston","E. Winston","WR","SEA","11","","injury-status","Final W 17-16 vs DEN","-","-","-","-","-","-","-","-","-","-","-","-"
"886","J. Gilbert","J. Gilbert","RB","","","","injury-status","BYE","-","-","-","-","-","-","-","-","-","-","-","-"
"887","E. Edwards","E. Edwards","WR","","","","injury-status","BYE","-","-","-","-","-","-","-","-","-","-","-","-"
"888","D. Schoen","D. Schoen","WR","","","","injury-status","BYE","-","-","-","-","-","-","-","-","-","-","-","-"
"889","J. Cotton","J. Cotton","WR","GB","14","Ques","injury-status questionable","Final L 7-23 @ MIN","-","-","-","-","-","-","-","-","-","-","-","-"
"890","G. Nabers","G. Nabers","RB","","","","injury-status","BYE","-","-","-","-","-","-","-","-","-","-","-","-"
"891","J. Rice","J. Rice","TE","","","","injury-status","BYE","-","-","-","-","-","-","-","-","-","-","-","-"
"892","D. Bradwell","D. Bradwell","RB","","","","injury-status","BYE","-","-","-","-","-","-","-","-","-","-","-","-"
"893","B. Holly","B. Holly","RB","","","","injury-status","BYE","-","-","-","-","-","-","-","-","-","-","-","-"
"894","S. Mariner","S. Mariner","WR","","","","injury-status","BYE","-","-","-","-","-","-","-","-","-","-","-","-"
"895","N. Bowers","N. Bowers","TE","CIN","10","","injury-status","Final L 20-23 vs PIT","-","-","-","-","-","-","-","-","-","-","-","-"
"896","J. Shelton-Mosley","J. Shelton-Mosley","WR","","","","injury-status","BYE","-","-","-","-","-","-","-","-","-","-","-","-"
"897","B. Wright","B. Wright","P, K - LAR","","","","injury-status","Final L 10-31 vs BUF","-","-","-","-","-","-","-","-","-","-","-","-"
"898","J. Hammond","J. Hammond","WR","","","","injury-status","BYE","-","-","-","-","-","-","-","-","-","-","-","-"
"899","M. Ross","M. Ross","WR","","","","injury-status","BYE","-","-","-","-","-","-","-","-","-","-","-","-"
"900","D. Harris","D. Harris","WR","","","","injury-status","BYE","-","-","-","-","-","-","-","-","-","-","-","-"
"901","T. Simmons","T. Simmons","WR","","","","injury-status","BYE","-","-","-","-","-","-","-","-","-","-","-","-"
"902","D. Stapleton","D. Stapleton","TE","","","","injury-status","BYE","-","-","-","-","-","-","-","-","-","-","-","-"
"903","J. Jones","J. Jones","RB","","","","injury-status","BYE","-","-","-","-","-","-","-","-","-","-","-","-"
"904","J. Morton","J. Morton","QB","IND","14","","injury-status","Final T 20-20 @ HOU","-","-","-","-","-","-","-","-","-","-","-","-"
"905","L. Sellers","L. Sellers","RB","","","","injury-status","BYE","-","-","-","-","-","-","-","-","-","-","-","-"
"906","N. Wieting","N. Wieting","TE","","","","injury-status","BYE","-","-","-","-","-","-","-","-","-","-","-","-"
"907","J. Bradley","J. Bradley","WR","PIT","9","","injury-status","Final W 23-20 @ CIN","-","-","-","-","-","-","-","-","-","-","-","-"
"908","K. Davidson","K. Davidson","QB","","","","injury-status","BYE","-","-","-","-","-","-","-","-","-","-","-","-"
"909","S. Washington","S. Washington","WR","NE","10","","injury-status","Final L 7-20 @ MIA","-","-","-","-","-","-","-","-","-","-","-","-"
"910","D. Whaley","D. Whaley","RB","","","","injury-status","BYE","-","-","-","-","-","-","-","-","-","-","-","-"
"911","A. Hifo","A. Hifo","WR","","","","injury-status","BYE","-","-","-","-","-","-","-","-","-","-","-","-"
"912","M. Ffrench","M. Ffrench","WR","","","","injury-status","BYE","-","-","-","-","-","-","-","-","-","-","-","-"
"913","A. Wagner","A. Wagner","WR","","","","injury-status","BYE","-","-","-","-","-","-","-","-","-","-","-","-"
"914","A. Pierce","A. Pierce","RB","","","","injury-status","BYE","-","-","-","-","-","-","-","-","-","-","-","-"
"915","C. Sutton","C. Sutton","TE","","","","injury-status","BYE","-","-","-","-","-","-","-","-","-","-","-","-"
"916","T. Hights","T. Hights","WR","","","","injury-status","BYE","-","-","-","-","-","-","-","-","-","-","-","-"
"917","S. Nigh","S. Nigh","RB","","","","injury-status","BYE","-","-","-","-","-","-","-","-","-","-","-","-"
"918","Z. Manning","Z. Manning","WR","","","","injury-status","BYE","-","-","-","-","-","-","-","-","-","-","-","-"
"919","N. Vogel","N. Vogel","K","","","","injury-status","BYE","-","-","-","-","-","-","-","-","-","-","-","-"
"920","J. Moore","J. Moore","WR","JAX","11","Ques","injury-status questionable","Final L 22-28 @ WAS","-","-","-","-","-","-","-","-","-","-","-","-"
"921","B. Rechsteiner","B. Rechsteiner","RB","","","","injury-status","BYE","-","-","-","-","-","-","-","-","-","-","-","-"
"922","C. Repp","C. Repp","TE","","","","injury-status","BYE","-","-","-","-","-","-","-","-","-","-","-","-"
"923","C. Rowland","C. Rowland","WR","","","","injury-status","BYE","-","-","-","-","-","-","-","-","-","-","-","-"
"924","J. Green","J. Green","WR","","","","injury-status","BYE","-","-","-","-","-","-","-","-","-","-","-","-"
"925","J. McCleskey","J. McCleskey","WR","","","","injury-status","BYE","-","-","-","-","-","-","-","-","-","-","-","-"
"926","M. Daniel","M. Daniel","RB","","","","injury-status","BYE","-","-","-","-","-","-","-","-","-","-","-","-"
"927","R. Becker","R. Becker","TE","","","","injury-status","BYE","-","-","-","-","-","-","-","-","-","-","-","-"
"928","S. Leatherbury","S. Leatherbury","WR","","","","injury-status","BYE","-","-","-","-","-","-","-","-","-","-","-","-"
"929","R. Sinnett","R. Sinnett","QB","","","","injury-status","BYE","-","-","-","-","-","-","-","-","-","-","-","-"
"930","R. Neal","R. Neal","QB","","","","injury-status","BYE","-","-","-","-","-","-","-","-","-","-","-","-"
"931","J. Love","J. Love","QB","","","","injury-status","BYE","-","-","-","-","-","-","-","-","-","-","-","-"
"932","J. Smith","J. Smith","QB","","","","injury-status","BYE","-","-","-","-","-","-","-","-","-","-","-","-"
"933","T. Stevens","T. Stevens","QB","NYG","9","","injury-status","Final W 21-20 @ TEN","-","-","-","-","-","-","-","-","-","-","-","-"
"934","B. DiNucci","B. DiNucci","QB","","","","injury-status","BYE","-","-","-","-","-","-","-","-","-","-","-","-"
"935","J. Rohrwasser","J. Rohrwasser","K","","","","injury-status","BYE","-","-","-","-","-","-","-","-","-","-","-","-"
"936","M. Perry","M. Perry","WR","","","","injury-status","BYE","-","-","-","-","-","-","-","-","-","-","-","-"
"937","J. Huntley","J. Huntley","RB","PIT","9","","injury-status","Final W 23-20 @ CIN","-","-","-","-","-","-","-","-","-","-","-","-"
"938","R. Ahmed","R. Ahmed","K","GB","14","","injury-status","Final L 7-23 @ MIN","-","-","-","-","-","-","-","-","-","-","-","-"
"939","T. Feaster","T. Feaster","RB","ARI","13","","injury-status","Final L 21-44 vs KC","-","-","-","-","-","-","-","-","-","-","-","-"
"940","R. Smith","R. Smith","RB","","","","injury-status","BYE","-","-","-","-","-","-","-","-","-","-","-","-"
"941","D. Dillon","D. Dillon","WR","","","","injury-status","BYE","-","-","-","-","-","-","-","-","-","-","-","-"
"942","A. MacGinnis","A. MacGinnis","K","","","","injury-status","BYE","-","-","-","-","-","-","-","-","-","-","-","-"
"943","A. Killins","A. Killins","RB","DEN","9","","injury-status","Final L 16-17 @ SEA","-","-","-","-","-","-","-","-","-","-","-","-"
"944","C. Finke","C. Finke","WR","","","","injury-status","BYE","-","-","-","-","-","-","-","-","-","-","-","-"
"945","A. Parker","A. Parker","WR","","","","injury-status","BYE","-","-","-","-","-","-","-","-","-","-","-","-"
"946","X. Jones","X. Jones","RB","","","Ques","injury-status questionable","BYE","-","-","-","-","-","-","-","-","-","-","-","-"
"947","J. Hightower","J. Hightower","WR","LAC","8","","injury-status","Final W 24-19 vs LV","-","-","-","-","-","-","-","-","-","-","-","-"
"948","I. Coulter","I. Coulter","WR","ARI","13","","injury-status","Final L 21-44 vs KC","-","-","-","-","-","-","-","-","-","-","-","-"
"949","J. Luton","J. Luton","QB","NO","14","","injury-status","Final W 27-26 @ ATL","-","-","-","-","-","-","-","-","-","-","-","-"
"950","D. Keene","D. Keene","TE","DEN","9","Ques","injury-status questionable","Final L 16-17 @ SEA","-","-","-","-","-","-","-","-","-","-","-","-"
"951","J. Morgan","J. Morgan","QB","ARI","13","","injury-status","Final L 21-44 vs KC","-","-","-","-","-","-","-","-","-","-","-","-"
"952","O. Bayless","O. Bayless","WR","","","","injury-status","BYE","-","-","-","-","-","-","-","-","-","-","-","-"
"953","P. Guerriero","P. Guerriero","RB","","","","injury-status","BYE","-","-","-","-","-","-","-","-","-","-","-","-"
"954","T. Brown","T. Brown","WR","","","","injury-status","BYE","-","-","-","-","-","-","-","-","-","-","-","-"
"955","J. Thomas","J. Thomas","WR","","","","injury-status","BYE","-","-","-","-","-","-","-","-","-","-","-","-"
"956","J. Molson","J. Molson","K","","","","injury-status","BYE","-","-","-","-","-","-","-","-","-","-","-","-"
"957","E. Wolf","E. Wolf","TE","","","","injury-status","BYE","-","-","-","-","-","-","-","-","-","-","-","-"
"958","S. Patterson","S. Patterson","QB","","","","injury-status","BYE","-","-","-","-","-","-","-","-","-","-","-","-"
"959","D. Stewart","D. Stewart","WR","","","","injury-status","BYE","-","-","-","-","-","-","-","-","-","-","-","-"
"960","S. Olonilua","S. Olonilua","RB","","","Ques","injury-status questionable","BYE","-","-","-","-","-","-","-","-","-","-","-","-"
"961","B. LeMay","B. LeMay","RB","CLE","9","","injury-status","Final W 26-24 @ CAR","-","-","-","-","-","-","-","-","-","-","-","-"
"962","C. White","C. White","WR","PIT","9","","injury-status","Final W 23-20 @ CIN","1","-","-","-","1","1","2","-","-","-","-","-"
"963","D. Anderson","D. Anderson","RB","","","","injury-status","BYE","-","-","-","-","-","-","-","-","-","-","-","-"
"964","K. Rogers","K. Rogers","WR","","","","injury-status","BYE","-","-","-","-","-","-","-","-","-","-","-","-"
"965","J. Breeland","J. Breeland","TE","","","","injury-status","BYE","-","-","-","-","-","-","-","-","-","-","-","-"
"966","S. Montez","S. Montez","QB","DET","6","","injury-status","Final L 35-38 vs PHI","-","-","-","-","-","-","-","-","-","-","-","-"
"967","T. Jackson","T. Jackson","WR","MIN","7","IR","injury-status ir","Final W 23-7 vs GB","-","-","-","-","-","-","-","-","-","-","-","-"
"968","B. Lewerke","B. Lewerke","QB","","","","injury-status","BYE","-","-","-","-","-","-","-","-","-","-","-","-"
"969","S. Phillips","S. Phillips","RB","","","","injury-status","BYE","-","-","-","-","-","-","-","-","-","-","-","-"
"970","B. Herrien","B. Herrien","RB","","","","injury-status","BYE","-","-","-","-","-","-","-","-","-","-","-","-"
"971","D. Wood-Anderson","D. Wood-Anderson","TE","","","","injury-status","BYE","-","-","-","-","-","-","-","-","-","-","-","-"
"972","M. Warren","M. Warren","RB","DET","6","","injury-status","Final L 35-38 vs PHI","-","-","-","-","-","-","-","-","-","-","-","-"
"973","R. Calais","R. Calais","RB","","","","injury-status","BYE","-","-","-","-","-","-","-","-","-","-","-","-"
"974","C. O'Grady","C. O'Grady","TE","","","","injury-status","BYE","-","-","-","-","-","-","-","-","-","-","-","-"
"975","A. Fuller","A. Fuller","WR","","","","injury-status","BYE","-","-","-","-","-","-","-","-","-","-","-","-"
"976","J. Leake","J. Leake","RB","","","","injury-status","BYE","-","-","-","-","-","-","-","-","-","-","-","-"
"977","L. Bellamy","L. Bellamy","RB","","","","injury-status","BYE","-","-","-","-","-","-","-","-","-","-","-","-"
"978","C. McDonald","C. McDonald","QB","","","","injury-status","BYE","-","-","-","-","-","-","-","-","-","-","-","-"
"979","T. Ginn","T. Ginn","WR","","","","injury-status","BYE","-","-","-","-","-","-","-","-","-","-","-","-"
"980","B. Victor","B. Victor","WR","BAL","10","","injury-status","Final W 24-9 @ NYJ","-","-","-","-","-","-","-","-","-","-","-","-"
"981","C. Taumoepeau","C. Taumoepeau","TE","","","","injury-status","BYE","-","-","-","-","-","-","-","-","-","-","-","-"
"982","T. Moss","T. Moss","TE","","","","injury-status","BYE","-","-","-","-","-","-","-","-","-","-","-","-"
"983","A. Gandy-Golden","A. Gandy-Golden","TE","","","","injury-status","BYE","-","-","-","-","-","-","-","-","-","-","-","-"
"984","A. Gordon","A. Gordon","QB","","","","injury-status","BYE","-","-","-","-","-","-","-","-","-","-","-","-"
"985","N. Stanley","N. Stanley","QB","","","","injury-status","BYE","-","-","-","-","-","-","-","-","-","-","-","-"
"986","Q. Davis","Q. Davis","WR","","","Ques","injury-status questionable","BYE","-","-","-","-","-","-","-","-","-","-","-","-"
"987","A. Mack","A. Mack","WR","","","","injury-status","BYE","-","-","-","-","-","-","-","-","-","-","-","-"
"988","K. Hill","K. Hill","WR","LAC","8","","injury-status","Final W 24-19 vs LV","-","-","-","-","-","-","-","-","-","-","-","-"
"989","C. Johnson","C. Johnson","WR","NYG","9","","injury-status","Final W 21-20 @ TEN","-","-","-","-","-","-","-","-","-","-","-","-"
"990","H. Bryant","H. Bryant","TE","","","Ques","injury-status questionable","BYE","-","-","-","-","-","-","-","-","-","-","-","-"
"991","J. Pinkney","J. Pinkney","TE","LAR","7","Ques","injury-status questionable","Final L 10-31 vs BUF","-","-","-","-","-","-","-","-","-","-","-","-"
"992","K. Lipscomb","K. Lipscomb","WR","","","","injury-status","BYE","-","-","-","-","-","-","-","-","-","-","-","-"
"993","J. Fromm","J. Fromm","QB","WAS","14","","injury-status","Final W 28-22 vs JAX","-","-","-","-","-","-","-","-","-","-","-","-"
"994","H. Ruggs","H. Ruggs","WR","","","","injury-status","BYE","-","-","-","-","-","-","-","-","-","-","-","-"
"995","C. Streveler","C. Streveler","QB","NYJ","10","","injury-status","Final L 9-24 vs BAL","8","9","54","-","-","-","-","-","10","15","90","-"
"996","R. Begelton","R. Begelton","WR","","","","injury-status","BYE","-","-","-","-","-","-","-","-","-","-","-","-"
"997","D. Clark","D. Clark","TE","","","","injury-status","BYE","-","-","-","-","-","-","-","-","-","-","-","-"
"998","L. McCoy","L. McCoy","RB","","","","injury-status","BYE","-","-","-","-","-","-","-","-","-","-","-","-"
"999","T. Salter","T. Salter","WR","","","NA","injury-status na","BYE","-","-","-","-","-","-","-","-","-","-","-","-"
"1000","M. Young","M. Young","RB","","","","injury-status","BYE","-","-","-","-","-","-","-","-","-","-","-","-"
"1001","M. Crum","M. Crum","TE","","","","injury-status","BYE","-","-","-","-","-","-","-","-","-","-","-","-"
"1002","J. Ta'amu","J. Ta'amu","QB","","","","injury-status","BYE","-","-","-","-","-","-","-","-","-","-","-","-"
"1003","J. Harris","J. Harris","TE","","","","injury-status","BYE","-","-","-","-","-","-","-","-","-","-","-","-"
"1004","J. Walker","J. Walker","WR","","","","injury-status","BYE","-","-","-","-","-","-","-","-","-","-","-","-"
"1005","V. Testaverde","V. Testaverde","QB","","","","injury-status","BYE","-","-","-","-","-","-","-","-","-","-","-","-"
"1006","J. Way","J. Way","WR","","","","injury-status","BYE","-","-","-","-","-","-","-","-","-","-","-","-"
"1007","M. Simms","M. Simms","WR","","","Ques","injury-status questionable","BYE","-","-","-","-","-","-","-","-","-","-","-","-"
"1008","J. Caldwell","J. Caldwell","RB","","","","injury-status","BYE","-","-","-","-","-","-","-","-","-","-","-","-"
"1009","T. McGowan","T. McGowan","RB","","","","injury-status","BYE","-","-","-","-","-","-","-","-","-","-","-","-"
"1010","F. Trevillion","F. Trevillion","WR","","","","injury-status","BYE","-","-","-","-","-","-","-","-","-","-","-","-"
"1011","M. Sutton","M. Sutton","RB","","","","injury-status","BYE","-","-","-","-","-","-","-","-","-","-","-","-"
"1012","G. Olszewski","G. Olszewski","WR","PIT","9","","injury-status","Final W 23-20 @ CIN","8","8","39","-","5","7","53","-","-","-","-","-"
"1013","F. Allen","F. Allen","WR","","","","injury-status","BYE","-","-","-","-","-","-","-","-","-","-","-","-"
"1014","J. Horn","J. Horn","WR","","","","injury-status","BYE","-","-","-","-","-","-","-","-","-","-","-","-"
"1015","J. Horn","J. Horn","WR","","","","injury-status","BYE","-","-","-","-","-","-","-","-","-","-","-","-"
"1016","J. Greene","J. Greene","WR","","","","injury-status","BYE","-","-","-","-","-","-","-","-","-","-","-","-"
"1017","A. Ouellette","A. Ouellette","RB","","","","injury-status","BYE","-","-","-","-","-","-","-","-","-","-","-","-"
"1018","M. Wright","M. Wright","WR","","","","injury-status","BYE","-","-","-","-","-","-","-","-","-","-","-","-"
"1019","J. Parker","J. Parker","WR","","","","injury-status","BYE","-","-","-","-","-","-","-","-","-","-","-","-"
"1020","N. Evans","N. Evans","RB","","","","injury-status","BYE","-","-","-","-","-","-","-","-","-","-","-","-"
"1021","B. Watson","B. Watson","TE","","","","injury-status","BYE","-","-","-","-","-","-","-","-","-","-","-","-"
"1022","B. Burt","B. Burt","WR","","","","injury-status","BYE","-","-","-","-","-","-","-","-","-","-","-","-"
"1023","V. Bryant","V. Bryant","WR","","","","injury-status","BYE","-","-","-","-","-","-","-","-","-","-","-","-"
"1024","I. Zico","I. Zico","WR","","","","injury-status","BYE","-","-","-","-","-","-","-","-","-","-","-","-"
"1025","C. Hatfield","C. Hatfield","K","","","","injury-status","BYE","-","-","-","-","-","-","-","-","-","-","-","-"
"1026","J. Baron","J. Baron","K","","","","injury-status","BYE","-","-","-","-","-","-","-","-","-","-","-","-"
"1027","I. Searight","I. Searight","TE","","","","injury-status","BYE","-","-","-","-","-","-","-","-","-","-","-","-"
"1028","A. Lindsey","A. Lindsey","WR","","","","injury-status","BYE","-","-","-","-","-","-","-","-","-","-","-","-"
"1029","N. Fitzgerald","N. Fitzgerald","QB","","","","injury-status","BYE","-","-","-","-","-","-","-","-","-","-","-","-"
"1030","C. Simpson","C. Simpson","WR","","","","injury-status","BYE","-","-","-","-","-","-","-","-","-","-","-","-"
"1031","J. McClendon","J. McClendon","QB","","","","injury-status","BYE","-","-","-","-","-","-","-","-","-","-","-","-"
"1032","D. Hodges","D. Hodges","QB","","","","injury-status","BYE","-","-","-","-","-","-","-","-","-","-","-","-"
"1033","S. Schnell","S. Schnell","WR","","","","injury-status","BYE","-","-","-","-","-","-","-","-","-","-","-","-"
"1034","D. Strickland","D. Strickland","RB","","","","injury-status","BYE","-","-","-","-","-","-","-","-","-","-","-","-"
"1035","C. Jones","C. Jones","TE","","","","injury-status","BYE","-","-","-","-","-","-","-","-","-","-","-","-"
"1036","M. Colubiale","M. Colubiale","TE","","","","injury-status","BYE","-","-","-","-","-","-","-","-","-","-","-","-"
"1037","M. Stephens","M. Stephens","TE","","","","injury-status","BYE","-","-","-","-","-","-","-","-","-","-","-","-"
"1038","T. Brooks-James","T. Brooks-James","RB","","","","injury-status","BYE","-","-","-","-","-","-","-","-","-","-","-","-"
"1039","S. Poindexter","S. Poindexter","WR","","","","injury-status","BYE","-","-","-","-","-","-","-","-","-","-","-","-"
"1040","A. Walter","A. Walter","RB","LV","6","Ques","injury-status questionable","Final L 19-24 @ LAC","-","-","-","-","-","-","-","-","-","-","-","-"
"1041","M. Henry","M. Henry","WR","","","","injury-status","BYE","-","-","-","-","-","-","-","-","-","-","-","-"
"1042","D. Willis","D. Willis","WR","","","","injury-status","BYE","-","-","-","-","-","-","-","-","-","-","-","-"
"1043","M. Marshall","M. Marshall","RB","","","","injury-status","BYE","-","-","-","-","-","-","-","-","-","-","-","-"
"1044","D. Thompkins","D. Thompkins","WR","GB","14","Ques","injury-status questionable","Final L 7-23 @ MIN","-","-","-","-","-","-","-","-","-","-","-","-"
"1045","D. Jackson","D. Jackson","RB","","","","injury-status","BYE","-","-","-","-","-","-","-","-","-","-","-","-"
"1046","N. Becker","N. Becker","TE","","","Ques","injury-status questionable","BYE","-","-","-","-","-","-","-","-","-","-","-","-"
"1047","J. Jordan","J. Jordan","WR","","","","injury-status","BYE","-","-","-","-","-","-","-","-","-","-","-","-"
"1048","T. Linta","T. Linta","QB","","","","injury-status","BYE","-","-","-","-","-","-","-","-","-","-","-","-"
"1049","D. Shepherd","D. Shepherd","WR","","","Ques","injury-status questionable","BYE","-","-","-","-","-","-","-","-","-","-","-","-"
"1050","T. Gray","T. Gray","RB","","","","injury-status","BYE","-","-","-","-","-","-","-","-","-","-","-","-"
"1051","C. Conrad","C. Conrad","TE","","","","injury-status","BYE","-","-","-","-","-","-","-","-","-","-","-","-"
"1052","C. Hedlund","C. Hedlund","K","","","","injury-status","BYE","-","-","-","-","-","-","-","-","-","-","-","-"
"1053","J. Johnson","J. Johnson","TE","","","","injury-status","BYE","-","-","-","-","-","-","-","-","-","-","-","-"
"1054","T. Wright","T. Wright","WR","","","","injury-status","BYE","-","-","-","-","-","-","-","-","-","-","-","-"
"1055","A. Choice","A. Choice","RB","","","","injury-status","BYE","-","-","-","-","-","-","-","-","-","-","-","-"
"1056","M. Deane","M. Deane","TE","","","","injury-status","BYE","-","-","-","-","-","-","-","-","-","-","-","-"
"1057","T. Christion","T. Christion","QB","","","","injury-status","BYE","-","-","-","-","-","-","-","-","-","-","-","-"
"1058","C. Scarff","C. Scarff","TE","","","","injury-status","BYE","-","-","-","-","-","-","-","-","-","-","-","-"
"1059","D. Koppenhaver","D. Koppenhaver","TE","","","","injury-status","BYE","-","-","-","-","-","-","-","-","-","-","-","-"
"1060","M. Eaton","M. Eaton","WR","","","","injury-status","BYE","-","-","-","-","-","-","-","-","-","-","-","-"
"1061","T. Ives","T. Ives","WR","CHI","14","Ques","injury-status questionable","Final W 19-10 vs SF","-","-","-","-","-","-","-","-","-","-","-","-"
"1062","E. Richardson","E. Richardson","TE","","","","injury-status","BYE","-","-","-","-","-","-","-","-","-","-","-","-"
"1063","C. Herdman","C. Herdman","TE","","","","injury-status","BYE","-","-","-","-","-","-","-","-","-","-","-","-"
"1064","S. Modster","S. Modster","WR","","","","injury-status","BYE","-","-","-","-","-","-","-","-","-","-","-","-"
"1065","D. Montgomery","D. Montgomery","WR","HOU","6","IR","injury-status ir","Final T 20-20 vs IND","-","-","-","-","-","-","-","-","-","-","-","-"
"1066","S. Carlson","S. Carlson","TE","","","","injury-status","BYE","-","-","-","-","-","-","-","-","-","-","-","-"
"1067","D. Baker","D. Baker","WR","","","","injury-status","BYE","-","-","-","-","-","-","-","-","-","-","-","-"
"1068","D. Hall","D. Hall","RB","","","","injury-status","BYE","-","-","-","-","-","-","-","-","-","-","-","-"
"1069","J. Hilliman","J. Hilliman","RB","","","","injury-status","BYE","-","-","-","-","-","-","-","-","-","-","-","-"
"1070","E. Dungey","E. Dungey","QB","","","","injury-status","BYE","-","-","-","-","-","-","-","-","-","-","-","-"
"1071","H. Hentges","H. Hentges","TE","","","","injury-status","BYE","-","-","-","-","-","-","-","-","-","-","-","-"
"1072","K. McKnight","K. McKnight","WR","","","","injury-status","BYE","-","-","-","-","-","-","-","-","-","-","-","-"
"1073","G. Aston","G. Aston","RB","","","","injury-status","BYE","-","-","-","-","-","-","-","-","-","-","-","-"
"1074","J. Johnson","J. Johnson","WR","","","","injury-status","BYE","-","-","-","-","-","-","-","-","-","-","-","-"
"1075","G. Tate","G. Tate","WR","","","","injury-status","BYE","-","-","-","-","-","-","-","-","-","-","-","-"
"1076","T. Rahming","T. Rahming","WR","","","","injury-status","BYE","-","-","-","-","-","-","-","-","-","-","-","-"
"1077","K. Dillon","K. Dillon","TE","","","","injury-status","BYE","-","-","-","-","-","-","-","-","-","-","-","-"
"1078","A. Fort","A. Fort","TE","","","","injury-status","BYE","-","-","-","-","-","-","-","-","-","-","-","-"
"1079","R. Guerrier","R. Guerrier","WR","","","","injury-status","BYE","-","-","-","-","-","-","-","-","-","-","-","-"
"1080","J. Lloyd","J. Lloyd","WR","","","","injury-status","BYE","-","-","-","-","-","-","-","-","-","-","-","-"
"1081","K. Brown","K. Brown","TE","","","","injury-status","BYE","-","-","-","-","-","-","-","-","-","-","-","-"
"1082","R. Brooker","R. Brooker","TE","","","","injury-status","BYE","-","-","-","-","-","-","-","-","-","-","-","-"
"1083","A. Bachman","A. Bachman","WR","HOU","6","","injury-status","Final T 20-20 vs IND","-","-","-","-","-","-","-","-","-","-","-","-"
"1084","M. Colburn","M. Colburn","RB","","","","injury-status","BYE","-","-","-","-","-","-","-","-","-","-","-","-"
"1085","J. Sumpter","J. Sumpter","WR","","","","injury-status","BYE","-","-","-","-","-","-","-","-","-","-","-","-"
"1086","A. Hollins","A. Hollins","WR","","","","injury-status","BYE","-","-","-","-","-","-","-","-","-","-","-","-"
"1087","D. Davis","D. Davis","WR","HOU","6","","injury-status","Final T 20-20 vs IND","-","-","-","-","-","-","-","-","-","-","-","-"
"1088","J. Washington","J. Washington","TE","","","","injury-status","BYE","-","-","-","-","-","-","-","-","-","-","-","-"
"1089","D. Belcher","D. Belcher","TE","","","","injury-status","BYE","-","-","-","-","-","-","-","-","-","-","-","-"
"1090","A. Richardson","A. Richardson","WR","","","","injury-status","BYE","-","-","-","-","-","-","-","-","-","-","-","-"
"1091","X. Turner","X. Turner","RB","","","","injury-status","BYE","-","-","-","-","-","-","-","-","-","-","-","-"
"1092","D. Anderson","D. Anderson","QB","","","","injury-status","BYE","-","-","-","-","-","-","-","-","-","-","-","-"
"1093","D. Jeanpiere","D. Jeanpiere","WR","","","","injury-status","BYE","-","-","-","-","-","-","-","-","-","-","-","-"
"1094","C. Meier","C. Meier","TE","","","","injury-status","BYE","-","-","-","-","-","-","-","-","-","-","-","-"
"1095","P. White","P. White","WR","","","","injury-status","BYE","-","-","-","-","-","-","-","-","-","-","-","-"
"1096","M. Walker","M. Walker","WR","","","Ques","injury-status questionable","BYE","-","-","-","-","-","-","-","-","-","-","-","-"
"1097","D. Snelson","D. Snelson","WR","","","","injury-status","BYE","-","-","-","-","-","-","-","-","-","-","-","-"
"1098","R. Leonard","R. Leonard","WR","","","","injury-status","BYE","-","-","-","-","-","-","-","-","-","-","-","-"
"1099","C. Worton","C. Worton","WR","","","","injury-status","BYE","-","-","-","-","-","-","-","-","-","-","-","-"
"1100","K. Lewis","K. Lewis","WR","","","","injury-status","BYE","-","-","-","-","-","-","-","-","-","-","-","-"
"1101","S. Bane","S. Bane","WR","","","","injury-status","BYE","-","-","-","-","-","-","-","-","-","-","-","-"
"1102","M. Wilkins","M. Wilkins","QB","","","","injury-status","BYE","-","-","-","-","-","-","-","-","-","-","-","-"
"1103","S. Louis","S. Louis","WR","","","","injury-status","BYE","-","-","-","-","-","-","-","-","-","-","-","-"
"1104","D. Crockett","D. Crockett","RB","DEN","9","","injury-status","Final L 16-17 @ SEA","-","-","-","-","-","-","-","-","-","-","-","-"
"1105","X. Ubosi","X. Ubosi","WR","","","","injury-status","BYE","-","-","-","-","-","-","-","-","-","-","-","-"
"1106","J. Duhart","J. Duhart","WR","","","","injury-status","BYE","-","-","-","-","-","-","-","-","-","-","-","-"
"1107","J. Ellis","J. Ellis","RB","","","","injury-status","BYE","-","-","-","-","-","-","-","-","-","-","-","-"
"1108","J. Dolegala","J. Dolegala","QB","","","","injury-status","BYE","-","-","-","-","-","-","-","-","-","-","-","-"
"1109","P. Laird","P. Laird","RB","TB","11","","injury-status","Final W 19-3 @ DAL","-","-","-","-","-","-","-","-","-","-","-","-"
"1110","I. Bunting","I. Bunting","TE","DAL","9","Ques","injury-status questionable","Final L 3-19 vs TB","-","-","-","-","-","-","-","-","-","-","-","-"
"1111","C. Cox","C. Cox","RB","","","","injury-status","BYE","-","-","-","-","-","-","-","-","-","-","-","-"
"1112","C. Gillaspia","C. Gillaspia","RB","SEA","11","Ques","injury-status questionable","Final W 17-16 vs DEN","-","-","-","-","-","-","-","-","-","-","-","-"
"1113","M. Green","M. Green","WR","","","","injury-status","BYE","-","-","-","-","-","-","-","-","-","-","-","-"
"1114","B. Dillon","B. Dillon","TE","","","Ques","injury-status questionable","BYE","-","-","-","-","-","-","-","-","-","-","-","-"
"1115","A. Roberts","A. Roberts","WR","CAR","13","","injury-status","Final L 24-26 vs CLE","-1","-","-","-","-","-","-","-","-","-","-","-"
"1116","K. Shurmur","K. Shurmur","QB","","","","injury-status","BYE","-","-","-","-","-","-","-","-","-","-","-","-"
"1117","T. Wood","T. Wood","TE","","","","injury-status","BYE","-","-","-","-","-","-","-","-","-","-","-","-"
"1118","R. White","R. White","WR","","","","injury-status","BYE","-","-","-","-","-","-","-","-","-","-","-","-"
"1119","J. Powell","J. Powell","TE","","","","injury-status","BYE","-","-","-","-","-","-","-","-","-","-","-","-"
"1120","D. Holland","D. Holland","RB","","","","injury-status","BYE","-","-","-","-","-","-","-","-","-","-","-","-"
"1121","T. Thompson","T. Thompson","WR","","","","injury-status","BYE","-","-","-","-","-","-","-","-","-","-","-","-"
"1122","J. Cox","J. Cox","RB","","","","injury-status","BYE","-","-","-","-","-","-","-","-","-","-","-","-"
"1123","M. Taylor","M. Taylor","WR","NYJ","10","","injury-status","Final L 9-24 vs BAL","-","-","-","-","-","-","-","-","-","-","-","-"
"1124","T. Mayfield","T. Mayfield","TE","","","","injury-status","BYE","-","-","-","-","-","-","-","-","-","-","-","-"
"1125","W. Speight","W. Speight","QB","","","","injury-status","BYE","-","-","-","-","-","-","-","-","-","-","-","-"
"1126","T. McMillian","T. McMillian","RB","","","","injury-status","BYE","-","-","-","-","-","-","-","-","-","-","-","-"
"1127","M. Sokol","M. Sokol","TE","NE","10","","injury-status","Final L 7-20 @ MIA","-","-","-","-","-","-","-","-","-","-","-","-"
"1128","J. Lovett","J. Lovett","RB","MIA","11","Ques","injury-status questionable","Final W 20-7 vs NE","-","-","-","-","-","-","-","-","-","-","-","-"
"1129","N. Easley","N. Easley","WR","","","","injury-status","BYE","-","-","-","-","-","-","-","-","-","-","-","-"
"1130","J. Winfree","J. Winfree","WR","GB","14","Ques","injury-status questionable","Final L 7-23 @ MIN","2","-","-","-","1","4","17","-","-","-","-","-"
"1131","I. Hyman","I. Hyman","WR","","","Ques","injury-status questionable","BYE","-","-","-","-","-","-","-","-","-","-","-","-"
"1132","E. Fry","E. Fry","K","","","","injury-status","BYE","-","-","-","-","-","-","-","-","-","-","-","-"
"1133","B. Silvers","B. Silvers","QB","","","","injury-status","BYE","-","-","-","-","-","-","-","-","-","-","-","-"
"1134","V. Holmes","V. Holmes","RB","","","","injury-status","BYE","-","-","-","-","-","-","-","-","-","-","-","-"
"1135","C. Wade","C. Wade","RB","","","","injury-status","BYE","-","-","-","-","-","-","-","-","-","-","-","-"
"1136","D. Sheehy-Guiseppi","D. Sheehy-Guiseppi","WR","","","","injury-status","BYE","-","-","-","-","-","-","-","-","-","-","-","-"
"1137","C. Murphy","C. Murphy","K","","","","injury-status","BYE","-","-","-","-","-","-","-","-","-","-","-","-"
"1138","S. Smith","S. Smith","RB","","","","injury-status","BYE","-","-","-","-","-","-","-","-","-","-","-","-"
"1139","A. Ware","A. Ware","RB","","","","injury-status","BYE","-","-","-","-","-","-","-","-","-","-","-","-"
"1140","E. Stick","E. Stick","QB","LAC","8","","injury-status","Final W 24-19 vs LV","-","-","-","-","-","-","-","-","-","-","-","-"
"1141","D. Thompson","D. Thompson","RB","SEA","11","","injury-status","Final W 17-16 vs DEN","-","-","-","-","-","-","-","-","-","-","-","-"
"1142","K. Whyte","K. Whyte","RB","GB","14","","injury-status","Final L 7-23 @ MIN","-","-","-","-","-","-","-","-","-","-","-","-"
"1143","C. Thompson","C. Thompson","WR","SEA","11","","injury-status","Final W 17-16 vs DEN","-","-","-","-","-","-","-","-","-","-","-","-"
"1144","J. Williams","J. Williams","RB","","","","injury-status","BYE","-","-","-","-","-","-","-","-","-","-","-","-"
"1145","J. Ursua","J. Ursua","WR","","","","injury-status","BYE","-","-","-","-","-","-","-","-","-","-","-","-"
"1146","J. Scarlett","J. Scarlett","RB","MIA","11","","injury-status","Final W 20-7 vs NE","-","-","-","-","-","-","-","-","-","-","-","-"
"1147","K. Warring","K. Warring","TE","","","","injury-status","BYE","-","-","-","-","-","-","-","-","-","-","-","-"
"1148","A. Wesley","A. Wesley","WR","","","","injury-status","BYE","-","-","-","-","-","-","-","-","-","-","-","-"
"1149","L. Scott","L. Scott","RB","","","","injury-status","BYE","-","-","-","-","-","-","-","-","-","-","-","-"
"1150","J. Graham","J. Graham","TE","","","","injury-status","BYE","-","-","-","-","-","-","-","-","-","-","-","-"
"1151","M. Weber","M. Weber","RB","","","","injury-status","BYE","-","-","-","-","-","-","-","-","-","-","-","-"
"1152","J. Smith","J. Smith","WR","","","","injury-status","BYE","-","-","-","-","-","-","-","-","-","-","-","-"
"1153","D. Williams","D. Williams","RB","","","","injury-status","BYE","-","-","-","-","-","-","-","-","-","-","-","-"
"1154","C. Thorson","C. Thorson","QB","NYG","9","","injury-status","Final W 21-20 @ TEN","-","-","-","-","-","-","-","-","-","-","-","-"
"1155","K. Smith","K. Smith","TE - NYG","","","","injury-status","Final W 21-20 @ TEN","-","-","-","-","-","-","-","-","-","-","-","-"
"1156","C. Wilson","C. Wilson","TE","","","","injury-status","BYE","-","-","-","-","-","-","-","-","-","-","-","-"
"1157","J. Sternberger","J. Sternberger","TE","","","","injury-status","BYE","-","-","-","-","-","-","-","-","-","-","-","-"
"1158","W. Hills","W. Hills","RB","","","","injury-status","BYE","-","-","-","-","-","-","-","-","-","-","-","-"
"1159","J. Browning","J. Browning","QB","CIN","10","","injury-status","Final L 20-23 vs PIT","-","-","-","-","-","-","-","-","-","-","-","-"
"1160","J. Patrick","J. Patrick","RB","","","","injury-status","BYE","-","-","-","-","-","-","-","-","-","-","-","-"
"1161","E. Butler","E. Butler","WR","","","","injury-status","BYE","-","-","-","-","-","-","-","-","-","-","-","-"
"1162","J. Custis","J. Custis","WR","","","","injury-status","BYE","-","-","-","-","-","-","-","-","-","-","-","-"
"1163","D. Helm","D. Helm","TE","","","","injury-status","BYE","-","-","-","-","-","-","-","-","-","-","-","-"
"1164","B. Johnson","B. Johnson","WR","MIN","7","Ques","injury-status questionable","Final W 23-7 vs GB","-","-","-","-","-","-","-","-","-","-","-","-"
"1165","B. Anderson","B. Anderson","RB","","","","injury-status","BYE","-","-","-","-","-","-","-","-","-","-","-","-"
"1166","J. Webb","J. Webb","QB","","","","injury-status","BYE","-","-","-","-","-","-","-","-","-","-","-","-"
"1167","T. Fulgham","T. Fulgham","WR","GB","14","","injury-status","Final L 7-23 @ MIN","-","-","-","-","-","-","-","-","-","-","-","-"
"1168","T. Brady","T. Brady","WR","","","","injury-status","BYE","-","-","-","-","-","-","-","-","-","-","-","-"
"1169","D. Mitchell","D. Mitchell","WR","","","","injury-status","BYE","-","-","-","-","-","-","-","-","-","-","-","-"
"1170","G. Jennings","G. Jennings","WR","","","","injury-status","BYE","-","-","-","-","-","-","-","-","-","-","-","-"
"1171","R. Davis","R. Davis","WR","","","","injury-status","BYE","-","-","-","-","-","-","-","-","-","-","-","-"
"1172","K. Doss","K. Doss","WR","LAC","8","Ques","injury-status questionable","Final W 24-19 vs LV","-","-","-","-","-","-","-","-","-","-","-","-"
"1173","A. Barnes","A. Barnes","RB","","","","injury-status","BYE","-","-","-","-","-","-","-","-","-","-","-","-"
"1174","N. Brossette","N. Brossette","RB","","","","injury-status","BYE","-","-","-","-","-","-","-","-","-","-","-","-"
"1175","J. Dixon","J. Dixon","WR","","","","injury-status","BYE","-","-","-","-","-","-","-","-","-","-","-","-"
"1176","D. Lodge","D. Lodge","WR","","","","injury-status","BYE","-","-","-","-","-","-","-","-","-","-","-","-"
"1177","D. Raymond","D. Raymond","TE","PIT","9","","injury-status","Final W 23-20 @ CIN","-","-","-","-","-","-","-","-","-","-","-","-"
"1178","J. Ferguson","J. Ferguson","WR","","","","injury-status","BYE","-","-","-","-","-","-","-","-","-","-","-","-"
"1179","A. Ratliff-Williams","A. Ratliff-Williams","WR","","","","injury-status","BYE","-","-","-","-","-","-","-","-","-","-","-","-"
"1180","T. Godwin","T. Godwin","WR","","","","injury-status","BYE","-","-","-","-","-","-","-","-","-","-","-","-"
"1181","K. Higdon","K. Higdon","RB","","","","injury-status","BYE","-","-","-","-","-","-","-","-","-","-","-","-"
"1182","A. Mack","A. Mack","TE","","","Ques","injury-status questionable","BYE","-","-","-","-","-","-","-","-","-","-","-","-"
"1183","K. Johnson","K. Johnson","WR","BUF","7","","injury-status","Final W 31-10 @ LAR","-","-","-","-","-","-","-","-","-","-","-","-"
"1184","J. Moore","J. Moore","RB","","","","injury-status","BYE","-","-","-","-","-","-","-","-","-","-","-","-"
"1185","I. Nauta","I. Nauta","TE","GB","14","Ques","injury-status questionable","Final L 7-23 @ MIN","-","-","-","-","-","-","-","-","-","-","-","-"
"1186","N. Murray","N. Murray","WR","","","","injury-status","BYE","-","-","-","-","-","-","-","-","-","-","-","-"
"1187","F. Davis","F. Davis","WR","","","","injury-status","BYE","-","-","-","-","-","-","-","-","-","-","-","-"
"1188","A. Johnson","A. Johnson","WR","","","","injury-status","BYE","-","-","-","-","-","-","-","-","-","-","-","-"
"1189","E. Hall","E. Hall","WR","","","Ques","injury-status questionable","BYE","-","-","-","-","-","-","-","-","-","-","-","-"
"1190","E. Holyfield","E. Holyfield","RB","CIN","10","","injury-status","Final L 20-23 vs PIT","-","-","-","-","-","-","-","-","-","-","-","-"
"1191","R. Anderson","R. Anderson","RB","","","","injury-status","BYE","-","-","-","-","-","-","-","-","-","-","-","-"
"1192","J. Hurd","J. Hurd","WR","","","","injury-status","BYE","-","-","-","-","-","-","-","-","-","-","-","-"
"1193","W. Grier","W. Grier","QB","DAL","9","","injury-status","Final L 3-19 vs TB","-","-","-","-","-","-","-","-","-","-","-","-"
"1194","B. Love","B. Love","RB","","","Ques","injury-status questionable","BYE","-","-","-","-","-","-","-","-","-","-","-","-"
"1195","H. Butler","H. Butler","TE","","","","injury-status","BYE","-","-","-","-","-","-","-","-","-","-","-","-"
"1196","R. Finley","R. Finley","QB","","","","injury-status","BYE","-","-","-","-","-","-","-","-","-","-","-","-"
"1197","K. Harmon","K. Harmon","WR","","","","injury-status","BYE","-","-","-","-","-","-","-","-","-","-","-","-"
"1198","R. Ridley","R. Ridley","WR","","","","injury-status","BYE","-","-","-","-","-","-","-","-","-","-","-","-"
"1199","L. Paulsen","L. Paulsen","TE","","","","injury-status","BYE","-","-","-","-","-","-","-","-","-","-","-","-"
"1200","J. Arcega-Whiteside","J. Arcega-Whiteside","TE","","","","injury-status","BYE","-","-","-","-","-","-","-","-","-","-","-","-"
"1201","P. Andersen","P. Andersen","K","","","","injury-status","BYE","-","-","-","-","-","-","-","-","-","-","-","-"
"1202","R. Jones","R. Jones","K","","","","injury-status","BYE","-","-","-","-","-","-","-","-","-","-","-","-"
"1203","B. Mitchell","B. Mitchell","WR","","","","injury-status","BYE","-","-","-","-","-","-","-","-","-","-","-","-"
"1204","D. Spencer","D. Spencer","WR","NYJ","10","","injury-status","Final L 9-24 vs BAL","-","-","-","-","-","-","-","-","-","-","-","-"
"1205","J. Gardner","J. Gardner","RB","","","","injury-status","BYE","-","-","-","-","-","-","-","-","-","-","-","-"
"1206","C. Jessop","C. Jessop","QB","","","","injury-status","BYE","-","-","-","-","-","-","-","-","-","-","-","-"
"1207","J. Williams","J. Williams","WR","","","","injury-status","BYE","-","-","-","-","-","-","-","-","-","-","-","-"
"1208","K. McCrary","K. McCrary","RB","","","","injury-status","BYE","-","-","-","-","-","-","-","-","-","-","-","-"
"1209","J. Stockton","J. Stockton","RB","","","","injury-status","BYE","-","-","-","-","-","-","-","-","-","-","-","-"
"1210","D. Prince","D. Prince","WR","","","","injury-status","BYE","-","-","-","-","-","-","-","-","-","-","-","-"
"1211","D. Carrington","D. Carrington","WR","","","NA","injury-status na","BYE","-","-","-","-","-","-","-","-","-","-","-","-"
"1212","A. Wolf","A. Wolf","WR","","","","injury-status","BYE","-","-","-","-","-","-","-","-","-","-","-","-"
"1213","G. Holmes","G. Holmes","RB","","","","injury-status","BYE","-","-","-","-","-","-","-","-","-","-","-","-"
"1214","B. Bobo","B. Bobo","WR","","","","injury-status","BYE","-","-","-","-","-","-","-","-","-","-","-","-"
"1215","M. Peterson","M. Peterson","WR","","","","injury-status","BYE","-","-","-","-","-","-","-","-","-","-","-","-"
"1216","J. Butler","J. Butler","RB","","","","injury-status","BYE","-","-","-","-","-","-","-","-","-","-","-","-"
"1217","M. Turner","M. Turner","WR","HOU","6","","injury-status","Final T 20-20 vs IND","-","-","-","-","-","-","-","-","-","-","-","-"
"1218","M. Jones","M. Jones","WR","","","","injury-status","BYE","-","-","-","-","-","-","-","-","-","-","-","-"
"1219","M. Chapman","M. Chapman","WR","","","","injury-status","BYE","-","-","-","-","-","-","-","-","-","-","-","-"
"1220","J. Murphy","J. Murphy","WR","","","","injury-status","BYE","-","-","-","-","-","-","-","-","-","-","-","-"
"1221","C. Serigne","C. Serigne","TE","","","","injury-status","BYE","-","-","-","-","-","-","-","-","-","-","-","-"
"1222","A. Lacombe","A. Lacombe","WR","","","","injury-status","BYE","-","-","-","-","-","-","-","-","-","-","-","-"
"1223","J. Smith","J. Smith","WR","","","","injury-status","BYE","-","-","-","-","-","-","-","-","-","-","-","-"
"1224","J. Crockett","J. Crockett","WR","","","","injury-status","BYE","-","-","-","-","-","-","-","-","-","-","-","-"
"1225","G. Dickerson","G. Dickerson","TE","","","","injury-status","BYE","-","-","-","-","-","-","-","-","-","-","-","-"
"1226","J. Graham","J. Graham","TE","","","Ques","injury-status questionable","BYE","-","-","-","-","-","-","-","-","-","-","-","-"
"1227","S. Badie","S. Badie","RB","","","","injury-status","BYE","-","-","-","-","-","-","-","-","-","-","-","-"
"1228","A. Roberts","A. Roberts","TE","","","","injury-status","BYE","-","-","-","-","-","-","-","-","-","-","-","-"
"1229","G. Hudson","G. Hudson","TE","","","","injury-status","BYE","-","-","-","-","-","-","-","-","-","-","-","-"
"1230","K. Ross","K. Ross","WR","","","","injury-status","BYE","-","-","-","-","-","-","-","-","-","-","-","-"
"1231","N. Stevens","N. Stevens","QB","","","","injury-status","BYE","-","-","-","-","-","-","-","-","-","-","-","-"
"1232","E. Massington","E. Massington","WR","NO","14","","injury-status","Final W 27-26 @ ATL","-","-","-","-","-","-","-","-","-","-","-","-"
"1233","D. Bryant","D. Bryant","WR","","","","injury-status","BYE","-","-","-","-","-","-","-","-","-","-","-","-"
"1234","C. Duncan","C. Duncan","WR","","","","injury-status","BYE","-","-","-","-","-","-","-","-","-","-","-","-"
"1235","C. Wilson","C. Wilson","TE","","","","injury-status","BYE","-","-","-","-","-","-","-","-","-","-","-","-"
"1236","D. Kidsy","D. Kidsy","WR","","","","injury-status","BYE","-","-","-","-","-","-","-","-","-","-","-","-"
"1237","R. Yurachek","R. Yurachek","TE","","","","injury-status","BYE","-","-","-","-","-","-","-","-","-","-","-","-"
"1238","T. Wilson","T. Wilson","WR","","","","injury-status","BYE","-","-","-","-","-","-","-","-","-","-","-","-"
"1239","N. Holley","N. Holley","WR","","","","injury-status","BYE","-","-","-","-","-","-","-","-","-","-","-","-"
"1240","L. Perez","L. Perez","QB","","","","injury-status","BYE","-","-","-","-","-","-","-","-","-","-","-","-"
"1241","J. Franklin","J. Franklin","WR","","","Ques","injury-status questionable","BYE","-","-","-","-","-","-","-","-","-","-","-","-"
"1242","D. Alexander","D. Alexander","WR","","","","injury-status","BYE","-","-","-","-","-","-","-","-","-","-","-","-"
"1243","R. Martin","R. Martin","RB","","","","injury-status","BYE","-","-","-","-","-","-","-","-","-","-","-","-"
"1244","M. Fleming","M. Fleming","WR","","","","injury-status","BYE","-","-","-","-","-","-","-","-","-","-","-","-"
"1245","Z. Olstad","Z. Olstad","RB","","","","injury-status","BYE","-","-","-","-","-","-","-","-","-","-","-","-"
"1246","S. Wimann","S. Wimann","RB","","","","injury-status","BYE","-","-","-","-","-","-","-","-","-","-","-","-"
"1247","C. Lacy","C. Lacy","WR","LV","6","Ques","injury-status questionable","Final L 19-24 @ LAC","-","-","-","-","-","-","-","-","-","-","-","-"
"1248","S. Roland","S. Roland","WR","CHI","14","","injury-status","Final W 19-10 vs SF","-","-","-","-","-","-","-","-","-","-","-","-"
"1249","G. Johnson","G. Johnson","WR","","","","injury-status","BYE","-","-","-","-","-","-","-","-","-","-","-","-"
"1250","D. Dawkins","D. Dawkins","RB","","","","injury-status","BYE","-","-","-","-","-","-","-","-","-","-","-","-"
"1251","L. Rose","L. Rose","RB","","","NA","injury-status na","BYE","-","-","-","-","-","-","-","-","-","-","-","-"
"1252","A. Mahoungou","A. Mahoungou","WR","","","","injury-status","BYE","-","-","-","-","-","-","-","-","-","-","-","-"
"1253","S. Baggett","S. Baggett","TE","","","","injury-status","BYE","-","-","-","-","-","-","-","-","-","-","-","-"
"1254","D. Boyd","D. Boyd","WR","","","","injury-status","BYE","-","-","-","-","-","-","-","-","-","-","-","-"
"1255","B. Roback","B. Roback","QB","","","","injury-status","BYE","-","-","-","-","-","-","-","-","-","-","-","-"
"1256","J. Smallwood","J. Smallwood","WR","","","","injury-status","BYE","-","-","-","-","-","-","-","-","-","-","-","-"
"1257","T. Tebow","T. Tebow","TE","","","","injury-status","BYE","-","-","-","-","-","-","-","-","-","-","-","-"
"1258","C. Warren","C. Warren","RB","","","","injury-status","BYE","-","-","-","-","-","-","-","-","-","-","-","-"
"1259","H. Poggi","H. Poggi","RB","","","","injury-status","BYE","-","-","-","-","-","-","-","-","-","-","-","-"
"1260","C. Beebe","C. Beebe","WR","","","","injury-status","BYE","-","-","-","-","-","-","-","-","-","-","-","-"
"1261","J. Stanton","J. Stanton","RB","","","","injury-status","BYE","-","-","-","-","-","-","-","-","-","-","-","-"
"1262","J. Allen","J. Allen","RB","","","","injury-status","BYE","-","-","-","-","-","-","-","-","-","-","-","-"
"1263","J. Cabinda","J. Cabinda","RB","DET","6","","injury-status","Final L 35-38 vs PHI","1","1","4","-","1","4","5","-","-","-","-","-"
"1264","K. Hill","K. Hill","RB","","","","injury-status","BYE","-","-","-","-","-","-","-","-","-","-","-","-"
"1265","M. Martin","M. Martin","RB","","","","injury-status","BYE","-","-","-","-","-","-","-","-","-","-","-","-"
"1266","J. Moore","J. Moore","RB","","","","injury-status","BYE","-","-","-","-","-","-","-","-","-","-","-","-"
"1267","E. Marks","E. Marks","WR","","","","injury-status","BYE","-","-","-","-","-","-","-","-","-","-","-","-"
"1268","R. Smith","R. Smith","TE","","","","injury-status","BYE","-","-","-","-","-","-","-","-","-","-","-","-"
"1269","D. Willies","D. Willies","WR","","","","injury-status","BYE","-","-","-","-","-","-","-","-","-","-","-","-"
"1270","E. Berry","E. Berry","WR","","","","injury-status","BYE","-","-","-","-","-","-","-","-","-","-","-","-"
"1271","C. Scotland-Williamson","C. Scotland-Williamson","TE","","","","injury-status","BYE","-","-","-","-","-","-","-","-","-","-","-","-"
"1272","N. Keizer","N. Keizer","TE","","","","injury-status","BYE","-","-","-","-","-","-","-","-","-","-","-","-"
"1273","D. Turner","D. Turner","RB","","","","injury-status","BYE","-","-","-","-","-","-","-","-","-","-","-","-"
"1274","M. Thompson","M. Thompson","RB","","","","injury-status","BYE","-","-","-","-","-","-","-","-","-","-","-","-"
"1275","C. Ezeala","C. Ezeala","RB","","","","injury-status","BYE","-","-","-","-","-","-","-","-","-","-","-","-"
"1276","K. Vedvik","K. Vedvik","K, P","","","","injury-status","BYE","-","-","-","-","-","-","-","-","-","-","-","-"
"1277","S. Fields","S. Fields","WR","","","","injury-status","BYE","-","-","-","-","-","-","-","-","-","-","-","-"
"1278","R. Jeune","R. Jeune","WR","","","","injury-status","BYE","-","-","-","-","-","-","-","-","-","-","-","-"
"1279","L. Gonzalez","L. Gonzalez","WR","","","","injury-status","BYE","-","-","-","-","-","-","-","-","-","-","-","-"
"1280","J. Diarse","J. Diarse","WR","","","","injury-status","BYE","-","-","-","-","-","-","-","-","-","-","-","-"
"1281","S. Bailey","S. Bailey","WR","","","","injury-status","BYE","-","-","-","-","-","-","-","-","-","-","-","-"
"1282","E. Philips","E. Philips","RB","","","","injury-status","BYE","-","-","-","-","-","-","-","-","-","-","-","-"
"1283","P. Pujals","P. Pujals","QB","","","","injury-status","BYE","-","-","-","-","-","-","-","-","-","-","-","-"
"1284","A. Foreman","A. Foreman","WR","","","","injury-status","BYE","-","-","-","-","-","-","-","-","-","-","-","-"
"1285","J. Crawford","J. Crawford","RB","","","","injury-status","BYE","-","-","-","-","-","-","-","-","-","-","-","-"
"1286","T. Moore","T. Moore","K","","","","injury-status","BYE","-","-","-","-","-","-","-","-","-","-","-","-"
"1287","S. Wilson","S. Wilson","RB","","","","injury-status","BYE","-","-","-","-","-","-","-","-","-","-","-","-"
"1288","J. Heneghan","J. Heneghan","QB","","","","injury-status","BYE","-","-","-","-","-","-","-","-","-","-","-","-"
"1289","M. McCrane","M. McCrane","K","","","","injury-status","BYE","-","-","-","-","-","-","-","-","-","-","-","-"
"1290","A. Bloom","A. Bloom","TE","","","","injury-status","BYE","-","-","-","-","-","-","-","-","-","-","-","-"
"1291","J. Trinnaman","J. Trinnaman","WR","","","","injury-status","BYE","-","-","-","-","-","-","-","-","-","-","-","-"
"1292","E. Sanders","E. Sanders","WR","","","","injury-status","BYE","-","-","-","-","-","-","-","-","-","-","-","-"
"1293","D. Miller","D. Miller","WR","","","","injury-status","BYE","-","-","-","-","-","-","-","-","-","-","-","-"
"1294","A. Manzo-Lewis","A. Manzo-Lewis","TE","","","","injury-status","BYE","-","-","-","-","-","-","-","-","-","-","-","-"
"1295","N. Sharga","N. Sharga","RB","","","","injury-status","BYE","-","-","-","-","-","-","-","-","-","-","-","-"
"1296","J. Looney","J. Looney","TE","","","","injury-status","BYE","-","-","-","-","-","-","-","-","-","-","-","-"
"1297","A. Callaway","A. Callaway","WR","DAL","9","","injury-status","Final L 3-19 vs TB","-","-","-","-","-","-","-","-","-","-","-","-"
"1298","E. Wellman","E. Wellman","TE","","","","injury-status","BYE","-","-","-","-","-","-","-","-","-","-","-","-"
"1299","D. Pierson-El","D. Pierson-El","WR","","","","injury-status","BYE","-","-","-","-","-","-","-","-","-","-","-","-"
"1300","M. Holder","M. Holder","WR","","","","injury-status","BYE","-","-","-","-","-","-","-","-","-","-","-","-"
"1301","J. Veasy","J. Veasy","WR","","","","injury-status","BYE","-","-","-","-","-","-","-","-","-","-","-","-"
"1302","D. Ross","D. Ross","WR","","","","injury-status","BYE","-","-","-","-","-","-","-","-","-","-","-","-"
"1303","D. Burnett","D. Burnett","WR","","","","injury-status","BYE","-","-","-","-","-","-","-","-","-","-","-","-"
"1304","C. Batson","C. Batson","WR","","","","injury-status","BYE","-","-","-","-","-","-","-","-","-","-","-","-"
"1305","A. Allen","A. Allen","QB","","","","injury-status","BYE","-","-","-","-","-","-","-","-","-","-","-","-"
"1306","K. White","K. White","WR","","","","injury-status","BYE","-","-","-","-","-","-","-","-","-","-","-","-"
"1307","J. Franklin","J. Franklin","RB","","","","injury-status","BYE","-","-","-","-","-","-","-","-","-","-","-","-"
"1308","D. Yelder","D. Yelder","TE","","","","injury-status","BYE","-","-","-","-","-","-","-","-","-","-","-","-"
"1309","T. Hoppes","T. Hoppes","TE","","","","injury-status","BYE","-","-","-","-","-","-","-","-","-","-","-","-"
"1310","J. Badet","J. Badet","WR","","","","injury-status","BYE","-","-","-","-","-","-","-","-","-","-","-","-"
"1311","K. Pettway","K. Pettway","RB","","","","injury-status","BYE","-","-","-","-","-","-","-","-","-","-","-","-"
"1312","B. Howell","B. Howell","RB","","","","injury-status","BYE","-","-","-","-","-","-","-","-","-","-","-","-"
"1313","C. McElroy","C. McElroy","TE","","","Ques","injury-status questionable","BYE","-","-","-","-","-","-","-","-","-","-","-","-"
"1314","B. Johnson","B. Johnson","TE","","","","injury-status","BYE","-","-","-","-","-","-","-","-","-","-","-","-"
"1315","N. Shimonek","N. Shimonek","QB","","","","injury-status","BYE","-","-","-","-","-","-","-","-","-","-","-","-"
"1316","B. Mack","B. Mack","TE","","","","injury-status","BYE","-","-","-","-","-","-","-","-","-","-","-","-"
"1317","C. Litton","C. Litton","QB","","","","injury-status","BYE","-","-","-","-","-","-","-","-","-","-","-","-"
"1318","J. Weah","J. Weah","WR","","","","injury-status","BYE","-","-","-","-","-","-","-","-","-","-","-","-"
"1319","V. Smith","V. Smith","WR","IND","14","","injury-status","Final T 20-20 @ HOU","-","-","-","-","-","-","-","-","-","-","-","-"
"1320","T. Boyle","T. Boyle","QB","CHI","14","","injury-status","Final W 19-10 vs SF","-1","2","-2","-","-","-","-","-","2","8","33","-"
"1321","T. Redding","T. Redding","WR","","","","injury-status","BYE","-","-","-","-","-","-","-","-","-","-","-","-"
"1322","J. Williams","J. Williams","WR","","","","injury-status","BYE","-","-","-","-","-","-","-","-","-","-","-","-"
"1323","J. Franks","J. Franks","TE","KC","8","","injury-status","Final W 44-21 @ ARI","-","-","-","-","-","-","-","-","-","-","-","-"
"1324","R. Lawry","R. Lawry","RB","","","","injury-status","BYE","-","-","-","-","-","-","-","-","-","-","-","-"
"1325","T. Davis","T. Davis","K","","","","injury-status","BYE","-","-","-","-","-","-","-","-","-","-","-","-"
"1326","R. Foster","R. Foster","WR","","","","injury-status","BYE","-","-","-","-","-","-","-","-","-","-","-","-"
"1327","A. Levrone","A. Levrone","WR","","","","injury-status","BYE","-","-","-","-","-","-","-","-","-","-","-","-"
"1328","D. Marvin","D. Marvin","K","","","","injury-status","BYE","-","-","-","-","-","-","-","-","-","-","-","-"
"1329","J. Roh","J. Roh","TE","","","","injury-status","BYE","-","-","-","-","-","-","-","-","-","-","-","-"
"1330","T. Mangen","T. Mangen","TE","","","","injury-status","BYE","-","-","-","-","-","-","-","-","-","-","-","-"
"1331","D. Gray","D. Gray","WR","","","","injury-status","BYE","-","-","-","-","-","-","-","-","-","-","-","-"
"1332","D. Clark","D. Clark","WR","","","","injury-status","BYE","-","-","-","-","-","-","-","-","-","-","-","-"
"1333","D. Byrd","D. Byrd","WR","","","","injury-status","BYE","-","-","-","-","-","-","-","-","-","-","-","-"
"1334","C. Blake","C. Blake","WR","","","","injury-status","BYE","-","-","-","-","-","-","-","-","-","-","-","-"
"1335","D. Marx","D. Marx","RB","","","","injury-status","BYE","-","-","-","-","-","-","-","-","-","-","-","-"
"1336","L. Jordan","L. Jordan","QB","","","","injury-status","BYE","-","-","-","-","-","-","-","-","-","-","-","-"
"1337","A. Ramesh","A. Ramesh","RB","","","","injury-status","BYE","-","-","-","-","-","-","-","-","-","-","-","-"
"1338","K. Lewis","K. Lewis","WR","","","","injury-status","BYE","-","-","-","-","-","-","-","-","-","-","-","-"
"1339","D. Wells","D. Wells","TE","TB","11","","injury-status","Final W 19-3 @ DAL","-","-","-","-","-","-","-","-","-","-","-","-"
"1340","M. Baugh","M. Baugh","TE","","","","injury-status","BYE","-","-","-","-","-","-","-","-","-","-","-","-"
"1341","C. Hunt","C. Hunt","TE","","","","injury-status","BYE","-","-","-","-","-","-","-","-","-","-","-","-"
"1342","J. Barrett","J. Barrett","QB","","","","injury-status","BYE","-","-","-","-","-","-","-","-","-","-","-","-"
"1343","T. Williams","T. Williams","WR","","","","injury-status","BYE","-","-","-","-","-","-","-","-","-","-","-","-"
"1344","C. Scott","C. Scott","WR","TEN","6","","injury-status","Final L 20-21 vs NYG","-","-","-","-","-","-","-","-","-","-","-","-"
"1345","J. Reese","J. Reese","TE","","","","injury-status","BYE","-","-","-","-","-","-","-","-","-","-","-","-"
"1346","J. Wieneke","J. Wieneke","WR","","","","injury-status","BYE","-","-","-","-","-","-","-","-","-","-","-","-"
"1347","K. Robertson","K. Robertson","WR","","","","injury-status","BYE","-","-","-","-","-","-","-","-","-","-","-","-"
"1348","M. Murdock","M. Murdock","WR","","","","injury-status","BYE","-","-","-","-","-","-","-","-","-","-","-","-"
"1349","T. Swanson","T. Swanson","RB","","","","injury-status","BYE","-","-","-","-","-","-","-","-","-","-","-","-"
"1350","R. Gafford","R. Gafford","WR","","","","injury-status","BYE","-","-","-","-","-","-","-","-","-","-","-","-"
"1351","E. Wolf","E. Wolf","TE","","","","injury-status","BYE","-","-","-","-","-","-","-","-","-","-","-","-"
"1352","A. Wadley","A. Wadley","RB","","","","injury-status","BYE","-","-","-","-","-","-","-","-","-","-","-","-"
"1353","D. Grayson","D. Grayson","WR","","","","injury-status","BYE","-","-","-","-","-","-","-","-","-","-","-","-"
"1354","K. Rader","K. Rader","TE","TEN","6","Ques","injury-status questionable","Final L 20-21 vs NYG","-","-","-","-","-","-","-","-","-","-","-","-"
"1355","M. Earl","M. Earl","WR","","","","injury-status","BYE","-","-","-","-","-","-","-","-","-","-","-","-"
"1356","J. Chunn","J. Chunn","RB","","","","injury-status","BYE","-","-","-","-","-","-","-","-","-","-","-","-"
"1357","D. Sturm","D. Sturm","QB","","","","injury-status","BYE","-","-","-","-","-","-","-","-","-","-","-","-"
"1358","D. Scott","D. Scott","WR","","","","injury-status","BYE","-","-","-","-","-","-","-","-","-","-","-","-"
"1359","R. Nall","R. Nall","RB","","","","injury-status","BYE","-","-","-","-","-","-","-","-","-","-","-","-"
"1360","A. Vollert","A. Vollert","TE","","","","injury-status","BYE","-","-","-","-","-","-","-","-","-","-","-","-"
"1361","C. Willis","C. Willis","WR","","","","injury-status","BYE","-","-","-","-","-","-","-","-","-","-","-","-"
"1362","R. Gronkowski","R. Gronkowski","TE","","","","injury-status","BYE","-","-","-","-","-","-","-","-","-","-","-","-"
"1363","L. McNitt","L. McNitt","RB","","","","injury-status","BYE","-","-","-","-","-","-","-","-","-","-","-","-"
"1364","M. Williams","M. Williams","RB","","","","injury-status","BYE","-","-","-","-","-","-","-","-","-","-","-","-"
"1365","D. Richard","D. Richard","RB","","","","injury-status","BYE","-","-","-","-","-","-","-","-","-","-","-","-"
"1366","K. Benkert","K. Benkert","QB","","","","injury-status","BYE","-","-","-","-","-","-","-","-","-","-","-","-"
"1367","J. Acklin","J. Acklin","WR","","","","injury-status","BYE","-","-","-","-","-","-","-","-","-","-","-","-"
"1368","T. Quinn","T. Quinn","WR","","","","injury-status","BYE","-","-","-","-","-","-","-","-","-","-","-","-"
"1369","M. Carter","M. Carter","RB","","","","injury-status","BYE","-","-","-","-","-","-","-","-","-","-","-","-"
"1370","J. Adams","J. Adams","RB","","","","injury-status","BYE","-","-","-","-","-","-","-","-","-","-","-","-"
"1371","S. Mitchell","S. Mitchell","WR","","","","injury-status","BYE","-","-","-","-","-","-","-","-","-","-","-","-"
"1372","A. Jennings","A. Jennings","WR","","","","injury-status","BYE","-","-","-","-","-","-","-","-","-","-","-","-"
"1373","L. Woodside","L. Woodside","QB","ATL","14","","injury-status","Final L 26-27 vs NO","-","-","-","-","-","-","-","-","-","-","-","-"
"1374","A. Proehl","A. Proehl","WR","","","Ques","injury-status questionable","BYE","-","-","-","-","-","-","-","-","-","-","-","-"
"1375","D. Patterson","D. Patterson","WR","","","","injury-status","BYE","-","-","-","-","-","-","-","-","-","-","-","-"
"1376","A. McGough","A. McGough","QB","","","","injury-status","BYE","-","-","-","-","-","-","-","-","-","-","-","-"
"1377","D. Etling","D. Etling","QB","GB","14","","injury-status","Final L 7-23 @ MIN","-","-","-","-","-","-","-","-","-","-","-","-"
"1378","J. Thomas","J. Thomas","TE","","","","injury-status","BYE","-","-","-","-","-","-","-","-","-","-","-","-"
"1379","N. Bawden","N. Bawden","RB","NYJ","10","","injury-status","Final L 9-24 vs BAL","-","-","-","-","-","-","-","-","-","-","-","-"
"1380","B. Scarbrough","B. Scarbrough","RB","","","","injury-status","BYE","-","-","-","-","-","-","-","-","-","-","-","-"
"1381","J. Wims","J. Wims","WR","ARI","13","","injury-status","Final L 21-44 vs KC","-","-","-","-","-","-","-","-","-","-","-","-"
"1382","L. Falk","L. Falk","QB","","","","injury-status","BYE","-","-","-","-","-","-","-","-","-","-","-","-"
"1383","J. Samuels","J. Samuels","RB","","","","injury-status","BYE","-","-","-","-","-","-","-","-","-","-","-","-"
"1384","D. Cantrell","D. Cantrell","TE","","","Ques","injury-status questionable","BYE","-","-","-","-","-","-","-","-","-","-","-","-"
"1385","D. Fountain","D. Fountain","WR","CHI","14","","injury-status","Final W 19-10 vs SF","-","-","-","-","-","-","-","-","-","-","-","-"
"1386","D. Cain","D. Cain","WR","","","","injury-status","BYE","-","-","-","-","-","-","-","-","-","-","-","-"
"1387","R. Izzo","R. Izzo","TE","","","","injury-status","BYE","-","-","-","-","-","-","-","-","-","-","-","-"
"1388","T. Fumagalli","T. Fumagalli","TE","","","","injury-status","BYE","-","-","-","-","-","-","-","-","-","-","-","-"
"1389","D. Ratley","D. Ratley","WR","","","","injury-status","BYE","-","-","-","-","-","-","-","-","-","-","-","-"
"1390","J. Kelly","J. Kelly","RB","CLE","9","","injury-status","Final W 26-24 @ CAR","-","-","-","-","-","-","-","-","-","-","-","-"
"1391","K. Johnson","K. Johnson","RB","","","","injury-status","BYE","-","-","-","-","-","-","-","-","-","-","-","-"
"1392","C. Herndon","C. Herndon","TE","","","","injury-status","BYE","-","-","-","-","-","-","-","-","-","-","-","-"
"1393","J. Scott","J. Scott","WR","","","","injury-status","BYE","-","-","-","-","-","-","-","-","-","-","-","-"
"1394","I. Smith","I. Smith","RB","DAL","9","","injury-status","Final L 3-19 vs TB","-","-","-","-","-","-","-","-","-","-","-","-"
"1395","D. Hamilton","D. Hamilton","WR","","","","injury-status","BYE","-","-","-","-","-","-","-","-","-","-","-","-"
"1396","M. Walton","M. Walton","RB","","","","injury-status","BYE","-","-","-","-","-","-","-","-","-","-","-","-"
"1397","K. Lauletta","K. Lauletta","QB","","","","injury-status","BYE","-","-","-","-","-","-","-","-","-","-","-","-"
"1398","K. Ballage","K. Ballage","RB","","","","injury-status","BYE","-","-","-","-","-","-","-","-","-","-","-","-"
"1399","C. Ridley","C. Ridley","WR","JAX","11","Ques","injury-status questionable","Final L 22-28 @ WAS","-","-","-","-","-","-","-","-","-","-","-","-"
"1400","D. Guice","D. Guice","RB","","","","injury-status","BYE","-","-","-","-","-","-","-","-","-","-","-","-"
"1401","M. Ateman","M. Ateman","WR","","","","injury-status","BYE","-","-","-","-","-","-","-","-","-","-","-","-"
"1402","D. Smith","D. Smith","TE","","","","injury-status","BYE","-","-","-","-","-","-","-","-","-","-","-","-"
"1403","S. Noil","S. Noil","WR","","","","injury-status","BYE","-","-","-","-","-","-","-","-","-","-","-","-"
"1404","A. Riles","A. Riles","WR","IND","14","","injury-status","Final T 20-20 @ HOU","-","-","-","-","-","-","-","-","-","-","-","-"
"1405","S. Howard","S. Howard","QB","SEA","11","","injury-status","Final W 17-16 vs DEN","-","-","-","-","-","-","-","-","-","-","-","-"
"1406","J. Williams","J. Williams","WR","","","","injury-status","BYE","-","-","-","-","-","-","-","-","-","-","-","-"
"1407","A. Appleby","A. Appleby","QB","","","","injury-status","BYE","-","-","-","-","-","-","-","-","-","-","-","-"
"1408","F. House","F. House","TE","CHI","14","","injury-status","Final W 19-10 vs SF","-","-","-","-","-","-","-","-","-","-","-","-"
"1409","A. Fulwood","A. Fulwood","WR","","","","injury-status","BYE","-","-","-","-","-","-","-","-","-","-","-","-"
"1410","N. Schuessler","N. Schuessler","QB","PIT","9","","injury-status","Final W 23-20 @ CIN","-","-","-","-","-","-","-","-","-","-","-","-"
"1411","Z. Terrell","Z. Terrell","QB","BAL","10","","injury-status","Final W 24-9 @ NYJ","-","-","-","-","-","-","-","-","-","-","-","-"
"1412","R. Shell","R. Shell","RB","","","","injury-status","BYE","-","-","-","-","-","-","-","-","-","-","-","-"
"1413","G. Scantling","G. Scantling","WR","ATL","14","","injury-status","Final L 26-27 vs NO","-","-","-","-","-","-","-","-","-","-","-","-"
"1414","D. Virgies","D. Virgies","RB","","","","injury-status","BYE","-","-","-","-","-","-","-","-","-","-","-","-"
"1415","Q. McDuffie","Q. McDuffie","WR","","","","injury-status","BYE","-","-","-","-","-","-","-","-","-","-","-","-"
"1416","D. Amendola","D. Amendola","WR","","","","injury-status","BYE","-","-","-","-","-","-","-","-","-","-","-","-"
"1417","L. Atkins","L. Atkins","WR","","","","injury-status","BYE","-","-","-","-","-","-","-","-","-","-","-","-"
"1418","F. Owusu","F. Owusu","WR","","","NA","injury-status na","BYE","-","-","-","-","-","-","-","-","-","-","-","-"
"1419","C. Bazile","C. Bazile","TE","","","","injury-status","BYE","-","-","-","-","-","-","-","-","-","-","-","-"
"1420","J. Robinson","J. Robinson","TE","","","","injury-status","BYE","-","-","-","-","-","-","-","-","-","-","-","-"
"1421","J. Rosen","J. Rosen","QB","MIN","7","","injury-status","Final W 23-7 vs GB","-","-","-","-","-","-","-","-","-","-","-","-"
"1422","K. Taylor","K. Taylor","TE","","","","injury-status","BYE","-","-","-","-","-","-","-","-","-","-","-","-"
"1423","J. Evans","J. Evans","QB","","","","injury-status","BYE","-","-","-","-","-","-","-","-","-","-","-","-"
"1424","M. Leidner","M. Leidner","QB","","","","injury-status","BYE","-","-","-","-","-","-","-","-","-","-","-","-"
"1425","D. Sims","D. Sims","RB","","","","injury-status","BYE","-","-","-","-","-","-","-","-","-","-","-","-"
"1426","A. Price","A. Price","TE","","","","injury-status","BYE","-","-","-","-","-","-","-","-","-","-","-","-"
"1427","J. Liggins","J. Liggins","WR","","","","injury-status","BYE","-","-","-","-","-","-","-","-","-","-","-","-"
"1428","D. Williams","D. Williams","WR","","","","injury-status","BYE","-","-","-","-","-","-","-","-","-","-","-","-"
"1429","R. Davis","R. Davis","WR","","","","injury-status","BYE","-","-","-","-","-","-","-","-","-","-","-","-"
"1430","G. Hopper","G. Hopper","WR","","","","injury-status","BYE","-","-","-","-","-","-","-","-","-","-","-","-"
"1431","K. Lucas","K. Lucas","WR","","","","injury-status","BYE","-","-","-","-","-","-","-","-","-","-","-","-"
"1432","J. Staples","J. Staples","WR","","","","injury-status","BYE","-","-","-","-","-","-","-","-","-","-","-","-"
"1433","B. Riley","B. Riley","WR","","","","injury-status","BYE","-","-","-","-","-","-","-","-","-","-","-","-"
"1434","D. Hampton","D. Hampton","WR","","","","injury-status","BYE","-","-","-","-","-","-","-","-","-","-","-","-"
"1435","M. Bracy","M. Bracy","WR","","","","injury-status","BYE","-","-","-","-","-","-","-","-","-","-","-","-"
"1436","M. Estes","M. Estes","TE","","","","injury-status","BYE","-","-","-","-","-","-","-","-","-","-","-","-"
"1437","B. Radcliff","B. Radcliff","RB","","","","injury-status","BYE","-","-","-","-","-","-","-","-","-","-","-","-"
"1438","P. Howard","P. Howard","WR","","","","injury-status","BYE","-","-","-","-","-","-","-","-","-","-","-","-"
"1439","N. Iese","N. Iese","TE","","","","injury-status","BYE","-","-","-","-","-","-","-","-","-","-","-","-"
"1440","C. Germany","C. Germany","WR","","","","injury-status","BYE","-","-","-","-","-","-","-","-","-","-","-","-"
"1441","J. Rounds","J. Rounds","RB","","","","injury-status","BYE","-","-","-","-","-","-","-","-","-","-","-","-"
"1442","T. Armstrong Jr.","T. Armstrong Jr.","QB","","","","injury-status","BYE","-","-","-","-","-","-","-","-","-","-","-","-"
"1443","D. Victor","D. Victor","RB","","","","injury-status","BYE","-","-","-","-","-","-","-","-","-","-","-","-"
"1444","R. Wheelwright","R. Wheelwright","WR","","","","injury-status","BYE","-","-","-","-","-","-","-","-","-","-","-","-"
"1445","J. Westerkamp","J. Westerkamp","WR","","","","injury-status","BYE","-","-","-","-","-","-","-","-","-","-","-","-"
"1446","J. Seales","J. Seales","WR","","","","injury-status","BYE","-","-","-","-","-","-","-","-","-","-","-","-"
"1447","K. Whitfield","K. Whitfield","WR","","","","injury-status","BYE","-","-","-","-","-","-","-","-","-","-","-","-"
"1448","B. Cherry","B. Cherry","WR","","","","injury-status","BYE","-","-","-","-","-","-","-","-","-","-","-","-"
"1449","D. Hayes","D. Hayes","RB","","","","injury-status","BYE","-","-","-","-","-","-","-","-","-","-","-","-"
"1450","D. Olson","D. Olson","QB","","","","injury-status","BYE","-","-","-","-","-","-","-","-","-","-","-","-"
"1451","D. Llorens","D. Llorens","RB","","","","injury-status","BYE","-","-","-","-","-","-","-","-","-","-","-","-"
"1452","A. Zaruba","A. Zaruba","TE","","","","injury-status","BYE","-","-","-","-","-","-","-","-","-","-","-","-"
"1453","F. Brown","F. Brown","WR","","","","injury-status","BYE","-","-","-","-","-","-","-","-","-","-","-","-"
"1454","L. Lenoir","L. Lenoir","WR","LAR","7","","injury-status","Final L 10-31 vs BUF","-","-","-","-","-","-","-","-","-","-","-","-"
"1455","C. Posey","C. Posey","WR","","","","injury-status","BYE","-","-","-","-","-","-","-","-","-","-","-","-"
"1456","S. Donatell","S. Donatell","TE","","","","injury-status","BYE","-","-","-","-","-","-","-","-","-","-","-","-"
"1457","B. Burns","B. Burns","TE","BAL","10","","injury-status","Final W 24-9 @ NYJ","-","-","-","-","-","-","-","-","-","-","-","-"
"1458","C. Pearson","C. Pearson","WR","","","","injury-status","BYE","-","-","-","-","-","-","-","-","-","-","-","-"
"1459","A. Gray","A. Gray","TE","","","","injury-status","BYE","-","-","-","-","-","-","-","-","-","-","-","-"
"1460","J. Bacci","J. Bacci","RB","","","","injury-status","BYE","-","-","-","-","-","-","-","-","-","-","-","-"
"1461","S. Cotton","S. Cotton","TE","","","","injury-status","BYE","-","-","-","-","-","-","-","-","-","-","-","-"
"1462","B. Houston","B. Houston","QB","","","","injury-status","BYE","-","-","-","-","-","-","-","-","-","-","-","-"
"1463","M. Paige","M. Paige","WR","","","","injury-status","BYE","-","-","-","-","-","-","-","-","-","-","-","-"
"1464","P. Odom","P. Odom","TE","","","","injury-status","BYE","-","-","-","-","-","-","-","-","-","-","-","-"
"1465","S. Ryan","S. Ryan","WR","","","","injury-status","BYE","-","-","-","-","-","-","-","-","-","-","-","-"
"1466","G. Pascascio","G. Pascascio","WR","","","","injury-status","BYE","-","-","-","-","-","-","-","-","-","-","-","-"
"1467","K. Mabon","K. Mabon","WR","","","","injury-status","BYE","-","-","-","-","-","-","-","-","-","-","-","-"
"1468","T. Ferguson","T. Ferguson","QB","","","","injury-status","BYE","-","-","-","-","-","-","-","-","-","-","-","-"
"1469","K. Snead","K. Snead","WR","","","","injury-status","BYE","-","-","-","-","-","-","-","-","-","-","-","-"
"1470","K. Abdullah","K. Abdullah","RB","","","","injury-status","BYE","-","-","-","-","-","-","-","-","-","-","-","-"
"1471","T. Edmunds","T. Edmunds","RB","","","","injury-status","BYE","-","-","-","-","-","-","-","-","-","-","-","-"
"1472","A. Bailey","A. Bailey","QB","BAL","10","","injury-status","Final W 24-9 @ NYJ","-","-","-","-","-","-","-","-","-","-","-","-"
"1473","L. Clark","L. Clark","WR","","","","injury-status","BYE","-","-","-","-","-","-","-","-","-","-","-","-"
"1474","T. Swoopes","T. Swoopes","TE","","","","injury-status","BYE","-","-","-","-","-","-","-","-","-","-","-","-"
"1475","D. Rogers","D. Rogers","WR","","","","injury-status","BYE","-","-","-","-","-","-","-","-","-","-","-","-"
"1476","A. Brown","A. Brown","RB","","","","injury-status","BYE","-","-","-","-","-","-","-","-","-","-","-","-"
"1477","A. Scott","A. Scott","WR","","","","injury-status","BYE","-","-","-","-","-","-","-","-","-","-","-","-"
"1478","A. Patton","A. Patton","WR","","","","injury-status","BYE","-","-","-","-","-","-","-","-","-","-","-","-"
"1479","E. Jenkins","E. Jenkins","QB","","","","injury-status","BYE","-","-","-","-","-","-","-","-","-","-","-","-"
"1480","S. Culkin","S. Culkin","TE","","","","injury-status","BYE","-","-","-","-","-","-","-","-","-","-","-","-"
"1481","B. Brown","B. Brown","TE","","","","injury-status","BYE","-","-","-","-","-","-","-","-","-","-","-","-"
"1482","C. Thompson","C. Thompson","TE","CAR","13","","injury-status","Final L 24-26 vs CLE","-","-","-","-","-","-","-","-","-","-","-","-"
"1483","K. Johnson","K. Johnson","WR","","","","injury-status","BYE","-","-","-","-","-","-","-","-","-","-","-","-"
"1484","L. Tillery","L. Tillery","RB","","","","injury-status","BYE","-","-","-","-","-","-","-","-","-","-","-","-"
"1485","I. Mathers","I. Mathers","RB","","","","injury-status","BYE","-","-","-","-","-","-","-","-","-","-","-","-"
"1486","A. Etta-Tawo","A. Etta-Tawo","WR","","","","injury-status","BYE","-","-","-","-","-","-","-","-","-","-","-","-"
"1487","T. Cook","T. Cook","RB","","","","injury-status","BYE","-","-","-","-","-","-","-","-","-","-","-","-"
"1488","C. Bluiett","C. Bluiett","TE","","","","injury-status","BYE","-","-","-","-","-","-","-","-","-","-","-","-"
"1489","S. Hill","S. Hill","WR","","","","injury-status","BYE","-","-","-","-","-","-","-","-","-","-","-","-"
"1490","D. Gray","D. Gray","WR","","","","injury-status","BYE","-","-","-","-","-","-","-","-","-","-","-","-"
"1491","Z. Conque","Z. Conque","QB","","","","injury-status","BYE","-","-","-","-","-","-","-","-","-","-","-","-"
"1492","E. Baylis","E. Baylis","TE","","","Ques","injury-status questionable","BYE","-","-","-","-","-","-","-","-","-","-","-","-"
"1493","N. Thomas","N. Thomas","WR","","","","injury-status","BYE","-","-","-","-","-","-","-","-","-","-","-","-"
"1494","M. Rector","M. Rector","WR","","","","injury-status","BYE","-","-","-","-","-","-","-","-","-","-","-","-"
"1495","D. Ford","D. Ford","WR","","","","injury-status","BYE","-","-","-","-","-","-","-","-","-","-","-","-"
"1496","B. Barnes","B. Barnes","TE","","","","injury-status","BYE","-","-","-","-","-","-","-","-","-","-","-","-"
"1497","K. Sloter","K. Sloter","QB","","","","injury-status","BYE","-","-","-","-","-","-","-","-","-","-","-","-"
"1498","A. Nash","A. Nash","WR","","","","injury-status","BYE","-","-","-","-","-","-","-","-","-","-","-","-"
"1499","B. Brown","B. Brown","WR","","","","injury-status","BYE","-","-","-","-","-","-","-","-","-","-","-","-"
"1500","T. McNamara","T. McNamara","TE","","","","injury-status","BYE","-","-","-","-","-","-","-","-","-","-","-","-"
"1501","F. Stevenson","F. Stevenson","RB","","","","injury-status","BYE","-","-","-","-","-","-","-","-","-","-","-","-"
"1502","A. Phillips","A. Phillips","K","","","","injury-status","BYE","-","-","-","-","-","-","-","-","-","-","-","-"
"1503","T. Gentry","T. Gentry","WR","BUF","7","","injury-status","Final W 31-10 @ LAR","-","-","-","-","-","1","-","-","-","-","-","-"
"1504","M. Crabtree","M. Crabtree","WR","","","","injury-status","BYE","-","-","-","-","-","-","-","-","-","-","-","-"
"1505","J. Bouagnon","J. Bouagnon","RB","","","","injury-status","BYE","-","-","-","-","-","-","-","-","-","-","-","-"
"1506","K. Towbridge","K. Towbridge","TE","","","","injury-status","BYE","-","-","-","-","-","-","-","-","-","-","-","-"
"1507","D. Shorts","D. Shorts","WR","","","","injury-status","BYE","-","-","-","-","-","-","-","-","-","-","-","-"
"1508","J. Johnson","J. Johnson","RB","","","","injury-status","BYE","-","-","-","-","-","-","-","-","-","-","-","-"
"1509","J. Croom","J. Croom","TE","","","","injury-status","BYE","-","-","-","-","-","-","-","-","-","-","-","-"
"1510","S. Wroblewski","S. Wroblewski","TE","","","","injury-status","BYE","-","-","-","-","-","-","-","-","-","-","-","-"
"1511","J. Summers","J. Summers","RB","","","","injury-status","BYE","-","-","-","-","-","-","-","-","-","-","-","-"
"1512","T. Knight","T. Knight","QB","","","","injury-status","BYE","-","-","-","-","-","-","-","-","-","-","-","-"
"1513","K. Hogan","K. Hogan","WR","","","","injury-status","BYE","-","-","-","-","-","-","-","-","-","-","-","-"
"1514","T. Dural","T. Dural","WR","","","","injury-status","BYE","-","-","-","-","-","-","-","-","-","-","-","-"
"1515","D. Redding","D. Redding","RB","","","","injury-status","BYE","-","-","-","-","-","-","-","-","-","-","-","-"
"1516","B. Johnson","B. Johnson","WR","","","","injury-status","BYE","-","-","-","-","-","-","-","-","-","-","-","-"
"1517","G. Marks","G. Marks","WR","","","","injury-status","BYE","-","-","-","-","-","-","-","-","-","-","-","-"
"1518","J. Robinson-Woodgett","J. Robinson-Woodgett","RB","","","","injury-status","BYE","-","-","-","-","-","-","-","-","-","-","-","-"
"1519","T. Stevens","T. Stevens","WR","","","","injury-status","BYE","-","-","-","-","-","-","-","-","-","-","-","-"
"1520","A. Moore","A. Moore","WR","","","","injury-status","BYE","-","-","-","-","-","-","-","-","-","-","-","-"
"1521","M. Kemp","M. Kemp","WR","KC","8","","injury-status","Final W 44-21 @ ARI","-","-","-","-","-","-","-","-","-","-","-","-"
"1522","W. Houston","W. Houston","TE","CAR","13","","injury-status","Final L 24-26 vs CLE","-","-","-","-","-","-","-","-","-","-","-","-"
"1523","G. Dieter","G. Dieter","WR","","","","injury-status","BYE","-","-","-","-","-","-","-","-","-","-","-","-"
"1524","W. Stanback","W. Stanback","RB","","","","injury-status","BYE","-","-","-","-","-","-","-","-","-","-","-","-"
"1525","B. Wilson","B. Wilson","WR","","","","injury-status","BYE","-","-","-","-","-","-","-","-","-","-","-","-"
"1526","T. Sperbeck","T. Sperbeck","WR","","","","injury-status","BYE","-","-","-","-","-","-","-","-","-","-","-","-"
"1527","S. Liufau","S. Liufau","QB","","","","injury-status","BYE","-","-","-","-","-","-","-","-","-","-","-","-"
"1528","A. Auclair","A. Auclair","TE","","","","injury-status","BYE","-","-","-","-","-","-","-","-","-","-","-","-"
"1529","T. McCloskey","T. McCloskey","RB","","","","injury-status","BYE","-","-","-","-","-","-","-","-","-","-","-","-"
"1530","K. Cannon","K. Cannon","WR","","","","injury-status","BYE","-","-","-","-","-","-","-","-","-","-","-","-"
"1531","V. Bolden","V. Bolden","WR","DEN","9","","injury-status","Final L 16-17 @ SEA","-","-","-","-","-","-","-","-","-","-","-","-"
"1532","K. Hatcher","K. Hatcher","WR","","","","injury-status","BYE","-","-","-","-","-","-","-","-","-","-","-","-"
"1533","C. Harris","C. Harris","RB","","","","injury-status","BYE","-","-","-","-","-","-","-","-","-","-","-","-"
"1534","B. Estime","B. Estime","WR","","","","injury-status","BYE","-","-","-","-","-","-","-","-","-","-","-","-"
"1535","A. Carr","A. Carr","WR","","","","injury-status","BYE","-","-","-","-","-","-","-","-","-","-","-","-"
"1536","R. Shelton","R. Shelton","WR","","","","injury-status","BYE","-","-","-","-","-","-","-","-","-","-","-","-"
"1537","J. Price","J. Price","TE","","","","injury-status","BYE","-","-","-","-","-","-","-","-","-","-","-","-"
"1538","T. Newby","T. Newby","RB","","","","injury-status","BYE","-","-","-","-","-","-","-","-","-","-","-","-"
"1539","W. Lunt","W. Lunt","QB","","","","injury-status","BYE","-","-","-","-","-","-","-","-","-","-","-","-"
"1540","D. Stringfellow","D. Stringfellow","WR","","","","injury-status","BYE","-","-","-","-","-","-","-","-","-","-","-","-"
"1541","D. Morgan","D. Morgan","WR","","","","injury-status","BYE","-","-","-","-","-","-","-","-","-","-","-","-"
"1542","M. Lewis","M. Lewis","WR","","","","injury-status","BYE","-","-","-","-","-","-","-","-","-","-","-","-"
"1543","K. Phillips","K. Phillips","RB","","","","injury-status","BYE","-","-","-","-","-","-","-","-","-","-","-","-"
"1544","A. Peck","A. Peck","TE","","","","injury-status","BYE","-","-","-","-","-","-","-","-","-","-","-","-"
"1545","S. Williams","S. Williams","RB","","","","injury-status","BYE","-","-","-","-","-","-","-","-","-","-","-","-"
"1546","M. Madaris","M. Madaris","WR","","","","injury-status","BYE","-","-","-","-","-","-","-","-","-","-","-","-"
"1547","D. Laufasa","D. Laufasa","RB","","","","injury-status","BYE","-","-","-","-","-","-","-","-","-","-","-","-"
"1548","K. Hamilton","K. Hamilton","WR","","","","injury-status","BYE","-","-","-","-","-","-","-","-","-","-","-","-"
"1549","F. Ross","F. Ross","WR","","","","injury-status","BYE","-","-","-","-","-","-","-","-","-","-","-","-"
"1550","A. Duke","A. Duke","WR","","","","injury-status","BYE","-","-","-","-","-","-","-","-","-","-","-","-"
"1551","T. Patrick","T. Patrick","WR","DEN","9","","injury-status","Final L 16-17 @ SEA","-","-","-","-","-","-","-","-","-","-","-","-"
"1552","R. Ortiz","R. Ortiz","RB","","","","injury-status","BYE","-","-","-","-","-","-","-","-","-","-","-","-"
"1553","T. Mizzell","T. Mizzell","RB","NYG","9","Ques","injury-status questionable","Final W 21-20 @ TEN","-","-","-","-","-","-","-","-","-","-","-","-"
"1554","C. Board","C. Board","WR","TEN","6","Ques","injury-status questionable","Final L 20-21 vs NYG","0","-","-","-","1","1","6","-","-","-","-","-"
"1555","L. Jacobs","L. Jacobs","WR","","","","injury-status","BYE","-","-","-","-","-","-","-","-","-","-","-","-"
"1556","J. Natson","J. Natson","WR","","","","injury-status","BYE","-","-","-","-","-","-","-","-","-","-","-","-"
"1557","J. Lane","J. Lane","WR","","","","injury-status","BYE","-","-","-","-","-","-","-","-","-","-","-","-"
"1558","C. Jeter","C. Jeter","TE","","","","injury-status","BYE","-","-","-","-","-","-","-","-","-","-","-","-"
"1559","B. Howard","B. Howard","TE","","","","injury-status","BYE","-","-","-","-","-","-","-","-","-","-","-","-"
"1560","T. Griffey","T. Griffey","WR","","","","injury-status","BYE","-","-","-","-","-","-","-","-","-","-","-","-"
"1561","D. Daniels","D. Daniels","TE","","","","injury-status","BYE","-","-","-","-","-","-","-","-","-","-","-","-"
"1562","D. Crossan","D. Crossan","RB","","","","injury-status","BYE","-","-","-","-","-","-","-","-","-","-","-","-"
"1563","J. Quick","J. Quick","WR","","","","injury-status","BYE","-","-","-","-","-","-","-","-","-","-","-","-"
"1564","S. Orndoff","S. Orndoff","TE","","","","injury-status","BYE","-","-","-","-","-","-","-","-","-","-","-","-"
"1565","T. Renew","T. Renew","RB","","","","injury-status","BYE","-","-","-","-","-","-","-","-","-","-","-","-"
"1566","J. Magee","J. Magee","WR","","","","injury-status","BYE","-","-","-","-","-","-","-","-","-","-","-","-"
"1567","I. Zamora","I. Zamora","WR","","","","injury-status","BYE","-","-","-","-","-","-","-","-","-","-","-","-"
"1568","R. Davis","R. Davis","WR","","","","injury-status","BYE","-","-","-","-","-","-","-","-","-","-","-","-"
"1569","K. Muhammad","K. Muhammad","RB","","","","injury-status","BYE","-","-","-","-","-","-","-","-","-","-","-","-"
"1570","D. Moore","D. Moore","WR","","","","injury-status","BYE","-","-","-","-","-","-","-","-","-","-","-","-"
"1571","C. Carson","C. Carson","RB","","","","injury-status","BYE","-","-","-","-","-","-","-","-","-","-","-","-"
"1572","E. McGuire","E. McGuire","RB","KC","8","","injury-status","Final W 44-21 @ ARI","-","-","-","-","-","-","-","-","-","-","-","-"
"1573","I. Ford","I. Ford","WR","","","","injury-status","BYE","-","-","-","-","-","-","-","-","-","-","-","-"
"1574","S. Rogers","S. Rogers","RB","","","","injury-status","BYE","-","-","-","-","-","-","-","-","-","-","-","-"
"1575","M. Schreck","M. Schreck","TE","HOU","6","","injury-status","Final T 20-20 vs IND","2","-","-","-","2","2","6","-","-","-","-","-"
"1576","A. Armah","A. Armah","RB","WAS","14","","injury-status","Final W 28-22 vs JAX","-","-","-","-","-","-","-","-","-","-","-","-"
"1577","J. Sprinkle","J. Sprinkle","TE","","","Ques","injury-status questionable","BYE","-","-","-","-","-","-","-","-","-","-","-","-"
"1578","J. McNichols","J. McNichols","RB","PIT","9","","injury-status","Final W 23-20 @ CIN","-","-","-","-","-","-","-","-","-","-","-","-"
"1579","S. Gibson","S. Gibson","WR","","","","injury-status","BYE","-","-","-","-","-","-","-","-","-","-","-","-"
"1580","R. Adams","R. Adams","WR","","","","injury-status","BYE","-","-","-","-","-","-","-","-","-","-","-","-"
"1581","D. Yancey","D. Yancey","WR","","","","injury-status","BYE","-","-","-","-","-","-","-","-","-","-","-","-"
"1582","B. Hill","B. Hill","RB","","","","injury-status","BYE","-","-","-","-","-","-","-","-","-","-","-","-"
"1583","T. Logan","T. Logan","RB","","","","injury-status","BYE","-","-","-","-","-","-","-","-","-","-","-","-"
"1584","B. Hodges","B. Hodges","TE","","","","injury-status","BYE","-","-","-","-","-","-","-","-","-","-","-","-"
"1585","C. Hansen","C. Hansen","WR","","","","injury-status","BYE","-","-","-","-","-","-","-","-","-","-","-","-"
"1586","J. Chesson","J. Chesson","WR","","","","injury-status","BYE","-","-","-","-","-","-","-","-","-","-","-","-"
"1587","R. Switzer","R. Switzer","WR","","","","injury-status","BYE","-","-","-","-","-","-","-","-","-","-","-","-"
"1588","J. Malone","J. Malone","WR","","","","injury-status","BYE","-","-","-","-","-","-","-","-","-","-","-","-"
"1589","T. Cohen","T. Cohen","RB","","","","injury-status","BYE","-","-","-","-","-","-","-","-","-","-","-","-"
"1590","J. Leggett","J. Leggett","TE","","","","injury-status","BYE","-","-","-","-","-","-","-","-","-","-","-","-"
"1591","J. Butt","J. Butt","TE","","","","injury-status","BYE","-","-","-","-","-","-","-","-","-","-","-","-"
"1592","D. Westbrook","D. Westbrook","WR","","","","injury-status","BYE","-","-","-","-","-","-","-","-","-","-","-","-"
"1593","A. Darboh","A. Darboh","WR","","","","injury-status","BYE","-","-","-","-","-","-","-","-","-","-","-","-"
"1594","C. Williams","C. Williams","WR","","","Ques","injury-status questionable","BYE","-","-","-","-","-","-","-","-","-","-","-","-"
"1595","T. Taylor","T. Taylor","WR","","","","injury-status","BYE","-","-","-","-","-","-","-","-","-","-","-","-"
"1596","C. Henderson","C. Henderson","WR","","","","injury-status","BYE","-","-","-","-","-","-","-","-","-","-","-","-"
"1597","A. Shaheen","A. Shaheen","TE","MIA","11","","injury-status","Final W 20-7 vs NE","-","-","-","-","-","-","-","-","-","-","-","-"
"1598","C. Kelly","C. Kelly","QB","","","","injury-status","BYE","-","-","-","-","-","-","-","-","-","-","-","-"
"1599","C. Grayson","C. Grayson","WR","","","","injury-status","BYE","-","-","-","-","-","-","-","-","-","-","-","-"
"1600","J. Williams","J. Williams","RB","","","","injury-status","BYE","-","-","-","-","-","-","-","-","-","-","-","-"
"1601","J. Ross","J. Ross","WR","","","Ques","injury-status questionable","BYE","-","-","-","-","-","-","-","-","-","-","-","-"
"1602","T. Wilson","T. Wilson","TE","","","","injury-status","BYE","-","-","-","-","-","-","-","-","-","-","-","-"
"1603","D. Kizer","D. Kizer","QB","","","","injury-status","BYE","-","-","-","-","-","-","-","-","-","-","-","-"
"1604","C. Briggs","C. Briggs","TE","","","","injury-status","BYE","-","-","-","-","-","-","-","-","-","-","-","-"
"1605","J. Huesman","J. Huesman","QB","","","","injury-status","BYE","-","-","-","-","-","-","-","-","-","-","-","-"
"1606","B. Sims","B. Sims","QB","","","","injury-status","BYE","-","-","-","-","-","-","-","-","-","-","-","-"
"1607","T. Pope","T. Pope","RB","","","Ques","injury-status questionable","BYE","-","-","-","-","-","-","-","-","-","-","-","-"
"1608","N. Truesdell","N. Truesdell","TE","","","","injury-status","BYE","-","-","-","-","-","-","-","-","-","-","-","-"
"1609","H. Binford","H. Binford","WR","","","","injury-status","BYE","-","-","-","-","-","-","-","-","-","-","-","-"
"1610","K. Thompson","K. Thompson","WR","","","","injury-status","BYE","-","-","-","-","-","-","-","-","-","-","-","-"
"1611","D. Watford","D. Watford","WR","","","","injury-status","BYE","-","-","-","-","-","-","-","-","-","-","-","-"
"1612","E. Wallace","E. Wallace","TE","","","","injury-status","BYE","-","-","-","-","-","-","-","-","-","-","-","-"
"1613","M. Hall","M. Hall","WR","","","","injury-status","BYE","-","-","-","-","-","-","-","-","-","-","-","-"
"1614","G. Griffin","G. Griffin","TE","DET","6","","injury-status","Final L 35-38 vs PHI","-","-","-","-","-","-","-","-","-","-","-","-"
"1615","R. Horn","R. Horn","WR","","","","injury-status","BYE","-","-","-","-","-","-","-","-","-","-","-","-"
"1616","K. Coleman","K. Coleman","RB","","","","injury-status","BYE","-","-","-","-","-","-","-","-","-","-","-","-"
"1617","R. Morris","R. Morris","RB","","","","injury-status","BYE","-","-","-","-","-","-","-","-","-","-","-","-"
"1618","M. McFarland","M. McFarland","TE","","","","injury-status","BYE","-","-","-","-","-","-","-","-","-","-","-","-"
"1619","J. Simmons","J. Simmons","RB","","","","injury-status","BYE","-","-","-","-","-","-","-","-","-","-","-","-"
"1620","J. Mickens","J. Mickens","WR","NYG","9","","injury-status","Final W 21-20 @ TEN","-","-","-","-","-","-","-","-","-","-","-","-"
"1621","D. Williams","D. Williams","WR","","","Ques","injury-status questionable","BYE","-","-","-","-","-","-","-","-","-","-","-","-"
"1622","A. Ellis","A. Ellis","TE","","","","injury-status","BYE","-","-","-","-","-","-","-","-","-","-","-","-"
"1623","M. Tucker","M. Tucker","WR","","","","injury-status","BYE","-","-","-","-","-","-","-","-","-","-","-","-"
"1624","B. Brown-Dukes","B. Brown-Dukes","RB","","","","injury-status","BYE","-","-","-","-","-","-","-","-","-","-","-","-"
"1625","J. Brown","J. Brown","K","","","","injury-status","BYE","-","-","-","-","-","-","-","-","-","-","-","-"
"1626","E. Penny","E. Penny","RB","","","","injury-status","BYE","-","-","-","-","-","-","-","-","-","-","-","-"
"1627","C. O'Neal","C. O'Neal","RB","","","","injury-status","BYE","-","-","-","-","-","-","-","-","-","-","-","-"
"1628","J. Vander Laan","J. Vander Laan","TE","","","","injury-status","BYE","-","-","-","-","-","-","-","-","-","-","-","-"
"1629","B. Shippen","B. Shippen","WR","","","","injury-status","BYE","-","-","-","-","-","-","-","-","-","-","-","-"
"1630","R. Mullaney","R. Mullaney","WR","","","","injury-status","BYE","-","-","-","-","-","-","-","-","-","-","-","-"
"1631","T. Jones","T. Jones","WR","","","","injury-status","BYE","-","-","-","-","-","-","-","-","-","-","-","-"
"1632","J. Holtz","J. Holtz","TE","NO","14","","injury-status","Final W 27-26 @ ATL","-","-","-","-","-","-","-","-","-","-","-","-"
"1633","T. Carson","T. Carson","RB","","","","injury-status","BYE","-","-","-","-","-","-","-","-","-","-","-","-"
"1634","W. Ratelle","W. Ratelle","RB","","","","injury-status","BYE","-","-","-","-","-","-","-","-","-","-","-","-"
"1635","J. Perkins","J. Perkins","TE","NYJ","10","","injury-status","Final L 9-24 vs BAL","-","-","-","-","-","-","-","-","-","-","-","-"
"1636","V. Showers","V. Showers","WR","","","","injury-status","BYE","-","-","-","-","-","-","-","-","-","-","-","-"
"1637","R. Diggs","R. Diggs","WR","","","","injury-status","BYE","-","-","-","-","-","-","-","-","-","-","-","-"
"1638","M. Weiser","M. Weiser","TE","","","","injury-status","BYE","-","-","-","-","-","-","-","-","-","-","-","-"
"1639","Q. Hicks","Q. Hicks","RB","","","","injury-status","BYE","-","-","-","-","-","-","-","-","-","-","-","-"
"1640","S. Vainuku","S. Vainuku","RB","","","","injury-status","BYE","-","-","-","-","-","-","-","-","-","-","-","-"
"1641","J. Williams-Lambert","J. Williams-Lambert","WR","","","","injury-status","BYE","-","-","-","-","-","-","-","-","-","-","-","-"
"1642","T. Lewis","T. Lewis","WR","","","Ques","injury-status questionable","BYE","-","-","-","-","-","-","-","-","-","-","-","-"
"1643","D. Stewart","D. Stewart","WR","","","","injury-status","BYE","-","-","-","-","-","-","-","-","-","-","-","-"
"1644","K. Cartwright","K. Cartwright","TE","","","","injury-status","BYE","-","-","-","-","-","-","-","-","-","-","-","-"
"1645","P. Barber","P. Barber","RB","","","","injury-status","BYE","-","-","-","-","-","-","-","-","-","-","-","-"
"1646","M. Leak","M. Leak","WR","","","","injury-status","BYE","-","-","-","-","-","-","-","-","-","-","-","-"
"1647","C. Rogers","C. Rogers","WR","","","","injury-status","BYE","-3","-","-","-","-","-","-","-","-","-","-","-"
"1648","A. Bonnet","A. Bonnet","RB","","","","injury-status","BYE","-","-","-","-","-","-","-","-","-","-","-","-"
"1649","M. Michel","M. Michel","WR","WAS","14","","injury-status","Final W 28-22 vs JAX","-","-","-","-","-","-","-","-","-","-","-","-"
"1650","B. Williams","B. Williams","TE","","","","injury-status","BYE","-","-","-","-","-","-","-","-","-","-","-","-"
"1651","C. Severin","C. Severin","WR","","","","injury-status","BYE","-","-","-","-","-","-","-","-","-","-","-","-"
"1652","J. Robinson","J. Robinson","WR","","","","injury-status","BYE","-","-","-","-","-","-","-","-","-","-","-","-"
"1653","J. Jones","J. Jones","WR","","","","injury-status","BYE","-","-","-","-","-","-","-","-","-","-","-","-"
"1654","M. Mathews","M. Mathews","WR","","","","injury-status","BYE","-","-","-","-","-","-","-","-","-","-","-","-"
"1655","K. Maye","K. Maye","WR","","","","injury-status","BYE","-","-","-","-","-","-","-","-","-","-","-","-"
"1656","J. McGee","J. McGee","TE","","","","injury-status","BYE","-","-","-","-","-","-","-","-","-","-","-","-"
"1657","D. Williams","D. Williams","WR","","","","injury-status","BYE","-","-","-","-","-","-","-","-","-","-","-","-"
"1658","S. Scheu","S. Scheu","TE","","","","injury-status","BYE","-","-","-","-","-","-","-","-","-","-","-","-"
"1659","G. Allison","G. Allison","WR","","","","injury-status","BYE","-","-","-","-","-","-","-","-","-","-","-","-"
"1660","D. Cajuste","D. Cajuste","WR","","","","injury-status","BYE","-","-","-","-","-","-","-","-","-","-","-","-"
"1661","D. Griswold","D. Griswold","TE","","","","injury-status","BYE","-","-","-","-","-","-","-","-","-","-","-","-"
"1662","M. Bercovici","M. Bercovici","QB","","","","injury-status","BYE","-","-","-","-","-","-","-","-","-","-","-","-"
"1663","D. Foster","D. Foster","RB","","","","injury-status","BYE","-","-","-","-","-","-","-","-","-","-","-","-"
"1664","C. Brown","C. Brown","WR","","","","injury-status","BYE","-","-","-","-","-","-","-","-","-","-","-","-"
"1665","J. Holton","J. Holton","WR","","","","injury-status","BYE","-","-","-","-","-","-","-","-","-","-","-","-"
"1666","K. Garrett","K. Garrett","WR","","","","injury-status","BYE","-","-","-","-","-","-","-","-","-","-","-","-"
"1667","B. Braunecker","B. Braunecker","TE","","","","injury-status","BYE","-","-","-","-","-","-","-","-","-","-","-","-"
"1668","M. North","M. North","WR","","","","injury-status","BYE","-","-","-","-","-","-","-","-","-","-","-","-"
"1669","R. Martin","R. Martin","K","","","","injury-status","BYE","-","-","-","-","-","-","-","-","-","-","-","-"
"1670","J. Stave","J. Stave","QB","","","","injury-status","BYE","-","-","-","-","-","-","-","-","-","-","-","-"
"1671","J. Ferguson","J. Ferguson","RB","","","","injury-status","BYE","-","-","-","-","-","-","-","-","-","-","-","-"
"1672","C. Jones","C. Jones","WR","","","","injury-status","BYE","-","-","-","-","-","-","-","-","-","-","-","-"
"1673","C. Swain","C. Swain","RB","","","","injury-status","BYE","-","-","-","-","-","-","-","-","-","-","-","-"
"1674","J. Woodrum","J. Woodrum","QB","","","","injury-status","BYE","-","-","-","-","-","-","-","-","-","-","-","-"
"1675","J. Edelman","J. Edelman","WR","","","","injury-status","BYE","-","-","-","-","-","-","-","-","-","-","-","-"
"1676","A. Erickson","A. Erickson","WR","WAS","14","","injury-status","Final W 28-22 vs JAX","-","-","-","-","-","-","-","-","-","-","-","-"
"1677","M. McKay","M. McKay","WR","","","","injury-status","BYE","-","-","-","-","-","-","-","-","-","-","-","-"
"1678","D. Johnson","D. Johnson","RB","","","","injury-status","BYE","-","-","-","-","-","-","-","-","-","-","-","-"
"1679","B. Sandland","B. Sandland","TE","","","","injury-status","BYE","-","-","-","-","-","-","-","-","-","-","-","-"
"1680","K. Lawler","K. Lawler","WR","","","","injury-status","BYE","-","-","-","-","-","-","-","-","-","-","-","-"
"1681","K. Marshall","K. Marshall","RB","","","","injury-status","BYE","-","-","-","-","-","-","-","-","-","-","-","-"
"1682","D. Fuller","D. Fuller","WR","","","","injury-status","BYE","-","-","-","-","-","-","-","-","-","-","-","-"
"1683","D. Lucien","D. Lucien","WR","","","","injury-status","BYE","-","-","-","-","-","-","-","-","-","-","-","-"
"1684","D. Jackson","D. Jackson","RB","","","","injury-status","BYE","-","-","-","-","-","-","-","-","-","-","-","-"
"1685","C. Core","C. Core","WR","","","Ques","injury-status questionable","BYE","-","-","-","-","-","-","-","-","-","-","-","-"
"1686","D. Vitale","D. Vitale","RB","","","","injury-status","BYE","-","-","-","-","-","-","-","-","-","-","-","-"
"1687","K. Listenbee","K. Listenbee","WR","","","","injury-status","BYE","-","-","-","-","-","-","-","-","-","-","-","-"
"1688","J. Rudock","J. Rudock","QB","","","","injury-status","BYE","-","-","-","-","-","-","-","-","-","-","-","-"
"1689","N. Sudfeld","N. Sudfeld","QB","DET","6","","injury-status","Final L 35-38 vs PHI","-0","5","-4","-","-","-","-","-","-","-","-","-"
"1690","J. Adams","J. Adams","TE","","","","injury-status","BYE","-","-","-","-","-","-","-","-","-","-","-","-"
"1691","M. Bohringer","M. Bohringer","TE","","","","injury-status","BYE","-","-","-","-","-","-","-","-","-","-","-","-"
"1692","T. Hemingway","T. Hemingway","TE","WAS","14","","injury-status","Final W 28-22 vs JAX","-","-","-","-","-","-","-","-","-","-","-","-"
"1693","A. Janovich","A. Janovich","RB","","","","injury-status","BYE","-","-","-","-","-","-","-","-","-","-","-","-"
"1694","R. Fitzpatrick","R. Fitzpatrick","QB","","","","injury-status","BYE","-","-","-","-","-","-","-","-","-","-","-","-"
"1695","T. Davis","T. Davis","WR","","","","injury-status","BYE","-","-","-","-","-","-","-","-","-","-","-","-"
"1696","K. Hogan","K. Hogan","QB","TEN","6","","injury-status","Final L 20-21 vs NYG","-","-","-","-","-","-","-","-","-","-","-","-"
"1697","P. Rivers","P. Rivers","QB","","","","injury-status","BYE","-","-","-","-","-","-","-","-","-","-","-","-"
"1698","W. Smallwood","W. Smallwood","RB","WAS","14","","injury-status","Final W 28-22 vs JAX","-","-","-","-","-","-","-","-","-","-","-","-"
"1699","D. Washington","D. Washington","RB","","","","injury-status","BYE","-","-","-","-","-","-","-","-","-","-","-","-"
"1700","T. Sharpe","T. Sharpe","WR","","","Ques","injury-status questionable","BYE","-","-","-","-","-","-","-","-","-","-","-","-"
"1701","S. DeValve","S. DeValve","TE","","","","injury-status","BYE","-","-","-","-","-","-","-","-","-","-","-","-"
"1702","T. Ervin","T. Ervin","RB","","","Ques","injury-status questionable","BYE","-","-","-","-","-","-","-","-","-","-","-","-"
"1703","B. Kaufusi","B. Kaufusi","TE","GB","14","","injury-status","Final L 7-23 @ MIN","-","-","-","-","-","-","-","-","-","-","-","-"
"1704","P. Perkins","P. Perkins","RB","","","","injury-status","BYE","-","-","-","-","-","-","-","-","-","-","-","-"
"1705","K. Dixon","K. Dixon","RB","","","","injury-status","BYE","-","-","-","-","-","-","-","-","-","-","-","-"
"1706","C. Kessler","C. Kessler","QB","","","","injury-status","BYE","-","-","-","-","-","-","-","-","-","-","-","-"
"1707","C. Prosise","C. Prosise","RB","","","","injury-status","BYE","-","-","-","-","-","-","-","-","-","-","-","-"
"1708","S. Shepard","S. Shepard","WR","NYG","9","","injury-status","Final W 21-20 @ TEN","28","-","-","-","13","24","154","1","-","-","-","-"
"1709","J. Doctson","J. Doctson","WR","","","","injury-status","BYE","-","-","-","-","-","-","-","-","-","-","-","-"
"1710","C. Coleman","C. Coleman","WR","","","","injury-status","BYE","-","-","-","-","-","-","-","-","-","-","-","-"
"1711","P. Lynch","P. Lynch","QB","","","","injury-status","BYE","-","-","-","-","-","-","-","-","-","-","-","-"
"1712","X. Rush","X. Rush","WR","","","","injury-status","BYE","-","-","-","-","-","-","-","-","-","-","-","-"
"1713","A. Dable","A. Dable","WR","","","","injury-status","BYE","-","-","-","-","-","-","-","-","-","-","-","-"
"1714","M. Slater","M. Slater","WR","NE","10","","injury-status","Final L 7-20 @ MIA","-","-","-","-","-","-","-","-","-","-","-","-"
"1715","J. Johnson","J. Johnson","WR","","","","injury-status","BYE","-","-","-","-","-","-","-","-","-","-","-","-"
"1716","G. Sinclair","G. Sinclair","TE","","","","injury-status","BYE","-","-","-","-","-","-","-","-","-","-","-","-"
"1717","R. Travis","R. Travis","TE","","","","injury-status","BYE","-","-","-","-","-","-","-","-","-","-","-","-"
"1718","M. Lengel","M. Lengel","TE","","","","injury-status","BYE","-","-","-","-","-","-","-","-","-","-","-","-"
"1719","M. Wile","M. Wile","P, K","","","","injury-status","BYE","-","-","-","-","-","-","-","-","-","-","-","-"
"1720","B. Cottom","B. Cottom","RB","","","","injury-status","BYE","-","-","-","-","-","-","-","-","-","-","-","-"
"1721","M. LaCosse","M. LaCosse","TE","NE","10","","injury-status","Final L 7-20 @ MIA","-","-","-","-","-","-","-","-","-","-","-","-"
"1722","D. Lawrence","D. Lawrence","WR","","","","injury-status","BYE","-","-","-","-","-","-","-","-","-","-","-","-"
"1723","D. Foxx","D. Foxx","WR","","","","injury-status","BYE","-","-","-","-","-","-","-","-","-","-","-","-"
"1724","B. Vogler","B. Vogler","TE","","","","injury-status","BYE","-","-","-","-","-","-","-","-","-","-","-","-"
"1725","R. Smith","R. Smith","RB","","","","injury-status","BYE","-","-","-","-","-","-","-","-","-","-","-","-"
"1726","D. Brees","D. Brees","QB","","","","injury-status","BYE","-","-","-","-","-","-","-","-","-","-","-","-"
"1727","Z. Laskey","Z. Laskey","RB","","","","injury-status","BYE","-","-","-","-","-","-","-","-","-","-","-","-"
"1728","D. Walker","D. Walker","TE","","","","injury-status","BYE","-","-","-","-","-","-","-","-","-","-","-","-"
"1729","K. Cook","K. Cook","WR","","","","injury-status","BYE","-","-","-","-","-","-","-","-","-","-","-","-"
"1730","M. Meyer","M. Meyer","K","","","","injury-status","BYE","-","-","-","-","-","-","-","-","-","-","-","-"
"1731","M. Palardy","M. Palardy","P, K - NE(10)","","","","injury-status","Final L 7-20 @ MIA","-1","-","-","-","-","-","-","-","-","-","-","-"
"1732","D. White","D. White","WR","","","Ques","injury-status questionable","BYE","-","-","-","-","-","-","-","-","-","-","-","-"
"1733","G. Johnson","G. Johnson","RB","","","","injury-status","BYE","-","-","-","-","-","-","-","-","-","-","-","-"
"1734","R. Bailey","R. Bailey","WR","","","","injury-status","BYE","-","-","-","-","-","-","-","-","-","-","-","-"
"1735","D. Brown","D. Brown","TE","","","Ques","injury-status questionable","BYE","-","-","-","-","-","-","-","-","-","-","-","-"
"1736","A. Smith","A. Smith","QB","","","","injury-status","BYE","-","-","-","-","-","-","-","-","-","-","-","-"
"1737","T. Long","T. Long","P, K","","","","injury-status","BYE","-","-","-","-","-","-","-","-","-","-","-","-"
"1738","J. Heaps","J. Heaps","QB","","","","injury-status","BYE","-","-","-","-","-","-","-","-","-","-","-","-"
"1739","D. Jennings","D. Jennings","WR","","","","injury-status","BYE","-","-","-","-","-","-","-","-","-","-","-","-"
"1740","T. Semisch","T. Semisch","TE","","","","injury-status","BYE","-","-","-","-","-","-","-","-","-","-","-","-"
"1741","A. Goodley","A. Goodley","WR","","","","injury-status","BYE","-","-","-","-","-","-","-","-","-","-","-","-"
"1742","D. Anderson","D. Anderson","WR","","","","injury-status","BYE","-","-","-","-","-","-","-","-","-","-","-","-"
"1743","T. Williams","T. Williams","WR","","","Ques","injury-status questionable","BYE","-","-","-","-","-","-","-","-","-","-","-","-"
"1744","T. Davis","T. Davis","WR","","","","injury-status","BYE","-","-","-","-","-","-","-","-","-","-","-","-"
"1745","Z. Zenner","Z. Zenner","RB","","","","injury-status","BYE","-","-","-","-","-","-","-","-","-","-","-","-"
"1746","R. Anderson","R. Anderson","TE","","","","injury-status","BYE","-","-","-","-","-","-","-","-","-","-","-","-"
"1747","D. Brown","D. Brown","WR","","","","injury-status","BYE","-","-","-","-","-","-","-","-","-","-","-","-"
"1748","B. Koyack","B. Koyack","TE","","","","injury-status","BYE","-","-","-","-","-","-","-","-","-","-","-","-"
"1749","M. Johnson","M. Johnson","RB","","","","injury-status","BYE","-","-","-","-","-","-","-","-","-","-","-","-"
"1750","N. O'Leary","N. O'Leary","TE","","","Ques","injury-status questionable","BYE","-","-","-","-","-","-","-","-","-","-","-","-"
"1751","G. Davis","G. Davis","WR","","","","injury-status","BYE","-","-","-","-","-","-","-","-","-","-","-","-"
"1752","K. Bell","K. Bell","WR","","","","injury-status","BYE","-","-","-","-","-","-","-","-","-","-","-","-"
"1753","J. Nelson","J. Nelson","WR","","","","injury-status","BYE","-","-","-","-","-","-","-","-","-","-","-","-"
"1754","D. Sproles","D. Sproles","RB","","","","injury-status","BYE","-","-","-","-","-","-","-","-","-","-","-","-"
"1755","J. Ajayi","J. Ajayi","RB","","","","injury-status","BYE","-","-","-","-","-","-","-","-","-","-","-","-"
"1756","B. Hundley","B. Hundley","QB","BAL","10","","injury-status","Final W 24-9 @ NYJ","-","-","-","-","-","-","-","-","-","-","-","-"
"1757","J. Allen","J. Allen","RB","","","","injury-status","BYE","-","-","-","-","-","-","-","-","-","-","-","-"
"1758","J. Hardy","J. Hardy","WR","","","","injury-status","BYE","-","-","-","-","-","-","-","-","-","-","-","-"
"1759","J. Heuerman","J. Heuerman","TE","","","","injury-status","BYE","-","-","-","-","-","-","-","-","-","-","-","-"
"1760","C. Walford","C. Walford","TE","","","","injury-status","BYE","-","-","-","-","-","-","-","-","-","-","-","-"
"1761","D. Funchess","D. Funchess","TE","","","","injury-status","BYE","-","-","-","-","-","-","-","-","-","-","-","-"
"1762","D. Smith","D. Smith","WR","","","","injury-status","BYE","-","-","-","-","-","-","-","-","-","-","-","-"
"1763","T. Yeldon","T. Yeldon","RB","","","","injury-status","BYE","-","-","-","-","-","-","-","-","-","-","-","-"
"1764","M. Moore","M. Moore","QB","","","","injury-status","BYE","-","-","-","-","-","-","-","-","-","-","-","-"
"1765","F. Gore","F. Gore","RB","","","","injury-status","BYE","-","-","-","-","-","-","-","-","-","-","-","-"
"1766","T. Gurley","T. Gurley","RB","","","","injury-status","BYE","-","-","-","-","-","-","-","-","-","-","-","-"
"1767","J. Cunningham","J. Cunningham","TE","","","","injury-status","BYE","-","-","-","-","-","-","-","-","-","-","-","-"
"1768","J. Witten","J. Witten","TE","","","","injury-status","BYE","-","-","-","-","-","-","-","-","-","-","-","-"
"1769","D. Inman","D. Inman","WR","","","","injury-status","BYE","-","-","-","-","-","-","-","-","-","-","-","-"
"1770","P. Richardson","P. Richardson","WR","","","","injury-status","BYE","-","-","-","-","-","-","-","-","-","-","-","-"
"1771","T. Millard","T. Millard","RB","","","","injury-status","BYE","-","-","-","-","-","-","-","-","-","-","-","-"
"1772","L. Fitzgerald","L. Fitzgerald","WR","","","","injury-status","BYE","-","-","-","-","-","-","-","-","-","-","-","-"
"1773","G. Gilbert","G. Gilbert","QB","NE","10","","injury-status","Final L 7-20 @ MIA","-","-","-","-","-","-","-","-","-","-","-","-"
"1774","M. Lucas","M. Lucas","WR","","","","injury-status","BYE","-","-","-","-","-","-","-","-","-","-","-","-"
"1775","R. Nix","R. Nix","RB","","","","injury-status","BYE","-","-","-","-","-","-","-","-","-","-","-","-"
"1776","R. Neal","R. Neal","RB","","","","injury-status","BYE","-","-","-","-","-","-","-","-","-","-","-","-"
"1777","T. Jones","T. Jones","WR","","","","injury-status","BYE","-","-","-","-","-","-","-","-","-","-","-","-"
"1778","E. Ebron","E. Ebron","TE","PIT","9","","injury-status","Final W 23-20 @ CIN","-","-","-","-","-","-","-","-","-","-","-","-"
"1779","S. Perry","S. Perry","RB","","","","injury-status","BYE","-","-","-","-","-","-","-","-","-","-","-","-"
"1780","D. Fales","D. Fales","QB","","","","injury-status","BYE","-","-","-","-","-","-","-","-","-","-","-","-"
"1781","R. Grant","R. Grant","WR","","","","injury-status","BYE","-","-","-","-","-","-","-","-","-","-","-","-"
"1782","X. Grimble","X. Grimble","TE","","","","injury-status","BYE","-","-","-","-","-","-","-","-","-","-","-","-"
"1783","J. McCown","J. McCown","QB","","","","injury-status","BYE","-","-","-","-","-","-","-","-","-","-","-","-"
"1784","S. Simonson","S. Simonson","TE","","","","injury-status","BYE","-","-","-","-","-","-","-","-","-","-","-","-"
"1785","S. Roberts","S. Roberts","WR","","","","injury-status","BYE","-","-","-","-","-","-","-","-","-","-","-","-"
"1786","D. Thomas","D. Thomas","WR","","","","injury-status","BYE","-","-","-","-","-","-","-","-","-","-","-","-"
"1787","C. Latimer","C. Latimer","WR","","","","injury-status","BYE","-","-","-","-","-","-","-","-","-","-","-","-"
"1788","B. Fowler","B. Fowler","WR","","","","injury-status","BYE","-","-","-","-","-","-","-","-","-","-","-","-"
"1789","V. Davis","V. Davis","TE","","","","injury-status","BYE","-","-","-","-","-","-","-","-","-","-","-","-"
"1790","M. Lee","M. Lee","WR","","","","injury-status","BYE","-","-","-","-","-","-","-","-","-","-","-","-"
"1791","A. Hurns","A. Hurns","WR","MIA","11","Ques","injury-status questionable","Final W 20-7 vs NE","-","-","-","-","-","-","-","-","-","-","-","-"
"1792","B. Bortles","B. Bortles","QB","NO","14","","injury-status","Final W 27-26 @ ATL","-","-","-","-","-","-","-","-","-","-","-","-"
"1793","D. Moncrief","D. Moncrief","WR","","","Ques","injury-status questionable","BYE","-","-","-","-","-","-","-","-","-","-","-","-"
"1794","D. Walker","D. Walker","WR","","","","injury-status","BYE","-","-","-","-","-","-","-","-","-","-","-","-"
"1795","W. Snead","W. Snead","WR","SF","9","","injury-status","Final L 10-19 @ CHI","-","-","-","-","-","-","-","-","-","-","-","-"
"1796","T. Gabriel","T. Gabriel","WR","","","","injury-status","BYE","-","-","-","-","-","-","-","-","-","-","-","-"
"1797","A. McCarron","A. McCarron","QB - ATL","","","","injury-status","Final L 26-27 vs NO","-","-","-","-","-","-","-","-","-","-","-","-"
"1798","S. Evans","S. Evans","WR","","","","injury-status","BYE","-","-","-","-","-","-","-","-","-","-","-","-"
"1799","Q. Enunwa","Q. Enunwa","WR","","","","injury-status","BYE","-","-","-","-","-","-","-","-","-","-","-","-"
"1800","J. White","J. White","RB","","","","injury-status","BYE","-","-","-","-","-","-","-","-","-","-","-","-"
"1801","S. Houston","S. Houston","RB","","","","injury-status","BYE","-","-","-","-","-","-","-","-","-","-","-","-"
"1802","A. Peterson","A. Peterson","RB","","","","injury-status","BYE","-","-","-","-","-","-","-","-","-","-","-","-"
"1803","D. Stanton","D. Stanton","QB","","","","injury-status","BYE","-","-","-","-","-","-","-","-","-","-","-","-"
"1804","J. Matthews","J. Matthews","TE","SF","9","","injury-status","Final L 10-19 @ CHI","-","-","-","-","-","-","-","-","-","-","-","-"
"1805","D. Fluellen","D. Fluellen","RB","","","","injury-status","BYE","-","-","-","-","-","-","-","-","-","-","-","-"
"1806","T. Burton","T. Burton","TE","","","","injury-status","BYE","-","-","-","-","-","-","-","-","-","-","-","-"
"1807","M. Schaub","M. Schaub","QB","","","","injury-status","BYE","-","-","-","-","-","-","-","-","-","-","-","-"
"1808","J. Hill","J. Hill","TE","","","","injury-status","BYE","-","-","-","-","-","-","-","-","-","-","-","-"
"1809","D. Carrier","D. Carrier","TE","","","","injury-status","BYE","-","-","-","-","-","-","-","-","-","-","-","-"
"1810","J. Doyle","J. Doyle","TE","IND","14","","injury-status","Final T 20-20 @ HOU","-","-","-","-","-","-","-","-","-","-","-","-"
"1811","E. Rogers","E. Rogers","WR","","","","injury-status","BYE","-","-","-","-","-","-","-","-","-","-","-","-"
"1812","B. Williams","B. Williams","TE","","","","injury-status","BYE","-","-","-","-","-","-","-","-","-","-","-","-"
"1813","Z. Line","Z. Line","RB","","","","injury-status","BYE","-","-","-","-","-","-","-","-","-","-","-","-"
"1814","J. Brown","J. Brown","WR","","","","injury-status","BYE","-","-","-","-","-","-","-","-","-","-","-","-"
"1815","U. Nwachukwu","U. Nwachukwu","WR","","","","injury-status","BYE","-","-","-","-","-","-","-","-","-","-","-","-"
"1816","T. Sinkfield","T. Sinkfield","WR","","","","injury-status","BYE","-","-","-","-","-","-","-","-","-","-","-","-"
"1817","L. Toilolo","L. Toilolo","TE","NYG","9","Ques","injury-status questionable","Final W 21-20 @ TEN","-","-","-","-","-","-","-","-","-","-","-","-"
"1818","D. Harris","D. Harris","TE","","","","injury-status","BYE","-","-","-","-","-","-","-","-","-","-","-","-"
"1819","T. Bray","T. Bray","QB","","","","injury-status","BYE","-","-","-","-","-","-","-","-","-","-","-","-"
"1820","L. Willson","L. Willson","TE","","","","injury-status","BYE","-","-","-","-","-","-","-","-","-","-","-","-"
"1821","S. Ware","S. Ware","RB","","","","injury-status","BYE","-","-","-","-","-","-","-","-","-","-","-","-"
"1822","D. Fells","D. Fells","TE","TB","11","","injury-status","Final W 19-3 @ DAL","-","-","-","-","-","-","-","-","-","-","-","-"
"1823","V. McDonald","V. McDonald","TE","","","","injury-status","BYE","-","-","-","-","-","-","-","-","-","-","-","-"
"1824","T. Austin","T. Austin","WR","","","","injury-status","BYE","-","-","-","-","-","-","-","-","-","-","-","-"
"1825","M. Glennon","M. Glennon","QB","MIA","11","","injury-status","Final W 20-7 vs NE","-","-","-","-","-","-","-","-","-","-","-","-"
"1826","K. Stills","K. Stills","WR","","","","injury-status","BYE","-","-","-","-","-","-","-","-","-","-","-","-"
"1827","R. Griffin","R. Griffin","QB","TB","11","","injury-status","Final W 19-3 @ DAL","-","-","-","-","-","-","-","-","-","-","-","-"
"1828","K. Barner","K. Barner","RB","","","","injury-status","BYE","-","-","-","-","-","-","-","-","-","-","-","-"
"1829","T. Riddick","T. Riddick","RB","","","","injury-status","BYE","-","-","-","-","-","-","-","-","-","-","-","-"
"1830","C. Thompson","C. Thompson","RB","","","","injury-status","BYE","-","-","-","-","-","-","-","-","-","-","-","-"
"1831","J. Reed","J. Reed","TE","","","","injury-status","BYE","-","-","-","-","-","-","-","-","-","-","-","-"
"1832","C. Anderson","C. Anderson","RB","","","","injury-status","BYE","-","-","-","-","-","-","-","-","-","-","-","-"
"1833","L. Bell","L. Bell","RB","TB","11","","injury-status","Final W 19-3 @ DAL","-","-","-","-","-","-","-","-","-","-","-","-"
"1834","T. Eifert","T. Eifert","TE","","","","injury-status","BYE","-","-","-","-","-","-","-","-","-","-","-","-"
"1835","B. Roethlisberger","B. Roethlisberger","QB","PIT","9","","injury-status","Final W 23-20 @ CIN","-","-","-","-","-","-","-","-","-","-","-","-"
"1836","M. Barkley","M. Barkley","QB","BUF","7","","injury-status","Final W 31-10 @ LAR","-","-","-","-","-","-","-","-","-","-","-","-"
"1837","R. Shepard","R. Shepard","WR","","","","injury-status","BYE","-","-","-","-","-","-","-","-","-","-","-","-"
"1838","C. Hogan","C. Hogan","WR","","","","injury-status","BYE","-","-","-","-","-","-","-","-","-","-","-","-"
"1839","J. Bellamy","J. Bellamy","WR","","","","injury-status","BYE","-","-","-","-","-","-","-","-","-","-","-","-"
"1840","J. Olawale","J. Olawale","RB","","","","injury-status","BYE","-","-","-","-","-","-","-","-","-","-","-","-"
"1841","P. DiMarco","P. DiMarco","RB","","","","injury-status","BYE","-","-","-","-","-","-","-","-","-","-","-","-"
"1842","J. Develin","J. Develin","RB","","","","injury-status","BYE","-","-","-","-","-","-","-","-","-","-","-","-"
"1843","J. Kearse","J. Kearse","WR","","","","injury-status","BYE","-","-","-","-","-","-","-","-","-","-","-","-"
"1844","F. Owusu","F. Owusu","WR","","","","injury-status","BYE","-","-","-","-","-","-","-","-","-","-","-","-"
"1845","M. Bryant","M. Bryant","K","","","","injury-status","BYE","-","-","-","-","-","-","-","-","-","-","-","-"
"1846","A. Tanney","A. Tanney","QB","","","","injury-status","BYE","-","-","-","-","-","-","-","-","-","-","-","-"
"1847","R. Turbin","R. Turbin","RB","","","","injury-status","BYE","-","-","-","-","-","-","-","-","-","-","-","-"
"1848","G. Celek","G. Celek","TE","","","","injury-status","BYE","-","-","-","-","-","-","-","-","-","-","-","-"
"1849","J. Wright","J. Wright","WR","","","","injury-status","BYE","-","-","-","-","-","-","-","-","-","-","-","-"
"1850","R. Ellison","R. Ellison","TE","","","","injury-status","BYE","-","-","-","-","-","-","-","-","-","-","-","-"
"1851","A. Vinatieri","A. Vinatieri","K","","","","injury-status","BYE","-","-","-","-","-","-","-","-","-","-","-","-"
"1852","A. Morris","A. Morris","RB","","","","injury-status","BYE","-","-","-","-","-","-","-","-","-","-","-","-"
"1853","R. Griffin","R. Griffin","QB","","","","injury-status","BYE","-","-","-","-","-","-","-","-","-","-","-","-"
"1854","A. Jeffery","A. Jeffery","WR","","","","injury-status","BYE","-","-","-","-","-","-","-","-","-","-","-","-"
"1855","T. Benjamin","T. Benjamin","WR","","","","injury-status","BYE","-","-","-","-","-","-","-","-","-","-","-","-"
"1856","M. Sanu","M. Sanu","WR","","","","injury-status","BYE","-","-","-","-","-","-","-","-","-","-","-","-"
"1857","L. Miller","L. Miller","RB","","","","injury-status","BYE","-","-","-","-","-","-","-","-","-","-","-","-"
"1858","J. Hall","J. Hall","WR","","","","injury-status","BYE","-","-","-","-","-","-","-","-","-","-","-","-"
"1859","D. Hagans","D. Hagans","RB","","","","injury-status","BYE","-","-","-","-","-","-","-","-","-","-","-","-"
"1860","M. Golden","M. Golden","WR","GB","14","","injury-status","Final L 7-23 @ MIN","-","-","-","-","-","-","-","-","-","-","-","-"
"1861","J. Royals","J. Royals","WR","KC","8","Ques","injury-status questionable","Final W 44-21 @ ARI","-","-","-","-","-","-","-","-","-","-","-","-"
"1862","T. Rutenbeck","T. Rutenbeck","WR","","","","injury-status","BYE","-","-","-","-","-","-","-","-","-","-","-","-"
"1863","N. Noel","N. Noel","RB","","","","injury-status","BYE","-","-","-","-","-","-","-","-","-","-","-","-"
"1864","K. McIntosh","K. McIntosh","RB","SEA","11","IR","injury-status ir","Final W 17-16 vs DEN","-","-","-","-","-","-","-","-","-","-","-","-"
"1865","N. Williams","N. Williams","WR","","","","injury-status","BYE","-","-","-","-","-","-","-","-","-","-","-","-"
"1866","D. Edwards","D. Edwards","RB","WAS","14","","injury-status","Final W 28-22 vs JAX","-","-","-","-","-","-","-","-","-","-","-","-"
"1867","M. Flowers","M. Flowers","WR","","","","injury-status","BYE","-","-","-","-","-","-","-","-","-","-","-","-"
"1868","X. White","X. White","WR","","","","injury-status","BYE","-","-","-","-","-","-","-","-","-","-","-","-"
"1869","C. Johnson","C. Johnson","WR","","","","injury-status","BYE","-","-","-","-","-","-","-","-","-","-","-","-"
"1870","C. Stover","C. Stover","TE","HOU","6","","injury-status","Final T 20-20 vs IND","-","-","-","-","-","-","-","-","-","-","-","-"
"1871","T. Bynum","T. Bynum","WR","","","","injury-status","BYE","-","-","-","-","-","-","-","-","-","-","-","-"
"1872","D. Culp","D. Culp","TE","TB","11","","injury-status","Final W 19-3 @ DAL","-","-","-","-","-","-","-","-","-","-","-","-"
"1873","J. Calhoun","J. Calhoun","WR","","","","injury-status","BYE","-","-","-","-","-","-","-","-","-","-","-","-"
"1874","D. Miller","D. Miller","WR","","","","injury-status","BYE","-","-","-","-","-","-","-","-","-","-","-","-"
"1875","T. Keaton","T. Keaton","WR","","","","injury-status","BYE","-","-","-","-","-","-","-","-","-","-","-","-"
"1876","T. Taula","T. Taula","TE","TB","11","","injury-status","Final W 19-3 @ DAL","-","-","-","-","-","-","-","-","-","-","-","-"
"1877","K. Smith","K. Smith","WR","","","","injury-status","BYE","-","-","-","-","-","-","-","-","-","-","-","-"
"1878","D. Maye","D. Maye","QB","NE","10","","injury-status","Final L 7-20 @ MIA","-","-","-","-","-","-","-","-","-","-","-","-"
"1879","T. Robinson","T. Robinson","WR","","","Ques","injury-status questionable","BYE","-","-","-","-","-","-","-","-","-","-","-","-"
"1880","A. Torres","A. Torres","TE","","","Ques","injury-status questionable","BYE","-","-","-","-","-","-","-","-","-","-","-","-"
"1881","M. Bernard","M. Bernard","RB","","","","injury-status","BYE","-","-","-","-","-","-","-","-","-","-","-","-"
"1882","B. Bryant","B. Bryant","QB","","","","injury-status","BYE","-","-","-","-","-","-","-","-","-","-","-","-"
"1883","Z. D'Orazio","Z. D'Orazio","WR","","","","injury-status","BYE","-","-","-","-","-","-","-","-","-","-","-","-"
"1884","J. Colletto","J. Colletto","RB","","","","injury-status","BYE","-","-","-","-","-","-","-","-","-","-","-","-"
"1885","K. Harper","K. Harper","RB","","","","injury-status","BYE","-","-","-","-","-","-","-","-","-","-","-","-"
"1886","P. Thorne","P. Thorne","QB","","","","injury-status","BYE","-","-","-","-","-","-","-","-","-","-","-","-"
"1887","D. Neal","D. Neal","WR","","","","injury-status","BYE","-","-","-","-","-","-","-","-","-","-","-","-"
"1888","R. Taylor","R. Taylor","WR","","","","injury-status","BYE","-","-","-","-","-","-","-","-","-","-","-","-"
"1889","D. Harper","D. Harper","WR","","","","injury-status","BYE","-","-","-","-","-","-","-","-","-","-","-","-"
"1890","J. Keeney-James","J. Keeney-James","WR","","","","injury-status","BYE","-","-","-","-","-","-","-","-","-","-","-","-"
"1891","R. Hamilton","R. Hamilton","TE","","","","injury-status","BYE","-","-","-","-","-","-","-","-","-","-","-","-"
"1892","C. Fajardo","C. Fajardo","QB","","","","injury-status","BYE","-","-","-","-","-","-","-","-","-","-","-","-"
"1893","R. Owens","R. Owens","WR","","","","injury-status","BYE","-","-","-","-","-","-","-","-","-","-","-","-"
"1894","J. Rumph","J. Rumph","WR","","","","injury-status","BYE","-","-","-","-","-","-","-","-","-","-","-","-"
"1895","K. Allen","K. Allen","WR","","","","injury-status","BYE","-","-","-","-","-","-","-","-","-","-","-","-"
"1896","S. James","S. James","WR","","","","injury-status","BYE","-","-","-","-","-","-","-","-","-","-","-","-"
"1897","Z. Brooks","Z. Brooks","RB","","","","injury-status","BYE","-","-","-","-","-","-","-","-","-","-","-","-"
"1898","P. Mafah","P. Mafah","RB","DAL","9","IR","injury-status ir","Final L 3-19 vs TB","-","-","-","-","-","-","-","-","-","-","-","-"
"1899","C. Chrest","C. Chrest","WR","","","","injury-status","BYE","-","-","-","-","-","-","-","-","-","-","-","-"
"1900","J. Burton","J. Burton","WR","CIN","10","Ques","injury-status questionable","Final L 20-23 vs PIT","-","-","-","-","-","-","-","-","-","-","-","-"
"1901","T. Johnson","T. Johnson","WR","TB","11","","injury-status","Final W 19-3 @ DAL","-","-","-","-","-","-","-","-","-","-","-","-"
"1902","P. Murtagh","P. Murtagh","TE","DEN","9","","injury-status","Final L 16-17 @ SEA","-","-","-","-","-","-","-","-","-","-","-","-"
"1903","R. Davis","R. Davis","RB","BUF","7","","injury-status","Final W 31-10 @ LAR","-","-","-","-","-","-","-","-","-","-","-","-"
"1904","M. Tinsley","M. Tinsley","WR","CIN","10","","injury-status","Final L 20-23 vs PIT","-","-","-","-","-","-","-","-","-","-","-","-"
"1905","B. Cupp","B. Cupp","TE","","","","injury-status","BYE","-","-","-","-","-","-","-","-","-","-","-","-"
"1906","B. Collins","B. Collins","WR","NYG","9","","injury-status","Final W 21-20 @ TEN","-","-","-","-","-","-","-","-","-","-","-","-"
"1907","A. Dennis","A. Dennis","QB","","","","injury-status","BYE","-","-","-","-","-","-","-","-","-","-","-","-"
"1908","C. Stoudt","C. Stoudt","QB","","","","injury-status","BYE","-","-","-","-","-","-","-","-","-","-","-","-"
"1909","T. Scott","T. Scott","WR","","","","injury-status","BYE","-","-","-","-","-","-","-","-","-","-","-","-"
"1910","B. Green","B. Green","WR","","","","injury-status","BYE","-","-","-","-","-","-","-","-","-","-","-","-"
"1911","J. Addison","J. Addison","WR","MIN","7","Sus","injury-status sus","Final W 23-7 vs GB","-","-","-","-","-","-","-","-","-","-","-","-"
"1912","I. Washington","I. Washington","WR","","","Ques","injury-status questionable","BYE","-","-","-","-","-","-","-","-","-","-","-","-"
"1913","J. Polk","J. Polk","WR","NE","10","IR","injury-status ir","Final L 7-20 @ MIA","-","-","-","-","-","-","-","-","-","-","-","-"
"1914","A. Marshall","A. Marshall","RB","CLE","9","","injury-status","Final W 26-24 @ CAR","-","-","-","-","-","-","-","-","-","-","-","-"
"1915","J. Cropper","J. Cropper","WR","DAL","9","","injury-status","Final L 3-19 vs TB","-","-","-","-","-","-","-","-","-","-","-","-"
"1916","W. Sheppard","W. Sheppard","WR","GB","14","","injury-status","Final L 7-23 @ MIN","-","-","-","-","-","-","-","-","-","-","-","-"
"1917","W. Thompson","W. Thompson","QB","","","","injury-status","BYE","-","-","-","-","-","-","-","-","-","-","-","-"
"1918","J. Shenker","J. Shenker","TE","","","","injury-status","BYE","-","-","-","-","-","-","-","-","-","-","-","-"
"1919","J. Hawes","J. Hawes","TE","BUF","7","","injury-status","Final W 31-10 @ LAR","-","-","-","-","-","-","-","-","-","-","-","-"
"1920","J. Wright","J. Wright","RB","MIA","11","Doub","injury-status doubtful","Final W 20-7 vs NE","-","-","-","-","-","-","-","-","-","-","-","-"
"1921","T. Knue","T. Knue","WR","","","","injury-status","BYE","-","-","-","-","-","-","-","-","-","-","-","-"
"1922","M. Cunningham","M. Cunningham","WR","","","","injury-status","BYE","-","-","-","-","-","-","-","-","-","-","-","-"
"1923","R. Jarrett","R. Jarrett","WR","","","","injury-status","BYE","-","-","-","-","-","-","-","-","-","-","-","-"
"1924","S. Shrader","S. Shrader","K","IND","14","","injury-status","Final T 20-20 @ HOU","-","-","-","-","-","-","-","-","-","-","-","-"
"1925","M. Bryant","M. Bryant","WR","","","","injury-status","BYE","-","-","-","-","-","-","-","-","-","-","-","-"
"1926","J. Smith","J. Smith","WR","","","","injury-status","BYE","-","-","-","-","-","-","-","-","-","-","-","-"
"1927","J. Waters","J. Waters","QB","","","","injury-status","BYE","-","-","-","-","-","-","-","-","-","-","-","-"
"1928","H. Mevis","H. Mevis","K","NYJ","10","","injury-status","Final L 9-24 vs BAL","-","-","-","-","-","-","-","-","-","-","-","-"
"1929","G. Oakes","G. Oakes","TE","","","","injury-status","BYE","-","-","-","-","-","-","-","-","-","-","-","-"
"1930","J. Daniels","J. Daniels","QB","WAS","14","","injury-status","Final W 28-22 vs JAX","-","-","-","-","-","-","-","-","-","-","-","-"
"1931","U. Bentley","U. Bentley","RB","IND","14","","injury-status","Final T 20-20 @ HOU","-","-","-","-","-","-","-","-","-","-","-","-"
"1932","B. Bowers","B. Bowers","TE","LV","6","","injury-status","Final L 19-24 @ LAC","-","-","-","-","-","-","-","-","-","-","-","-"
"1933","D. Vaughn","D. Vaughn","RB","","","","injury-status","BYE","-","-","-","-","-","-","-","-","-","-","-","-"
"1934","J. Matthews","J. Matthews","WR","","","","injury-status","BYE","-","-","-","-","-","-","-","-","-","-","-","-"
"1935","D. Wallis","D. Wallis","WR","","","","injury-status","BYE","-","-","-","-","-","-","-","-","-","-","-","-"
"1936","B. Heard","B. Heard","RB","","","","injury-status","BYE","-","-","-","-","-","-","-","-","-","-","-","-"
"1937","C. Knox","C. Knox","RB","","","","injury-status","BYE","-","-","-","-","-","-","-","-","-","-","-","-"
"1938","A. Martinez","A. Martinez","QB","SF","9","","injury-status","Final L 10-19 @ CHI","-","-","-","-","-","-","-","-","-","-","-","-"
"1939","B. Sasser","B. Sasser","WR","","","","injury-status","BYE","-","-","-","-","-","-","-","-","-","-","-","-"
"1940","Q. Ismail","Q. Ismail","WR","NYG","9","","injury-status","Final W 21-20 @ TEN","-","-","-","-","-","-","-","-","-","-","-","-"
"1941","T. Harman","T. Harman","WR","","","","injury-status","BYE","-","-","-","-","-","-","-","-","-","-","-","-"
"1942","Z. Charbonnet","Z. Charbonnet","RB","SEA","11","","injury-status","Final W 17-16 vs DEN","-","-","-","-","-","-","-","-","-","-","-","-"
"1943","J. Haselwood","J. Haselwood","WR","","","","injury-status","BYE","-","-","-","-","-","-","-","-","-","-","-","-"
"1944","B. Potter","B. Potter","K","","","","injury-status","BYE","-","-","-","-","-","-","-","-","-","-","-","-"
"1945","S. Pitz","S. Pitz","TE","","","","injury-status","BYE","-","-","-","-","-","-","-","-","-","-","-","-"
"1946","L. Stokes","L. Stokes","TE","","","","injury-status","BYE","-","-","-","-","-","-","-","-","-","-","-","-"
"1947","N. Johnson","N. Johnson","TE","","","","injury-status","BYE","-","-","-","-","-","-","-","-","-","-","-","-"
"1948","C. Burton","C. Burton","TE","","","","injury-status","BYE","-","-","-","-","-","-","-","-","-","-","-","-"
"1949","B. Ford-Wheaton","B. Ford-Wheaton","WR","NYG","9","IR","injury-status ir","Final W 21-20 @ TEN","-","-","-","-","-","-","-","-","-","-","-","-"
"1950","C. Acosta","C. Acosta","K","","","","injury-status","BYE","-","-","-","-","-","-","-","-","-","-","-","-"
"1951","D. Powell","D. Powell","WR","","","","injury-status","BYE","-","-","-","-","-","-","-","-","-","-","-","-"
"1952","Z. Franklin","Z. Franklin","WR","","","","injury-status","BYE","-","-","-","-","-","-","-","-","-","-","-","-"
"1953","J. Jones","J. Jones","WR","MIN","7","","injury-status","Final W 23-7 vs GB","-","-","-","-","-","-","-","-","-","-","-","-"
"1954","R. Fairweather","R. Fairweather","TE","DAL","9","","injury-status","Final L 3-19 vs TB","-","-","-","-","-","-","-","-","-","-","-","-"
"1955","B. Watson","B. Watson","RB","","","Ques","injury-status questionable","BYE","-","-","-","-","-","-","-","-","-","-","-","-"
"1956","T. Bagent","T. Bagent","QB","CHI","14","","injury-status","Final W 19-10 vs SF","-","-","-","-","-","-","-","-","-","-","-","-"
"1957","T. Broden","T. Broden","WR","SEA","11","","injury-status","Final W 17-16 vs DEN","-","-","-","-","-","-","-","-","-","-","-","-"
"1958","I. Bowser","I. Bowser","RB","","","","injury-status","BYE","-","-","-","-","-","-","-","-","-","-","-","-"
"1959","K. Lambert-Smith","K. Lambert-Smith","WR","LAC","8","","injury-status","Final W 24-19 vs LV","-","-","-","-","-","-","-","-","-","-","-","-"
"1960","T. Sheffield","T. Sheffield","WR","","","","injury-status","BYE","-","-","-","-","-","-","-","-","-","-","-","-"
"1961","J. Westover","J. Westover","TE","NE","10","","injury-status","Final L 7-20 @ MIA","-","-","-","-","-","-","-","-","-","-","-","-"
"1962","J. Brooks","J. Brooks","WR","DAL","9","","injury-status","Final L 3-19 vs TB","-","-","-","-","-","-","-","-","-","-","-","-"
"1963","E. Dotson","E. Dotson","RB","","","","injury-status","BYE","-","-","-","-","-","-","-","-","-","-","-","-"
"1964","J. Jackson","J. Jackson","RB","","","","injury-status","BYE","-","-","-","-","-","-","-","-","-","-","-","-"
"1965","C. Collier","C. Collier","RB","LV","6","","injury-status","Final L 19-24 @ LAC","-","-","-","-","-","-","-","-","-","-","-","-"
"1966","J. Milroe","J. Milroe","QB","SEA","11","","injury-status","Final W 17-16 vs DEN","-","-","-","-","-","-","-","-","-","-","-","-"
"1967","D. Bell","D. Bell","K","","","","injury-status","BYE","-","-","-","-","-","-","-","-","-","-","-","-"
"1968","J. Jordan","J. Jordan","RB","HOU","6","","injury-status","Final T 20-20 vs IND","-","-","-","-","-","-","-","-","-","-","-","-"
"1969","B. Chancellor","B. Chancellor","WR","","","","injury-status","BYE","-","-","-","-","-","-","-","-","-","-","-","-"
"1970","B. Presley","B. Presley","WR","LAR","7","","injury-status","Final L 10-31 vs BUF","-","-","-","-","-","-","-","-","-","-","-","-"
"1971","S. Powell","S. Powell","RB","","","","injury-status","BYE","-","-","-","-","-","-","-","-","-","-","-","-"
"1972","J. Mims","J. Mims","RB","TEN","6","","injury-status","Final L 20-21 vs NYG","-","-","-","-","-","-","-","-","-","-","-","-"
"1973","A. Larson","A. Larson","TE","","","","injury-status","BYE","-","-","-","-","-","-","-","-","-","-","-","-"
"1974","J. Galbreath","J. Galbreath","TE","PIT","9","","injury-status","Final W 23-20 @ CIN","-","-","-","-","-","-","-","-","-","-","-","-"
"1975","M. DiLiello","M. DiLiello","QB","","","","injury-status","BYE","-","-","-","-","-","-","-","-","-","-","-","-"
"1976","J. Wayne","J. Wayne","WR","HOU","6","","injury-status","Final T 20-20 vs IND","-","-","-","-","-","-","-","-","-","-","-","-"
"1977","J. Bates","J. Bates","K","DET","6","","injury-status","Final L 35-38 vs PHI","-","-","-","-","-","-","-","-","-","-","-","-"
"1978","T. Griffin","T. Griffin","WR","","","","injury-status","BYE","-","-","-","-","-","-","-","-","-","-","-","-"
"1979","P. Conroy","P. Conroy","TE","","","","injury-status","BYE","-","-","-","-","-","-","-","-","-","-","-","-"
"1980","T. Harrison","T. Harrison","WR","","","","injury-status","BYE","-","-","-","-","-","-","-","-","-","-","-","-"
"1981","T. Dell","T. Dell","WR","HOU","6","PUP","injury-status pup","Final T 20-20 vs IND","-","-","-","-","-","-","-","-","-","-","-","-"
"1982","N. Adkins","N. Adkins","TE","DEN","9","Out","injury-status out","Final L 16-17 @ SEA","-","-","-","-","-","-","-","-","-","-","-","-"
"1983","E. Frohnapfel","E. Frohnapfel","TE","","","","injury-status","BYE","-","-","-","-","-","-","-","-","-","-","-","-"
"1984","M. Price","M. Price","WR","MIN","7","","injury-status","Final W 23-7 vs GB","-","-","-","-","-","-","-","-","-","-","-","-"
"1985","D. Felton","D. Felton","WR","","","IR","injury-status ir","BYE","-","-","-","-","-","-","-","-","-","-","-","-"
"1986","D. Stoops","D. Stoops","WR","","","Sus","injury-status sus","BYE","-","-","-","-","-","-","-","-","-","-","-","-"
"1987","J. Wilson","J. Wilson","TE","","","","injury-status","BYE","-","-","-","-","-","-","-","-","-","-","-","-"
"1988","L. Sefcik","L. Sefcik","TE","","","","injury-status","BYE","-","-","-","-","-","-","-","-","-","-","-","-"
"1989","M. Cooper","M. Cooper","RB","","","","injury-status","BYE","-","-","-","-","-","-","-","-","-","-","-","-"
"1990","I. Abanikanda","I. Abanikanda","RB","GB","14","","injury-status","Final L 7-23 @ MIN","-","-","-","-","-","-","-","-","-","-","-","-"
"1991","S. Davis","S. Davis","WR","","","","injury-status","BYE","-","-","-","-","-","-","-","-","-","-","-","-"
"1992","G. Jackson","G. Jackson","WR","","","","injury-status","BYE","-","-","-","-","-","-","-","-","-","-","-","-"
"1993","K. Lewis","K. Lewis","RB","","","","injury-status","BYE","-","-","-","-","-","-","-","-","-","-","-","-"
"1994","E. Higgins","E. Higgins","TE","ARI","13","","injury-status","Final L 21-44 vs KC","-","-","-","-","-","-","-","-","-","-","-","-"
"1995","C. Stroud","C. Stroud","QB","HOU","6","","injury-status","Final T 20-20 vs IND","-","-","-","-","-","-","-","-","-","-","-","-"
"1996","R. Brown","R. Brown","RB","","","","injury-status","BYE","-","-","-","-","-","-","-","-","-","-","-","-"
"1997","D. Garrison","D. Garrison","TE","","","","injury-status","BYE","-","-","-","-","-","-","-","-","-","-","-","-"
"1998","J. Richardson","J. Richardson","WR","CHI","14","","injury-status","Final W 19-10 vs SF","-","-","-","-","-","-","-","-","-","-","-","-"
"1999","E. Wilson","E. Wilson","RB","GB","14","","injury-status","Final L 7-23 @ MIN","-","-","-","-","-","-","-","-","-","-","-","-"
"2000","M. Lemonious-Craig","M. Lemonious-Craig","WR","","","Ques","injury-status questionable","BYE","-","-","-","-","-","-","-","-","-","-","-","-"
"2001","L. Schoonmaker","L. Schoonmaker","TE","DAL","9","","injury-status","Final L 3-19 vs TB","-","-","-","-","-","-","-","-","-","-","-","-"
"2002","S. Ntoh","S. Ntoh","RB","","","","injury-status","BYE","-","-","-","-","-","-","-","-","-","-","-","-"
"2003","G. DuBose","G. DuBose","WR","","","Ques","injury-status questionable","BYE","-","-","-","-","-","-","-","-","-","-","-","-"
"2004","K. Warner","K. Warner","WR","","","","injury-status","BYE","-","-","-","-","-","-","-","-","-","-","-","-"
"2005","J. Foreman","J. Foreman","WR","","","Ques","injury-status questionable","BYE","-","-","-","-","-","-","-","-","-","-","-","-"
"2006","C. Granger","C. Granger","TE","","","Ques","injury-status questionable","BYE","-","-","-","-","-","-","-","-","-","-","-","-"
"2007","B. Ross","B. Ross","RB","","","","injury-status","BYE","-","-","-","-","-","-","-","-","-","-","-","-"
"2008","D. Luckett","D. Luckett","WR","","","","injury-status","BYE","-","-","-","-","-","-","-","-","-","-","-","-"
"2009","J. Honigford","J. Honigford","TE","","","","injury-status","BYE","-","-","-","-","-","-","-","-","-","-","-","-"
"2010","R. Flournoy","R. Flournoy","WR","DAL","9","","injury-status","Final L 3-19 vs TB","-","-","-","-","-","-","-","-","-","-","-","-"
"2011","T. Potts","T. Potts","RB","","","","injury-status","BYE","-","-","-","-","-","-","-","-","-","-","-","-"
"2012","T. Reiman","T. Reiman","TE","ARI","13","","injury-status","Final L 21-44 vs KC","-","-","-","-","-","-","-","-","-","-","-","-"
"2013","A. Asante","A. Asante","WR","","","","injury-status","BYE","-","-","-","-","-","-","-","-","-","-","-","-"
"2014","N. Remigio","N. Remigio","WR","KC","8","","injury-status","Final W 44-21 @ ARI","-","-","-","-","-","-","-","-","-","-","-","-"
"2015","T. Clinton","T. Clinton","RB","","","","injury-status","BYE","-","-","-","-","-","-","-","-","-","-","-","-"
"2016","J. Cephus","J. Cephus","WR","JAX","11","IR","injury-status ir","Final L 22-28 @ WAS","-","-","-","-","-","-","-","-","-","-","-","-"
"2017","J. Hunter","J. Hunter","RB","LAR","7","","injury-status","Final L 10-31 vs BUF","-","-","-","-","-","-","-","-","-","-","-","-"
"2018","J. Lovelocke","J. Lovelocke","QB","","","","injury-status","BYE","-","-","-","-","-","-","-","-","-","-","-","-"
"2019","D. Williams","D. Williams","RB","","","Ques","injury-status questionable","BYE","-","-","-","-","-","-","-","-","-","-","-","-"
"2020","R. Jefferson","R. Jefferson","RB","","","","injury-status","BYE","-","-","-","-","-","-","-","-","-","-","-","-"
"2021","J. Reese","J. Reese","WR","","","","injury-status","BYE","-","-","-","-","-","-","-","-","-","-","-","-"
"2022","T. Scott","T. Scott","WR","IND","14","","injury-status","Final T 20-20 @ HOU","-","-","-","-","-","-","-","-","-","-","-","-"
"2023","K. Hill","K. Hill","RB","","","","injury-status","BYE","-","-","-","-","-","-","-","-","-","-","-","-"
"2024","C. Williams","C. Williams","QB","CHI","14","","injury-status","Final W 19-10 vs SF","-","-","-","-","-","-","-","-","-","-","-","-"
"2025","J. Sirmon","J. Sirmon","QB","","","","injury-status","BYE","-","-","-","-","-","-","-","-","-","-","-","-"
"2026","J. Bergen","J. Bergen","WR","SF","9","","injury-status","Final L 10-19 @ CHI","-","-","-","-","-","-","-","-","-","-","-","-"
"2027","R. Johnson","R. Johnson","RB","CHI","14","Ques","injury-status questionable","Final W 19-10 vs SF","-","-","-","-","-","-","-","-","-","-","-","-"
"2028","X. Johnson","X. Johnson","WR","","","Ques","injury-status questionable","BYE","-","-","-","-","-","-","-","-","-","-","-","-"
"2029","A. Perry","A. Perry","WR","DEN","9","","injury-status","Final L 16-17 @ SEA","-","-","-","-","-","-","-","-","-","-","-","-"
"2030","S. Hartman","S. Hartman","QB","WAS","14","","injury-status","Final W 28-22 vs JAX","-","-","-","-","-","-","-","-","-","-","-","-"
"2031","L. Grimm","L. Grimm","WR","LAC","8","","injury-status","Final W 24-19 vs LV","-","-","-","-","-","-","-","-","-","-","-","-"
"2032","D. Johnson","D. Johnson","WR","","","","injury-status","BYE","-","-","-","-","-","-","-","-","-","-","-","-"
"2033","L. Benson","L. Benson","TE","","","","injury-status","BYE","-","-","-","-","-","-","-","-","-","-","-","-"
"2034","T. Mordecai","T. Mordecai","QB","","","IR","injury-status ir","BYE","-","-","-","-","-","-","-","-","-","-","-","-"
"2035","T. Jones","T. Jones","WR","","","","injury-status","BYE","-","-","-","-","-","-","-","-","-","-","-","-"
"2036","M. Mayer","M. Mayer","TE","LV","6","","injury-status","Final L 19-24 @ LAC","-","-","-","-","-","-","-","-","-","-","-","-"
"2037","T. Loop","T. Loop","K","BAL","10","","injury-status","Final W 24-9 @ NYJ","-","-","-","-","-","-","-","-","-","-","-","-"
"2038","T. Jennings","T. Jennings","RB","NE","10","","injury-status","Final L 7-20 @ MIA","-","-","-","-","-","-","-","-","-","-","-","-"
"2039","B. Means","B. Means","WR","NO","14","IR","injury-status ir","Final W 27-26 @ ATL","-","-","-","-","-","-","-","-","-","-","-","-"
"2040","J. Lee","J. Lee","WR","","","","injury-status","BYE","-","-","-","-","-","-","-","-","-","-","-","-"
"2041","M. Wright","M. Wright","WR","","","Ques","injury-status questionable","BYE","-","-","-","-","-","-","-","-","-","-","-","-"
"2042","J. Lunsford","J. Lunsford","K","","","","injury-status","BYE","-","-","-","-","-","-","-","-","-","-","-","-"
"2043","J. Turner","J. Turner","K","","","","injury-status","BYE","-","-","-","-","-","-","-","-","-","-","-","-"
"2044","J. Simon","J. Simon","TE","ATL","14","","injury-status","Final L 26-27 vs NO","-","-","-","-","-","-","-","-","-","-","-","-"
"2045","L. Keys","L. Keys","WR","","","Ques","injury-status questionable","BYE","-","-","-","-","-","-","-","-","-","-","-","-"
"2046","A. Squirewell","A. Squirewell","RB","","","","injury-status","BYE","-","-","-","-","-","-","-","-","-","-","-","-"
"2047","M. Stepp","M. Stepp","RB","","","Ques","injury-status questionable","BYE","-","-","-","-","-","-","-","-","-","-","-","-"
"2048","J. Murray","J. Murray","TE","","","Ques","injury-status questionable","BYE","-","-","-","-","-","-","-","-","-","-","-","-"
"2049","K. Rowan","K. Rowan","WR","","","","injury-status","BYE","-","-","-","-","-","-","-","-","-","-","-","-"
"2050","J. Karty","J. Karty","K","LAR","7","","injury-status","Final L 10-31 vs BUF","-","-","-","-","-","-","-","-","-","-","-","-"
"2051","R. Scheuerman","R. Scheuerman","RB","","","","injury-status","BYE","-","-","-","-","-","-","-","-","-","-","-","-"
"2052","D. Vele","D. Vele","WR","NO","14","","injury-status","Final W 27-26 @ ATL","-","-","-","-","-","-","-","-","-","-","-","-"
"2053","P. Fant","P. Fant","TE","DAL","9","","injury-status","Final L 3-19 vs TB","-","-","-","-","-","-","-","-","-","-","-","-"
"2054","C. Jackson","C. Jackson","WR","SEA","11","","injury-status","Final W 17-16 vs DEN","-","-","-","-","-","-","-","-","-","-","-","-"
"2055","T. Palmer","T. Palmer","WR","NO","14","","injury-status","Final W 27-26 @ ATL","-","-","-","-","-","-","-","-","-","-","-","-"
"2056","J. Hyatt","J. Hyatt","WR","NYG","9","","injury-status","Final W 21-20 @ TEN","-","-","-","-","-","-","-","-","-","-","-","-"
"2057","N. Henderson","N. Henderson","QB","","","","injury-status","BYE","-","-","-","-","-","-","-","-","-","-","-","-"
"2058","M. Rosemy-Jacksaint","M. Rosemy-Jacksaint","WR","","","","injury-status","BYE","-","-","-","-","-","-","-","-","-","-","-","-"
"2059","G. Maag","G. Maag","WR","","","","injury-status","BYE","-","-","-","-","-","-","-","-","-","-","-","-"
"2060","B. Bennett","B. Bennett","QB","","","","injury-status","BYE","-","-","-","-","-","-","-","-","-","-","-","-"
"2061","C. Runyon","C. Runyon","TE","LV","6","","injury-status","Final L 19-24 @ LAC","-","-","-","-","-","-","-","-","-","-","-","-"
"2062","C. Bradley","C. Bradley","QB","","","IR","injury-status ir","BYE","-","-","-","-","-","-","-","-","-","-","-","-"
"2063","D. Daniels","D. Daniels","WR","","","","injury-status","BYE","-","-","-","-","-","-","-","-","-","-","-","-"
"2064","M. Wiley","M. Wiley","RB","","","","injury-status","BYE","-","-","-","-","-","-","-","-","-","-","-","-"
"2065","K. Robichaux","K. Robichaux","RB","DET","6","IR","injury-status ir","Final L 35-38 vs PHI","-","-","-","-","-","-","-","-","-","-","-","-"
"2066","J. Hunt","J. Hunt","WR","","","","injury-status","BYE","-","-","-","-","-","-","-","-","-","-","-","-"
"2067","W. Taulapapa","W. Taulapapa","RB","","","","injury-status","BYE","-","-","-","-","-","-","-","-","-","-","-","-"
"2068","X. Smith","X. Smith","WR","LAR","7","","injury-status","Final L 10-31 vs BUF","-","-","-","-","-","-","-","-","-","-","-","-"
"2069","L. Lundy","L. Lundy","RB","","","","injury-status","BYE","-","-","-","-","-","-","-","-","-","-","-","-"
"2070","M. Wittek","M. Wittek","QB","","","","injury-status","BYE","-","-","-","-","-","-","-","-","-","-","-","-"
"2071","K. Robinson","K. Robinson","RB","","","","injury-status","BYE","-","-","-","-","-","-","-","-","-","-","-","-"
"2072","J. Plummer","J. Plummer","QB","","","","injury-status","BYE","-","-","-","-","-","-","-","-","-","-","-","-"
"2073","R. Miller","R. Miller","WR","TB","11","","injury-status","Final W 19-3 @ DAL","-","-","-","-","-","-","-","-","-","-","-","-"
"2074","G. Porter","G. Porter","WR","","","","injury-status","BYE","-","-","-","-","-","-","-","-","-","-","-","-"
"2075","H. Fannin","H. Fannin","TE","CLE","9","","injury-status","Final W 26-24 @ CAR","-","-","-","-","-","-","-","-","-","-","-","-"
"2076","Z. Evans","Z. Evans","RB","","","","injury-status","BYE","-","-","-","-","-","-","-","-","-","-","-","-"
"2077","J. Janke","J. Janke","WR","","","Ques","injury-status questionable","BYE","-","-","-","-","-","-","-","-","-","-","-","-"
"2078","I. Umodu","I. Umodu","WR","","","","injury-status","BYE","-","-","-","-","-","-","-","-","-","-","-","-"
"2079","K. Case","K. Case","WR","","","","injury-status","BYE","-","-","-","-","-","-","-","-","-","-","-","-"
"2080","Z. Flowers","Z. Flowers","WR","BAL","10","","injury-status","Final W 24-9 @ NYJ","-","-","-","-","-","-","-","-","-","-","-","-"
"2081","C. Smith","C. Smith","RB","","","","injury-status","BYE","-","-","-","-","-","-","-","-","-","-","-","-"
"2082","L. Allen","L. Allen","RB","JAX","11","","injury-status","Final L 22-28 @ WAS","-","-","-","-","-","-","-","-","-","-","-","-"
"2083","P. Wilson","P. Wilson","WR","","","","injury-status","BYE","-","-","-","-","-","-","-","-","-","-","-","-"
"2084","C. Trahan","C. Trahan","TE","","","","injury-status","BYE","-","-","-","-","-","-","-","-","-","-","-","-"
"2085","D. Martin-Robinson","D. Martin-Robinson","TE","TEN","6","","injury-status","Final L 20-21 vs NYG","-","-","-","-","-","-","-","-","-","-","-","-"
"2086","K. Mullings","K. Mullings","RB","TEN","6","Ques","injury-status questionable","Final L 20-21 vs NYG","-","-","-","-","-","-","-","-","-","-","-","-"
"2087","A. Gould","A. Gould","WR","IND","14","","injury-status","Final T 20-20 @ HOU","-","-","-","-","-","-","-","-","-","-","-","-"
"2088","J. Downs","J. Downs","WR","IND","14","Ques","injury-status questionable","Final T 20-20 @ HOU","-","-","-","-","-","-","-","-","-","-","-","-"
"2089","Q. Skinner","Q. Skinner","WR","NYJ","10","","injury-status","Final L 9-24 vs BAL","-","-","-","-","-","-","-","-","-","-","-","-"
"2090","T. Harrell","T. Harrell","WR","","","","injury-status","BYE","-","-","-","-","-","-","-","-","-","-","-","-"
"2091","J. Meeks","J. Meeks","WR","DET","6","","injury-status","Final L 35-38 vs PHI","-","-","-","-","-","-","-","-","-","-","-","-"
"2092","A. Green","A. Green","WR","","","Ques","injury-status questionable","BYE","-","-","-","-","-","-","-","-","-","-","-","-"
"2093","B. Rice","B. Rice","WR","","","","injury-status","BYE","-","-","-","-","-","-","-","-","-","-","-","-"
"2094","D. Davis","D. Davis","WR","","","","injury-status","BYE","-","-","-","-","-","-","-","-","-","-","-","-"
"2095","B. Gardner","B. Gardner","TE","","","","injury-status","BYE","-","-","-","-","-","-","-","-","-","-","-","-"
"2096","J. James","J. James","RB","SF","9","IR","injury-status ir","Final L 10-19 @ CHI","-","-","-","-","-","-","-","-","-","-","-","-"
"2097","D. Giddens","D. Giddens","RB","IND","14","","injury-status","Final T 20-20 @ HOU","-","-","-","-","-","-","-","-","-","-","-","-"
"2098","M. Hull","M. Hull","WR","","","","injury-status","BYE","-","-","-","-","-","-","-","-","-","-","-","-"
"2099","T. Washington","T. Washington","WR","MIA","11","","injury-status","Final W 20-7 vs NE","-","-","-","-","-","-","-","-","-","-","-","-"
"2100","M. Knowles","M. Knowles","WR","","","","injury-status","BYE","-","-","-","-","-","-","-","-","-","-","-","-"
"2101","D. Mahina","D. Mahina","TE","","","","injury-status","BYE","-","-","-","-","-","-","-","-","-","-","-","-"
"2102","L. Pettway","L. Pettway","TE","","","","injury-status","BYE","-","-","-","-","-","-","-","-","-","-","-","-"
"2103","H. Rucci","H. Rucci","TE","MIA","11","","injury-status","Final W 20-7 vs NE","-","-","-","-","-","-","-","-","-","-","-","-"
"2104","A. Mitchell","A. Mitchell","WR","IND","14","","injury-status","Final T 20-20 @ HOU","-","-","-","-","-","-","-","-","-","-","-","-"
"2105","A. Landphere","A. Landphere","TE","","","","injury-status","BYE","-","-","-","-","-","-","-","-","-","-","-","-"
"2106","D. Dabney","D. Dabney","TE","TEN","6","","injury-status","Final L 20-21 vs NYG","-","-","-","-","-","-","-","-","-","-","-","-"
"2107","W. Wright","W. Wright","WR","","","","injury-status","BYE","-","-","-","-","-","-","-","-","-","-","-","-"
"2108","D. Johnson","D. Johnson","RB","","","","injury-status","BYE","-","-","-","-","-","-","-","-","-","-","-","-"
"2109","H. Hatten","H. Hatten","WR","","","","injury-status","BYE","-","-","-","-","-","-","-","-","-","-","-","-"
"2110","I. Bond","I. Bond","WR","CLE","9","","injury-status","Final W 26-24 @ CAR","-","-","-","-","-","-","-","-","-","-","-","-"
"2111","M. Ezeike","M. Ezeike","TE","","","","injury-status","BYE","-","-","-","-","-","-","-","-","-","-","-","-"
"2112","X. Wade","X. Wade","WR","","","","injury-status","BYE","-","-","-","-","-","-","-","-","-","-","-","-"
"2113","T. Steelman","T. Steelman","WR","","","","injury-status","BYE","-","-","-","-","-","-","-","-","-","-","-","-"
"2114","Q. Johnston","Q. Johnston","WR","LAC","8","Ques","injury-status questionable","Final W 24-19 vs LV","-","-","-","-","-","-","-","-","-","-","-","-"
"2115","J. Blue","J. Blue","WR","","","","injury-status","BYE","-","-","-","-","-","-","-","-","-","-","-","-"
"2116","M. Ibrahim","M. Ibrahim","RB","","","","injury-status","BYE","-","-","-","-","-","-","-","-","-","-","-","-"
"2117","T. McKee","T. McKee","QB","PHI","7","Ques","injury-status questionable","Final W 38-35 @ DET","-","-","-","-","-","-","-","-","-","-","-","-"
"2118","A. Borregales","A. Borregales","K","NE","10","","injury-status","Final L 7-20 @ MIA","-","-","-","-","-","-","-","-","-","-","-","-"
"2119","I. Rex","I. Rex","TE","","","","injury-status","BYE","-","-","-","-","-","-","-","-","-","-","-","-"
"2120","J. Sanders","J. Sanders","TE","CAR","13","","injury-status","Final L 24-26 vs CLE","-","-","-","-","-","-","-","-","-","-","-","-"
"2121","M. Weisman","M. Weisman","RB","","","","injury-status","BYE","-","-","-","-","-","-","-","-","-","-","-","-"
"2122","D. Arias","D. Arias","WR","","","","injury-status","BYE","-","-","-","-","-","-","-","-","-","-","-","-"
"2123","T. Shavers","T. Shavers","WR","BUF","7","","injury-status","Final W 31-10 @ LAR","-","-","-","-","-","-","-","-","-","-","-","-"
"2124","J. Byrd","J. Byrd","WR","","","","injury-status","BYE","-","-","-","-","-","-","-","-","-","-","-","-"
"2125","C. Cota","C. Cota","WR","","","","injury-status","BYE","-","-","-","-","-","-","-","-","-","-","-","-"
"2126","J. Kim","J. Kim","K","","","","injury-status","BYE","-","-","-","-","-","-","-","-","-","-","-","-"
"2127","C. Yankoff","C. Yankoff","TE","WAS","14","","injury-status","Final W 28-22 vs JAX","-","-","-","-","-","-","-","-","-","-","-","-"
"2128","L. Victor","L. Victor","WR","","","","injury-status","BYE","-","-","-","-","-","-","-","-","-","-","-","-"
"2129","C. Johnson","C. Johnson","WR","","","","injury-status","BYE","-","-","-","-","-","-","-","-","-","-","-","-"
"2130","J. Higgins","J. Higgins","WR","HOU","6","","injury-status","Final T 20-20 vs IND","-","-","-","-","-","-","-","-","-","-","-","-"
"2131","J. Jackson","J. Jackson","RB","JAX","11","","injury-status","Final L 22-28 @ WAS","-","-","-","-","-","-","-","-","-","-","-","-"
"2132","E. Arroyo","E. Arroyo","TE","SEA","11","","injury-status","Final W 17-16 vs DEN","-","-","-","-","-","-","-","-","-","-","-","-"
"2133","T. Thomas","T. Thomas","WR","","","","injury-status","BYE","-","-","-","-","-","-","-","-","-","-","-","-"
"2134","X. Restrepo","X. Restrepo","WR","TEN","6","","injury-status","Final L 20-21 vs NYG","-","-","-","-","-","-","-","-","-","-","-","-"
"2135","C. Brown","C. Brown","RB","CIN","10","","injury-status","Final L 20-23 vs PIT","-","-","-","-","-","-","-","-","-","-","-","-"
"2136","B. Wooldridge","B. Wooldridge","QB","","","","injury-status","BYE","-","-","-","-","-","-","-","-","-","-","-","-"
"2137","Q. Ewers","Q. Ewers","QB","MIA","11","","injury-status","Final W 20-7 vs NE","-","-","-","-","-","-","-","-","-","-","-","-"
"2138","L. Lachey","L. Lachey","TE","HOU","6","","injury-status","Final T 20-20 vs IND","-","-","-","-","-","-","-","-","-","-","-","-"
"2139","B. Sauls","B. Sauls","K","","","","injury-status","BYE","-","-","-","-","-","-","-","-","-","-","-","-"
"2140","J. Briningstool","J. Briningstool","TE","KC","8","IR","injury-status ir","Final W 44-21 @ ARI","-","-","-","-","-","-","-","-","-","-","-","-"
"2141","F. Gore","F. Gore","RB","BUF","7","","injury-status","Final W 31-10 @ LAR","-","-","-","-","-","-","-","-","-","-","-","-"
"2142","Z. Heins","Z. Heins","TE","","","","injury-status","BYE","-","-","-","-","-","-","-","-","-","-","-","-"
"2143","J. Shorter","J. Shorter","WR","LV","6","","injury-status","Final L 19-24 @ LAC","-","-","-","-","-","-","-","-","-","-","-","-"
"2144","K. Coleman","K. Coleman","WR","BUF","7","","injury-status","Final W 31-10 @ LAR","-","-","-","-","-","-","-","-","-","-","-","-"
"2145","C. Steele","C. Steele","RB","KC","8","","injury-status","Final W 44-21 @ ARI","-","-","-","-","-","-","-","-","-","-","-","-"
"2146","X. Legette","X. Legette","WR","CAR","13","","injury-status","Final L 24-26 vs CLE","-","-","-","-","-","-","-","-","-","-","-","-"
"2147","K. McCord","K. McCord","QB","PHI","7","","injury-status","Final W 38-35 @ DET","-","-","-","-","-","-","-","-","-","-","-","-"
"2148","C. Suits","C. Suits","QB","","","","injury-status","BYE","-","-","-","-","-","-","-","-","-","-","-","-"
"2149","S. Rattler","S. Rattler","QB","NO","14","","injury-status","Final W 27-26 @ ATL","-","-","-","-","-","-","-","-","-","-","-","-"
"2150","E. Merriweather","E. Merriweather","RB","","","Out","injury-status out","BYE","-","-","-","-","-","-","-","-","-","-","-","-"
"2151","S. Vaki","S. Vaki","RB","DET","6","","injury-status","Final L 35-38 vs PHI","-","-","-","-","-","-","-","-","-","-","-","-"
"2152","P. White","P. White","K","","","","injury-status","BYE","-","-","-","-","-","-","-","-","-","-","-","-"
"2153","T. Vokolek","T. Vokolek","TE","ARI","13","","injury-status","Final L 21-44 vs KC","-","-","-","-","-","-","-","-","-","-","-","-"
"2154","J. Whyle","J. Whyle","TE","GB","14","","injury-status","Final L 7-23 @ MIN","-","-","-","-","-","-","-","-","-","-","-","-"
"2155","D. Gabriel","D. Gabriel","QB","CLE","9","","injury-status","Final W 26-24 @ CAR","-","-","-","-","-","-","-","-","-","-","-","-"
"2156","C. Miller","C. Miller","QB","LV","6","","injury-status","Final L 19-24 @ LAC","-","-","-","-","-","-","-","-","-","-","-","-"
"2157","S. Thompson","S. Thompson","RB","","","","injury-status","BYE","-","-","-","-","-","-","-","-","-","-","-","-"
"2158","T. Wease","T. Wease","WR","MIA","11","","injury-status","Final W 20-7 vs NE","-","-","-","-","-","-","-","-","-","-","-","-"
"2159","D. Aultman","D. Aultman","WR","","","","injury-status","BYE","-","-","-","-","-","-","-","-","-","-","-","-"
"2160","J. Baker","J. Baker","WR","PHI","7","","injury-status","Final W 38-35 @ DET","-","-","-","-","-","-","-","-","-","-","-","-"
"2161","E. Demercado","E. Demercado","RB","ARI","13","","injury-status","Final L 21-44 vs KC","-","-","-","-","-","-","-","-","-","-","-","-"
"2162","M. Dixon","M. Dixon","WR","","","","injury-status","BYE","-","-","-","-","-","-","-","-","-","-","-","-"
"2163","G. Mertz","G. Mertz","QB","HOU","6","","injury-status","Final T 20-20 vs IND","-","-","-","-","-","-","-","-","-","-","-","-"
"2164","M. Epps","M. Epps","TE","","","","injury-status","BYE","-","-","-","-","-","-","-","-","-","-","-","-"
"2165","D. Edwards","D. Edwards","RB","","","","injury-status","BYE","-","-","-","-","-","-","-","-","-","-","-","-"
"2166","K. Williams","K. Williams","WR","NE","10","Ques","injury-status questionable","Final L 7-20 @ MIA","-","-","-","-","-","-","-","-","-","-","-","-"
"2167","L. Deal","L. Deal","TE","","","Ques","injury-status questionable","BYE","-","-","-","-","-","-","-","-","-","-","-","-"
"2168","K. Miller","K. Miller","RB","NO","14","","injury-status","Final W 27-26 @ ATL","-","-","-","-","-","-","-","-","-","-","-","-"
"2169","J. Bean","J. Bean","QB","","","","injury-status","BYE","-","-","-","-","-","-","-","-","-","-","-","-"
"2170","L. Johnson","L. Johnson","WR","","","","injury-status","BYE","-","-","-","-","-","-","-","-","-","-","-","-"
"2171","A. Barner","A. Barner","TE","SEA","11","","injury-status","Final W 17-16 vs DEN","-","-","-","-","-","-","-","-","-","-","-","-"
"2172","M. Van Vooren","M. Van Vooren","WR","","","","injury-status","BYE","-","-","-","-","-","-","-","-","-","-","-","-"
"2173","T. Bigsby","T. Bigsby","RB","JAX","11","","injury-status","Final L 22-28 @ WAS","-","-","-","-","-","-","-","-","-","-","-","-"
"2174","J. Whittington","J. Whittington","WR","LAR","7","","injury-status","Final L 10-31 vs BUF","-","-","-","-","-","-","-","-","-","-","-","-"
"2175","M. Dyer","M. Dyer","RB","","","","injury-status","BYE","-","-","-","-","-","-","-","-","-","-","-","-"
"2176","T. Neville","T. Neville","TE","","","","injury-status","BYE","-","-","-","-","-","-","-","-","-","-","-","-"
"2177","R. Brown","R. Brown","WR","","","","injury-status","BYE","-","-","-","-","-","-","-","-","-","-","-","-"
"2178","X. Hutchinson","X. Hutchinson","WR","HOU","6","","injury-status","Final T 20-20 vs IND","-","-","-","-","-","-","-","-","-","-","-","-"
"2179","C. Skattebo","C. Skattebo","RB","NYG","9","","injury-status","Final W 21-20 @ TEN","-","-","-","-","-","-","-","-","-","-","-","-"
"2180","L. Toafili","L. Toafili","RB","NYJ","10","","injury-status","Final L 9-24 vs BAL","-","-","-","-","-","-","-","-","-","-","-","-"
"2181","M. Taylor","M. Taylor","TE","NYJ","10","","injury-status","Final L 9-24 vs BAL","-","-","-","-","-","-","-","-","-","-","-","-"
"2182","J. Coker","J. Coker","WR","CAR","13","IR","injury-status ir","Final L 24-26 vs CLE","-","-","-","-","-","-","-","-","-","-","-","-"
"2183","A. Henning","A. Henning","WR","MIA","11","","injury-status","Final W 20-7 vs NE","-","-","-","-","-","-","-","-","-","-","-","-"
"2184","R. Sanders","R. Sanders","RB","CLE","9","","injury-status","Final W 26-24 @ CAR","-","-","-","-","-","-","-","-","-","-","-","-"
"2185","S. Evans","S. Evans","RB","","","","injury-status","BYE","-","-","-","-","-","-","-","-","-","-","-","-"
"2186","X. Gipson","X. Gipson","WR","NYJ","10","Ques","injury-status questionable","Final L 9-24 vs BAL","-","-","-","-","-","-","-","-","-","-","-","-"
"2187","T. Barber","T. Barber","WR","","","","injury-status","BYE","-","-","-","-","-","-","-","-","-","-","-","-"
"2188","A. Smith","A. Smith","WR","CAR","13","","injury-status","Final L 24-26 vs CLE","-","-","-","-","-","-","-","-","-","-","-","-"
"2189","C. Burgess","C. Burgess","WR","","","","injury-status","BYE","-","-","-","-","-","-","-","-","-","-","-","-"
"2190","J. McClellan","J. McClellan","RB","","","","injury-status","BYE","-","-","-","-","-","-","-","-","-","-","-","-"
"2191","J. Jones","J. Jones","WR","WAS","14","","injury-status","Final W 28-22 vs JAX","-","-","-","-","-","-","-","-","-","-","-","-"
"2192","K. Doe","K. Doe","WR","","","","injury-status","BYE","-","-","-","-","-","-","-","-","-","-","-","-"
"2193","G. Helm","G. Helm","TE","TEN","6","","injury-status","Final L 20-21 vs NYG","-","-","-","-","-","-","-","-","-","-","-","-"
"2194","C. Coleman","C. Coleman","WR","","","","injury-status","BYE","-","-","-","-","-","-","-","-","-","-","-","-"
"2195","J. Reed","J. Reed","WR","CAR","13","","injury-status","Final L 24-26 vs CLE","-","-","-","-","-","-","-","-","-","-","-","-"
"2196","C. Prieskorn","C. Prieskorn","TE","","","","injury-status","BYE","-","-","-","-","-","-","-","-","-","-","-","-"
"2197","J. Tukes","J. Tukes","TE","","","","injury-status","BYE","-","-","-","-","-","-","-","-","-","-","-","-"
"2198","I. Ferguson","I. Ferguson","WR","","","","injury-status","BYE","-","-","-","-","-","-","-","-","-","-","-","-"
"2199","D. Light","D. Light","TE","","","","injury-status","BYE","-","-","-","-","-","-","-","-","-","-","-","-"
"2200","D. Sampson","D. Sampson","RB","CLE","9","","injury-status","Final W 26-24 @ CAR","-","-","-","-","-","-","-","-","-","-","-","-"
"2201","T. Horton","T. Horton","WR","SEA","11","Ques","injury-status questionable","Final W 17-16 vs DEN","-","-","-","-","-","-","-","-","-","-","-","-"
"2202","K. Leach","K. Leach","TE","","","","injury-status","BYE","-","-","-","-","-","-","-","-","-","-","-","-"
"2203","J. Brooks","J. Brooks","RB","CAR","13","PUP","injury-status pup","Final L 24-26 vs CLE","-","-","-","-","-","-","-","-","-","-","-","-"
"2204","C. Washington","C. Washington","RB","ATL","14","","injury-status","Final L 26-27 vs NO","-","-","-","-","-","-","-","-","-","-","-","-"
"2205","D. Cooper","D. Cooper","WR","PHI","7","","injury-status","Final W 38-35 @ DET","-","-","-","-","-","-","-","-","-","-","-","-"
"2206","M. Mang","M. Mang","TE","IND","14","","injury-status","Final T 20-20 @ HOU","-","-","-","-","-","-","-","-","-","-","-","-"
"2207","A. Stogner","A. Stogner","TE","","","","injury-status","BYE","-","-","-","-","-","-","-","-","-","-","-","-"
"2208","C. Chrest","C. Chrest","WR","","","","injury-status","BYE","-","-","-","-","-","-","-","-","-","-","-","-"
"2209","B. Thomas","B. Thomas","WR","JAX","11","","injury-status","Final L 22-28 @ WAS","-","-","-","-","-","-","-","-","-","-","-","-"
"2210","N. Cain","N. Cain","RB","","","","injury-status","BYE","-","-","-","-","-","-","-","-","-","-","-","-"
"2211","G. Larvadain","G. Larvadain","WR","CLE","9","","injury-status","Final W 26-24 @ CAR","-","-","-","-","-","-","-","-","-","-","-","-"
"2212","R. Seale","R. Seale","RB","","","","injury-status","BYE","-","-","-","-","-","-","-","-","-","-","-","-"
"2213","Z. Ojile","Z. Ojile","RB","","","","injury-status","BYE","-","-","-","-","-","-","-","-","-","-","-","-"
"2214","D. Reeves","D. Reeves","TE","","","","injury-status","BYE","-","-","-","-","-","-","-","-","-","-","-","-"
"2215","C. Worthy","C. Worthy","WR","","","","injury-status","BYE","-","-","-","-","-","-","-","-","-","-","-","-"
"2216","M. Swinson","M. Swinson","TE","","","","injury-status","BYE","-","-","-","-","-","-","-","-","-","-","-","-"
"2217","J. Howard","J. Howard","RB","","","Ques","injury-status questionable","BYE","-","-","-","-","-","-","-","-","-","-","-","-"
"2218","K. Monangai","K. Monangai","RB","CHI","14","Ques","injury-status questionable","Final W 19-10 vs SF","-","-","-","-","-","-","-","-","-","-","-","-"
"2219","R. Ali","R. Ali","RB","BAL","10","","injury-status","Final W 24-9 @ NYJ","-","-","-","-","-","-","-","-","-","-","-","-"
"2220","T. Spears","T. Spears","RB","TEN","6","IR","injury-status ir","Final L 20-21 vs NYG","-","-","-","-","-","-","-","-","-","-","-","-"
"2221","J. Johnson","J. Johnson","WR","","","Ques","injury-status questionable","BYE","-","-","-","-","-","-","-","-","-","-","-","-"
"2222","C. Dippre","C. Dippre","TE","NE","10","","injury-status","Final L 7-20 @ MIA","-","-","-","-","-","-","-","-","-","-","-","-"
"2223","R. Burns","R. Burns","RB","CHI","14","","injury-status","Final W 19-10 vs SF","-","-","-","-","-","-","-","-","-","-","-","-"
"2224","Z. Bowens","Z. Bowens","WR","","","","injury-status","BYE","-","-","-","-","-","-","-","-","-","-","-","-"
"2225","D. Rodriguez","D. Rodriguez","WR","","","","injury-status","BYE","-","-","-","-","-","-","-","-","-","-","-","-"
"2226","C. Theaker","C. Theaker","K","","","","injury-status","BYE","-","-","-","-","-","-","-","-","-","-","-","-"
"2227","B. Cobbs","B. Cobbs","WR","","","","injury-status","BYE","-","-","-","-","-","-","-","-","-","-","-","-"
"2228","S. Bowman","S. Bowman","TE","","","","injury-status","BYE","-","-","-","-","-","-","-","-","-","-","-","-"
"2229","B. Nix","B. Nix","QB","DEN","9","","injury-status","Final L 16-17 @ SEA","-","-","-","-","-","-","-","-","-","-","-","-"
"2230","T. Palmer","T. Palmer","WR","ARI","13","","injury-status","Final L 21-44 vs KC","-","-","-","-","-","-","-","-","-","-","-","-"
"2231","J. Hayek","J. Hayek","WR","","","","injury-status","BYE","-","-","-","-","-","-","-","-","-","-","-","-"
"2232","B. Yurosek","B. Yurosek","TE","MIN","7","","injury-status","Final W 23-7 vs GB","-","-","-","-","-","-","-","-","-","-","-","-"
"2233","T. Edwards","T. Edwards","WR","LAR","7","","injury-status","Final L 10-31 vs BUF","-","-","-","-","-","-","-","-","-","-","-","-"
"2234","J. Lockhart","J. Lockhart","WR","","","Ques","injury-status questionable","BYE","-","-","-","-","-","-","-","-","-","-","-","-"
"2235","M. Heath","M. Heath","WR","GB","14","","injury-status","Final L 7-23 @ MIN","-","-","-","-","-","-","-","-","-","-","-","-"
"2236","E. Young","E. Young","RB","","","","injury-status","BYE","-","-","-","-","-","-","-","-","-","-","-","-"
"2237","B. Grupe","B. Grupe","K","NO","14","","injury-status","Final W 27-26 @ ATL","-","-","-","-","-","-","-","-","-","-","-","-"
"2238","S. Brown","S. Brown","WR","","","","injury-status","BYE","-","-","-","-","-","-","-","-","-","-","-","-"
"2239","T. McMillan","T. McMillan","WR","CAR","13","Ques","injury-status questionable","Final L 24-26 vs CLE","-","-","-","-","-","-","-","-","-","-","-","-"
"2240","S. Wiglusz","S. Wiglusz","WR","","","","injury-status","BYE","-","-","-","-","-","-","-","-","-","-","-","-"
"2241","P. Bryant","P. Bryant","WR","DEN","9","","injury-status","Final L 16-17 @ SEA","-","-","-","-","-","-","-","-","-","-","-","-"
"2242","E. Gray","E. Gray","RB","NYG","9","PUP","injury-status pup","Final W 21-20 @ TEN","-","-","-","-","-","-","-","-","-","-","-","-"
"2243","B. Corrales","B. Corrales","WR","","","","injury-status","BYE","-","-","-","-","-","-","-","-","-","-","-","-"
"2244","J. Noel","J. Noel","WR","HOU","6","","injury-status","Final T 20-20 vs IND","-","-","-","-","-","-","-","-","-","-","-","-"
"2245","K. Jackson","K. Jackson","WR","","","","injury-status","BYE","-","-","-","-","-","-","-","-","-","-","-","-"
"2246","J. Gill","J. Gill","WR","","","Ques","injury-status questionable","BYE","-","-","-","-","-","-","-","-","-","-","-","-"
"2247","H. Pearson","H. Pearson","RB","","","","injury-status","BYE","-","-","-","-","-","-","-","-","-","-","-","-"
"2248","J. Waters","J. Waters","RB","","","","injury-status","BYE","-","-","-","-","-","-","-","-","-","-","-","-"
"2249","B. Cook","B. Cook","QB","NYJ","10","","injury-status","Final L 9-24 vs BAL","-","-","-","-","-","-","-","-","-","-","-","-"
"2250","T. Luther","T. Luther","WR","","","","injury-status","BYE","-","-","-","-","-","-","-","-","-","-","-","-"
"2251","M. Lloyd","M. Lloyd","RB","GB","14","IR","injury-status ir","Final L 7-23 @ MIN","-","-","-","-","-","-","-","-","-","-","-","-"
"2252","L. Lingard","L. Lingard","RB","","","","injury-status","BYE","-","-","-","-","-","-","-","-","-","-","-","-"
"2253","A. Dykes","A. Dykes","RB","","","","injury-status","BYE","-","-","-","-","-","-","-","-","-","-","-","-"
"2254","A. Tyus","A. Tyus","RB","","","","injury-status","BYE","-","-","-","-","-","-","-","-","-","-","-","-"
"2255","C. McDonald","C. McDonald","TE","","","","injury-status","BYE","-","-","-","-","-","-","-","-","-","-","-","-"
"2256","L. Musgrave","L. Musgrave","TE","GB","14","","injury-status","Final L 7-23 @ MIN","-","-","-","-","-","-","-","-","-","-","-","-"
"2257","K. Mumpfield","K. Mumpfield","WR","LAR","7","","injury-status","Final L 10-31 vs BUF","-","-","-","-","-","-","-","-","-","-","-","-"
"2258","L. Kilgore","L. Kilgore","QB","","","","injury-status","BYE","-","-","-","-","-","-","-","-","-","-","-","-"
"2259","D. Uiagalelei","D. Uiagalelei","QB","LAC","8","","injury-status","Final W 24-19 vs LV","-","-","-","-","-","-","-","-","-","-","-","-"
"2260","C. Owen","C. Owen","WR","IND","14","","injury-status","Final T 20-20 @ HOU","-","-","-","-","-","-","-","-","-","-","-","-"
"2261","J. Bell","J. Bell","TE","","","","injury-status","BYE","-","-","-","-","-","-","-","-","-","-","-","-"
"2262","D. Lassiter","D. Lassiter","WR","","","","injury-status","BYE","-","-","-","-","-","-","-","-","-","-","-","-"
"2263","D. Drummond","D. Drummond","WR","ATL","14","","injury-status","Final L 26-27 vs NO","-","-","-","-","-","-","-","-","-","-","-","-"
"2264","J. Kibodi","J. Kibodi","RB","","","","injury-status","BYE","-","-","-","-","-","-","-","-","-","-","-","-"
"2265","N. McCollum","N. McCollum","WR","","","","injury-status","BYE","-","-","-","-","-","-","-","-","-","-","-","-"
"2266","D. Martinez","D. Martinez","RB","SEA","11","","injury-status","Final W 17-16 vs DEN","-","-","-","-","-","-","-","-","-","-","-","-"
"2267","M. Hippenhammer","M. Hippenhammer","WR","","","","injury-status","BYE","-","-","-","-","-","-","-","-","-","-","-","-"
"2268","C. Grandy","C. Grandy","TE","CIN","10","","injury-status","Final L 20-23 vs PIT","-","-","-","-","-","-","-","-","-","-","-","-"
"2269","J. Moussa","J. Moussa","QB","","","","injury-status","BYE","-","-","-","-","-","-","-","-","-","-","-","-"
"2270","J. Jiles","J. Jiles","WR","NE","10","","injury-status","Final L 7-20 @ MIA","-","-","-","-","-","-","-","-","-","-","-","-"
"2271","G. Watson","G. Watson","QB","","","","injury-status","BYE","-","-","-","-","-","-","-","-","-","-","-","-"
"2272","D. Kincaid","D. Kincaid","TE","BUF","7","","injury-status","Final W 31-10 @ LAR","-","-","-","-","-","-","-","-","-","-","-","-"
"2273","A. Graham","A. Graham","RB","","","","injury-status","BYE","-","-","-","-","-","-","-","-","-","-","-","-"
"2274","J. Wayne","J. Wayne","WR","","","","injury-status","BYE","-","-","-","-","-","-","-","-","-","-","-","-"
"2275","K. Johnson","K. Johnson","WR","","","","injury-status","BYE","-","-","-","-","-","-","-","-","-","-","-","-"
"2276","B. Walker","B. Walker","TE","","","","injury-status","BYE","-","-","-","-","-","-","-","-","-","-","-","-"
"2277","D. Reaves","D. Reaves","WR","","","","injury-status","BYE","-","-","-","-","-","-","-","-","-","-","-","-"
"2278","S. Jackson","S. Jackson","WR","LV","6","","injury-status","Final L 19-24 @ LAC","-","-","-","-","-","-","-","-","-","-","-","-"
"2279","J. Blackman","J. Blackman","QB","","","","injury-status","BYE","-","-","-","-","-","-","-","-","-","-","-","-"
"2280","J. Webb","J. Webb","WR","NE","10","","injury-status","Final L 7-20 @ MIA","-","-","-","-","-","-","-","-","-","-","-","-"
"2281","D. Leonard","D. Leonard","TE","","","","injury-status","BYE","-","-","-","-","-","-","-","-","-","-","-","-"
"2282","J. Watkins","J. Watkins","WR","SF","9","Ques","injury-status questionable","Final L 10-19 @ CHI","-","-","-","-","-","-","-","-","-","-","-","-"
"2283","Q. Judkins","Q. Judkins","RB","CLE","9","","injury-status","Final W 26-24 @ CAR","-","-","-","-","-","-","-","-","-","-","-","-"
"2284","B. Spann-Ford","B. Spann-Ford","TE","DAL","9","","injury-status","Final L 3-19 vs TB","-","-","-","-","-","-","-","-","-","-","-","-"
"2285","K. Horton","K. Horton","WR","","","","injury-status","BYE","-","-","-","-","-","-","-","-","-","-","-","-"
"2286","D. Lovett","D. Lovett","WR","DET","6","","injury-status","Final L 35-38 vs PHI","-","-","-","-","-","-","-","-","-","-","-","-"
"2287","A. Aune","A. Aune","QB","","","","injury-status","BYE","-","-","-","-","-","-","-","-","-","-","-","-"
"2288","L. Webb","L. Webb","RB","","","","injury-status","BYE","-","-","-","-","-","-","-","-","-","-","-","-"
"2289","G. Lutman","G. Lutman","WR","","","","injury-status","BYE","-","-","-","-","-","-","-","-","-","-","-","-"
"2290","D. Thornton","D. Thornton","WR","LV","6","","injury-status","Final L 19-24 @ LAC","-","-","-","-","-","-","-","-","-","-","-","-"
"2291","T. Franks","T. Franks","RB","","","","injury-status","BYE","-","-","-","-","-","-","-","-","-","-","-","-"
"2292","J. Jenkins","J. Jenkins","WR","","","","injury-status","BYE","-","-","-","-","-","-","-","-","-","-","-","-"
"2293","N. Peat","N. Peat","RB","","","","injury-status","BYE","-","-","-","-","-","-","-","-","-","-","-","-"
"2294","A. Robbins","A. Robbins","RB","","","","injury-status","BYE","-","-","-","-","-","-","-","-","-","-","-","-"
"2295","C. Smyth","C. Smyth","K","NO","14","","injury-status","Final W 27-26 @ ATL","-","-","-","-","-","-","-","-","-","-","-","-"
"2296","S. Klotz","S. Klotz","TE","","","","injury-status","BYE","-","-","-","-","-","-","-","-","-","-","-","-"
"2297","T. Dye","T. Dye","RB","","","","injury-status","BYE","-","-","-","-","-","-","-","-","-","-","-","-"
"2298","L. Larison","L. Larison","RB","NE","10","IR","injury-status ir","Final L 7-20 @ MIA","-","-","-","-","-","-","-","-","-","-","-","-"
"2299","A. Carlisle","A. Carlisle","WR","","","","injury-status","BYE","-","-","-","-","-","-","-","-","-","-","-","-"
"2300","J. Davis","J. Davis","WR","","","","injury-status","BYE","-","-","-","-","-","-","-","-","-","-","-","-"
"2301","O. Martin","O. Martin","WR","","","","injury-status","BYE","-","-","-","-","-","-","-","-","-","-","-","-"
"2302","D. Stanley","D. Stanley","WR","","","","injury-status","BYE","-","-","-","-","-","-","-","-","-","-","-","-"
"2303","A. Smith","A. Smith","WR","NYJ","10","","injury-status","Final L 9-24 vs BAL","-","-","-","-","-","-","-","-","-","-","-","-"
"2304","J. Jackson","J. Jackson","WR","","","","injury-status","BYE","-","-","-","-","-","-","-","-","-","-","-","-"
"2305","Q. Jones","Q. Jones","RB","","","","injury-status","BYE","-","-","-","-","-","-","-","-","-","-","-","-"
"2306","D. Thomas-Jones","D. Thomas-Jones","TE","","","","injury-status","BYE","-","-","-","-","-","-","-","-","-","-","-","-"
"2307","R. Starkey","R. Starkey","WR","","","Ques","injury-status questionable","BYE","-","-","-","-","-","-","-","-","-","-","-","-"
"2308","T. Etienne","T. Etienne","RB","CAR","13","","injury-status","Final L 24-26 vs CLE","-","-","-","-","-","-","-","-","-","-","-","-"
"2309","J. Wiley","J. Wiley","TE","KC","8","","injury-status","Final W 44-21 @ ARI","-","-","-","-","-","-","-","-","-","-","-","-"
"2310","K. Rourke","K. Rourke","QB","SF","9","PUP","injury-status pup","Final L 10-19 @ CHI","-","-","-","-","-","-","-","-","-","-","-","-"
"2311","J. Strong","J. Strong","RB","","","","injury-status","BYE","-","-","-","-","-","-","-","-","-","-","-","-"
"2312","D. Leary","D. Leary","QB","","","","injury-status","BYE","-","-","-","-","-","-","-","-","-","-","-","-"
"2313","J. Coker","J. Coker","QB","","","","injury-status","BYE","-","-","-","-","-","-","-","-","-","-","-","-"
"2314","M. Pottebaum","M. Pottebaum","RB","","","","injury-status","BYE","-","-","-","-","-","-","-","-","-","-","-","-"
"2315","M. Lang","M. Lang","TE","","","","injury-status","BYE","-","-","-","-","-","-","-","-","-","-","-","-"
"2316","C. Latu","C. Latu","TE","PHI","7","","injury-status","Final W 38-35 @ DET","-","-","-","-","-","-","-","-","-","-","-","-"
"2317","M. Harrison","M. Harrison","WR","ARI","13","","injury-status","Final L 21-44 vs KC","-","-","-","-","-","-","-","-","-","-","-","-"
"2318","R. Jones","R. Jones","RB","","","","injury-status","BYE","-","-","-","-","-","-","-","-","-","-","-","-"
"2319","M. Matavao","M. Matavao","TE","NO","14","","injury-status","Final W 27-26 @ ATL","-","-","-","-","-","-","-","-","-","-","-","-"
"2320","C. Autman-Bell","C. Autman-Bell","WR","","","","injury-status","BYE","-","-","-","-","-","-","-","-","-","-","-","-"
"2321","K. Taylor","K. Taylor","TE","","","","injury-status","BYE","-","-","-","-","-","-","-","-","-","-","-","-"
"2322","T. Flanders","T. Flanders","RB","","","","injury-status","BYE","-","-","-","-","-","-","-","-","-","-","-","-"
"2323","C. Tillman","C. Tillman","WR","CLE","9","","injury-status","Final W 26-24 @ CAR","-","-","-","-","-","-","-","-","-","-","-","-"
"2324","C. Little","C. Little","K","JAX","11","","injury-status","Final L 22-28 @ WAS","-","-","-","-","-","-","-","-","-","-","-","-"
"2325","J. Terrell","J. Terrell","RB","","","","injury-status","BYE","-","-","-","-","-","-","-","-","-","-","-","-"
"2326","D. Watts","D. Watts","WR","","","","injury-status","BYE","-","-","-","-","-","-","-","-","-","-","-","-"
"2327","D. Davis","D. Davis","WR","LAC","8","","injury-status","Final W 24-19 vs LV","-","-","-","-","-","-","-","-","-","-","-","-"
"2328","J. White","J. White","RB","","","Ques","injury-status questionable","BYE","-","-","-","-","-","-","-","-","-","-","-","-"
"2329","T. Knox","T. Knox","TE","","","Ques","injury-status questionable","BYE","-","-","-","-","-","-","-","-","-","-","-","-"
"2330","J. Sample","J. Sample","WR","","","","injury-status","BYE","-","-","-","-","-","-","-","-","-","-","-","-"
"2331","J. Harris","J. Harris","WR","","","","injury-status","BYE","-","-","-","-","-","-","-","-","-","-","-","-"
"2332","J. Shirden","J. Shirden","RB","","","","injury-status","BYE","-","-","-","-","-","-","-","-","-","-","-","-"
"2333","O. Cardenas","O. Cardenas","TE","","","","injury-status","BYE","-","-","-","-","-","-","-","-","-","-","-","-"
"2334","J. Bech","J. Bech","WR","LV","6","","injury-status","Final L 19-24 @ LAC","-","-","-","-","-","-","-","-","-","-","-","-"
"2335","B. Burmeister","B. Burmeister","WR","","","","injury-status","BYE","-","-","-","-","-","-","-","-","-","-","-","-"
"2336","Q. Bundrage","Q. Bundrage","WR","","","","injury-status","BYE","-","-","-","-","-","-","-","-","-","-","-","-"
"2337","T. Taua","T. Taua","RB","","","","injury-status","BYE","-","-","-","-","-","-","-","-","-","-","-","-"
"2338","J. Hicks","J. Hicks","WR","","","","injury-status","BYE","-","-","-","-","-","-","-","-","-","-","-","-"
"2339","J. Bly","J. Bly","WR","","","","injury-status","BYE","-","-","-","-","-","-","-","-","-","-","-","-"
"2340","J. Lumpkin","J. Lumpkin","TE","","","","injury-status","BYE","-","-","-","-","-","-","-","-","-","-","-","-"
"2341","J. Gibbs","J. Gibbs","RB","DET","6","","injury-status","Final L 35-38 vs PHI","-","-","-","-","-","-","-","-","-","-","-","-"
"2342","K. Sheets","K. Sheets","WR","","","","injury-status","BYE","-","-","-","-","-","-","-","-","-","-","-","-"
"2343","Z. Scott","Z. Scott","RB","MIN","7","Ques","injury-status questionable","Final W 23-7 vs GB","-","-","-","-","-","-","-","-","-","-","-","-"
"2344","J. Scates","J. Scates","WR","","","","injury-status","BYE","-","-","-","-","-","-","-","-","-","-","-","-"
"2345","A. Ajou","A. Ajou","WR","","","","injury-status","BYE","-","-","-","-","-","-","-","-","-","-","-","-"
"2346","B. Whiteheart","B. Whiteheart","TE","CLE","9","Ques","injury-status questionable","Final W 26-24 @ CAR","-","-","-","-","-","-","-","-","-","-","-","-"
"2347","M. Redman","M. Redman","TE","LAR","7","","injury-status","Final L 10-31 vs BUF","-","-","-","-","-","-","-","-","-","-","-","-"
"2348","J. Copeland","J. Copeland","WR","","","","injury-status","BYE","-","-","-","-","-","-","-","-","-","-","-","-"
"2349","E. Ayomanor","E. Ayomanor","WR","TEN","6","","injury-status","Final L 20-21 vs NYG","-","-","-","-","-","-","-","-","-","-","-","-"
"2350","A. O'Connell","A. O'Connell","QB","LV","6","IR","injury-status ir","Final L 19-24 @ LAC","-","-","-","-","-","-","-","-","-","-","-","-"
"2351","H. Ahlers","H. Ahlers","QB","","","","injury-status","BYE","-","-","-","-","-","-","-","-","-","-","-","-"
"2352","D. Allen","D. Allen","TE","LAR","7","","injury-status","Final L 10-31 vs BUF","-","-","-","-","-","-","-","-","-","-","-","-"
"2353","P. Durham","P. Durham","TE","TB","11","","injury-status","Final W 19-3 @ DAL","-","-","-","-","-","-","-","-","-","-","-","-"
"2354","T. Morin","T. Morin","WR","","","","injury-status","BYE","-","-","-","-","-","-","-","-","-","-","-","-"
"2355","L. Pitts","L. Pitts","TE","","","","injury-status","BYE","-","-","-","-","-","-","-","-","-","-","-","-"
"2356","K. Johnson","K. Johnson","WR","TB","11","","injury-status","Final W 19-3 @ DAL","-","-","-","-","-","-","-","-","-","-","-","-"
"2357","X. Worthy","X. Worthy","WR","KC","8","","injury-status","Final W 44-21 @ ARI","-","-","-","-","-","-","-","-","-","-","-","-"
"2358","A. Richardson","A. Richardson","QB","IND","14","","injury-status","Final T 20-20 @ HOU","-","-","-","-","-","-","-","-","-","-","-","-"
"2359","N. Rauschenberg","N. Rauschenberg","K","","","","injury-status","BYE","-","-","-","-","-","-","-","-","-","-","-","-"
"2360","K. Closs","K. Closs","WR","","","","injury-status","BYE","-","-","-","-","-","-","-","-","-","-","-","-"
"2361","S. Bennett","S. Bennett","QB","LAR","7","","injury-status","Final L 10-31 vs BUF","-","-","-","-","-","-","-","-","-","-","-","-"
"2362","T. Fidone","T. Fidone","TE","NYG","9","","injury-status","Final W 21-20 @ TEN","-","-","-","-","-","-","-","-","-","-","-","-"
"2363","C. Crooms","C. Crooms","WR","","","Ques","injury-status questionable","BYE","-","-","-","-","-","-","-","-","-","-","-","-"
"2364","J. Hill","J. Hill","TE","MIA","11","","injury-status","Final W 20-7 vs NE","-","-","-","-","-","-","-","-","-","-","-","-"
"2365","M. Trujillo","M. Trujillo","K","","","IR","injury-status ir","BYE","-","-","-","-","-","-","-","-","-","-","-","-"
"2366","D. Winn","D. Winn","QB","","","","injury-status","BYE","-","-","-","-","-","-","-","-","-","-","-","-"
"2367","B. Lampe","B. Lampe","RB","NE","10","IR","injury-status ir","Final L 7-20 @ MIA","-","-","-","-","-","-","-","-","-","-","-","-"
"2368","H. Presley","H. Presley","WR","","","","injury-status","BYE","-","-","-","-","-","-","-","-","-","-","-","-"
"2369","M. Nabers","M. Nabers","WR","NYG","9","Ques","injury-status questionable","Final W 21-20 @ TEN","-","-","-","-","-","-","-","-","-","-","-","-"
"2370","D. McBride","D. McBride","RB","","","","injury-status","BYE","-","-","-","-","-","-","-","-","-","-","-","-"
"2371","M. Williams","M. Williams","WR","","","Ques","injury-status questionable","BYE","-","-","-","-","-","-","-","-","-","-","-","-"
"2372","D. Wright","D. Wright","WR","","","","injury-status","BYE","-","-","-","-","-","-","-","-","-","-","-","-"
"2373","Z. Mathis","Z. Mathis","WR","","","","injury-status","BYE","-","-","-","-","-","-","-","-","-","-","-","-"
"2374","M. Muhammad","M. Muhammad","WR","","","Ques","injury-status questionable","BYE","-","-","-","-","-","-","-","-","-","-","-","-"
"2375","L. Krieg","L. Krieg","K","ATL","14","","injury-status","Final L 26-27 vs NO","-","-","-","-","-","-","-","-","-","-","-","-"
"2376","J. Blue","J. Blue","RB","DAL","9","","injury-status","Final L 3-19 vs TB","-","-","-","-","-","-","-","-","-","-","-","-"
"2377","N. Nash","N. Nash","WR","ATL","14","","injury-status","Final L 26-27 vs NO","-","-","-","-","-","-","-","-","-","-","-","-"
"2378","J. Hoyland","J. Hoyland","K","","","","injury-status","BYE","-","-","-","-","-","-","-","-","-","-","-","-"
"2379","B. Tuten","B. Tuten","RB","JAX","11","","injury-status","Final L 22-28 @ WAS","-","-","-","-","-","-","-","-","-","-","-","-"
"2380","T. Hoosman","T. Hoosman","RB","","","","injury-status","BYE","-","-","-","-","-","-","-","-","-","-","-","-"
"2381","D. Martin","D. Martin","RB","","","","injury-status","BYE","-","-","-","-","-","-","-","-","-","-","-","-"
"2382","C. Cota","C. Cota","WR","","","","injury-status","BYE","-","-","-","-","-","-","-","-","-","-","-","-"
"2383","W. Howard","W. Howard","QB","PIT","9","IR","injury-status ir","Final W 23-20 @ CIN","-","-","-","-","-","-","-","-","-","-","-","-"
"2384","D. Neal","D. Neal","RB","NO","14","","injury-status","Final W 27-26 @ ATL","-","-","-","-","-","-","-","-","-","-","-","-"
"2385","T. DeVito","T. DeVito","QB","NE","10","","injury-status","Final L 7-20 @ MIA","-","-","-","-","-","-","-","-","-","-","-","-"
"2386","D. Daniels","D. Daniels","WR","","","","injury-status","BYE","-","-","-","-","-","-","-","-","-","-","-","-"
"2387","D. Wilson","D. Wilson","WR","","","","injury-status","BYE","-","-","-","-","-","-","-","-","-","-","-","-"
"2388","T. Hunter","T. Hunter","WR, DB - JAX(11)","","","","injury-status","Final L 22-28 @ WAS","-","-","-","-","-","-","-","-","-","-","-","-"
"2389","B. Robinson","B. Robinson","RB","ATL","14","","injury-status","Final L 26-27 vs NO","-","-","-","-","-","-","-","-","-","-","-","-"
"2390","R. Daniels","R. Daniels","WR","","","","injury-status","BYE","-","-","-","-","-","-","-","-","-","-","-","-"
"2391","H. Williams","H. Williams","QB","","","","injury-status","BYE","-","-","-","-","-","-","-","-","-","-","-","-"
"2392","D. Miller","D. Miller","RB","NYG","9","","injury-status","Final W 21-20 @ TEN","-","-","-","-","-","-","-","-","-","-","-","-"
"2393","C. McDonald","C. McDonald","WR","","","IR","injury-status ir","BYE","-","-","-","-","-","-","-","-","-","-","-","-"
"2394","N. Kallerup","N. Kallerup","TE","SEA","11","","injury-status","Final W 17-16 vs DEN","-","-","-","-","-","-","-","-","-","-","-","-"
"2395","T. Franklin","T. Franklin","WR","DEN","9","","injury-status","Final L 16-17 @ SEA","-","-","-","-","-","-","-","-","-","-","-","-"
"2396","T. Yassmin","T. Yassmin","TE","LAC","8","","injury-status","Final W 24-19 vs LV","-","-","-","-","-","-","-","-","-","-","-","-"
"2397","A. Johnson","A. Johnson","RB","LAC","8","","injury-status","Final W 24-19 vs LV","-","-","-","-","-","-","-","-","-","-","-","-"
"2398","M. Castles","M. Castles","TE","","","","injury-status","BYE","-","-","-","-","-","-","-","-","-","-","-","-"
"2399","M. Penix","M. Penix","QB","ATL","14","","injury-status","Final L 26-27 vs NO","-","-","-","-","-","-","-","-","-","-","-","-"
"2400","J. Copenhaver","J. Copenhaver","TE","","","","injury-status","BYE","-","-","-","-","-","-","-","-","-","-","-","-"
"2401","M. Mims","M. Mims","WR","DEN","9","Ques","injury-status questionable","Final L 16-17 @ SEA","-","-","-","-","-","-","-","-","-","-","-","-"
"2402","D. Achane","D. Achane","RB","MIA","11","Ques","injury-status questionable","Final W 20-7 vs NE","-","-","-","-","-","-","-","-","-","-","-","-"
"2403","C. Bazelak","C. Bazelak","QB","TB","11","","injury-status","Final W 19-3 @ DAL","-","-","-","-","-","-","-","-","-","-","-","-"
"2404","R. Rice","R. Rice","WR","KC","8","Sus","injury-status sus","Final W 44-21 @ ARI","-","-","-","-","-","-","-","-","-","-","-","-"
"2405","D. Caton","D. Caton","WR","","","","injury-status","BYE","-","-","-","-","-","-","-","-","-","-","-","-"
"2406","P. Herbert","P. Herbert","TE","JAX","11","","injury-status","Final L 22-28 @ WAS","-","-","-","-","-","-","-","-","-","-","-","-"
"2407","M. Brosmer","M. Brosmer","QB","MIN","7","","injury-status","Final W 23-7 vs GB","-","-","-","-","-","-","-","-","-","-","-","-"
"2408","T. Tracy","T. Tracy","RB","NYG","9","","injury-status","Final W 21-20 @ TEN","-","-","-","-","-","-","-","-","-","-","-","-"
"2409","T. Pickering","T. Pickering","TE","","","","injury-status","BYE","-","-","-","-","-","-","-","-","-","-","-","-"
"2410","K. Laborn","K. Laborn","RB","","","","injury-status","BYE","-","-","-","-","-","-","-","-","-","-","-","-"
"2411","L. Taylor","L. Taylor","TE","","","Ques","injury-status questionable","BYE","-","-","-","-","-","-","-","-","-","-","-","-"
"2412","E. Wilson","E. Wilson","TE","","","","injury-status","BYE","-","-","-","-","-","-","-","-","-","-","-","-"
"2413","M. Baldwin","M. Baldwin","WR","","","","injury-status","BYE","-","-","-","-","-","-","-","-","-","-","-","-"
"2414","V. Blanchard","V. Blanchard","K","","","","injury-status","BYE","-","-","-","-","-","-","-","-","-","-","-","-"
"2415","A. Armstrong","A. Armstrong","WR","","","","injury-status","BYE","-","-","-","-","-","-","-","-","-","-","-","-"
"2416","M. Fairchild","M. Fairchild","TE","","","","injury-status","BYE","-","-","-","-","-","-","-","-","-","-","-","-"
"2417","A. Davis","A. Davis","WR","","","","injury-status","BYE","-","-","-","-","-","-","-","-","-","-","-","-"
"2418","D. Parks","D. Parks","WR","","","","injury-status","BYE","-","-","-","-","-","-","-","-","-","-","-","-"
"2419","O. Gordon","O. Gordon","RB","MIA","11","","injury-status","Final W 20-7 vs NE","-","-","-","-","-","-","-","-","-","-","-","-"
"2420","I. Wooden","I. Wooden","WR","","","","injury-status","BYE","-","-","-","-","-","-","-","-","-","-","-","-"
"2421","B. Narveson","B. Narveson","K","","","","injury-status","BYE","-","-","-","-","-","-","-","-","-","-","-","-"
"2422","T. Mosley","T. Mosley","WR","","","","injury-status","BYE","-","-","-","-","-","-","-","-","-","-","-","-"
"2423","O. Hiliare","O. Hiliare","WR","","","","injury-status","BYE","-","-","-","-","-","-","-","-","-","-","-","-"
"2424","A. Holler","A. Holler","TE","","","","injury-status","BYE","-","-","-","-","-","-","-","-","-","-","-","-"
"2425","B. Sims","B. Sims","TE","GB","14","","injury-status","Final L 7-23 @ MIN","-","-","-","-","-","-","-","-","-","-","-","-"
"2426","J. Laap","J. Laap","WR","","","","injury-status","BYE","-","-","-","-","-","-","-","-","-","-","-","-"
"2427","J. Sinz","J. Sinz","TE","","","","injury-status","BYE","-","-","-","-","-","-","-","-","-","-","-","-"
"2428","R. Brown","R. Brown","TE","","","","injury-status","BYE","-","-","-","-","-","-","-","-","-","-","-","-"
"2429","C. Tyree","C. Tyree","WR","","","Ques","injury-status questionable","BYE","-","-","-","-","-","-","-","-","-","-","-","-"
"2430","J. Dangerfield","J. Dangerfield","WR","","","","injury-status","BYE","-","-","-","-","-","-","-","-","-","-","-","-"
"2431","X. Guillory","X. Guillory","WR","","","Ques","injury-status questionable","BYE","-","-","-","-","-","-","-","-","-","-","-","-"
"2432","R. Awatt","R. Awatt","RB","","","","injury-status","BYE","-","-","-","-","-","-","-","-","-","-","-","-"
"2433","L. Bester","L. Bester","WR","","","","injury-status","BYE","-","-","-","-","-","-","-","-","-","-","-","-"
"2434","C. Neighbors","C. Neighbors","RB","","","","injury-status","BYE","-","-","-","-","-","-","-","-","-","-","-","-"
"2435","T. Holden","T. Holden","WR","DAL","9","","injury-status","Final L 3-19 vs TB","-","-","-","-","-","-","-","-","-","-","-","-"
"2436","A. Wells","A. Wells","WR","","","","injury-status","BYE","-","-","-","-","-","-","-","-","-","-","-","-"
"2437","L. Ward","L. Ward","RB","","","","injury-status","BYE","-","-","-","-","-","-","-","-","-","-","-","-"
"2438","C. Rodriguez","C. Rodriguez","RB","WAS","14","","injury-status","Final W 28-22 vs JAX","-","-","-","-","-","-","-","-","-","-","-","-"
"2439","S. Bolden","S. Bolden","WR","HOU","6","","injury-status","Final T 20-20 vs IND","-","-","-","-","-","-","-","-","-","-","-","-"
"2440","M. Evans","M. Evans","TE","CAR","13","","injury-status","Final L 24-26 vs CLE","-","-","-","-","-","-","-","-","-","-","-","-"
"2441","J. Warren","J. Warren","TE","","","","injury-status","BYE","-","-","-","-","-","-","-","-","-","-","-","-"
"2442","R. Leonard","R. Leonard","QB","IND","14","","injury-status","Final T 20-20 @ HOU","-","-","-","-","-","-","-","-","-","-","-","-"
"2443","J. Mingo","J. Mingo","WR","DAL","9","IR","injury-status ir","Final L 3-19 vs TB","-","-","-","-","-","-","-","-","-","-","-","-"
"2444","A. Jeanty","A. Jeanty","RB","LV","6","","injury-status","Final L 19-24 @ LAC","-","-","-","-","-","-","-","-","-","-","-","-"
"2445","W. Reichard","W. Reichard","K","MIN","7","","injury-status","Final W 23-7 vs GB","-","-","-","-","-","-","-","-","-","-","-","-"
"2446","P. Sims","P. Sims","QB","","","","injury-status","BYE","-","-","-","-","-","-","-","-","-","-","-","-"
"2447","C. Johnson","C. Johnson","WR","","","","injury-status","BYE","-","-","-","-","-","-","-","-","-","-","-","-"
"2448","A. Gleichert","A. Gleichert","TE","","","","injury-status","BYE","-","-","-","-","-","-","-","-","-","-","-","-"
"2449","R. Keyton","R. Keyton","WR","","","","injury-status","BYE","-","-","-","-","-","-","-","-","-","-","-","-"
"2450","C. Bauman","C. Bauman","QB","","","","injury-status","BYE","-","-","-","-","-","-","-","-","-","-","-","-"
"2451","T. Ayo-Durojaiye","T. Ayo-Durojaiye","RB","","","","injury-status","BYE","-","-","-","-","-","-","-","-","-","-","-","-"
"2452","J. Plumlee","J. Plumlee","QB","","","IR","injury-status ir","BYE","-","-","-","-","-","-","-","-","-","-","-","-"
"2453","J. McCarthy","J. McCarthy","QB","MIN","7","","injury-status","Final W 23-7 vs GB","-","-","-","-","-","-","-","-","-","-","-","-"
"2454","C. Clear","C. Clear","TE","","","","injury-status","BYE","-","-","-","-","-","-","-","-","-","-","-","-"
"2455","S. Barnett","S. Barnett","WR","","","","injury-status","BYE","-","-","-","-","-","-","-","-","-","-","-","-"
"2456","T. Evans","T. Evans","RB","","","","injury-status","BYE","-","-","-","-","-","-","-","-","-","-","-","-"
"2457","J. Williams","J. Williams","RB","TB","11","","injury-status","Final W 19-3 @ DAL","-","-","-","-","-","-","-","-","-","-","-","-"
"2458","K. Ings","K. Ings","WR","","","","injury-status","BYE","-","-","-","-","-","-","-","-","-","-","-","-"
"2459","J. Croskey-Merritt","J. Croskey-Merritt","RB","WAS","14","","injury-status","Final W 28-22 vs JAX","-","-","-","-","-","-","-","-","-","-","-","-"
"2460","J. Vann","J. Vann","WR","","","","injury-status","BYE","-","-","-","-","-","-","-","-","-","-","-","-"
"2461","J. Bell","J. Bell","TE","","","","injury-status","BYE","-","-","-","-","-","-","-","-","-","-","-","-"
"2462","J. Dart","J. Dart","QB","NYG","9","","injury-status","Final W 21-20 @ TEN","-","-","-","-","-","-","-","-","-","-","-","-"
"2463","K. Foelsch","K. Foelsch","TE","","","","injury-status","BYE","-","-","-","-","-","-","-","-","-","-","-","-"
"2464","D. Davis","D. Davis","WR","","","","injury-status","BYE","-","-","-","-","-","-","-","-","-","-","-","-"
"2465","P. Brooks","P. Brooks","WR","","","","injury-status","BYE","-","-","-","-","-","-","-","-","-","-","-","-"
"2466","K. Slovis","K. Slovis","QB","ARI","13","","injury-status","Final L 21-44 vs KC","-","-","-","-","-","-","-","-","-","-","-","-"
"2467","M. Trickett","M. Trickett","K","","","","injury-status","BYE","-","-","-","-","-","-","-","-","-","-","-","-"
"2468","T. Creecy","T. Creecy","RB","","","","injury-status","BYE","-","-","-","-","-","-","-","-","-","-","-","-"
"2469","R. Jones","R. Jones","TE","","","","injury-status","BYE","-","-","-","-","-","-","-","-","-","-","-","-"
"2470","C. Peoples","C. Peoples","RB","","","","injury-status","BYE","-","-","-","-","-","-","-","-","-","-","-","-"
"2471","S. Sanders","S. Sanders","QB","","","","injury-status","BYE","-","-","-","-","-","-","-","-","-","-","-","-"
"2472","T. Tucker","T. Tucker","WR","LV","6","","injury-status","Final L 19-24 @ LAC","-","-","-","-","-","-","-","-","-","-","-","-"
"2473","B. Johnson","B. Johnson","WR","","","","injury-status","BYE","-","-","-","-","-","-","-","-","-","-","-","-"
"2474","D. Anthrop","D. Anthrop","WR","","","","injury-status","BYE","-","-","-","-","-","-","-","-","-","-","-","-"
"2475","J. Lane","J. Lane","WR","WAS","14","","injury-status","Final W 28-22 vs JAX","-","-","-","-","-","-","-","-","-","-","-","-"
"2476","D. Cambre","D. Cambre","WR","","","","injury-status","BYE","-","-","-","-","-","-","-","-","-","-","-","-"
"2477","C. Tune","C. Tune","QB","GB","14","","injury-status","Final L 7-23 @ MIN","-","-","-","-","-","-","-","-","-","-","-","-"
"2478","G. Holani","G. Holani","RB","SEA","11","","injury-status","Final W 17-16 vs DEN","-","-","-","-","-","-","-","-","-","-","-","-"
"2479","S. Gosnell","S. Gosnell","WR","BUF","7","","injury-status","Final W 31-10 @ LAR","-","-","-","-","-","-","-","-","-","-","-","-"
"2480","M. Morgan","M. Morgan","K","","","","injury-status","BYE","-","-","-","-","-","-","-","-","-","-","-","-"
"2481","I. Wheeler","I. Wheeler","RB","","","IR","injury-status ir","BYE","-","-","-","-","-","-","-","-","-","-","-","-"
"2482","J. Burton","J. Burton","WR","","","","injury-status","BYE","-","-","-","-","-","-","-","-","-","-","-","-"
"2483","Z. Horton","Z. Horton","TE","DET","6","","injury-status","Final L 35-38 vs PHI","-","-","-","-","-","-","-","-","-","-","-","-"
"2484","K. Hudson","K. Hudson","WR","","","","injury-status","BYE","-","-","-","-","-","-","-","-","-","-","-","-"
"2485","P. Olatoke","P. Olatoke","WR","","","","injury-status","BYE","-","-","-","-","-","-","-","-","-","-","-","-"
"2486","T. Sloat","T. Sloat","TE","","","","injury-status","BYE","-","-","-","-","-","-","-","-","-","-","-","-"
"2487","H. Dekkers","H. Dekkers","QB","NO","14","","injury-status","Final W 27-26 @ ATL","-","-","-","-","-","-","-","-","-","-","-","-"
"2488","J. Janke","J. Janke","WR","","","","injury-status","BYE","-","-","-","-","-","-","-","-","-","-","-","-"
"2489","T. DeMorat","T. DeMorat","QB","","","","injury-status","BYE","-","-","-","-","-","-","-","-","-","-","-","-"
"2490","T. Greaney","T. Greaney","TE","","","","injury-status","BYE","-","-","-","-","-","-","-","-","-","-","-","-"
"2491","T. Hudson","T. Hudson","WR","","","","injury-status","BYE","-","-","-","-","-","-","-","-","-","-","-","-"
"2492","J. Jackson","J. Jackson","WR","LAC","8","","injury-status","Final W 24-19 vs LV","-","-","-","-","-","-","-","-","-","-","-","-"
"2493","K. Prather","K. Prather","WR","","","Ques","injury-status questionable","BYE","-","-","-","-","-","-","-","-","-","-","-","-"
"2494","C. McClelland","C. McClelland","RB","","","","injury-status","BYE","-","-","-","-","-","-","-","-","-","-","-","-"
"2495","C. Dike","C. Dike","WR","TEN","6","","injury-status","Final L 20-21 vs NYG","-","-","-","-","-","-","-","-","-","-","-","-"
"2496","W. Shipley","W. Shipley","RB","PHI","7","","injury-status","Final W 38-35 @ DET","-","-","-","-","-","-","-","-","-","-","-","-"
"2497","D. Washington","D. Washington","TE","PIT","9","","injury-status","Final W 23-20 @ CIN","-","-","-","-","-","-","-","-","-","-","-","-"
"2498","C. Camper","C. Camper","WR","","","","injury-status","BYE","-","-","-","-","-","-","-","-","-","-","-","-"
"2499","B. Willis","B. Willis","TE","SF","9","","injury-status","Final L 10-19 @ CHI","-","-","-","-","-","-","-","-","-","-","-","-"
"2500","R. Collins","R. Collins","WR","","","","injury-status","BYE","-","-","-","-","-","-","-","-","-","-","-","-"
"2501","M. Corley","M. Corley","WR","CLE","9","","injury-status","Final W 26-24 @ CAR","-","-","-","-","-","-","-","-","-","-","-","-"
"2502","J. Mcafee","J. Mcafee","TE","","","","injury-status","BYE","-","-","-","-","-","-","-","-","-","-","-","-"
"2503","K. Latu","K. Latu","TE","BUF","7","","injury-status","Final W 31-10 @ LAR","-","-","-","-","-","-","-","-","-","-","-","-"
"2504","J. Baker","J. Baker","WR","","","","injury-status","BYE","-","-","-","-","-","-","-","-","-","-","-","-"
"2505","T. Watson","T. Watson","TE","KC","8","","injury-status","Final W 44-21 @ ARI","-","-","-","-","-","-","-","-","-","-","-","-"
"2506","A. Iosivas","A. Iosivas","WR","CIN","10","","injury-status","Final L 20-23 vs PIT","-","-","-","-","-","-","-","-","-","-","-","-"
"2507","D. Carter","D. Carter","WR","","","Ques","injury-status questionable","BYE","-","-","-","-","-","-","-","-","-","-","-","-"
"2508","C. Davis","C. Davis","K","","","","injury-status","BYE","-","-","-","-","-","-","-","-","-","-","-","-"
"2509","P. Nacua","P. Nacua","WR","LAR","7","","injury-status","Final L 10-31 vs BUF","-","-","-","-","-","-","-","-","-","-","-","-"
"2510","R. Ouzts","R. Ouzts","RB","SEA","11","","injury-status","Final W 17-16 vs DEN","-","-","-","-","-","-","-","-","-","-","-","-"
"2511","L. Rees-Zammit","L. Rees-Zammit","RB","","","Ques","injury-status questionable","BYE","-","-","-","-","-","-","-","-","-","-","-","-"
"2512","T. Felton","T. Felton","WR","MIN","7","Ques","injury-status questionable","Final W 23-7 vs GB","-","-","-","-","-","-","-","-","-","-","-","-"
"2513","S. Ryan","S. Ryan","WR","","","","injury-status","BYE","-","-","-","-","-","-","-","-","-","-","-","-"
"2514","C. Ward","C. Ward","QB","TEN","6","","injury-status","Final L 20-21 vs NYG","-","-","-","-","-","-","-","-","-","-","-","-"
"2515","M. Miller","M. Miller","TE","","","","injury-status","BYE","-","-","-","-","-","-","-","-","-","-","-","-"
"2516","B. Sinnott","B. Sinnott","TE","WAS","14","","injury-status","Final W 28-22 vs JAX","-","-","-","-","-","-","-","-","-","-","-","-"
"2517","E. Hull","E. Hull","RB","","","","injury-status","BYE","-","-","-","-","-","-","-","-","-","-","-","-"
"2518","E. Pancol","E. Pancol","WR","","","Ques","injury-status questionable","BYE","-","-","-","-","-","-","-","-","-","-","-","-"
"2519","K. Harris","K. Harris","WR","","","Ques","injury-status questionable","BYE","-","-","-","-","-","-","-","-","-","-","-","-"
"2520","N. Wright","N. Wright","RB","","","","injury-status","BYE","-","-","-","-","-","-","-","-","-","-","-","-"
"2521","M. Clark","M. Clark","WR","","","","injury-status","BYE","-","-","-","-","-","-","-","-","-","-","-","-"
"2522","T. Pratt","T. Pratt","WR","","","","injury-status","BYE","-","-","-","-","-","-","-","-","-","-","-","-"
"2523","J. Ngata","J. Ngata","WR","","","","injury-status","BYE","-","-","-","-","-","-","-","-","-","-","-","-"
"2524","P. Lutz","P. Lutz","WR","","","","injury-status","BYE","-","-","-","-","-","-","-","-","-","-","-","-"
"2525","D. Wade","D. Wade","WR","BAL","10","IR","injury-status ir","Final W 24-9 @ NYJ","-","-","-","-","-","-","-","-","-","-","-","-"
"2526","M. Carter","M. Carter","WR","","","","injury-status","BYE","-","-","-","-","-","-","-","-","-","-","-","-"
"2527","C. Schlee","C. Schlee","QB","","","","injury-status","BYE","-","-","-","-","-","-","-","-","-","-","-","-"
"2528","J. Stephens","J. Stephens","TE","DAL","9","IR","injury-status ir","Final L 3-19 vs TB","-","-","-","-","-","-","-","-","-","-","-","-"
"2529","B. Oliver","B. Oliver","WR","TEN","6","","injury-status","Final L 20-21 vs NYG","-","-","-","-","-","-","-","-","-","-","-","-"
"2530","O. Wright","O. Wright","RB","","","","injury-status","BYE","-","-","-","-","-","-","-","-","-","-","-","-"
"2531","T. Elgersma","T. Elgersma","QB","","","","injury-status","BYE","-","-","-","-","-","-","-","-","-","-","-","-"
"2532","S. Williams","S. Williams","WR","GB","14","Ques","injury-status questionable","Final L 7-23 @ MIN","-","-","-","-","-","-","-","-","-","-","-","-"
"2533","D. Brown","D. Brown","RB","","","","injury-status","BYE","-","-","-","-","-","-","-","-","-","-","-","-"
"2534","D. McDuffie","D. McDuffie","RB","","","","injury-status","BYE","-","-","-","-","-","-","-","-","-","-","-","-"
"2535","A. Quevedo","A. Quevedo","K","","","","injury-status","BYE","-","-","-","-","-","-","-","-","-","-","-","-"
"2536","R. Harvey","R. Harvey","RB","DEN","9","","injury-status","Final L 16-17 @ SEA","-","-","-","-","-","-","-","-","-","-","-","-"
"2537","S. Wyatt","S. Wyatt","WR","","","","injury-status","BYE","-","-","-","-","-","-","-","-","-","-","-","-"
"2538","J. Horn","J. Horn","WR","CAR","13","","injury-status","Final L 24-26 vs CLE","-","-","-","-","-","-","-","-","-","-","-","-"
"2539","T. Adams","T. Adams","WR","","","","injury-status","BYE","-","-","-","-","-","-","-","-","-","-","-","-"
"2540","P. Browning","P. Browning","WR","","","","injury-status","BYE","-","-","-","-","-","-","-","-","-","-","-","-"
"2541","C. Johnson","C. Johnson","WR","","","","injury-status","BYE","-","-","-","-","-","-","-","-","-","-","-","-"
"2542","D. White","D. White","WR","","","","injury-status","BYE","-","-","-","-","-","-","-","-","-","-","-","-"
"2543","W. Ruby","W. Ruby","WR","","","Ques","injury-status questionable","BYE","-","-","-","-","-","-","-","-","-","-","-","-"
"2544","I. Neyor","I. Neyor","WR","GB","14","","injury-status","Final L 7-23 @ MIN","-","-","-","-","-","-","-","-","-","-","-","-"
"2545","T. Morgan","T. Morgan","QB","","","","injury-status","BYE","-","-","-","-","-","-","-","-","-","-","-","-"
"2546","B. Brooks","B. Brooks","RB","HOU","6","","injury-status","Final T 20-20 vs IND","-","-","-","-","-","-","-","-","-","-","-","-"
"2547","C. Schrader","C. Schrader","RB","LAR","7","","injury-status","Final L 10-31 vs BUF","-","-","-","-","-","-","-","-","-","-","-","-"
"2548","W. Marks","W. Marks","RB","HOU","6","","injury-status","Final T 20-20 vs IND","-","-","-","-","-","-","-","-","-","-","-","-"
"2549","T. Owens","T. Owens","WR","","","","injury-status","BYE","-","-","-","-","-","-","-","-","-","-","-","-"
"2550","T. Welch","T. Welch","TE","NO","14","","injury-status","Final W 27-26 @ ATL","-","-","-","-","-","-","-","-","-","-","-","-"
"2551","K. Johnson","K. Johnson","RB","PIT","9","","injury-status","Final W 23-20 @ CIN","-","-","-","-","-","-","-","-","-","-","-","-"
"2552","B. Pierre","B. Pierre","TE","CAR","13","","injury-status","Final L 24-26 vs CLE","-","-","-","-","-","-","-","-","-","-","-","-"
"2553","E. Cooks","E. Cooks","WR","PHI","7","","injury-status","Final W 38-35 @ DET","-","-","-","-","-","-","-","-","-","-","-","-"
"2554","B. Corum","B. Corum","RB","LAR","7","","injury-status","Final L 10-31 vs BUF","-","-","-","-","-","-","-","-","-","-","-","-"
"2555","N. Williams","N. Williams","WR","DEN","9","","injury-status","Final L 16-17 @ SEA","-","-","-","-","-","-","-","-","-","-","-","-"
"2556","L. Scott","L. Scott","RB","BAL","10","","injury-status","Final W 24-9 @ NYJ","-","-","-","-","-","-","-","-","-","-","-","-"
"2557","C. Dunn","C. Dunn","K","","","","injury-status","BYE","-","-","-","-","-","-","-","-","-","-","-","-"
"2558","T. Brooks","T. Brooks","RB","CIN","10","","injury-status","Final L 20-23 vs PIT","-","-","-","-","-","-","-","-","-","-","-","-"
"2559","K. Mitchell","K. Mitchell","RB","BAL","10","","injury-status","Final W 24-9 @ NYJ","-","-","-","-","-","-","-","-","-","-","-","-"
"2560","C. Powell","C. Powell","RB","","","","injury-status","BYE","-","-","-","-","-","-","-","-","-","-","-","-"
"2561","B. Allen","B. Allen","RB","NYJ","10","","injury-status","Final L 9-24 vs BAL","-","-","-","-","-","-","-","-","-","-","-","-"
"2562","H. Hall","H. Hall","RB","","","","injury-status","BYE","-","-","-","-","-","-","-","-","-","-","-","-"
"2563","T. Johnson","T. Johnson","TE","NYG","9","","injury-status","Final W 21-20 @ TEN","-","-","-","-","-","-","-","-","-","-","-","-"
"2564","J. Haener","J. Haener","QB","NO","14","","injury-status","Final W 27-26 @ ATL","-","-","-","-","-","-","-","-","-","-","-","-"
"2565","T. Kraft","T. Kraft","TE","GB","14","","injury-status","Final L 7-23 @ MIN","-","-","-","-","-","-","-","-","-","-","-","-"
"2566","D. Jackson","D. Jackson","WR","","","","injury-status","BYE","-","-","-","-","-","-","-","-","-","-","-","-"
"2567","J. Barbon","J. Barbon","WR","","","","injury-status","BYE","-","-","-","-","-","-","-","-","-","-","-","-"
"2568","E. Collins","E. Collins","RB","","","","injury-status","BYE","-","-","-","-","-","-","-","-","-","-","-","-"
"2569","C. Cordeiro","C. Cordeiro","QB","","","","injury-status","BYE","-","-","-","-","-","-","-","-","-","-","-","-"
"2570","J. Haggins","J. Haggins","WR","","","","injury-status","BYE","-","-","-","-","-","-","-","-","-","-","-","-"
"2571","M. Severance","M. Severance","RB","","","","injury-status","BYE","-","-","-","-","-","-","-","-","-","-","-","-"
"2572","C. Lohner","C. Lohner","TE","DEN","9","","injury-status","Final L 16-17 @ SEA","-","-","-","-","-","-","-","-","-","-","-","-"
"2573","R. Wilson","R. Wilson","WR","PIT","9","","injury-status","Final W 23-20 @ CIN","-","-","-","-","-","-","-","-","-","-","-","-"
"2574","M. Tipton","M. Tipton","WR","NO","14","","injury-status","Final W 27-26 @ ATL","-","-","-","-","-","-","-","-","-","-","-","-"
"2575","B. Westfield","B. Westfield","WR","","","","injury-status","BYE","-","-","-","-","-","-","-","-","-","-","-","-"
"2576","V. Johnson","V. Johnson","WR","","","","injury-status","BYE","-","-","-","-","-","-","-","-","-","-","-","-"
"2577","T. Wolff","T. Wolff","K","","","","injury-status","BYE","-","-","-","-","-","-","-","-","-","-","-","-"
"2578","L. McCaffrey","L. McCaffrey","WR","WAS","14","","injury-status","Final W 28-22 vs JAX","-","-","-","-","-","-","-","-","-","-","-","-"
"2579","M. Landers","M. Landers","WR","","","Ques","injury-status questionable","BYE","-","-","-","-","-","-","-","-","-","-","-","-"
"2580","Q. Skinner","Q. Skinner","WR","","","","injury-status","BYE","-","-","-","-","-","-","-","-","-","-","-","-"
"2581","D. Davis","D. Davis","WR","","","Ques","injury-status questionable","BYE","-","-","-","-","-","-","-","-","-","-","-","-"
"2582","R. Bell","R. Bell","WR","DET","6","","injury-status","Final L 35-38 vs PHI","-","-","-","-","-","-","-","-","-","-","-","-"
"2583","T. Ferguson","T. Ferguson","TE","LAR","7","","injury-status","Final L 10-31 vs BUF","-","-","-","-","-","-","-","-","-","-","-","-"
"2584","B. Young","B. Young","QB","CAR","13","","injury-status","Final L 24-26 vs CLE","-","-","-","-","-","-","-","-","-","-","-","-"
"2585","S. Watts","S. Watts","RB","","","","injury-status","BYE","-","-","-","-","-","-","-","-","-","-","-","-"
"2586","J. Podlesny","J. Podlesny","K","","","","injury-status","BYE","-","-","-","-","-","-","-","-","-","-","-","-"
"2587","R. Coe","R. Coe","K","","","","injury-status","BYE","-","-","-","-","-","-","-","-","-","-","-","-"
"2588","E. Egbuka","E. Egbuka","WR","TB","11","","injury-status","Final W 19-3 @ DAL","-","-","-","-","-","-","-","-","-","-","-","-"
"2589","R. Pearsall","R. Pearsall","WR","SF","9","","injury-status","Final L 10-19 @ CHI","-","-","-","-","-","-","-","-","-","-","-","-"
"2590","T. Stewart","T. Stewart","RB","","","","injury-status","BYE","-","-","-","-","-","-","-","-","-","-","-","-"
"2591","J. Moore","J. Moore","WR","CIN","10","","injury-status","Final L 20-23 vs PIT","-","-","-","-","-","-","-","-","-","-","-","-"
"2592","B. Braylon","B. Braylon","WR","","","","injury-status","BYE","-","-","-","-","-","-","-","-","-","-","-","-"
"2593","A. Cruickshank","A. Cruickshank","WR","","","","injury-status","BYE","-","-","-","-","-","-","-","-","-","-","-","-"
"2594","G. Bartholomew","G. Bartholomew","TE","MIN","7","PUP","injury-status pup","Final W 23-7 vs GB","-","-","-","-","-","-","-","-","-","-","-","-"
"2595","O. Wilson","O. Wilson","WR","","","","injury-status","BYE","-","-","-","-","-","-","-","-","-","-","-","-"
"2596","S. Stilianos","S. Stilianos","TE","","","","injury-status","BYE","-","-","-","-","-","-","-","-","-","-","-","-"
"2597","A. Kelly","A. Kelly","WR","","","","injury-status","BYE","-","-","-","-","-","-","-","-","-","-","-","-"
"2598","Z. Malone","Z. Malone","WR","","","","injury-status","BYE","-","-","-","-","-","-","-","-","-","-","-","-"
"2599","J. McAtamney","J. McAtamney","K","NYG","9","","injury-status","Final W 21-20 @ TEN","-","-","-","-","-","-","-","-","-","-","-","-"
"2600","I. Guerendo","I. Guerendo","RB","SF","9","","injury-status","Final L 10-19 @ CHI","-","-","-","-","-","-","-","-","-","-","-","-"
"2601","N. King","N. King","WR","","","","injury-status","BYE","-","-","-","-","-","-","-","-","-","-","-","-"
"2602","D. Fleming","D. Fleming","WR","MIN","7","","injury-status","Final W 23-7 vs GB","-","-","-","-","-","-","-","-","-","-","-","-"
"2603","J. Bonds","J. Bonds","WR","","","","injury-status","BYE","-","-","-","-","-","-","-","-","-","-","-","-"
"2604","J. Newton","J. Newton","WR","","","","injury-status","BYE","-","-","-","-","-","-","-","-","-","-","-","-"
"2605","T. Mellott","T. Mellott","WR","NO","14","","injury-status","Final W 27-26 @ ATL","-","-","-","-","-","-","-","-","-","-","-","-"
"2606","E. Lee","E. Lee","WR","","","","injury-status","BYE","-","-","-","-","-","-","-","-","-","-","-","-"
"2607","T. Harris","T. Harris","WR","LAC","8","Ques","injury-status questionable","Final W 24-19 vs LV","-","-","-","-","-","-","-","-","-","-","-","-"
"2608","W. Levis","W. Levis","QB","TEN","6","IR","injury-status ir","Final L 20-21 vs NYG","-","-","-","-","-","-","-","-","-","-","-","-"
"2609","N. Carter","N. Carter","RB","ATL","14","","injury-status","Final L 26-27 vs NO","-","-","-","-","-","-","-","-","-","-","-","-"
"2610","E. Ruffin","E. Ruffin","WR","","","","injury-status","BYE","-","-","-","-","-","-","-","-","-","-","-","-"
"2611","S. Tucker","S. Tucker","RB","TB","11","","injury-status","Final W 19-3 @ DAL","-","-","-","-","-","-","-","-","-","-","-","-"
"2612","K. Akharaiyi","K. Akharaiyi","WR","","","","injury-status","BYE","-","-","-","-","-","-","-","-","-","-","-","-"
"2613","T. Pennix","T. Pennix","TE","","","","injury-status","BYE","-","-","-","-","-","-","-","-","-","-","-","-"
"2614","A. Szmyt","A. Szmyt","K","CLE","9","","injury-status","Final W 26-24 @ CAR","-","-","-","-","-","-","-","-","-","-","-","-"
"2615","T. Warren","T. Warren","TE","IND","14","","injury-status","Final T 20-20 @ HOU","-","-","-","-","-","-","-","-","-","-","-","-"
"2616","E. Jones","E. Jones","QB","ATL","14","IR","injury-status ir","Final L 26-27 vs NO","-","-","-","-","-","-","-","-","-","-","-","-"
"2617","M. Pline","M. Pline","TE","NO","14","IR","injury-status ir","Final W 27-26 @ ATL","-","-","-","-","-","-","-","-","-","-","-","-"
"2618","D. Thompson-Robinson","D. Thompson-Robinson","QB","","","","injury-status","BYE","-","-","-","-","-","-","-","-","-","-","-","-"
"2619","J. Matocha","J. Matocha","QB","","","","injury-status","BYE","-","-","-","-","-","-","-","-","-","-","-","-"
"2620","D. Porter","D. Porter","WR","","","","injury-status","BYE","-","-","-","-","-","-","-","-","-","-","-","-"
"2621","M. Colburn","M. Colburn","RB","","","","injury-status","BYE","-","-","-","-","-","-","-","-","-","-","-","-"
"2622","T. Shough","T. Shough","QB","NO","14","","injury-status","Final W 27-26 @ ATL","-","-","-","-","-","-","-","-","-","-","-","-"
"2623","B. Strange","B. Strange","TE","JAX","11","","injury-status","Final L 22-28 @ WAS","-","-","-","-","-","-","-","-","-","-","-","-"
"2624","B. Nesbit","B. Nesbit","TE","MIN","7","","injury-status","Final W 23-7 vs GB","-","-","-","-","-","-","-","-","-","-","-","-"
"2625","M. Hiers","M. Hiers","QB","","","","injury-status","BYE","-","-","-","-","-","-","-","-","-","-","-","-"
"2626","S. Clifford","S. Clifford","QB","","","","injury-status","BYE","-","-","-","-","-","-","-","-","-","-","-","-"
"2627","K. Lynch-Adams","K. Lynch-Adams","RB","","","","injury-status","BYE","-","-","-","-","-","-","-","-","-","-","-","-"
"2628","D. Campbell","D. Campbell","WR","CAR","13","","injury-status","Final L 24-26 vs CLE","-","-","-","-","-","-","-","-","-","-","-","-"
"2629","J. McMillan","J. McMillan","WR","TB","11","IR","injury-status ir","Final W 19-3 @ DAL","-","-","-","-","-","-","-","-","-","-","-","-"
"2630","D. Prince","D. Prince","RB","NE","10","IR","injury-status ir","Final L 7-20 @ MIA","-","-","-","-","-","-","-","-","-","-","-","-"
"2631","C. Lewis","C. Lewis","K","","","","injury-status","BYE","-","-","-","-","-","-","-","-","-","-","-","-"
"2632","J. Moody","J. Moody","K","SF","9","","injury-status","Final L 10-19 @ CHI","-","-","-","-","-","-","-","-","-","-","-","-"
"2633","B. Smith","B. Smith","RB","KC","8","","injury-status","Final W 44-21 @ ARI","-","-","-","-","-","-","-","-","-","-","-","-"
"2634","M. Foster","M. Foster","WR","","","Ques","injury-status questionable","BYE","-","-","-","-","-","-","-","-","-","-","-","-"
"2635","S. Days","S. Days","RB","","","","injury-status","BYE","-","-","-","-","-","-","-","-","-","-","-","-"
"2636","D. Wicks","D. Wicks","WR","GB","14","Ques","injury-status questionable","Final L 7-23 @ MIN","-","-","-","-","-","-","-","-","-","-","-","-"
"2637","L. Burden","L. Burden","WR","CHI","14","","injury-status","Final W 19-10 vs SF","-","-","-","-","-","-","-","-","-","-","-","-"
"2638","B. Thompson","B. Thompson","WR","","","","injury-status","BYE","-","-","-","-","-","-","-","-","-","-","-","-"
"2639","D. Douglas","D. Douglas","WR","NE","10","","injury-status","Final L 7-20 @ MIA","-","-","-","-","-","-","-","-","-","-","-","-"
"2640","S. Schnee","S. Schnee","WR","","","","injury-status","BYE","-","-","-","-","-","-","-","-","-","-","-","-"
"2641","Q. Conley","Q. Conley","RB","","","","injury-status","BYE","-","-","-","-","-","-","-","-","-","-","-","-"
"2642","J. Saylors","J. Saylors","RB","DET","6","","injury-status","Final L 35-38 vs PHI","-","-","-","-","-","-","-","-","-","-","-","-"
"2643","I. Gathings","I. Gathings","TE","","","Ques","injury-status questionable","BYE","-","-","-","-","-","-","-","-","-","-","-","-"
"2644","T. Tagovailoa","T. Tagovailoa","QB","","","","injury-status","BYE","-","-","-","-","-","-","-","-","-","-","-","-"
"2645","M. Johnson","M. Johnson","RB","","","","injury-status","BYE","-","-","-","-","-","-","-","-","-","-","-","-"
"2646","L. Floriea","L. Floriea","WR","","","Ques","injury-status questionable","BYE","-","-","-","-","-","-","-","-","-","-","-","-"
"2647","M. Rigerman","M. Rigerman","TE","","","","injury-status","BYE","-","-","-","-","-","-","-","-","-","-","-","-"
"2648","J. Thrash","J. Thrash","WR","CLE","9","","injury-status","Final W 26-24 @ CAR","-","-","-","-","-","-","-","-","-","-","-","-"
"2649","M. Yarns","M. Yarns","RB","","","","injury-status","BYE","-","-","-","-","-","-","-","-","-","-","-","-"
"2650","G. Greene","G. Greene","QB","TB","11","","injury-status","Final W 19-3 @ DAL","-","-","-","-","-","-","-","-","-","-","-","-"
"2651","J. Travis","J. Travis","QB","","","NA","injury-status na","BYE","-","-","-","-","-","-","-","-","-","-","-","-"
"2652","S. LaPorta","S. LaPorta","TE","DET","6","","injury-status","Final L 35-38 vs PHI","-","-","-","-","-","-","-","-","-","-","-","-"
"2653","G. Hardison","G. Hardison","QB","","","","injury-status","BYE","-","-","-","-","-","-","-","-","-","-","-","-"
"2654","D. Caffrey","D. Caffrey","TE","","","","injury-status","BYE","-","-","-","-","-","-","-","-","-","-","-","-"
"2655","J. Banks","J. Banks","WR","","","","injury-status","BYE","-","-","-","-","-","-","-","-","-","-","-","-"
"2656","A. Hale","A. Hale","K","","","Ques","injury-status questionable","BYE","-","-","-","-","-","-","-","-","-","-","-","-"
"2657","D. Demus","D. Demus","WR","","","","injury-status","BYE","-","-","-","-","-","-","-","-","-","-","-","-"
"2658","J. Jackson","J. Jackson","WR","","","","injury-status","BYE","-","-","-","-","-","-","-","-","-","-","-","-"
"2659","J. Jackson","J. Jackson","WR","","","","injury-status","BYE","-","-","-","-","-","-","-","-","-","-","-","-"
"2660","M. Riley","M. Riley","WR","","","Ques","injury-status questionable","BYE","-","-","-","-","-","-","-","-","-","-","-","-"
"2661","K. Thompson","K. Thompson","WR","","","","injury-status","BYE","-","-","-","-","-","-","-","-","-","-","-","-"
"2662","S. Sanders","S. Sanders","QB","CLE","9","","injury-status","Final W 26-24 @ CAR","-","-","-","-","-","-","-","-","-","-","-","-"
"2663","I. Williams","I. Williams","WR","CIN","10","","injury-status","Final L 20-23 vs PIT","-","-","-","-","-","-","-","-","-","-","-","-"
"2664","N. Rourke","N. Rourke","QB","","","","injury-status","BYE","-","-","-","-","-","-","-","-","-","-","-","-"
"2665","J. Bobo","J. Bobo","WR","SEA","11","Ques","injury-status questionable","Final W 17-16 vs DEN","-","-","-","-","-","-","-","-","-","-","-","-"
"2666","J. Holiday","J. Holiday","WR","KC","8","","injury-status","Final W 44-21 @ ARI","-","-","-","-","-","-","-","-","-","-","-","-"
"2667","M. McNamee","M. McNamee","K","GB","14","","injury-status","Final L 7-23 @ MIN","-","-","-","-","-","-","-","-","-","-","-","-"
"2668","T. Benson","T. Benson","RB","ARI","13","","injury-status","Final L 21-44 vs KC","-","-","-","-","-","-","-","-","-","-","-","-"
"2669","B. Russell","B. Russell","TE","SEA","11","","injury-status","Final W 17-16 vs DEN","-","-","-","-","-","-","-","-","-","-","-","-"
"2670","D. George","D. George","WR","","","","injury-status","BYE","-","-","-","-","-","-","-","-","-","-","-","-"
"2671","D. Blankumsee","D. Blankumsee","WR","","","","injury-status","BYE","-","-","-","-","-","-","-","-","-","-","-","-"
"2672","A. Grant","A. Grant","RB","","","","injury-status","BYE","-","-","-","-","-","-","-","-","-","-","-","-"
"2673","C. Dowell","C. Dowell","WR","","","","injury-status","BYE","-","-","-","-","-","-","-","-","-","-","-","-"
"2674","P. Jarrett","P. Jarrett","QB","","","","injury-status","BYE","-","-","-","-","-","-","-","-","-","-","-","-"
"2675","I. Winstead","I. Winstead","WR","","","","injury-status","BYE","-","-","-","-","-","-","-","-","-","-","-","-"
"2676","N. Gindorff","N. Gindorff","TE","","","","injury-status","BYE","-","-","-","-","-","-","-","-","-","-","-","-"
"2677","J. Paddock","J. Paddock","QB","","","","injury-status","BYE","-","-","-","-","-","-","-","-","-","-","-","-"
"2678","J. Chisholm","J. Chisholm","RB","","","","injury-status","BYE","-","-","-","-","-","-","-","-","-","-","-","-"
"2679","J. Harper","J. Harper","WR","","","","injury-status","BYE","-","-","-","-","-","-","-","-","-","-","-","-"
"2680","K. Robinson","K. Robinson","RB","","","","injury-status","BYE","-","-","-","-","-","-","-","-","-","-","-","-"
"2681","T. Swen","T. Swen","RB","","","","injury-status","BYE","-","-","-","-","-","-","-","-","-","-","-","-"
"2682","R. Baker","R. Baker","RB","","","Ques","injury-status questionable","BYE","-","-","-","-","-","-","-","-","-","-","-","-"
"2683","T. Gordon","T. Gordon","TE","","","","injury-status","BYE","-","-","-","-","-","-","-","-","-","-","-","-"
"2684","R. Lombardi","R. Lombardi","QB","","","","injury-status","BYE","-","-","-","-","-","-","-","-","-","-","-","-"
"2685","W. Mallory","W. Mallory","TE","IND","14","","injury-status","Final T 20-20 @ HOU","-","-","-","-","-","-","-","-","-","-","-","-"
"2686","C. Peterson","C. Peterson","QB","","","","injury-status","BYE","-","-","-","-","-","-","-","-","-","-","-","-"
"2687","X. Weaver","X. Weaver","WR","ARI","13","","injury-status","Final L 21-44 vs KC","-","-","-","-","-","-","-","-","-","-","-","-"
"2688","V. Ambrosio","V. Ambrosio","K","","","","injury-status","BYE","-","-","-","-","-","-","-","-","-","-","-","-"
"2689","C. Brayboy","C. Brayboy","WR","JAX","11","","injury-status","Final L 22-28 @ WAS","-","-","-","-","-","-","-","-","-","-","-","-"
"2690","M. Pratt","M. Pratt","QB","","","Ques","injury-status questionable","BYE","-","-","-","-","-","-","-","-","-","-","-","-"
"2691","J. Mayes","J. Mayes","WR","","","","injury-status","BYE","-","-","-","-","-","-","-","-","-","-","-","-"
"2692","A. Peasley","A. Peasley","QB","","","","injury-status","BYE","-","-","-","-","-","-","-","-","-","-","-","-"
"2693","D. Holker","D. Holker","TE","","","","injury-status","BYE","-","-","-","-","-","-","-","-","-","-","-","-"
"2694","H. Hooker","H. Hooker","QB","CAR","13","","injury-status","Final L 24-26 vs CLE","-","-","-","-","-","-","-","-","-","-","-","-"
"2695","L. Jackson","L. Jackson","WR","MIN","7","","injury-status","Final W 23-7 vs GB","-","-","-","-","-","-","-","-","-","-","-","-"
"2696","S. Pinckney","S. Pinckney","WR","","","","injury-status","BYE","-","-","-","-","-","-","-","-","-","-","-","-"
"2697","G. Hebert","G. Hebert","TE","","","","injury-status","BYE","-","-","-","-","-","-","-","-","-","-","-","-"
"2698","E. All","E. All","TE","CIN","10","PUP","injury-status pup","Final L 20-23 vs PIT","-","-","-","-","-","-","-","-","-","-","-","-"
"2699","R. Douglas","R. Douglas","WR","","","","injury-status","BYE","-","-","-","-","-","-","-","-","-","-","-","-"
"2700","Z. Kuntz","Z. Kuntz","TE","","","","injury-status","BYE","-","-","-","-","-","-","-","-","-","-","-","-"
"2701","K. Jackson","K. Jackson","WR","","","","injury-status","BYE","-","-","-","-","-","-","-","-","-","-","-","-"
"2702","L. Jones","L. Jones","WR","","","","injury-status","BYE","-","-","-","-","-","-","-","-","-","-","-","-"
"2703","J. Marshall","J. Marshall","WR","","","","injury-status","BYE","-","-","-","-","-","-","-","-","-","-","-","-"
"2704","J. Franklin","J. Franklin","QB","","","","injury-status","BYE","-","-","-","-","-","-","-","-","-","-","-","-"
"2705","J. Petaia","J. Petaia","TE","","","Ques","injury-status questionable","BYE","-","-","-","-","-","-","-","-","-","-","-","-"
"2706","G. Spivey","G. Spivey","TE","","","","injury-status","BYE","-","-","-","-","-","-","-","-","-","-","-","-"
"2707","E. Badger","E. Badger","WR","","","","injury-status","BYE","-","-","-","-","-","-","-","-","-","-","-","-"
"2708","M. Wilson","M. Wilson","WR","ARI","13","","injury-status","Final L 21-44 vs KC","-","-","-","-","-","-","-","-","-","-","-","-"
"2709","R. Odunze","R. Odunze","WR","CHI","14","","injury-status","Final W 19-10 vs SF","-","-","-","-","-","-","-","-","-","-","-","-"
"2710","H. Luepke","H. Luepke","RB","DAL","9","","injury-status","Final L 3-19 vs TB","-","-","-","-","-","-","-","-","-","-","-","-"
"2711","J. Terry","J. Terry","TE","","","IR","injury-status ir","BYE","-","-","-","-","-","-","-","-","-","-","-","-"
"2712","S. Carden","S. Carden","QB","","","","injury-status","BYE","-","-","-","-","-","-","-","-","-","-","-","-"
"2713","D. Hankins","D. Hankins","RB","CHI","14","IR","injury-status ir","Final W 19-10 vs SF","-","-","-","-","-","-","-","-","-","-","-","-"
"2714","E. Garbers","E. Garbers","QB","","","","injury-status","BYE","-","-","-","-","-","-","-","-","-","-","-","-"
"2715","C. Washington","C. Washington","WR","ATL","14","","injury-status","Final L 26-27 vs NO","-","-","-","-","-","-","-","-","-","-","-","-"
"2716","R. Burns","R. Burns","RB","","","","injury-status","BYE","-","-","-","-","-","-","-","-","-","-","-","-"
"2717","R. White","R. White","WR","SEA","11","","injury-status","Final W 17-16 vs DEN","-","-","-","-","-","-","-","-","-","-","-","-"
"2718","L. McConkey","L. McConkey","WR","LAC","8","","injury-status","Final W 24-19 vs LV","-","-","-","-","-","-","-","-","-","-","-","-"
"2719","R. Lewis","R. Lewis","WR","","","","injury-status","BYE","-","-","-","-","-","-","-","-","-","-","-","-"
"2720","S. Henigan","S. Henigan","QB","JAX","11","","injury-status","Final L 22-28 @ WAS","-","-","-","-","-","-","-","-","-","-","-","-"
"2721","J. Small","J. Small","RB","","","Ques","injury-status questionable","BYE","-","-","-","-","-","-","-","-","-","-","-","-"
"2722","R. Mobley","R. Mobley","WR","","","","injury-status","BYE","-","-","-","-","-","-","-","-","-","-","-","-"
"2723","M. Coprich","M. Coprich","RB","","","","injury-status","BYE","-","-","-","-","-","-","-","-","-","-","-","-"
"2724","C. Kiner","C. Kiner","RB","SF","9","Ques","injury-status questionable","Final L 10-19 @ CHI","-","-","-","-","-","-","-","-","-","-","-","-"
"2725","I. TeSlaa","I. TeSlaa","WR","DET","6","","injury-status","Final L 35-38 vs PHI","-","-","-","-","-","-","-","-","-","-","-","-"
"2726","M. Major","M. Major","RB","","","","injury-status","BYE","-","-","-","-","-","-","-","-","-","-","-","-"
"2727","J. Jones","J. Jones","WR","","","","injury-status","BYE","-","-","-","-","-","-","-","-","-","-","-","-"
"2728","T. Henderson","T. Henderson","RB","NE","10","","injury-status","Final L 7-20 @ MIA","-","-","-","-","-","-","-","-","-","-","-","-"
"2729","C. Ryland","C. Ryland","K","ARI","13","","injury-status","Final L 21-44 vs KC","-","-","-","-","-","-","-","-","-","-","-","-"
"2730","A. Jones","A. Jones","RB","","","","injury-status","BYE","-","-","-","-","-","-","-","-","-","-","-","-"
"2731","R. Fitzgerald","R. Fitzgerald","K","CAR","13","","injury-status","Final L 24-26 vs CLE","-","-","-","-","-","-","-","-","-","-","-","-"
"2732","R. Sharp","R. Sharp","TE","","","","injury-status","BYE","-","-","-","-","-","-","-","-","-","-","-","-"
"2733","P. LeBlanc","P. LeBlanc","WR","","","","injury-status","BYE","-","-","-","-","-","-","-","-","-","-","-","-"
"2734","D. Joyner","D. Joyner","WR","","","","injury-status","BYE","-","-","-","-","-","-","-","-","-","-","-","-"
"2735","A. Reed","A. Reed","QB","","","","injury-status","BYE","-","-","-","-","-","-","-","-","-","-","-","-"
"2736","J. Manton","J. Manton","K","","","","injury-status","BYE","-","-","-","-","-","-","-","-","-","-","-","-"
"2737","D. Durden","D. Durden","WR","","","Ques","injury-status questionable","BYE","-","-","-","-","-","-","-","-","-","-","-","-"
"2738","L. Parker","L. Parker","WR","","","","injury-status","BYE","-","-","-","-","-","-","-","-","-","-","-","-"
"2739","J. Wright","J. Wright","RB","SEA","11","","injury-status","Final W 17-16 vs DEN","-","-","-","-","-","-","-","-","-","-","-","-"
"2740","J. Walker","J. Walker","WR","CHI","14","","injury-status","Final W 19-10 vs SF","-","-","-","-","-","-","-","-","-","-","-","-"
"2741","I. Davis","I. Davis","RB","NYJ","10","Ques","injury-status questionable","Final L 9-24 vs BAL","-","-","-","-","-","-","-","-","-","-","-","-"
"2742","L. Nichols","L. Nichols","RB","PIT","9","","injury-status","Final W 23-20 @ CIN","-","-","-","-","-","-","-","-","-","-","-","-"
"2743","J. Smith-Njigba","J. Smith-Njigba","WR","SEA","11","","injury-status","Final W 17-16 vs DEN","-","-","-","-","-","-","-","-","-","-","-","-"
"2744","T. Lindsey","T. Lindsey","WR","","","","injury-status","BYE","-","-","-","-","-","-","-","-","-","-","-","-"
"2745","R. Mueller","R. Mueller","RB","","","","injury-status","BYE","-","-","-","-","-","-","-","-","-","-","-","-"
"2746","T. Pitts","T. Pitts","WR","","","Ques","injury-status questionable","BYE","-","-","-","-","-","-","-","-","-","-","-","-"
"2747","G. Holmes","G. Holmes","WR","","","","injury-status","BYE","-","-","-","-","-","-","-","-","-","-","-","-"
"2748","K. Vidal","K. Vidal","RB","LAC","8","","injury-status","Final W 24-19 vs LV","-","-","-","-","-","-","-","-","-","-","-","-"
"2749","J. Conyers","J. Conyers","TE","MIA","11","IR","injury-status ir","Final W 20-7 vs NE","-","-","-","-","-","-","-","-","-","-","-","-"
"2750","E. Brun","E. Brun","TE","","","","injury-status","BYE","-","-","-","-","-","-","-","-","-","-","-","-"
"2751","B. Bates","B. Bates","TE","CLE","9","","injury-status","Final W 26-24 @ CAR","-","-","-","-","-","-","-","-","-","-","-","-"
"2752","A. Coxson","A. Coxson","WR","","","","injury-status","BYE","-","-","-","-","-","-","-","-","-","-","-","-"
"2753","J. Smith","J. Smith","WR","","","IR","injury-status ir","BYE","-","-","-","-","-","-","-","-","-","-","-","-"
"2754","A. Boone","A. Boone","QB","","","","injury-status","BYE","-","-","-","-","-","-","-","-","-","-","-","-"
"2755","S. Houma","S. Houma","RB","","","","injury-status","BYE","-","-","-","-","-","-","-","-","-","-","-","-"
"2756","D. Laube","D. Laube","RB","LV","6","","injury-status","Final L 19-24 @ LAC","-","-","-","-","-","-","-","-","-","-","-","-"
"2757","C. Brooks","C. Brooks","RB","GB","14","","injury-status","Final L 7-23 @ MIN","-","-","-","-","-","-","-","-","-","-","-","-"
"2758","J. Edwards","J. Edwards","RB","","","","injury-status","BYE","-","-","-","-","-","-","-","-","-","-","-","-"
"2759","G. Scott","G. Scott","TE","","","","injury-status","BYE","-","-","-","-","-","-","-","-","-","-","-","-"
"2760","A. Carlson","A. Carlson","K","","","","injury-status","BYE","-","-","-","-","-","-","-","-","-","-","-","-"
"2761","J. Brooks","J. Brooks","WR","WAS","14","","injury-status","Final W 28-22 vs JAX","-","-","-","-","-","-","-","-","-","-","-","-"
"2762","J. Brownlee","J. Brownlee","WR","KC","8","","injury-status","Final W 44-21 @ ARI","-","-","-","-","-","-","-","-","-","-","-","-"
"2763","M. Herzog","M. Herzog","RB","","","","injury-status","BYE","-","-","-","-","-","-","-","-","-","-","-","-"
"2764","C. Louks","C. Louks","WR","","","","injury-status","BYE","-","-","-","-","-","-","-","-","-","-","-","-"
"2765","M. Johnson","M. Johnson","WR","","","","injury-status","BYE","-","-","-","-","-","-","-","-","-","-","-","-"
"2766","J. Reed","J. Reed","WR","GB","14","Ques","injury-status questionable","Final L 7-23 @ MIN","-","-","-","-","-","-","-","-","-","-","-","-"
"2767","E. Bailey","E. Bailey","RB","","","","injury-status","BYE","-","-","-","-","-","-","-","-","-","-","-","-"
"2768","Z. Annexstad","Z. Annexstad","QB","","","","injury-status","BYE","-","-","-","-","-","-","-","-","-","-","-","-"
"2769","T. McLachlan","T. McLachlan","TE","CIN","10","IR","injury-status ir","Final L 20-23 vs PIT","-","-","-","-","-","-","-","-","-","-","-","-"
"2770","C. Jones","C. Jones","WR","CIN","10","","injury-status","Final L 20-23 vs PIT","-","-","-","-","-","-","-","-","-","-","-","-"
"2771","J. Sifrin","J. Sifrin","TE","","","","injury-status","BYE","-","-","-","-","-","-","-","-","-","-","-","-"
"2772","A. Brown","A. Brown","WR","","","","injury-status","BYE","-","-","-","-","-","-","-","-","-","-","-","-"
"2773","H. El-Zayat","H. El-Zayat","WR","","","Ques","injury-status questionable","BYE","-","-","-","-","-","-","-","-","-","-","-","-"
"2774","M. Washington","M. Washington","WR","MIA","11","","injury-status","Final W 20-7 vs NE","-","-","-","-","-","-","-","-","-","-","-","-"
"2775","E. Chism","E. Chism","WR","NE","10","Ques","injury-status questionable","Final L 7-20 @ MIA","-","-","-","-","-","-","-","-","-","-","-","-"
"2776","B. McCoy","B. McCoy","WR","","","","injury-status","BYE","-","-","-","-","-","-","-","-","-","-","-","-"
"2777","B. Easton","B. Easton","WR","","","","injury-status","BYE","-","-","-","-","-","-","-","-","-","-","-","-"
"2778","T. Kahmann","T. Kahmann","WR","","","","injury-status","BYE","-","-","-","-","-","-","-","-","-","-","-","-"
"2779","T. Brown","T. Brown","K","","","","injury-status","BYE","-","-","-","-","-","-","-","-","-","-","-","-"
"2780","J. Hall","J. Hall","QB","","","","injury-status","BYE","-","-","-","-","-","-","-","-","-","-","-","-"
"2781","H. Spears","H. Spears","TE","","","","injury-status","BYE","-","-","-","-","-","-","-","-","-","-","-","-"
"2782","C. Tyler","C. Tyler","RB","","","","injury-status","BYE","-","-","-","-","-","-","-","-","-","-","-","-"
"2783","C. Loveland","C. Loveland","TE","CHI","14","","injury-status","Final W 19-10 vs SF","-","-","-","-","-","-","-","-","-","-","-","-"
"2784","J. Pritchett","J. Pritchett","WR","NYJ","10","","injury-status","Final L 9-24 vs BAL","-","-","-","-","-","-","-","-","-","-","-","-"
"2785","M. Williams","M. Williams","QB","","","","injury-status","BYE","-","-","-","-","-","-","-","-","-","-","-","-"
"2786","J. Milton","J. Milton","QB","DAL","9","","injury-status","Final L 3-19 vs TB","-","-","-","-","-","-","-","-","-","-","-","-"
"2787","X. Valladay","X. Valladay","RB","MIN","7","","injury-status","Final W 23-7 vs GB","-","-","-","-","-","-","-","-","-","-","-","-"
"2788","J. Wilson","J. Wilson","WR","PHI","7","IR","injury-status ir","Final W 38-35 @ DET","-","-","-","-","-","-","-","-","-","-","-","-"
"2789","C. King","C. King","WR","","","","injury-status","BYE","-","-","-","-","-","-","-","-","-","-","-","-"
"2790","A. McNulty","A. McNulty","K","","","","injury-status","BYE","-","-","-","-","-","-","-","-","-","-","-","-"
"2791","A. Estime","A. Estime","RB","PHI","7","","injury-status","Final W 38-35 @ DET","-","-","-","-","-","-","-","-","-","-","-","-"
"2792","D. Gardner","D. Gardner","WR","","","","injury-status","BYE","-","-","-","-","-","-","-","-","-","-","-","-"
"2793","E. Dean","E. Dean","TE","","","","injury-status","BYE","-","-","-","-","-","-","-","-","-","-","-","-"
"2794","M. Dalena","M. Dalena","WR","","","","injury-status","BYE","-","-","-","-","-","-","-","-","-","-","-","-"
"2795","B. Taylor","B. Taylor","WR","","","","injury-status","BYE","-","-","-","-","-","-","-","-","-","-","-","-"
"2796","R. Williams","R. Williams","RB","","","","injury-status","BYE","-","-","-","-","-","-","-","-","-","-","-","-"
"2797","C. Chapman","C. Chapman","WR","","","","injury-status","BYE","-","-","-","-","-","-","-","-","-","-","-","-"
"2798","B. Tremayne","B. Tremayne","WR","CAR","13","","injury-status","Final L 24-26 vs CLE","-","-","-","-","-","-","-","-","-","-","-","-"
"2799","K. Williams","K. Williams","WR","PIT","9","","injury-status","Final W 23-20 @ CIN","-","-","-","-","-","-","-","-","-","-","-","-"
"2800","M. Duggan","M. Duggan","QB","","","","injury-status","BYE","-","-","-","-","-","-","-","-","-","-","-","-"
"2801","J. Kelly","J. Kelly","WR","HOU","6","","injury-status","Final T 20-20 vs IND","-","-","-","-","-","-","-","-","-","-","-","-"
"2802","D. Fenwick","D. Fenwick","RB","","","","injury-status","BYE","-","-","-","-","-","-","-","-","-","-","-","-"
"2803","J. Fleming","J. Fleming","WR","","","","injury-status","BYE","-","-","-","-","-","-","-","-","-","-","-","-"
"2804","C. Beck","C. Beck","WR","","","","injury-status","BYE","-","-","-","-","-","-","-","-","-","-","-","-"
"2805","I. Adeyi","I. Adeyi","WR","","","","injury-status","BYE","-","-","-","-","-","-","-","-","-","-","-","-"
"2806","J. George","J. George","WR","","","","injury-status","BYE","-","-","-","-","-","-","-","-","-","-","-","-"
"2807","E. Jenkins","E. Jenkins","TE","PHI","7","","injury-status","Final W 38-35 @ DET","-","-","-","-","-","-","-","-","-","-","-","-"
"2808","J. Lingenfelter","J. Lingenfelter","TE","","","","injury-status","BYE","-","-","-","-","-","-","-","-","-","-","-","-"
"2809","D. Hardy","D. Hardy","WR","","","","injury-status","BYE","-","-","-","-","-","-","-","-","-","-","-","-"
"2810","L. Wester","L. Wester","WR","BAL","10","","injury-status","Final W 24-9 @ NYJ","-","-","-","-","-","-","-","-","-","-","-","-"
"2811","T. Williams","T. Williams","RB","","","","injury-status","BYE","-","-","-","-","-","-","-","-","-","-","-","-"
"2812","O. Gadsden","O. Gadsden","TE","LAC","8","","injury-status","Final W 24-19 vs LV","-","-","-","-","-","-","-","-","-","-","-","-"
"2813","T. James","T. James","WR","","","","injury-status","BYE","-","-","-","-","-","-","-","-","-","-","-","-"
"2814","D. Walker","D. Walker","WR","BAL","10","","injury-status","Final W 24-9 @ NYJ","-","-","-","-","-","-","-","-","-","-","-","-"
"2815","T. Grimes","T. Grimes","WR","","","","injury-status","BYE","-","-","-","-","-","-","-","-","-","-","-","-"
"2816","J. King","J. King","WR","","","","injury-status","BYE","-","-","-","-","-","-","-","-","-","-","-","-"
"2817","J. McLaughlin","J. McLaughlin","RB","DEN","9","","injury-status","Final L 16-17 @ SEA","-","-","-","-","-","-","-","-","-","-","-","-"
"2818","O. Hampton","O. Hampton","RB","LAC","8","","injury-status","Final W 24-19 vs LV","-","-","-","-","-","-","-","-","-","-","-","-"
"2819","K. Boutte","K. Boutte","WR","NE","10","","injury-status","Final L 7-20 @ MIA","-","-","-","-","-","-","-","-","-","-","-","-"
"2820","C. Sims","C. Sims","TE","","","","injury-status","BYE","-","-","-","-","-","-","-","-","-","-","-","-"
"2821","D. Singer","D. Singer","WR","","","","injury-status","BYE","-","-","-","-","-","-","-","-","-","-","-","-"
"2822","J. Cowing","J. Cowing","WR","SF","9","IR","injury-status ir","Final L 10-19 @ CHI","-","-","-","-","-","-","-","-","-","-","-","-"
"2823","K. Milton","K. Milton","RB","CIN","10","","injury-status","Final L 20-23 vs PIT","-","-","-","-","-","-","-","-","-","-","-","-"
"2824","B. Irving","B. Irving","RB","TB","11","","injury-status","Final W 19-3 @ DAL","-","-","-","-","-","-","-","-","-","-","-","-"
"2825","P. Washington","P. Washington","WR","JAX","11","","injury-status","Final L 22-28 @ WAS","-","-","-","-","-","-","-","-","-","-","-","-"
"2826","J. Kapp","J. Kapp","WR","","","","injury-status","BYE","-","-","-","-","-","-","-","-","-","-","-","-"
"2827","B. Gabbert","B. Gabbert","QB","","","","injury-status","BYE","-","-","-","-","-","-","-","-","-","-","-","-"
"2828","B. Aubrey","B. Aubrey","K","DAL","9","","injury-status","Final L 3-19 vs TB","-","-","-","-","-","-","-","-","-","-","-","-"
"2829","K. Dent","K. Dent","QB","","","","injury-status","BYE","-","-","-","-","-","-","-","-","-","-","-","-"