"index","short_name","name","position","team","bye_week","injury_text","injury_class","game_status","points","stat_2","stat_3","stat_4","stat_5","stat_6","stat_7","stat_8","stat_9","stat_10","stat_11","stat_12"
"1","J. Hurts","J. Hurts","QB","PHI","9","","injury-status","Final W 25-20 @ NE","363","157","605","15","-","-","-","-","352","538","3858","23"
"2","P. Mahomes","P. Mahomes","QB","KC","10","","injury-status","Final L 20-21 vs DET","289","75","389","-","-","-","-","-","401","597","4183","27"
"3","J. Allen","J. Allen","QB","BUF","7","","injury-status","Final L 16-22 @ NYJ","404","111","524","15","-","-","-","-","385","579","4306","29"
"4","L. Jackson","L. Jackson","QB","BAL","7","Ques","injury-status questionable","Final W 25-9 vs HOU","327","148","821","5","-","-","-","-","307","457","3678","24"
"5","J. Burrow","J. Burrow","QB","CIN","10","","injury-status","Final L 3-24 @ CLE","151","31","88","-","-","-","-","-","244","365","2309","15"
"6","J. Herbert","J. Herbert","QB","LAC","12","","injury-status","Final L 34-36 vs MIA","237","52","228","3","1","1","10","-","297","456","3134","20"
"7","T. Tagovailoa","T. Tagovailoa","QB","MIA","12","","injury-status","Final W 36-34 @ LAC","271","35","74","-","-","-","-","-","388","560","4624","29"
"8","J. Fields","J. Fields","QB","CHI","5","","injury-status","Final L 20-38 vs GB","229","124","657","4","-","-","-","-","227","370","2562","16"
"9","C. McCaffrey","C. McCaffrey","RB","SF","14","","injury-status","Final W 30-7 @ PIT","355","272","1459","14","67","83","564","7","-","-","-","-"
"10","T. Lawrence","T. Lawrence","QB","JAX","8","","injury-status","Final W 31-21 @ IND","265","70","339","4","-","-","-","-","370","564","4016","21"
"11","D. Prescott","D. Prescott","QB","DAL","10","","injury-status","Final W 40-0 @ NYG","348","55","242","2","-","-","-","-","410","590","4516","36"
"12","D. Watson","D. Watson","QB","CLE","9","PUP","injury-status pup","Final W 24-3 vs CIN","86","26","142","1","-","-","-","-","105","171","1115","7"
"13","A. Richardson","A. Richardson","QB","IND","11","","injury-status","Final L 21-31 vs JAX","71","25","136","4","-","-","-","-","50","84","577","3"
"14","K. Cousins","K. Cousins","QB","MIN","6","","injury-status","Final L 17-20 vs TB","148","14","25","-","-","-","-","-","216","311","2331","18"
"15","D. Jones","D. Jones","QB","NYG","14","","injury-status","Final L 0-40 vs DAL","59","40","206","1","-","-","-","-","108","160","909","2"
"16","J. Jefferson","J. Jefferson","WR","MIN","6","Ques","injury-status questionable","Final L 17-20 vs TB","167","1","-12","-","68","100","1074","5","-","1","-","-"
"17","R. Wilson","R. Wilson","QB","DEN","12","","injury-status","Final L 16-17 vs LV","255","80","341","3","-","-","-","-","297","447","3070","26"
"18","G. Smith","G. Smith","QB","SEA","8","","injury-status","Final L 13-30 vs LAR","231","37","155","1","1","1","-2","-","323","499","3624","20"
"19","M. Stafford","M. Stafford","QB","LAR","8","","injury-status","Final W 30-13 @ SEA","254","21","65","-","-","-","-","-","326","521","3965","24"
"20","C. Stroud","C. Stroud","QB","HOU","6","","injury-status","Final L 9-25 @ BAL","273","39","167","3","1","1","-","-","319","499","4108","23"
"21","B. Purdy","B. Purdy","QB","SF","14","","injury-status","Final W 30-7 @ PIT","301","39","144","2","-","-","-","-","308","444","4280","31"
"22","J. Chase","J. Chase","WR","CIN","10","","injury-status","Final L 3-24 @ CLE","212","3","-6","-","100","145","1216","7","1","1","-7","-"
"23","J. Goff","J. Goff","QB","DET","8","","injury-status","Final W 21-20 @ KC","295","32","21","2","-","-","-","-","407","605","4575","30"
"24","J. Love","J. Love","QB","GB","5","","injury-status","Final W 38-20 @ CHI","321","50","247","4","-","-","-","-","372","579","4159","32"
"25","A. Ekeler","A. Ekeler","RB","LAC","12","","injury-status","Final L 34-36 vs MIA","155","179","628","5","51","74","436","1","-","-","-","-"
"26","T. Hill","T. Hill","WR","MIA","12","Ques","injury-status questionable","Final W 36-34 @ LAC","316","6","15","-","119","171","1799","13","-","-","-","-"
"27","K. Pickett","K. Pickett","QB","PIT","5","Ques","injury-status questionable","Final L 7-30 vs SF","112","42","54","1","-","-","-","-","201","324","2070","6"
"28","S. Howell","S. Howell","QB","WAS","12","","injury-status","Final W 20-16 vs ARI","274","48","263","5","1","1","4","-","388","612","3946","21"
"29","D. Carr","D. Carr","QB","NO","11","NA","injury-status na","Final W 16-15 vs TEN","242","32","40","-","-","-","-","-","375","548","3878","25"
"30","K. Murray","K. Murray","QB","ARI","8","","injury-status","Final L 16-20 @ WAS","144","44","244","3","-","-","-","-","176","268","1799","10"
"31","B. Young","B. Young","QB","CAR","14","","injury-status","Final L 10-24 @ ATL","155","39","253","-","-","-","-","-","315","527","2877","11"
"32","D. Adams","D. Adams","WR","LV","8","","injury-status","Final W 17-16 @ DEN","214","-","-","-","103","175","1144","8","-","-","-","-"
"33","S. Diggs","S. Diggs","WR","BUF","7","Ques","injury-status questionable","Final L 16-22 @ NYJ","218","1","5","-","107","160","1183","8","-","-","-","-"
"34","B. Mayfield","B. Mayfield","QB","TB","9","","injury-status","Final W 20-17 @ MIN","276","62","163","1","-","-","-","-","364","566","4044","28"
"35","M. Jones","M. Jones","QB","NE","14","Ques","injury-status questionable","Final L 20-25 vs PHI","115","26","96","-","-","-","-","-","224","345","2120","10"
"36","A. Brown","A. Brown","WR","PHI","9","Ques","injury-status questionable","Final W 25-20 @ NE","235","-","-","-","106","158","1456","7","-","-","-","-"
"37","B. Robinson","B. Robinson","RB","ATL","5","","injury-status","Final W 24-10 vs CAR","213","214","976","4","58","86","487","4","-","-","-","-"
"38","R. Tannehill","R. Tannehill","QB","TEN","10","","injury-status","Final L 15-16 @ NO","83","17","74","1","-","1","-","-","149","230","1616","4"
"39","C. Lamb","C. Lamb","WR","DAL","10","","injury-status","Final W 40-0 @ NYG","333","14","113","2","135","181","1749","12","-","-","-","-"
"40","D. Henry","D. Henry","RB","TEN","10","","injury-status","Final L 15-16 @ NO","233","280","1167","12","28","36","214","-","2","3","14","2"
"41","S. Barkley","S. Barkley","RB","NYG","14","","injury-status","Final L 0-40 vs DAL","201","247","962","6","41","60","280","4","-","-","-","-"
"42","D. Ridder","D. Ridder","QB","ATL","5","","injury-status","Final W 24-10 vs CAR","177","53","193","5","1","1","-6","-","249","388","2836","12"
"43","J. Garoppolo","J. Garoppolo","QB","LV","8","","injury-status","Final W 17-16 @ DEN","72","20","39","-","-","-","-","-","110","169","1205","7"
"44","J. Jacobs","J. Jacobs","RB","LV","8","","injury-status","Final W 17-16 @ DEN","160","233","805","6","37","54","296","-","-","-","-","-"
"45","T. Etienne","T. Etienne","RB","JAX","8","","injury-status","Final W 31-21 @ IND","253","267","1008","11","58","73","476","1","-","-","-","-"
"46","T. Pollard","T. Pollard","RB","DAL","10","","injury-status","Final W 40-0 @ NYG","192","252","1005","6","55","67","311","-","-","-","-","-"
"47","A. St. Brown","A. St. Brown","WR","DET","8","","injury-status","Final W 21-20 @ KC","270","4","24","-","119","164","1515","10","-","-","-","-"
"48","D. Montgomery","D. Montgomery","RB","DET","8","","injury-status","Final W 21-20 @ KC","197","219","1015","13","16","24","117","-","-","-","-","-"
"49","T. Kelce","T. Kelce","TE","KC","10","","injury-status","Final L 20-21 vs DET","172","-","-","-","93","121","984","5","-","-","-","-"
"50","J. Waddle","J. Waddle","WR","MIA","12","","injury-status","Final W 36-34 @ LAC","163","3","12","-","72","104","1014","4","-","-","-","-"
"51","R. Stevenson","R. Stevenson","RB","NE","14","Ques","injury-status questionable","Final L 20-25 vs PHI","126","156","619","4","38","51","238","-","-","-","-","-"
"52","N. Harris","N. Harris","RB","PIT","5","Ques","injury-status questionable","Final L 7-30 vs SF","179","255","1035","8","29","38","170","-","-","-","-","-"
"53","J. Mixon","J. Mixon","RB","CIN","10","PUP","injury-status pup","Final L 3-24 @ CLE","241","257","1034","9","52","64","376","3","-","-","-","-"
"54","G. Wilson","G. Wilson","WR","NYJ","9","","injury-status","Final W 22-16 vs BUF","164","4","-","-","95","168","1042","3","-","1","-","-"
"55","D. Pierce","D. Pierce","RB","HOU","6","","injury-status","Final L 9-25 @ BAL","76","145","416","2","13","17","101","-","-","-","-","-"
"56","Z. Wilson","Z. Wilson","QB","NYJ","9","","injury-status","Final W 22-16 vs BUF","116","36","211","-","-","-","-","-","221","368","2271","8"
"57","C. Ridley","C. Ridley","WR","JAX","8","Ques","injury-status questionable","Final W 31-21 @ IND","191","9","23","-","76","136","1016","8","-","-","-","-"
"58","C. Olave","C. Olave","WR","NO","11","","injury-status","Final W 16-15 vs TEN","188","-","-","-","87","138","1123","5","-","-","-","-"
"59","D. Smith","D. Smith","WR","PHI","9","Ques","injury-status questionable","Final W 25-20 @ NE","186","-","-","-","81","112","1066","7","-","-","-","-"
"60","T. Higgins","T. Higgins","WR","CIN","10","","injury-status","Final L 3-24 @ CLE","117","-","-","-","42","76","656","5","-","-","-","-"
"61","K. Walker","K. Walker","RB","SEA","8","","injury-status","Final L 13-30 vs LAR","184","219","905","8","29","37","259","1","-","-","-","-"
"62","C. Kupp","C. Kupp","WR","LAR","8","","injury-status","Final W 30-13 @ SEA","135","1","-3","-","59","95","737","5","-","-","-","-"
"63","D. Samuel","D. Samuel","WR","SF","14","","injury-status","Final W 30-7 @ PIT","213","37","225","5","60","89","892","7","-","1","-","-"
"64","C. Godwin","C. Godwin","WR","TB","9","Doub","injury-status doubtful","Final W 20-17 @ MIN","168","4","38","1","83","130","1024","2","-","1","-","-"
"65","A. Jones","A. Jones","RB","GB","5","","injury-status","Final W 38-20 @ CHI","118","142","656","2","30","43","233","1","-","-","-","-"
"66","D. Metcalf","D. Metcalf","WR","SEA","8","","injury-status","Final L 13-30 vs LAR","192","-","-","-","66","119","1114","8","-","-","-","-"
"67","P. Nacua","P. Nacua","WR","LAR","8","","injury-status","Final W 30-13 @ SEA","245","12","89","-","105","160","1486","6","-","-","-","-"
"68","M. Evans","M. Evans","WR","TB","9","","injury-status","Final W 20-17 @ MIN","243","-","-","-","79","136","1255","13","-","-","-","-"
"69","D. Moore","D. Moore","WR","CHI","5","","injury-status","Final L 20-38 vs GB","238","4","21","1","96","136","1364","8","-","-","-","-"
"70","B. Hall","B. Hall","RB","NYJ","9","","injury-status","Final W 22-16 vs BUF","251","223","994","5","76","95","591","4","-","-","-","-"
"71","A. Cooper","A. Cooper","WR","CLE","9","","injury-status","Final W 24-3 vs CIN","189","-","-","-","72","128","1250","5","-","-","-","-"
"72","M. Sanders","M. Sanders","RB","CAR","14","Ques","injury-status questionable","Final L 10-24 @ ATL","72","129","432","1","27","41","154","-","-","-","-","-"
"73","K. Allen","K. Allen","WR","LAC","12","","injury-status","Final L 34-36 vs MIA","223","2","6","-","108","150","1243","7","1","2","49","1"
"74","D. London","D. London","WR","ATL","5","","injury-status","Final W 24-10 vs CAR","140","-","-","-","69","110","905","2","1","1","22","-"
"75","T. McLaurin","T. McLaurin","WR","WAS","12","","injury-status","Final W 20-16 vs ARI","170","-","-","-","79","132","1002","4","-","-","-","-"
"76","J. Williams","J. Williams","RB","DEN","12","","injury-status","Final L 16-17 vs LV","155","217","774","3","47","58","228","2","-","-","-","-"
"77","D. Swift","D. Swift","RB","PHI","9","","injury-status","Final W 25-20 @ NE","177","229","1049","5","39","49","214","1","-","-","-","-"
"78","A. Mattison","A. Mattison","RB","MIN","6","IR","injury-status ir","Final L 17-20 vs TB","115","180","700","-","30","44","192","3","-","-","-","-"
"79","J. Taylor","J. Taylor","RB","IND","11","","injury-status","Final L 21-31 vs JAX","146","169","741","7","19","23","153","1","-","-","-","-"
"80","J. Conner","J. Conner","RB","ARI","8","","injury-status","Final L 16-20 @ WAS","188","208","1040","7","27","33","165","2","-","-","-","-"
"81","D. Hopkins","D. Hopkins","WR","TEN","10","Ques","injury-status questionable","Final L 15-16 @ NO","186","2","9","-","75","137","1057","7","-","1","-","-"
"82","B. Aiyuk","B. Aiyuk","WR","SF","14","PUP","injury-status pup","Final W 30-7 @ PIT","211","-","-","-","75","105","1342","7","-","-","-","-"
"83","T. Lockett","T. Lockett","WR","SEA","8","","injury-status","Final L 13-30 vs LAR","163","-","-","-","79","122","894","5","-","-","-","-"
"84","J. Jeudy","J. Jeudy","WR","DEN","12","","injury-status","Final L 16-17 vs LV","115","-","-","-","54","87","758","2","-","-","-","-"
"85","M. Williams","M. Williams","WR","LAC","12","DNR","injury-status dnr","Final L 34-36 vs MIA","41","1","3","-","19","26","249","1","-","-","-","-"
"86","A. Kamara","A. Kamara","RB","NO","11","","injury-status","Final W 16-15 vs TEN","196","180","694","5","75","86","466","1","-","-","-","-"
"87","R. White","R. White","RB","TB","9","Ques","injury-status questionable","Final W 20-17 @ MIN","233","272","990","6","64","70","549","3","-","-","-","-"
"88","J. Gibbs","J. Gibbs","RB","DET","8","","injury-status","Final W 21-20 @ KC","214","182","945","10","52","71","316","1","-","-","-","-"
"89","M. Andrews","M. Andrews","TE","BAL","7","","injury-status","Final W 25-9 vs HOU","112","1","-","-","45","61","544","6","-","-","-","-"
"90","J. Ford","J. Ford","RB","CLE","9","","injury-status","Final W 24-3 vs CIN","188","204","813","4","44","63","319","5","-","-","-","-"
"91","C. Kirk","C. Kirk","WR","JAX","8","","injury-status","Final W 31-21 @ IND","120","1","6","-","57","85","787","3","1","2","-1","-"
"92","K. Williams","K. Williams","RB","LAR","8","","injury-status","Final W 30-13 @ SEA","236","228","1144","12","32","48","206","3","-","-","-","-"
"93","M. Pittman","M. Pittman","WR","IND","11","","injury-status","Final L 21-31 vs JAX","194","-","-","-","109","156","1152","4","-","-","-","-"
"94","A. Dillon","A. Dillon","RB","GB","5","","injury-status","Final W 38-20 @ CHI","107","178","613","2","22","28","223","-","-","-","-","-"
"95","I. Pacheco","I. Pacheco","RB","KC","10","","injury-status","Final L 20-21 vs DET","191","205","935","7","44","49","244","2","-","-","-","-"
"96","B. Robinson","B. Robinson","RB","WAS","12","","injury-status","Final W 20-16 vs ARI","176","178","733","5","36","43","368","4","-","-","-","-"
"97","G. Pickens","G. Pickens","WR","PIT","5","","injury-status","Final L 7-30 vs SF","174","3","18","-","63","106","1140","5","-","-","-","-"
"98","J. Cook","J. Cook","RB","BUF","7","","injury-status","Final L 16-22 @ NYJ","207","237","1122","2","44","54","445","4","-","-","-","-"
"99","N. Collins","N. Collins","WR","HOU","6","","injury-status","Final L 9-25 @ BAL","219","1","7","-","80","109","1297","8","-","-","-","-"
"100","J. Dotson","J. Dotson","WR","WAS","12","","injury-status","Final W 20-16 vs ARI","100","-","-","-","49","83","518","4","-","-","-","-"
"101","H. Brown","H. Brown","WR","ARI","8","Ques","injury-status questionable","Final L 16-20 @ WAS","109","2","23","-","51","101","574","4","-","-","-","-"
"102","R. Mostert","R. Mostert","RB","MIA","12","","injury-status","Final W 36-34 @ LAC","251","209","1012","18","25","32","175","3","-","-","-","-"
"103","J. Addison","J. Addison","WR","MIN","6","Sus","injury-status sus","Final L 17-20 vs TB","186","1","2","-","70","108","911","10","-","-","-","-"
"104","D. Cook","D. Cook","RB","BAL","7","","injury-status","Final W 25-9 vs HOU","31","67","214","-","15","20","78","-","-","-","-","-"
"105","C. Watson","C. Watson","WR","GB","5","PUP","injury-status pup","Final W 38-20 @ CHI","87","4","11","-","28","53","422","5","-","-","-","-"
"106","B. Cooks","B. Cooks","WR","DAL","10","","injury-status","Final W 40-0 @ NYG","145","5","35","-","54","81","657","8","-","-","-","-"
"107","T. Hockenson","T. Hockenson","TE","MIN","6","","injury-status","Final L 17-20 vs TB","171","-","-","-","95","127","960","5","-","-","-","-"
"108","G. Davis","G. Davis","WR","BUF","7","Ques","injury-status questionable","Final L 16-22 @ NYJ","138","1","-2","-","45","81","746","7","-","-","-","-"
"109","K. Herbert","K. Herbert","RB","CHI","5","","injury-status","Final L 20-38 vs GB","102","132","611","2","20","31","134","1","-","-","-","-"
"110","G. Edwards","G. Edwards","RB","BAL","7","","injury-status","Final W 25-9 vs HOU","178","198","810","13","12","13","180","-","-","-","-","-"
"111","M. Thomas","M. Thomas","WR","NO","11","","injury-status","Final W 16-15 vs TEN","70","-","-","-","39","64","448","1","-","-","-","-"
"112","G. Kittle","G. Kittle","TE","SF","14","","injury-status","Final W 30-7 @ PIT","171","1","2","-","65","90","1020","6","-","-","-","-"
"113","J. Dobbs","J. Dobbs","QB","MIN","6","","injury-status","Final L 17-20 vs TB","197","77","421","6","-","-","-","-","262","417","2464","13"
"114","D. Waller","D. Waller","TE","NYG","14","","injury-status","Final L 0-40 vs DAL","87","-","-","-","52","74","552","1","-","-","-","-"
"115","C. Sutton","C. Sutton","WR","DEN","12","","injury-status","Final L 16-17 vs LV","158","-","-","-","59","90","772","10","-","-","-","-"
"116","S. Moore","S. Moore","WR","KC","10","","injury-status","Final L 20-21 vs DET","43","3","23","-","21","38","244","1","-","-","-","-"
"117","Z. Charbonnet","Z. Charbonnet","RB","SEA","8","","injury-status","Final L 13-30 vs LAR","90","108","462","1","33","40","209","-","-","-","-","-"
"118","J. Williams","J. Williams","RB","NO","11","","injury-status","Final W 16-15 vs TEN","51","106","306","1","18","20","62","-","-","-","-","-"
"119","T. Burks","T. Burks","WR","TEN","10","IR","injury-status ir","Final L 15-16 @ NO","32","5","18","-","16","30","221","-","-","-","-","-"
"120","T. Atwell","T. Atwell","WR","LAR","8","","injury-status","Final W 30-13 @ SEA","93","5","31","-","39","67","483","3","-","-","-","-"
"121","J. Meyers","J. Meyers","WR","LV","8","","injury-status","Final W 17-16 @ DEN","183","4","24","2","71","106","807","8","2","3","12","1"
"122","D. Goedert","D. Goedert","TE","PHI","9","Ques","injury-status questionable","Final W 25-20 @ NE","107","1","1","-","59","83","592","3","-","-","-","-"
"123","Z. Flowers","Z. Flowers","WR","BAL","7","","injury-status","Final W 25-9 vs HOU","168","8","56","1","77","108","858","5","-","-","-","-"
"124","T. Dell","T. Dell","WR","HOU","6","PUP","injury-status pup","Final L 9-25 @ BAL","141","11","51","-","47","75","709","7","-","-","-","-"
"125","D. Johnson","D. Johnson","WR","PIT","5","","injury-status","Final L 7-30 vs SF","126","-","-","-","51","87","717","5","-","-","-","-"
"126","K. Pitts","K. Pitts","TE","ATL","5","","injury-status","Final W 24-10 vs CAR","111","1","-4","-","53","90","667","3","-","-","-","-"
"127","A. Gibson","A. Gibson","RB","WAS","12","","injury-status","Final W 20-16 vs ARI","99","65","265","1","48","59","389","2","-","-","-","-"
"128","J. Smith-Schuster","J. Smith-Schuster","WR","NE","14","","injury-status","Final L 20-25 vs PHI","47","-","-","-","29","47","260","1","-","-","-","-"
"129","R. Bateman","R. Bateman","WR","BAL","7","","injury-status","Final W 25-9 vs HOU","61","1","18","-","32","56","367","1","-","-","-","-"
"130","D. Njoku","D. Njoku","TE","CLE","9","","injury-status","Final W 24-3 vs CIN","159","-","-","-","81","123","882","6","-","-","-","-"
"131","S. Perine","S. Perine","RB","DEN","12","","injury-status","Final L 16-17 vs LV","93","53","238","1","50","56","455","-","-","-","-","-"
"132","E. Engram","E. Engram","TE","JAX","8","","injury-status","Final W 31-21 @ IND","170","-","-","-","114","143","963","4","-","-","-","-"
"133","T. Boyd","T. Boyd","WR","CIN","10","","injury-status","Final L 3-24 @ CLE","112","2","11","-","67","98","667","2","-","1","-","-"
"134","P. Freiermuth","P. Freiermuth","TE","PIT","5","","injury-status","Final L 7-30 vs SF","61","-","-","-","32","47","308","2","-","-","-","-"
"135","O. Beckham","O. Beckham","WR","BAL","7","","injury-status","Final W 25-9 vs HOU","89","-","-","-","35","64","565","3","-","-","-","-"
"136","J. Williams","J. Williams","WR","DET","8","","injury-status","Final W 21-20 @ KC","67","3","29","1","24","42","354","2","-","-","-","-"
"137","J. Smith-Njigba","J. Smith-Njigba","WR","SEA","8","","injury-status","Final L 13-30 vs LAR","118","-","-","-","63","93","628","4","-","-","-","-"
"138","K. Toney","K. Toney","WR","KC","10","","injury-status","Final L 20-21 vs DET","39","11","31","-","27","38","169","1","-","1","-","-"
"139","E. Moore","E. Moore","WR","CLE","9","","injury-status","Final W 24-3 vs CIN","101","9","11","-","59","104","640","2","-","-","-","-"
"140","R. Woods","R. Woods","WR","HOU","6","","injury-status","Final L 9-25 @ BAL","69","1","7","-","40","75","426","1","-","-","-","-"
"141","P. Walker","P. Walker","QB","CLE","9","","injury-status","Final W 24-3 vs CIN","21","13","30","-","-","-","-","-","54","111","674","1"
"142","T. Allgeier","T. Allgeier","RB","ATL","5","","injury-status","Final W 24-10 vs CAR","129","186","683","4","18","23","193","1","-","-","-","-"
"143","D. Mooney","D. Mooney","WR","CHI","5","Ques","injury-status questionable","Final L 20-38 vs GB","63","2","5","-","31","61","414","1","-","-","-","-"
"144","Z. Jones","Z. Jones","WR","JAX","8","","injury-status","Final W 31-21 @ IND","61","-","-","-","34","64","321","2","-","-","-","-"
"145","A. Lazard","A. Lazard","WR","NYJ","9","Ques","injury-status questionable","Final W 22-16 vs BUF","49","-","-","-","23","49","311","1","-","-","-","-"
"146","J. Kelley","J. Kelley","RB","LAC","12","","injury-status","Final L 34-36 vs MIA","57","107","405","2","8","12","32","-","-","-","-","-"
"147","A. Thielen","A. Thielen","WR","CAR","14","","injury-status","Final L 10-24 @ ATL","178","1","6","-","103","137","1014","4","-","-","-","-"
"148","Q. Johnston","Q. Johnston","WR","LAC","12","Ques","injury-status questionable","Final L 34-36 vs MIA","75","3","9","-","38","67","431","2","-","-","-","-"
"149","W. Levis","W. Levis","QB","TEN","10","IR","injury-status ir","Final L 15-16 @ NO","99","25","57","1","-","-","-","-","149","255","1808","8"
"150","R. Rice","R. Rice","WR","KC","10","Sus","injury-status sus","Final L 20-21 vs DET","171","1","-3","-","79","102","938","7","-","-","-","-"
"151","S. LaPorta","S. LaPorta","TE","DET","8","","injury-status","Final W 21-20 @ KC","196","1","4","-","86","120","889","10","-","-","-","-"
"152","M. Mims","M. Mims","WR","DEN","12","Ques","injury-status questionable","Final L 16-17 vs LV","58","9","30","-","22","33","377","1","-","-","-","-"
"153","D. Singletary","D. Singletary","RB","HOU","6","","injury-status","Final L 9-25 @ BAL","151","216","898","4","30","38","193","-","1","1","6","1"
"154","R. Doubs","R. Doubs","WR","GB","5","","injury-status","Final W 38-20 @ CHI","144","-","-","-","59","96","674","8","-","-","-","-"
"155","H. Henry","H. Henry","TE","NE","14","","injury-status","Final L 20-25 vs PHI","98","-","-","-","42","61","419","6","-","-","-","-"
"156","R. Shaheed","R. Shaheed","WR","NO","11","","injury-status","Final W 16-15 vs TEN","132","7","37","-","46","75","719","5","-","-","-","-"
"157","D. Peoples-Jones","D. Peoples-Jones","WR","DET","8","","injury-status","Final W 21-20 @ KC","21","-","-","-","13","25","155","-","-","-","-","-"
"158","D. Thompson-Robinson","D. Thompson-Robinson","QB","CLE","9","","injury-status","Final W 24-3 vs CIN","24","14","65","-","-","-","-","-","60","112","440","1"
"159","J. Hill","J. Hill","RB","BAL","7","","injury-status","Final W 25-9 vs HOU","94","84","387","3","28","39","206","1","-","-","-","-"
"160","C. Samuel","C. Samuel","WR","WAS","12","Ques","injury-status questionable","Final W 20-16 vs ARI","126","7","39","1","62","91","613","4","-","-","-","-"
"161","K. Gainwell","K. Gainwell","RB","PHI","9","","injury-status","Final W 25-20 @ NE","79","84","364","2","30","37","183","-","1","1","17","-"
"162","M. Gallup","M. Gallup","WR","DAL","10","","injury-status","Final W 40-0 @ NYG","71","-","-","-","34","57","418","2","-","-","-","-"
"163","R. Moore","R. Moore","WR","ARI","8","IR","injury-status ir","Final L 16-20 @ WAS","84","28","178","1","40","62","352","1","-","-","-","-"
"164","San Francisco. 49ers","San Francisco. 49ers","DEF","SF","14","","injury-status","Final W 30-7 @ PIT","150","-","-","-","-","-","-","-","-","-","-","-"
"165","J. Hyatt","J. Hyatt","WR","NYG","14","","injury-status","Final L 0-40 vs DAL","48","-","-","-","23","40","373","-","-","-","-","-"
"166","J. Reed","J. Reed","WR","GB","5","Ques","injury-status questionable","Final W 38-20 @ CHI","183","11","119","2","64","94","793","8","-","-","-","-"
"167","D. Parker","D. Parker","WR","NE","14","","injury-status","Final L 20-25 vs PHI","56","-","-","-","33","55","394","-","-","-","-","-"
"168","D. Chark","D. Chark","WR","CAR","14","","injury-status","Final L 10-24 @ ATL","96","-","-","-","35","66","525","5","-","-","-","-"
"169","Dallas. Cowboys","Dallas. Cowboys","DEF","DAL","10","","injury-status","Final W 40-0 @ NYG","192","-","-","-","-","-","-","-","-","-","-","-"
"170","J. Warren","J. Warren","RB","PIT","5","","injury-status","Final L 7-30 vs SF","162","149","784","4","61","74","370","-","-","-","-","-"
"171","D. Harris","D. Harris","RB","BUF","7","","injury-status","Final L 16-22 @ NYJ","18","23","94","1","2","2","16","-","-","-","-","-"
"172","C. Kmet","C. Kmet","TE","CHI","5","","injury-status","Final L 20-38 vs GB","144","3","2","-","73","90","719","6","-","-","-","-"
"173","J. Tucker","J. Tucker","K","BAL","7","Sus","injury-status sus","Final W 25-9 vs HOU","154","-","-","-","-","-","-","-","-","-","-","-"
"174","A. Pierce","A. Pierce","WR","IND","11","","injury-status","Final L 21-31 vs JAX","79","-","-","-","32","65","514","2","-","-","-","-"
"175","J. Mingo","J. Mingo","WR","CAR","14","IR","injury-status ir","Final L 10-24 @ ATL","62","-","-","-","43","85","418","-","-","-","-","-"
"176","K. Osborn","K. Osborn","WR","MIN","6","","injury-status","Final L 17-20 vs TB","95","-","-","-","48","75","540","3","-","-","-","-"
"177","T. Bass","T. Bass","K","BUF","7","","injury-status","Final L 16-22 @ NYJ","127","-","-","-","-","-","-","-","-","-","-","-"
"178","Buffalo. Bills","Buffalo. Bills","DEF","BUF","7","","injury-status","Final L 16-22 @ NYJ","172","-","-","-","-","-","-","-","-","-","-","-"
"179","C. Hubbard","C. Hubbard","RB","CAR","14","","injury-status","Final L 10-24 @ ATL","162","238","902","5","39","44","233","-","-","-","-","-"
"180","E. Elliott","E. Elliott","RB","NE","14","","injury-status","Final L 20-25 vs PHI","147","184","642","3","51","65","313","2","-","-","-","-"
"181","E. McPherson","E. McPherson","K","CIN","10","","injury-status","Final L 3-24 @ CLE","135","-","-","-","-","-","-","-","-","-","-","-"
"182","D. Slayton","D. Slayton","WR","NYG","14","","injury-status","Final L 0-40 vs DAL","126","-","-","-","50","79","770","4","-","-","-","-"
"183","D. Schultz","D. Schultz","TE","HOU","6","","injury-status","Final L 9-25 @ BAL","120","-","-","-","59","88","635","5","-","-","-","-"
"184","D. Achane","D. Achane","RB","MIA","12","Ques","injury-status questionable","Final W 36-34 @ LAC","176","103","800","8","27","37","197","3","-","-","-","-"
"185","Philadelphia. Eagles","Philadelphia. Eagles","DEF","PHI","9","","injury-status","Final W 25-20 @ NE","116","-","-","-","-","-","-","-","-","-","-","-"
"186","Miami. Dolphins","Miami. Dolphins","DEF","MIA","12","","injury-status","Final W 36-34 @ LAC","165","-","-","-","-","-","-","-","-","-","-","-"
"187","M. Valdes-Scantling","M. Valdes-Scantling","WR","KC","10","","injury-status","Final L 20-21 vs DET","45","-","-","-","21","42","315","1","-","-","-","-"
"188","H. Butker","H. Butker","K","KC","10","","injury-status","Final L 20-21 vs DET","152","-","-","-","-","-","-","-","-","-","-","-"
"189","T. DeVito","T. DeVito","QB","NYG","14","","injury-status","Final L 0-40 vs DAL","95","36","195","1","-","-","-","-","114","178","1101","8"
"190","E. Mitchell","E. Mitchell","RB","SF","14","","injury-status","Final W 30-7 @ PIT","45","75","281","2","6","8","14","-","-","-","-","-"
"191","D. Kincaid","D. Kincaid","TE","BUF","7","","injury-status","Final L 16-22 @ NYJ","113","-","-","-","73","91","673","2","-","-","-","-"
"192","D. Carlson","D. Carlson","K","LV","8","","injury-status","Final W 17-16 @ DEN","117","-","-","-","-","-","-","-","-","-","-","-"
"193","J. Downs","J. Downs","WR","IND","11","Ques","injury-status questionable","Final L 21-31 vs JAX","123","-","-","-","68","98","771","2","-","-","-","-"
"194","Y. Koo","Y. Koo","K","ATL","5","","injury-status","Final W 24-10 vs CAR","132","-","-","-","-","-","-","-","-","-","-","-"
"195","T. Higbee","T. Higbee","TE","LAR","8","","injury-status","Final W 30-13 @ SEA","85","-","-","-","47","70","495","2","-","-","-","-"
"196","Seattle. Seahawks","Seattle. Seahawks","DEF","SEA","8","","injury-status","Final L 13-30 vs LAR","122","-","-","-","-","-","-","-","-","-","-","-"
"197","Pittsburgh. Steelers","Pittsburgh. Steelers","DEF","PIT","5","","injury-status","Final L 7-30 vs SF","161","-","-","-","-","-","-","-","-","-","-","-"
"198","New England. Patriots","New England. Patriots","DEF","NE","14","","injury-status","Final L 20-25 vs PHI","123","-","-","-","-","-","-","-","-","-","-","-"
"199","L. Musgrave","L. Musgrave","TE","GB","5","","injury-status","Final W 38-20 @ CHI","58","-","-","-","34","46","352","1","-","-","-","-"
"200","J. McKinnon","J. McKinnon","RB","KC","10","","injury-status","Final L 20-21 vs DET","72","21","60","1","25","32","192","4","1","1","4","1"
"201","New York. Jets","New York. Jets","DEF","NYJ","9","","injury-status","Final W 22-16 vs BUF","170","-","-","-","-","-","-","-","-","-","-","-"
"202","C. Okonkwo","C. Okonkwo","TE","TEN","10","","injury-status","Final L 15-16 @ NO","86","2","6","-","54","77","528","1","-","-","-","-"
"203","New Orleans. Saints","New Orleans. Saints","DEF","NO","11","","injury-status","Final W 16-15 vs TEN","151","-","-","-","-","-","-","-","-","-","-","-"
"204","Green Bay. Packers","Green Bay. Packers","DEF","GB","5","","injury-status","Final W 38-20 @ CHI","124","-","-","-","-","-","-","-","-","-","-","-"
"205","Cleveland. Browns","Cleveland. Browns","DEF","CLE","9","","injury-status","Final W 24-3 vs CIN","169","-","-","-","-","-","-","-","-","-","-","-"
"206","J. Sanders","J. Sanders","K","MIA","12","IR","injury-status ir","Final W 36-34 @ LAC","141","-","-","-","-","-","-","-","-","-","-","-"
"207","Cincinnati. Bengals","Cincinnati. Bengals","DEF","CIN","10","","injury-status","Final L 3-24 @ CLE","128","-","-","-","-","-","-","-","-","-","-","-"
"208","Z. Ertz","Z. Ertz","TE","","","","injury-status","BYE","38","-","-","-","27","43","187","1","-","-","-","-"
"209","T. Bigsby","T. Bigsby","RB","JAX","8","","injury-status","Final W 31-21 @ IND","20","50","132","2","1","4","6","-","-","-","-","-"
"210","I. Hodgins","I. Hodgins","WR","NYG","14","","injury-status","Final L 0-40 vs DAL","49","-","-","-","21","33","230","3","-","-","-","-"
"211","G. Gano","G. Gano","K","NYG","14","","injury-status","Final L 0-40 vs DAL","44","-","-","-","-","-","-","-","-","-","-","-"
"212","Tennessee. Titans","Tennessee. Titans","DEF","TEN","10","","injury-status","Final L 15-16 @ NO","111","-","-","-","-","-","-","-","-","-","-","-"
"213","G. Everett","G. Everett","TE","LAC","12","","injury-status","Final L 34-36 vs MIA","83","3","10","-","51","70","411","3","-","-","-","-"
"214","Washington. Commanders","Washington. Commanders","DEF","WAS","12","","injury-status","Final W 20-16 vs ARI","67","-","-","-","-","-","-","-","-","-","-","-"
"215","Los Angeles. Chargers","Los Angeles. Chargers","DEF","LAC","12","","injury-status","Final L 34-36 vs MIA","125","-","-","-","-","-","-","-","-","-","-","-"
"216","Denver. Broncos","Denver. Broncos","DEF","DEN","12","","injury-status","Final L 16-17 vs LV","135","-","-","-","-","-","-","-","-","-","-","-"
"217","Baltimore. Ravens","Baltimore. Ravens","DEF","BAL","7","","injury-status","Final W 25-9 vs HOU","188","-","-","-","-","-","-","-","-","-","-","-"
"218","C. Akers","C. Akers","RB","MIN","6","","injury-status","Final L 17-20 vs TB","41","60","167","2","11","12","70","-","-","-","-","-"
"219","Tampa Bay. Buccaneers","Tampa Bay. Buccaneers","DEF","TB","9","","injury-status","Final W 20-17 @ MIN","151","-","-","-","-","-","-","-","-","-","-","-"
"220","Jacksonville. Jaguars","Jacksonville. Jaguars","DEF","JAX","8","","injury-status","Final W 31-21 @ IND","130","-","-","-","-","-","-","-","-","-","-","-"
"221","Detroit. Lions","Detroit. Lions","DEF","DET","8","","injury-status","Final W 21-20 @ KC","119","-","-","-","-","-","-","-","-","-","-","-"
"222","R. Patterson","R. Patterson","K","CLE","9","","injury-status","Final W 24-3 vs CIN","88","-","-","-","-","-","-","-","-","-","-","-"
"223","New York. Giants","New York. Giants","DEF","NYG","14","","injury-status","Final L 0-40 vs DAL","147","-","-","-","-","-","-","-","-","-","-","-"
"224","Carolina. Panthers","Carolina. Panthers","DEF","CAR","14","","injury-status","Final L 10-24 @ ATL","75","-","-","-","-","-","-","-","-","-","-","-"
"225","M. Mayer","M. Mayer","TE","LV","8","","injury-status","Final W 17-16 @ DEN","58","-","-","-","27","40","304","2","-","-","-","-"
"226","M. Jones","M. Jones","WR","","","","injury-status","BYE","3","-","-","-","5","10","35","-","-","-","-","-"
"227","C. Otton","C. Otton","TE","TB","9","Ques","injury-status questionable","Final W 20-17 @ MIN","92","-","-","-","47","67","455","4","-","-","-","-"
"228","M. Gay","M. Gay","K","IND","11","","injury-status","Final L 21-31 vs JAX","148","-","-","-","-","-","-","-","-","-","-","-"
"229","Los Angeles. Rams","Los Angeles. Rams","DEF","LAR","8","","injury-status","Final W 30-13 @ SEA","90","-","-","-","-","-","-","-","-","-","-","-"
"230","Kansas City. Chiefs","Kansas City. Chiefs","DEF","KC","10","","injury-status","Final L 20-21 vs DET","148","-","-","-","-","-","-","-","-","-","-","-"
"231","P. Campbell","P. Campbell","WR","NYG","14","Ques","injury-status questionable","Final L 0-40 vs DAL","20","-","-","-","20","27","104","-","-","-","-","-"
"232","J. Elliott","J. Elliott","K","PHI","9","","injury-status","Final W 25-20 @ NE","153","-","-","-","-","-","-","-","-","-","-","-"
"233","C. Boswell","C. Boswell","K","PIT","5","","injury-status","Final L 7-30 vs SF","130","-","-","-","-","-","-","-","-","-","-","-"
"234","J. Johnson","J. Johnson","TE","NO","11","","injury-status","Final W 16-15 vs TEN","79","-","-","-","37","59","368","4","-","-","-","-"
"235","J. Browning","J. Browning","QB","CIN","10","","injury-status","Final L 3-24 @ CLE","148","27","127","3","1","1","-7","-","171","243","1936","12"
"236","J. Ferguson","J. Ferguson","TE","DAL","10","","injury-status","Final W 40-0 @ NYG","142","-","-","-","71","102","761","5","-","-","-","-"
"237","J. Myers","J. Myers","K","SEA","8","","injury-status","Final L 13-30 vs LAR","151","-","-","-","-","-","-","-","-","-","-","-"
"238","R. Penny","R. Penny","RB","PHI","9","","injury-status","Final W 25-20 @ NE","4","11","33","-","1","1","5","-","-","-","-","-"
"239","G. Joseph","G. Joseph","K","MIN","6","","injury-status","Final L 17-20 vs TB","111","-","-","-","-","-","-","-","-","-","-","-"
"240","G. Zuerlein","G. Zuerlein","K","NYJ","9","Ques","injury-status questionable","Final W 22-16 vs BUF","139","-","-","-","-","-","-","-","-","-","-","-"
"241","G. Dulcich","G. Dulcich","TE","DEN","12","","injury-status","Final L 16-17 vs LV","4","-","-","-","3","4","25","-","-","-","-","-"
"242","C. Dicker","C. Dicker","K","LAC","12","","injury-status","Final L 34-36 vs MIA","149","-","-","-","-","-","-","-","-","-","-","-"
"243","W. Lutz","W. Lutz","K","DEN","12","","injury-status","Final L 16-17 vs LV","123","-","-","-","-","-","-","-","-","-","-","-"
"244","B. McManus","B. McManus","K","JAX","8","","injury-status","Final W 31-21 @ IND","139","-","-","-","-","-","-","-","-","-","-","-"
"245","H. Hurst","H. Hurst","TE","CAR","14","","injury-status","Final L 10-24 @ ATL","33","-","-","-","18","32","184","1","-","-","-","-"
"246","D. Knox","D. Knox","TE","BUF","7","","injury-status","Final L 16-22 @ NYJ","44","-","-","-","22","36","186","2","-","-","-","-"
"247","B. Aubrey","B. Aubrey","K","DAL","10","","injury-status","Final W 40-0 @ NYG","176","-","-","-","-","-","-","-","-","-","-","-"
"248","B. Grupe","B. Grupe","K","NO","11","","injury-status","Final W 16-15 vs TEN","143","-","-","-","-","-","-","-","-","-","-","-"
"249","I. Smith","I. Smith","TE","CIN","10","IR","injury-status ir","Final L 3-24 @ CLE","24","-","-","-","18","26","115","1","-","-","-","-"
"250","J. Moody","J. Moody","K","SF","14","","injury-status","Final W 30-7 @ PIT","126","-","-","-","-","-","-","-","-","-","-","-"
"251","Chicago. Bears","Chicago. Bears","DEF","CHI","5","","injury-status","Final L 20-38 vs GB","131","-","-","-","-","-","-","-","-","-","-","-"
"252","Atlanta. Falcons","Atlanta. Falcons","DEF","ATL","5","","injury-status","Final W 24-10 vs CAR","117","-","-","-","-","-","-","-","-","-","-","-"
"253","T. Hill","T. Hill","TE","NO","11","PUP","injury-status pup","Final W 16-15 vs TEN","126","81","401","4","33","40","291","2","6","11","83","1"
"254","Minnesota. Vikings","Minnesota. Vikings","DEF","MIN","6","","injury-status","Final L 17-20 vs TB","146","-","-","-","-","-","-","-","-","-","-","-"
"255","Indianapolis. Colts","Indianapolis. Colts","DEF","IND","11","","injury-status","Final L 21-31 vs JAX","155","-","-","-","-","-","-","-","-","-","-","-"
"256","M. Hardman","M. Hardman","WR","KC","10","","injury-status","Final L 20-21 vs DET","17","1","3","-","15","24","124","-","-","-","-","-"
"257","T. Conklin","T. Conklin","TE","NYJ","9","","injury-status","Final W 22-16 vs BUF","93","1","-","-","61","87","621","-","-","-","-","-"
"258","M. Prater","M. Prater","K","ARI","8","Ques","injury-status questionable","Final L 16-20 @ WAS","124","-","-","-","-","-","-","-","-","-","-","-"
"259","Las Vegas. Raiders","Las Vegas. Raiders","DEF","LV","8","","injury-status","Final W 17-16 @ DEN","159","-","-","-","-","-","-","-","-","-","-","-"
"260","K. Bourne","K. Bourne","WR","NE","14","Ques","injury-status questionable","Final L 20-25 vs PHI","81","1","4","-","37","55","406","4","-","-","-","-"
"261","V. Jefferson","V. Jefferson","WR","ATL","5","","injury-status","Final W 24-10 vs CAR","31","1","4","-","20","43","209","-","-","-","-","-"
"262","Houston. Texans","Houston. Texans","DEF","HOU","6","","injury-status","Final L 9-25 @ BAL","143","-","-","-","-","-","-","-","-","-","-","-"
"263","Arizona. Cardinals","Arizona. Cardinals","DEF","ARI","8","","injury-status","Final L 16-20 @ WAS","69","-","-","-","-","-","-","-","-","-","-","-"
"264","M. Wilson","M. Wilson","WR","ARI","8","","injury-status","Final L 16-20 @ WAS","96","-","-","-","38","58","565","3","-","-","-","-"
"265","J. Flacco","J. Flacco","QB","CLE","9","","injury-status","Final W 24-3 vs CIN","105","9","2","-","-","-","-","-","123","204","1616","13"
"266","C. McLaughlin","C. McLaughlin","K","TB","9","","injury-status","Final W 20-17 @ MIN","134","-","-","-","-","-","-","-","-","-","-","-"
"267","J. Slye","J. Slye","K","WAS","12","","injury-status","Final W 20-16 vs ARI","94","-","-","-","-","-","-","-","-","-","-","-"
"268","A. Robinson","A. Robinson","WR","PIT","5","","injury-status","Final L 7-30 vs SF","45","-","-","-","34","49","280","-","-","-","-","-"
"269","W. Robinson","W. Robinson","WR","NYG","14","","injury-status","Final L 0-40 vs DAL","103","9","87","1","60","78","525","1","-","-","-","-"
"270","L. Murray","L. Murray","RB","BUF","7","","injury-status","Final L 16-22 @ NYJ","73","79","300","4","17","22","119","-","-","-","-","-"
"271","K. Hunt","K. Hunt","RB","CLE","9","","injury-status","Final W 24-3 vs CIN","111","135","411","9","15","21","84","-","-","-","-","-"
"272","N. Folk","N. Folk","K","TEN","10","","injury-status","Final L 15-16 @ NO","128","-","-","-","-","-","-","-","-","-","-","-"
"273","D. Hopkins","D. Hopkins","K","CLE","9","","injury-status","Final W 24-3 vs CIN","144","-","-","-","-","-","-","-","-","-","-","-"
"274","T. Spears","T. Spears","RB","TEN","10","IR","injury-status ir","Final L 15-16 @ NO","127","100","453","2","52","70","385","1","-","-","-","-"
"275","K. Shakir","K. Shakir","WR","BUF","7","Ques","injury-status questionable","Final L 16-22 @ NYJ","93","1","10","-","39","45","611","2","-","-","-","-"
"276","K. Miller","K. Miller","RB","NO","11","","injury-status","Final W 16-15 vs TEN","38","41","156","1","10","11","117","-","-","-","-","-"
"277","T. McBride","T. McBride","TE","ARI","8","","injury-status","Final L 16-20 @ WAS","140","-","-","-","81","106","825","3","-","-","-","-"
"278","Z. Moss","Z. Moss","RB","IND","11","Ques","injury-status questionable","Final L 21-31 vs JAX","156","183","794","5","27","37","192","2","-","-","-","-"
"279","J. Metchie","J. Metchie","WR","HOU","6","","injury-status","Final L 9-25 @ BAL","24","1","4","-","16","30","158","-","-","-","-","-"
"280","B. Maher","B. Maher","K","LAR","8","","injury-status","Final W 30-13 @ SEA","69","-","-","-","-","-","-","-","-","-","-","-"
"281","K. Fairbairn","K. Fairbairn","K","HOU","6","","injury-status","Final L 9-25 @ BAL","112","-","-","-","-","-","-","-","-","-","-","-"
"282","C. Santos","C. Santos","K","CHI","5","","injury-status","Final L 20-38 vs GB","153","-","-","-","-","-","-","-","-","-","-","-"
"283","C. Ryland","C. Ryland","K","NE","14","","injury-status","Final L 20-25 vs PHI","71","-","-","-","-","-","-","-","-","-","-","-"
"284","C. Edwards-Helaire","C. Edwards-Helaire","RB","KC","10","","injury-status","Final L 20-21 vs DET","62","70","223","1","17","22","188","1","-","-","-","-"
"285","C. Brown","C. Brown","RB","CIN","10","","injury-status","Final L 3-24 @ CLE","46","44","179","-","14","15","156","1","-","-","-","-"
"286","N. Fant","N. Fant","TE","SEA","8","","injury-status","Final L 13-30 vs LAR","57","-","-","-","32","43","414","-","-","-","-","-"
"287","E. Pineiro","E. Pineiro","K","CAR","14","","injury-status","Final L 10-24 @ ATL","102","-","-","-","-","-","-","-","-","-","-","-"
"288","L. Thomas","L. Thomas","TE","WAS","12","","injury-status","Final W 20-16 vs ARI","97","1","2","-","55","78","496","4","-","-","-","-"
"289","T. Palmer","T. Palmer","WR","TB","9","","injury-status","Final W 20-17 @ MIN","73","3","22","-","39","68","385","3","-","-","-","-"
"290","A. Carlson","A. Carlson","K","GB","5","","injury-status","Final W 38-20 @ CHI","114","-","-","-","-","-","-","-","-","-","-","-"
"291","P. Strong","P. Strong","RB","CLE","9","IR","injury-status ir","Final W 24-3 vs CIN","40","63","291","1","5","8","47","-","-","-","-","-"
"292","R. Johnson","R. Johnson","RB","CHI","5","Ques","injury-status questionable","Final L 20-38 vs GB","84","81","352","2","34","40","209","-","-","-","-","-"
"293","H. Renfrow","H. Renfrow","WR","LV","8","","injury-status","Final W 17-16 @ DEN","35","-","-","-","25","37","255","-","-","-","-","-"
"294","Z. White","Z. White","RB","LV","8","","injury-status","Final W 17-16 @ DEN","65","104","451","1","15","19","98","-","-","-","-","-"
"295","M. Hollins","M. Hollins","WR","ATL","5","","injury-status","Final W 24-10 vs CAR","34","-","-","-","18","30","251","-","-","-","-","-"
"296","M. Gesicki","M. Gesicki","TE","NE","14","Ques","injury-status questionable","Final L 20-25 vs PHI","51","-","-","-","29","45","244","2","-","-","-","-"
"297","D. Vaughn","D. Vaughn","RB","DAL","10","","injury-status","Final W 40-0 @ NYG","12","23","40","-","7","7","40","-","-","-","-","-"
"298","T. Marshall","T. Marshall","WR","CAR","14","","injury-status","Final L 10-24 @ ATL","22","-","-","-","19","33","139","-","-","-","-","-"
"299","J. Palmer","J. Palmer","WR","LAC","12","","injury-status","Final L 34-36 vs MIA","87","1","6","-","38","61","581","2","-","-","-","-"
"300","K. Ingram","K. Ingram","RB","KC","10","IR","injury-status ir","Final L 20-21 vs DET","12","35","74","-","4","4","26","-","-","-","-","-"
"301","D. Jackson","D. Jackson","RB","NYG","14","","injury-status","Final L 0-40 vs DAL","-0","14","16","-","5","6","14","-","-","-","-","-"
"302","C. Claypool","C. Claypool","WR","MIA","12","Ques","injury-status questionable","Final W 36-34 @ LAC","18","-","-","-","8","21","77","1","-","-","-","-"
"303","R. Cracraft","R. Cracraft","WR","MIA","12","","injury-status","Final W 36-34 @ LAC","23","-","-","-","9","12","121","1","-","-","-","-"
"304","S. Tucker","S. Tucker","RB","TB","9","","injury-status","Final W 20-17 @ MIN","4","15","23","-","2","2","9","-","-","-","-","-"
"305","T. Boyle","T. Boyle","QB","HOU","6","","injury-status","Final L 9-25 @ BAL","13","4","5","-","-","-","-","-","48","77","360","1"
"306","J. Agnew","J. Agnew","WR","JAX","8","Ques","injury-status questionable","Final W 31-21 @ IND","32","4","-2","-","14","21","225","1","-","-","-","-"
"307","J. Ross","J. Ross","WR","KC","10","","injury-status","Final L 20-21 vs DET","8","-","-","-","6","11","53","-","-","-","-","-"
"308","M. Gaskin","M. Gaskin","RB","MIN","6","","injury-status","Final L 17-20 vs TB","-","-","-","-","-","-","-","-","-","-","-","-"
"309","D. Foreman","D. Foreman","RB","CHI","5","","injury-status","Final L 20-38 vs GB","85","109","425","4","11","16","77","1","-","-","-","-"
"310","G. Dortch","G. Dortch","WR","ARI","8","","injury-status","Final L 16-20 @ WAS","53","1","5","-","24","41","280","2","-","-","-","-"
"311","I. Likely","I. Likely","TE","BAL","7","Ques","injury-status questionable","Final W 25-9 vs HOU","86","-","-","-","30","40","411","5","-","-","-","-"
"312","T. Chandler","T. Chandler","RB","MIN","6","","injury-status","Final L 17-20 vs TB","91","102","461","3","21","25","159","-","-","-","-","-"
"313","J. Wilson","J. Wilson","RB","MIA","12","","injury-status","Final W 36-34 @ LAC","34","41","188","-","14","17","85","-","-","-","-","-"
"314","B. Berrios","B. Berrios","WR","MIA","12","","injury-status","Final W 36-34 @ LAC","43","1","11","-","27","33","238","1","-","-","-","-"
"315","C. Patterson","C. Patterson","RB","ATL","5","","injury-status","Final W 24-10 vs CAR","31","50","181","-","9","12","38","1","-","-","-","-"
"316","N. Mullens","N. Mullens","QB","MIN","6","","injury-status","Final L 17-20 vs TB","73","10","25","-","-","-","-","-","100","148","1306","7"
"317","E. Gray","E. Gray","RB","NYG","14","PUP","injury-status pup","Final L 0-40 vs DAL","7","17","48","-","6","7","22","-","-","-","-","-"
"318","E. Stick","E. Stick","QB","LAC","12","","injury-status","Final L 34-36 vs MIA","64","27","144","1","-","-","-","-","111","174","1129","3"
"319","J. Jennings","J. Jennings","WR","SF","14","Ques","injury-status questionable","Final W 30-7 @ PIT","42","-","-","-","19","33","265","1","-","-","-","-"
"320","K. Raymond","K. Raymond","WR","DET","8","","injury-status","Final W 21-20 @ KC","79","7","75","-","35","44","489","1","-","-","-","-"
"321","N. Agholor","N. Agholor","WR","BAL","7","","injury-status","Final W 25-9 vs HOU","79","-","-","-","35","45","381","4","-","-","-","-"
"322","X. Hutchinson","X. Hutchinson","WR","HOU","6","","injury-status","Final L 9-25 @ BAL","18","5","49","-","8","19","90","-","-","-","-","-"
"323","D. Douglas","D. Douglas","WR","NE","14","","injury-status","Final L 20-25 vs PHI","80","8","41","-","49","78","561","-","-","-","-","-"
"324","A. Hooper","A. Hooper","TE","LV","8","","injury-status","Final W 17-16 @ DEN","36","-","-","-","25","31","234","-","-","-","-","-"
"325","C. Tillman","C. Tillman","WR","CLE","9","","injury-status","Final W 24-3 vs CIN","34","1","8","-","21","44","224","-","-","-","-","-"
"326","S. Shepard","S. Shepard","WR","NYG","14","","injury-status","Final L 0-40 vs DAL","14","1","6","-","10","22","57","1","-","-","-","-"
"327","B. Scott","B. Scott","RB","PHI","9","","injury-status","Final W 25-20 @ NE","13","20","86","-","4","6","52","-","-","-","-","-"
"328","N. Westbrook-Ikhine","N. Westbrook-Ikhine","WR","TEN","10","","injury-status","Final L 15-16 @ NO","71","-","-","-","28","45","370","3","-","-","-","-"
"329","R. Dowdle","R. Dowdle","RB","DAL","10","","injury-status","Final W 40-0 @ NYG","83","89","361","2","17","22","144","2","-","-","-","-"
"330","S. Ahmed","S. Ahmed","RB","MIA","12","IR","injury-status ir","Final W 36-34 @ LAC","35","22","61","1","16","23","88","1","-","-","-","-"
"331","R. Cobb","R. Cobb","WR","NYJ","9","","injury-status","Final W 22-16 vs BUF","14","-","-","-","5","17","39","1","-","-","-","-"
"332","Q. Watkins","Q. Watkins","WR","PHI","9","Ques","injury-status questionable","Final W 25-20 @ NE","28","-","-","-","15","21","142","1","-","-","-","-"
"333","L. Fournette","L. Fournette","RB","BUF","7","","injury-status","Final L 16-22 @ NYJ","4","12","40","-","-","-","-","-","-","-","-","-"
"334","L. Humphrey","L. Humphrey","WR","DEN","12","","injury-status","Final L 16-17 vs LV","41","-","-","-","13","19","162","3","-","-","-","-"
"335","T. Thornton","T. Thornton","WR","NE","14","","injury-status","Final L 20-25 vs PHI","21","3","51","-","13","23","91","-","-","-","-","-"
"336","O. Zaccheaus","O. Zaccheaus","WR","PHI","9","","injury-status","Final W 25-20 @ NE","33","-","-","-","10","20","164","2","-","-","-","-"
"337","R. James","R. James","WR","KC","10","","injury-status","Final L 20-21 vs DET","12","-","-","-","10","14","114","-","-","-","-","-"
"338","C. Reynolds","C. Reynolds","RB","DET","8","","injury-status","Final W 21-20 @ KC","25","41","179","1","5","5","47","-","-","-","-","-"
"339","R. Jarrett","R. Jarrett","WR","TB","9","","injury-status","Final W 20-17 @ MIN","8","1","-","-","4","9","60","-","-","-","-","-"
"340","N. Brown","N. Brown","WR","HOU","6","Ques","injury-status questionable","Final L 9-25 @ BAL","85","1","-1","-","33","55","567","2","-","-","-","-"
"341","K. Granson","K. Granson","TE","IND","11","","injury-status","Final L 21-31 vs JAX","58","1","2","-","30","50","368","1","-","-","-","-"
"342","M. Carter","M. Carter","RB","ARI","8","","injury-status","Final L 16-20 @ WAS","47","30","187","-","24","31","101","1","-","-","-","-"
"343","T. Scott","T. Scott","WR","CHI","5","","injury-status","Final L 20-38 vs GB","26","7","41","-","17","32","168","-","-","-","-","-"
"344","D. Washington","D. Washington","TE","PIT","5","","injury-status","Final L 7-30 vs SF","10","-","-","-","7","10","61","-","-","-","-","-"
"345","D. Brown","D. Brown","WR","WAS","12","","injury-status","Final W 20-16 vs ARI","30","1","-","-","12","23","168","1","1","1","4","-"
"346","C. Evans","C. Evans","RB","CIN","10","","injury-status","Final L 3-24 @ CLE","2","2","12","-","1","1","-1","-","-","-","-","-"
"347","D. Gray","D. Gray","WR","SF","14","Ques","injury-status questionable","Final W 30-7 @ PIT","-","-","-","-","-","-","-","-","-","-","-","-"
"348","J. Reynolds","J. Reynolds","WR","DET","8","","injury-status","Final W 21-20 @ KC","108","-","-","-","40","64","608","5","-","-","-","-"
"349","M. Breida","M. Breida","RB","NYG","14","","injury-status","Final L 0-40 vs DAL","37","55","151","1","17","21","88","-","-","-","-","-"
"350","B. Zappe","B. Zappe","QB","NE","14","","injury-status","Final L 20-25 vs PHI","76","17","83","1","-","-","-","-","127","212","1272","6"
"351","E. Hull","E. Hull","RB","IND","11","","injury-status","Final L 21-31 vs JAX","1","1","1","-","1","1","6","-","-","-","-","-"
"352","J. Chestnut","J. Chestnut","RB","TEN","10","","injury-status","Final L 15-16 @ NO","-","-","-","-","-","-","-","-","-","-","-","-"
"353","R. Rivers","R. Rivers","RB","LAR","8","","injury-status","Final W 30-13 @ SEA","18","32","129","-","5","5","22","-","-","-","-","-"
"354","C. Uzomah","C. Uzomah","TE","NYJ","9","Ques","injury-status questionable","Final W 22-16 vs BUF","16","-","-","-","8","12","58","1","-","-","-","-"
"355","J. Woods","J. Woods","TE","IND","11","","injury-status","Final L 21-31 vs JAX","-","-","-","-","-","-","-","-","-","-","-","-"
"356","L. Schoonmaker","L. Schoonmaker","TE","DAL","10","Ques","injury-status questionable","Final W 40-0 @ NYG","23","-","-","-","8","15","65","2","-","-","-","-"
"357","N. Gray","N. Gray","TE","KC","10","","injury-status","Final L 20-21 vs DET","57","1","1","-","28","41","305","2","-","-","-","-"
"358","L. Havrisik","L. Havrisik","K","","","","injury-status","BYE","62","-","-","-","-","-","-","-","-","-","-","-"
"359","P. Hendershot","P. Hendershot","TE","DAL","10","","injury-status","Final W 40-0 @ NYG","6","1","-","-","4","7","38","-","-","-","-","-"
"360","Z. Evans","Z. Evans","RB","LAR","8","","injury-status","Final W 30-13 @ SEA","2","9","19","-","-","-","-","-","-","-","-","-"
"361","K. Hamler","K. Hamler","WR","IND","11","","injury-status","Final L 21-31 vs JAX","-","-","-","-","-","-","-","-","-","-","-","-"
"362","D. Smythe","D. Smythe","TE","MIA","12","","injury-status","Final W 36-34 @ LAC","54","-","-","-","35","43","366","-","-","-","-","-"
"363","R. Blackshear","R. Blackshear","RB","CAR","14","Ques","injury-status questionable","Final L 10-24 @ ATL","14","14","46","-","6","7","45","-","-","-","-","-"
"364","J. Mason","J. Mason","RB","SF","14","","injury-status","Final W 30-7 @ PIT","43","40","206","3","3","4","31","-","-","-","-","-"
"365","J. Fortson","J. Fortson","TE","KC","10","Ques","injury-status questionable","Final L 20-21 vs DET","-","-","-","-","-","-","-","-","-","-","-","-"
"366","C. Edmonds","C. Edmonds","RB","TB","9","","injury-status","Final W 20-17 @ MIN","33","49","176","-","14","17","81","-","-","-","-","-"
"367","K. Juszczyk","K. Juszczyk","RB","SF","14","","injury-status","Final W 30-7 @ PIT","32","5","6","-","14","17","119","2","-","-","-","-"
"368","J. Akins","J. Akins","TE","CLE","9","","injury-status","Final W 24-3 vs CIN","21","-","-","-","15","23","132","-","-","-","-","-"
"369","I. McKenzie","I. McKenzie","WR","IND","11","","injury-status","Final L 21-31 vs JAX","8","3","14","-","11","14","82","-","-","-","-","-"
"370","D. Parham","D. Parham","TE","LAC","12","IR","injury-status ir","Final L 34-36 vs MIA","66","-","-","-","27","41","285","4","-","-","-","-"
"371","J. Jones","J. Jones","WR","PHI","9","","injury-status","Final W 25-20 @ NE","31","-","-","-","11","19","74","3","-","-","-","-"
"372","R. Jones","R. Jones","RB","","","","injury-status","BYE","-","-","-","-","-","-","-","-","-","-","-","-"
"373","K. Mitchell","K. Mitchell","RB","BAL","7","","injury-status","Final W 25-9 vs HOU","65","47","396","2","9","11","93","-","-","-","-","-"
"374","T. Heinicke","T. Heinicke","QB","ATL","5","","injury-status","Final W 24-10 vs CAR","69","15","124","1","-","-","-","-","74","136","890","5"
"375","M. Heath","M. Heath","WR","GB","5","","injury-status","Final W 38-20 @ CHI","26","-","-","-","15","24","125","1","-","-","-","-"
"376","T. Davis-Price","T. Davis-Price","RB","SF","14","","injury-status","Final W 30-7 @ PIT","2","6","21","-","-","-","-","-","-","-","-","-"
"377","K. Philips","K. Philips","WR","TEN","10","","injury-status","Final L 15-16 @ NO","23","-","-","-","15","22","181","-","-","-","-","-"
"378","B. Bolden","B. Bolden","RB","LV","8","","injury-status","Final W 17-16 @ DEN","11","4","31","1","-","-","-","-","-","-","-","-"
"379","A. Abdullah","A. Abdullah","RB","LV","8","Ques","injury-status questionable","Final W 17-16 @ DEN","32","15","89","-","19","24","131","-","-","-","-","-"
"380","D. Johnson","D. Johnson","RB","JAX","8","","injury-status","Final W 31-21 @ IND","30","41","108","-","10","12","140","-","-","-","-","-"
"381","P. Washington","P. Washington","WR","JAX","8","","injury-status","Final W 31-21 @ IND","29","-","-","-","16","21","132","2","-","-","-","-"
"382","J. Hasty","J. Hasty","RB","NE","14","","injury-status","Final L 20-25 vs PHI","-","-","-","-","-","2","-","-","-","-","-","-"
"383","E. St. Brown","E. St. Brown","WR","CHI","5","Ques","injury-status questionable","Final L 20-38 vs GB","9","-","-","-","5","6","62","-","-","-","-","-"
"384","T. Sherfield","T. Sherfield","WR","BUF","7","","injury-status","Final L 16-22 @ NYJ","20","-","-","-","11","22","86","1","-","-","-","-"
"385","D. Thompkins","D. Thompkins","WR","TB","9","","injury-status","Final W 20-17 @ MIN","23","8","56","-","17","25","83","1","-","-","-","-"
"386","B. Pringle","B. Pringle","WR","WAS","12","","injury-status","Final W 20-16 vs ARI","20","-","-","-","14","22","161","-","-","-","-","-"
"387","D. Dallas","D. Dallas","RB","SEA","8","","injury-status","Final L 13-30 vs LAR","3","10","36","-","6","9","26","-","-","-","-","-"
"388","D. Harty","D. Harty","WR","BUF","7","Ques","injury-status questionable","Final L 16-22 @ NYJ","31","4","-","-","15","21","150","1","-","-","-","-"
"389","S. Miller","S. Miller","WR","ATL","5","","injury-status","Final W 24-10 vs CAR","34","-","-","-","11","16","161","2","-","-","-","-"
"390","E. Ezukanma","E. Ezukanma","WR","MIA","12","","injury-status","Final W 36-34 @ LAC","2","5","22","-","-","1","-","-","-","-","-","-"
"391","T. Smith","T. Smith","WR","DEN","12","","injury-status","Final L 16-17 vs LV","-","-","-","-","-","-","-","-","-","-","-","-"
"392","C. Wilson","C. Wilson","WR","MIA","12","","injury-status","Final W 36-34 @ LAC","59","-","-","-","22","38","296","3","-","-","-","-"
"393","J. Tolbert","J. Tolbert","WR","DAL","10","","injury-status","Final W 40-0 @ NYG","47","-","-","-","22","36","268","2","-","-","-","-"
"394","C. Turner","C. Turner","TE","WAS","12","","injury-status","Final W 20-16 vs ARI","18","-","-","-","11","15","120","-","-","-","-","-"
"395","C. Heyward","C. Heyward","TE","PIT","5","","injury-status","Final L 7-30 vs SF","28","1","-","-","23","34","167","-","-","1","-","-"
"396","J. Landry","J. Landry","WR","","","","injury-status","BYE","-","-","-","-","-","-","-","-","-","-","-","-"
"397","R. McCloud","R. McCloud","WR","SF","14","","injury-status","Final W 30-7 @ PIT","22","3","30","-","12","15","135","-","-","-","-","-"
"398","C. Tune","C. Tune","QB","ARI","8","","injury-status","Final L 16-20 @ WAS","7","8","30","1","-","-","-","-","12","21","62","-"
"399","T. Irwin","T. Irwin","WR","CIN","10","","injury-status","Final L 3-24 @ CLE","48","-","-","-","25","32","316","1","-","-","-","-"
"400","T. Williams","T. Williams","RB","CIN","10","","injury-status","Final L 3-24 @ CLE","11","15","69","-","7","9","10","-","-","-","-","-"
"401","E. Dotson","E. Dotson","RB","LAC","12","","injury-status","Final L 34-36 vs MIA","3","4","6","-","2","2","13","-","-","-","-","-"
"402","L. Farrell","L. Farrell","TE","JAX","8","","injury-status","Final W 31-21 @ IND","22","-","-","-","13","15","155","-","-","-","-","-"
"403","B. Powell","B. Powell","WR","MIN","6","","injury-status","Final L 17-20 vs TB","52","5","17","-","29","44","324","1","-","-","-","-"
"404","J. Brissett","J. Brissett","QB","WAS","12","","injury-status","Final W 20-16 vs ARI","23","3","19","-","-","-","-","-","18","23","224","3"
"405","I. Spiller","I. Spiller","RB","LAC","12","","injury-status","Final L 34-36 vs MIA","16","37","96","-","6","6","34","-","-","-","-","-"
"406","B. Skowronek","B. Skowronek","WR","LAR","8","","injury-status","Final W 30-13 @ SEA","18","2","9","-","8","12","66","1","-","-","-","-"
"407","D. Carter","D. Carter","WR","LV","8","","injury-status","Final W 17-16 @ DEN","6","3","18","-","4","7","39","-","-","-","-","-"
"408","M. Pruitt","M. Pruitt","TE","ATL","5","","injury-status","Final W 24-10 vs CAR","21","-","-","-","9","12","110","1","-","-","-","-"
"409","J. McLaughlin","J. McLaughlin","RB","DEN","12","","injury-status","Final L 16-17 vs LV","91","76","410","1","31","36","160","2","-","-","-","-"
"410","J. Smith","J. Smith","TE","ATL","5","Ques","injury-status questionable","Final W 24-10 vs CAR","98","1","-","-","50","70","582","3","-","1","-","-"
"411","A. Okwuegbunam","A. Okwuegbunam","TE","PHI","9","","injury-status","Final W 25-20 @ NE","-","-","-","-","-","1","-","-","-","-","-","-"
"412","J. Graham","J. Graham","TE","NO","11","","injury-status","Final W 16-15 vs TEN","31","-","-","-","6","7","39","4","-","-","-","-"
"413","D. McBride","D. McBride","RB","MIN","6","","injury-status","Final L 17-20 vs TB","-","-","-","-","-","-","-","-","-","-","-","-"
"414","C. Parkinson","C. Parkinson","TE","SEA","8","","injury-status","Final L 13-30 vs LAR","49","-","-","-","25","34","247","2","-","-","-","-"
"415","W. Dissly","W. Dissly","TE","SEA","8","","injury-status","Final L 13-30 vs LAR","32","-","-","-","17","22","172","1","-","-","-","-"
"416","E. Wilson","E. Wilson","RB","GB","5","","injury-status","Final W 38-20 @ CHI","12","14","85","-","4","5","23","-","-","-","-","-"
"417","R. Tonyan","R. Tonyan","TE","CHI","5","","injury-status","Final L 20-38 vs GB","17","-","-","-","11","17","112","-","-","-","-","-"
"418","Z. Pascal","Z. Pascal","WR","ARI","8","","injury-status","Final L 16-20 @ WAS","4","-","-","-","4","15","19","-","-","-","-","-"
"419","K. Trask","K. Trask","QB","TB","9","","injury-status","Final W 20-17 @ MIN","-0","1","-1","-","-","-","-","-","-","1","-","-"
"420","Q. Morris","Q. Morris","TE","BUF","7","","injury-status","Final L 16-22 @ NYJ","11","-","-","-","2","3","26","1","-","-","-","-"
"421","T. Kraft","T. Kraft","TE","GB","5","","injury-status","Final W 38-20 @ CHI","63","-","-","-","31","40","355","2","-","-","-","-"
"422","J. Deguara","J. Deguara","TE","GB","5","","injury-status","Final W 38-20 @ CHI","11","-","-","-","8","8","65","-","-","-","-","-"
"423","F. Moreau","F. Moreau","TE","NO","11","PUP","injury-status pup","Final W 16-15 vs TEN","36","-","-","-","21","25","193","1","-","-","-","-"
"424","C. Rodriguez","C. Rodriguez","RB","WAS","12","","injury-status","Final W 20-16 vs ARI","36","51","247","2","2","2","12","-","-","-","-","-"
"425","D. Milne","D. Milne","WR","WAS","12","","injury-status","Final W 20-16 vs ARI","-","-","-","-","-","-","-","-","-","-","-","-"
"426","M. Wilcox","M. Wilcox","TE","CIN","10","","injury-status","Final L 3-24 @ CLE","10","-","-","-","9","12","56","-","-","-","-","-"
"427","J. Oliver","J. Oliver","TE","MIN","6","","injury-status","Final L 17-20 vs TB","41","-","-","-","22","28","213","2","-","-","-","-"
"428","A. Green","A. Green","WR","DET","8","Ques","injury-status questionable","Final W 21-20 @ KC","1","-","-","-","1","2","2","-","-","-","-","-"
"429","A. Perry","A. Perry","WR","NO","11","","injury-status","Final W 16-15 vs TEN","55","-","-","-","12","18","246","4","-","-","-","-"
"430","E. Demercado","E. Demercado","RB","ARI","8","","injury-status","Final L 16-20 @ WAS","63","58","284","2","21","30","119","-","-","-","-","-"
"431","S. Sullivan","S. Sullivan","TE","CAR","14","Out","injury-status out","Final L 10-24 @ ATL","19","-","-","-","12","24","125","-","-","-","-","-"
"432","M. Goodwin","M. Goodwin","WR","CLE","9","","injury-status","Final W 24-3 vs CIN","12","4","33","-","4","13","67","-","-","-","-","-"
"433","T. Tucker","T. Tucker","WR","LV","8","","injury-status","Final W 17-16 @ DEN","62","10","77","-","19","34","331","2","-","-","-","-"
"434","D. Duvernay","D. Duvernay","WR","BAL","7","","injury-status","Final W 25-9 vs HOU","6","4","15","-","4","9","18","-","-","-","-","-"
"435","J. Whyle","J. Whyle","TE","TEN","10","","injury-status","Final L 15-16 @ NO","20","-","-","-","9","15","94","1","-","-","-","-"
"436","I. Abanikanda","I. Abanikanda","RB","NYJ","9","","injury-status","Final W 22-16 vs BUF","12","22","70","-","7","11","43","-","-","-","-","-"
"437","A. Ingold","A. Ingold","RB","MIA","12","","injury-status","Final W 36-34 @ LAC","18","2","-","-","13","16","119","-","-","-","-","-"
"438","M. Alie-Cox","M. Alie-Cox","TE","IND","11","","injury-status","Final L 21-31 vs JAX","43","-","-","-","13","22","161","3","-","-","-","-"
"439","J. Bobo","J. Bobo","WR","SEA","8","Ques","injury-status questionable","Final L 13-30 vs LAR","47","1","3","1","19","25","196","2","-","-","-","-"
"440","S. Toure","S. Toure","WR","GB","5","","injury-status","Final W 38-20 @ CHI","11","-","-","-","8","18","78","-","-","-","-","-"
"441","A. Iosivas","A. Iosivas","WR","CIN","10","","injury-status","Final L 3-24 @ CLE","43","-","-","-","15","25","116","4","-","-","-","-"
"442","D. Wicks","D. Wicks","WR","GB","5","Ques","injury-status questionable","Final W 38-20 @ CHI","97","1","1","-","39","58","581","4","1","1","14","-"
"443","B. Wright","B. Wright","TE","DET","8","","injury-status","Final W 21-20 @ KC","22","-","-","-","13","14","91","1","-","-","-","-"
"444","D. Prince","D. Prince","RB","KC","10","IR","injury-status ir","Final L 20-21 vs DET","-","-","-","-","-","-","-","-","-","-","-","-"
"445","B. Strange","B. Strange","TE","JAX","8","","injury-status","Final W 31-21 @ IND","12","-","-","-","5","9","35","1","-","-","-","-"
"446","D. Bell","D. Bell","WR","CLE","9","PUP","injury-status pup","Final W 24-3 vs CIN","42","-","-","-","14","23","167","3","-","-","-","-"
"447","J. Ali","J. Ali","WR","ATL","5","","injury-status","Final W 24-10 vs CAR","-","-","-","-","-","-","-","-","-","-","-","-"
"448","B. Johnson","B. Johnson","WR","DEN","12","Ques","injury-status questionable","Final L 16-17 vs LV","64","-","-","-","19","30","284","4","-","-","-","-"
"449","A. Brown","A. Brown","WR","","","","injury-status","BYE","-","-","-","-","-","-","-","-","-","-","-","-"
"450","D. Bellinger","D. Bellinger","TE","NYG","14","","injury-status","Final L 0-40 vs DAL","38","-","-","-","25","28","255","-","-","-","-","-"
"451","T. Sermon","T. Sermon","RB","IND","11","","injury-status","Final L 21-31 vs JAX","19","35","160","-","3","6","13","-","-","-","-","-"
"452","J. Robinson","J. Robinson","RB","NO","11","","injury-status","Final W 16-15 vs TEN","1","1","2","-","1","1","-2","-","-","-","-","-"
"453","J. Reagor","J. Reagor","WR","NE","14","Out","injury-status out","Final L 20-25 vs PHI","25","1","17","-","7","24","138","-","-","-","-","-"
"454","R. Griffin","R. Griffin","TE","","","","injury-status","BYE","-","-","-","-","-","-","-","-","-","-","-","-"
"455","A. Trautman","A. Trautman","TE","DEN","12","","injury-status","Final L 16-17 vs LV","49","-","-","-","22","35","204","3","-","-","-","-"
"456","C. Moore","C. Moore","WR","TEN","10","","injury-status","Final L 15-16 @ NO","57","2","39","-","22","35","424","-","-","-","-","-"
"457","L. Shenault","L. Shenault","WR","CAR","14","","injury-status","Final L 10-24 @ ATL","16","12","55","-","10","10","60","-","-","-","-","-"
"458","D. Ogletree","D. Ogletree","TE","IND","11","","injury-status","Final L 21-31 vs JAX","31","-","-","-","9","21","147","2","-","-","-","-"
"459","K. Nwangwu","K. Nwangwu","RB","MIN","6","","injury-status","Final L 17-20 vs TB","1","5","13","-","-","-","-","-","-","-","-","-"
"460","C. Latu","C. Latu","TE","SF","14","","injury-status","Final W 30-7 @ PIT","-","-","-","-","-","-","-","-","-","-","-","-"
"461","K. Boutte","K. Boutte","WR","NE","14","","injury-status","Final L 20-25 vs PHI","3","-","-","-","2","7","19","-","-","-","-","-"
"462","D. Pettis","D. Pettis","WR","","","","injury-status","BYE","-","-","-","-","-","-","-","-","-","-","-","-"
"463","C. Clement","C. Clement","RB","ARI","8","","injury-status","Final L 16-20 @ WAS","-","-","-","-","-","-","-","-","-","-","-","-"
"464","C. Austin","C. Austin","WR","PIT","5","Ques","injury-status questionable","Final L 7-30 vs SF","42","11","57","1","17","30","180","1","-","-","-","-"
"465","K. Hodge","K. Hodge","WR","ATL","5","","injury-status","Final W 24-10 vs CAR","29","1","-","-","14","23","232","-","-","-","-","-"
"466","J. Crowder","J. Crowder","WR","WAS","12","","injury-status","Final W 20-16 vs ARI","26","-","-","-","16","20","159","1","-","-","-","-"
"467","D. Davis","D. Davis","WR","LAC","12","","injury-status","Final L 34-36 vs MIA","25","14","101","-","15","17","66","-","-","-","-","-"
"468","W. Mallory","W. Mallory","TE","IND","11","","injury-status","Final L 21-31 vs JAX","29","-","-","-","18","26","207","-","-","-","-","-"
"469","R. Chosen","R. Chosen","WR","MIA","12","","injury-status","Final W 36-34 @ LAC","21","-","-","-","4","6","126","1","-","-","-","-"
"470","D. Williams","D. Williams","RB","","","","injury-status","BYE","-","-","-","-","-","-","-","-","-","-","-","-"
"471","C. Conley","C. Conley","WR","SF","14","","injury-status","Final W 30-7 @ PIT","8","-","-","-","3","6","69","-","-","-","-","-"
"472","M. Davis","M. Davis","RB","DAL","10","","injury-status","Final W 40-0 @ NYG","-","-","-","-","-","-","-","-","-","-","-","-"
"473","M. Badgley","M. Badgley","K","DET","8","","injury-status","Final W 21-20 @ KC","24","-","-","-","-","-","-","-","-","-","-","-"
"474","C. Jones","C. Jones","WR","CIN","10","","injury-status","Final L 3-24 @ CLE","17","2","13","-","7","9","64","-","-","-","-","-"
"475","C. Kolar","C. Kolar","TE","BAL","7","","injury-status","Final W 25-9 vs HOU","18","-","-","-","7","9","87","1","-","-","-","-"
"476","J. Funk","J. Funk","RB","BAL","7","","injury-status","Final W 25-9 vs HOU","3","2","10","-","1","1","12","-","-","-","-","-"
"477","J. Patterson","J. Patterson","RB","WAS","12","Ques","injury-status questionable","Final W 20-16 vs ARI","-","-","-","-","-","-","-","-","-","-","-","-"
"478","B. Hopkins","B. Hopkins","TE","LAR","8","","injury-status","Final W 30-13 @ SEA","10","-","-","-","5","7","78","-","-","-","-","-"
"479","J. Watson","J. Watson","WR","KC","10","","injury-status","Final L 20-21 vs DET","75","-","-","-","27","53","460","3","-","-","-","-"
"480","D. Eskridge","D. Eskridge","WR","SEA","8","Ques","injury-status questionable","Final L 13-30 vs LAR","1","2","5","-","-","1","-","-","-","-","-","-"
"481","P. Hesse","P. Hesse","TE","ATL","5","","injury-status","Final W 24-10 vs CAR","-","-","-","-","-","-","-","-","-","-","-","-"
"482","K. Harris","K. Harris","RB","NE","14","","injury-status","Final L 20-25 vs PHI","20","16","65","1","3","3","58","-","-","-","-","-"
"483","K. Vaughn","K. Vaughn","RB","NE","14","","injury-status","Final L 20-25 vs PHI","5","24","42","-","2","5","2","-","-","-","-","-"
"484","T. Tremble","T. Tremble","TE","CAR","14","Ques","injury-status questionable","Final L 10-24 @ ATL","49","-","-","-","23","32","194","3","-","-","-","-"
"485","D. Robinson","D. Robinson","WR","LAR","8","Sus","injury-status sus","Final W 30-13 @ SEA","72","1","23","-","26","39","371","4","-","-","-","-"
"486","E. Benjamin","E. Benjamin","RB","NO","11","","injury-status","Final W 16-15 vs TEN","-","-","-","-","-","-","-","-","-","-","-","-"
"487","P. Brown","P. Brown","TE","NE","14","","injury-status","Final L 20-25 vs PHI","30","-","-","-","13","15","208","1","-","-","-","-"
"488","M. Williams","M. Williams","TE","","","","injury-status","BYE","-","-","-","-","-","-","-","-","-","-","-","-"
"489","A. Wesley","A. Wesley","WR","","","","injury-status","BYE","-","-","-","-","-","-","-","-","-","-","-","-"
"490","T. Hudson","T. Hudson","TE","CIN","10","","injury-status","Final L 3-24 @ CLE","61","-","-","-","39","50","352","1","-","-","-","-"
"491","C. Beasley","C. Beasley","WR","","","","injury-status","BYE","-","-","-","-","-","-","-","-","-","-","-","-"
"492","P. Romo","P. Romo","K","","","","injury-status","BYE","-","-","-","-","-","-","-","-","-","-","-","-"
"493","C. York","C. York","K","NYG","14","","injury-status","Final L 0-40 vs DAL","-","-","-","-","-","-","-","-","-","-","-","-"
"494","R. Gronkowski","R. Gronkowski","TE","","","","injury-status","BYE","-","-","-","-","-","-","-","-","-","-","-","-"
"495","R. Gould","R. Gould","K","","","","injury-status","BYE","-","-","-","-","-","-","-","-","-","-","-","-"
"496","D. Moore","D. Moore","WR","TB","9","","injury-status","Final W 20-17 @ MIN","18","-","-","-","5","7","94","1","-","-","-","-"
"497","T. Brown","T. Brown","K","","","","injury-status","BYE","-","-","-","-","-","-","-","-","-","-","-","-"
"498","M. Callaway","M. Callaway","WR","NO","11","","injury-status","Final W 16-15 vs TEN","-","-","-","-","-","-","-","-","-","-","-","-"
"499","D. Mims","D. Mims","WR","PIT","5","","injury-status","Final L 7-30 vs SF","-","-","-","-","-","-","-","-","-","-","-","-"
"500","T. Badie","T. Badie","RB","DEN","12","","injury-status","Final L 16-17 vs LV","-","-","-","-","-","-","-","-","-","-","-","-"
"501","T. Homer","T. Homer","RB","CHI","5","IR","injury-status ir","Final L 20-38 vs GB","-","-","-","-","-","1","-","-","-","-","-","-"
"502","M. Ingram","M. Ingram","RB","","","","injury-status","BYE","-","-","-","-","-","-","-","-","-","-","-","-"
"503","Z. Kuntz","Z. Kuntz","TE","NYJ","9","","injury-status","Final W 22-16 vs BUF","-","-","-","-","-","-","-","-","-","-","-","-"
"504","T. Huntley","T. Huntley","QB","BAL","7","","injury-status","Final W 25-9 vs HOU","26","15","55","-","-","-","-","-","21","37","203","3"
"505","J. Guyton","J. Guyton","WR","LAC","12","","injury-status","Final L 34-36 vs MIA","20","-","-","-","10","21","89","1","-","-","-","-"
"506","R. Freeman","R. Freeman","RB","LAR","8","","injury-status","Final W 30-13 @ SEA","46","77","319","2","1","2","13","-","-","-","-","-"
"507","H. Bryant","H. Bryant","TE","CLE","9","","injury-status","Final W 24-3 vs CIN","30","5","8","-","13","20","81","3","-","-","-","-"
"508","D. Sample","D. Sample","TE","CIN","10","Ques","injury-status questionable","Final L 3-24 @ CLE","39","-","-","-","22","27","163","2","-","-","-","-"
"509","S. Conner","S. Conner","RB","JAX","8","","injury-status","Final W 31-21 @ IND","-","-","-","-","-","-","-","-","-","-","-","-"
"510","S. Fehoko","S. Fehoko","WR","LAC","12","","injury-status","Final L 34-36 vs MIA","7","-","-","-","1","2","9","1","-","-","-","-"
"511","E. Fry","E. Fry","K","","","","injury-status","BYE","-","-","-","-","-","-","-","-","-","-","-","-"
"512","Z. Gonzalez","Z. Gonzalez","K","","","","injury-status","BYE","-","-","-","-","-","-","-","-","-","-","-","-"
"513","R. Succop","R. Succop","K","","","","injury-status","BYE","-","-","-","-","-","-","-","-","-","-","-","-"
"514","J. Bates","J. Bates","TE","WAS","12","","injury-status","Final W 20-16 vs ARI","25","-","-","-","19","28","151","-","-","-","-","-"
"515","O. Howard","O. Howard","TE","","","","injury-status","BYE","-","-","-","-","-","-","-","-","-","-","-","-"
"516","T. Lance","T. Lance","QB","DAL","12","","injury-status","Final W 40-0 @ NYG","-","-","-","-","-","-","-","-","-","-","-","-"
"517","D. Arnold","D. Arnold","TE","","","","injury-status","BYE","-","-","-","-","-","-","-","-","-","-","-","-"
"518","M. Mariota","M. Mariota","QB","PHI","9","Ques","injury-status questionable","Final W 25-20 @ NE","12","8","52","-","-","-","-","-","15","23","164","1"
"519","B. Knight","B. Knight","RB","DET","8","","injury-status","Final W 21-20 @ KC","3","3","13","-","1","1","8","-","-","-","-","-"
"520","S. Smith","S. Smith","WR","TEN","10","Sus","injury-status sus","Final L 15-16 @ NO","-","-","-","-","-","-","-","-","-","-","-","-"
"521","D. Henderson","D. Henderson","RB","","","","injury-status","BYE","39","46","112","2","10","14","103","-","-","-","-","-"
"522","L. Treadwell","L. Treadwell","WR","BAL","7","","injury-status","Final W 25-9 vs HOU","2","-","-","-","1","3","16","-","-","-","-","-"
"523","K. McIntosh","K. McIntosh","RB","SEA","8","IR","injury-status ir","Final L 13-30 vs LAR","-","-","-","-","-","-","-","-","-","-","-","-"
"524","R. Bullock","R. Bullock","K","NYG","14","","injury-status","Final L 0-40 vs DAL","28","-","-","-","-","-","-","-","-","-","-","-"
"525","J. Winston","J. Winston","QB","NO","11","","injury-status","Final W 16-15 vs TEN","15","5","-6","-","-","-","-","-","25","47","264","2"
"526","T. Hilton","T. Hilton","WR","","","","injury-status","BYE","-","-","-","-","-","-","-","-","-","-","-","-"
"527","N. Harry","N. Harry","TE","MIN","6","","injury-status","Final L 17-20 vs TB","-","-","-","-","-","-","-","-","-","-","-","-"
"528","T. Goodson","T. Goodson","RB","IND","11","Ques","injury-status questionable","Final L 21-31 vs JAX","15","13","87","-","6","9","34","-","-","-","-","-"
"529","I. Smith-Marsette","I. Smith-Marsette","WR","CAR","14","","injury-status","Final L 10-24 @ ATL","27","8","74","1","8","10","51","-","-","-","-","-"
"530","G. Brightwell","G. Brightwell","RB","NYG","14","","injury-status","Final L 0-40 vs DAL","9","9","19","-","5","7","47","-","-","-","-","-"
"531","G. Swaim","G. Swaim","TE","ARI","8","Ques","injury-status questionable","Final L 16-20 @ WAS","14","-","-","-","10","11","94","-","-","-","-","-"
"532","T. Taylor","T. Taylor","QB","NYG","14","Ques","injury-status questionable","Final L 0-40 vs DAL","86","38","197","-","-","-","-","-","116","180","1341","5"
"533","L. Rountree","L. Rountree","RB","","","","injury-status","BYE","-","-","-","-","-","-","-","-","-","-","-","-"
"534","S. Darnold","S. Darnold","QB","SF","14","","injury-status","Final W 30-7 @ PIT","21","21","15","1","-","-","-","-","28","46","297","2"
"535","D. Felton","D. Felton","RB","CIN","10","","injury-status","Final L 3-24 @ CLE","-","-","-","-","-","-","-","-","-","-","-","-"
"536","T. Montgomery","T. Montgomery","RB","","","","injury-status","BYE","7","3","9","-","5","12","40","-","-","-","-","-"
"537","M. Willis","M. Willis","QB","TEN","10","","injury-status","Final L 15-16 @ NO","2","5","21","-","-","-","-","-","4","5","74","-"
"538","T. Bridgewater","T. Bridgewater","QB","DET","8","","injury-status","Final W 21-20 @ KC","-0","2","-2","-","-","-","-","-","-","-","-","-"
"539","T. Jones","T. Jones","WR","JAX","8","","injury-status","Final W 31-21 @ IND","15","-","-","-","11","18","83","-","-","-","-","-"
"540","C. Brooks","C. Brooks","RB","MIA","12","","injury-status","Final W 36-34 @ LAC","11","19","106","-","-","-","-","-","-","-","-","-"
"541","J. Taylor","J. Taylor","RB","HOU","6","","injury-status","Final L 9-25 @ BAL","-","-","-","-","-","-","-","-","-","-","-","-"
"542","P. Cooper","P. Cooper","WR","","","","injury-status","BYE","-","-","-","-","-","-","-","-","-","-","-","-"
"543","H. Haskins","H. Haskins","RB","TEN","10","","injury-status","Final L 15-16 @ NO","-","-","-","-","-","-","-","-","-","-","-","-"
"544","E. Higgins","E. Higgins","TE","ARI","8","","injury-status","Final L 16-20 @ WAS","29","-","-","-","14","19","163","1","-","-","-","-"
"545","B. Gabbert","B. Gabbert","QB","KC","10","","injury-status","Final L 20-21 vs DET","9","7","45","-","-","-","-","-","18","35","185","-"
"546","M. Trubisky","M. Trubisky","QB","PIT","5","","injury-status","Final L 7-30 vs SF","53","16","54","2","-","-","-","-","67","107","632","4"
"547","J. Stidham","J. Stidham","QB","DEN","12","","injury-status","Final L 16-17 vs LV","27","9","8","-","-","-","-","-","40","66","496","2"
"548","R. Gilliam","R. Gilliam","RB","BUF","7","","injury-status","Final L 16-22 @ NYJ","2","-","-","-","1","1","3","-","-","-","-","-"
"549","S. Bennett","S. Bennett","QB","LAR","8","","injury-status","Final W 30-13 @ SEA","-","-","-","-","-","-","-","-","-","-","-","-"
"550","C. Shudak","C. Shudak","K","","","","injury-status","BYE","-","-","-","-","-","-","-","-","-","-","-","-"
"551","M. Cunningham","M. Cunningham","WR","BAL","7","","injury-status","Final W 25-9 vs HOU","-","-","-","-","-","-","-","-","-","-","-","-"
"552","J. Howard","J. Howard","RB","","","","injury-status","BYE","-","-","-","-","-","-","-","-","-","-","-","-"
"553","D. Williams","D. Williams","RB","","","Ques","injury-status questionable","BYE","7","11","43","-","2","2","12","-","-","-","-","-"
"554","M. White","M. White","QB","MIA","12","","injury-status","Final W 36-34 @ LAC","2","8","-9","-","-","-","-","-","5","6","74","1"
"555","R. Burkhead","R. Burkhead","RB","","","","injury-status","BYE","-","-","-","-","-","-","-","-","-","-","-","-"
"556","A. Dalton","A. Dalton","QB","CAR","14","Ques","injury-status questionable","Final L 10-24 @ ATL","24","3","12","-","-","-","-","-","34","58","361","2"
"557","K. Drake","K. Drake","RB","GB","5","","injury-status","Final W 38-20 @ CHI","1","2","-","-","2","3","31","-","-","-","-","-"
"558","D. Hilliard","D. Hilliard","RB","","","Ques","injury-status questionable","BYE","-","-","-","-","-","-","-","-","-","-","-","-"
"559","M. Gordon","M. Gordon","RB","BAL","7","","injury-status","Final W 25-9 vs HOU","17","26","81","1","3","3","46","-","-","-","-","-"
"560","L. Cager","L. Cager","TE","NYG","14","","injury-status","Final L 0-40 vs DAL","12","-","-","-","4","5","36","1","-","-","-","-"
"561","I. Thomas","I. Thomas","TE","CAR","14","","injury-status","Final L 10-24 @ ATL","8","-","-","-","5","9","56","-","-","-","-","-"
"562","J. McKissic","J. McKissic","RB","","","Ques","injury-status questionable","BYE","-","-","-","-","-","-","-","-","-","-","-","-"
"563","T. Quitoriano","T. Quitoriano","TE","HOU","6","","injury-status","Final L 9-25 @ BAL","4","-","-","-","2","3","33","-","-","-","-","-"
"564","D. Lock","D. Lock","QB","SEA","8","","injury-status","Final L 13-30 vs LAR","32","5","14","-","-","-","-","-","48","76","543","3"
"565","D. Mills","D. Mills","QB","HOU","6","","injury-status","Final L 9-25 @ BAL","18","2","9","-","-","-","-","-","18","39","173","2"
"566","G. Minshew","G. Minshew","QB","IND","11","","injury-status","Final L 21-31 vs JAX","197","34","100","3","-","-","-","-","305","490","3305","15"
"567","M. Corral","M. Corral","QB","NE","14","","injury-status","Final L 20-25 vs PHI","-","-","-","-","-","-","-","-","-","-","-","-"
"568","Z. Gentry","Z. Gentry","TE","LV","8","","injury-status","Final W 17-16 @ DEN","-","-","-","-","-","-","-","-","-","-","-","-"
"569","D. Evans","D. Evans","RB","MIA","12","Ques","injury-status questionable","Final W 36-34 @ LAC","27","32","121","1","7","12","49","-","-","-","-","-"
"570","M. Taylor","M. Taylor","WR","NYJ","9","","injury-status","Final W 22-16 vs BUF","2","-","-","-","2","4","13","-","-","-","-","-"
"571","D. Ogunbowale","D. Ogunbowale","RB","HOU","6","","injury-status","Final L 9-25 @ BAL","10","8","35","-","2","7","18","-","-","-","-","-"
"572","C. Beathard","C. Beathard","QB","JAX","8","","injury-status","Final W 31-21 @ IND","20","8","35","-","-","-","-","-","40","53","349","1"
"573","B. Rypien","B. Rypien","QB","NYJ","9","","injury-status","Final W 22-16 vs BUF","4","3","19","-","-","-","-","-","18","38","172","-"
"574","K. Allen","K. Allen","QB","BUF","7","","injury-status","Final L 16-22 @ NYJ","-1","13","-13","-","-","-","-","-","-","-","-","-"
"575","G. Igwebuike","G. Igwebuike","RB","PIT","5","","injury-status","Final L 7-30 vs SF","-","-","-","-","-","-","-","-","-","-","-","-"
"576","T. Bagent","T. Bagent","QB","CHI","5","","injury-status","Final L 20-38 vs GB","56","23","109","2","-","-","-","-","94","143","859","3"
"577","X. Gipson","X. Gipson","WR","NYJ","9","Ques","injury-status questionable","Final W 22-16 vs BUF","43","8","68","1","21","38","229","-","-","-","-","-"
"578","S. Clifford","S. Clifford","QB","GB","5","","injury-status","Final W 38-20 @ CHI","0","3","-2","-","-","-","-","-","1","1","37","-"
"579","A. O'Connell","A. O'Connell","QB","LV","8","IR","injury-status ir","Final W 17-16 @ DEN","129","17","11","1","-","-","-","-","213","343","2218","12"
"580","B. Hoyer","B. Hoyer","QB","LV","8","","injury-status","Final W 17-16 @ DEN","7","3","-3","-","-","-","-","-","23","42","231","-"
"581","A. Beck","A. Beck","RB","HOU","6","","injury-status","Final L 9-25 @ BAL","32","5","3","1","11","13","55","2","-","-","-","-"
"582","C. Rush","C. Rush","QB","DAL","10","","injury-status","Final W 40-0 @ NYG","4","12","-5","-","-","-","-","-","18","24","144","-"
"583","J. Driskel","J. Driskel","QB","CLE","9","","injury-status","Final W 24-3 vs CIN","16","7","33","-","-","-","-","-","13","26","166","2"
"584","P. Taylor","P. Taylor","RB","GB","5","IR","injury-status ir","Final W 38-20 @ CHI","25","32","141","-","11","17","49","-","-","-","-","-"
"585","A. Erickson","A. Erickson","WR","LAC","12","","injury-status","Final L 34-36 vs MIA","37","-","-","-","16","29","232","1","-","-","-","-"
"586","M. Rudolph","M. Rudolph","QB","PIT","5","","injury-status","Final L 7-30 vs SF","37","10","8","-","-","-","-","-","55","74","719","3"
"587","C. Wentz","C. Wentz","QB","LAR","8","","injury-status","Final W 30-13 @ SEA","27","17","56","1","-","-","-","-","17","24","163","2"
"588","J. Jefferson","J. Jefferson","RB","DET","8","","injury-status","Final W 21-20 @ KC","-","-","-","-","-","-","-","-","-","-","-","-"
"589","J. Johnson","J. Johnson","QB","BAL","7","","injury-status","Final W 25-9 vs HOU","-","-","-","-","-","-","-","-","-","-","-","-"
"590","M. Duggan","M. Duggan","QB","LAC","12","","injury-status","Final L 34-36 vs MIA","-","-","-","-","-","-","-","-","-","-","-","-"
"591","C. Keenum","C. Keenum","QB","HOU","6","Ques","injury-status questionable","Final L 9-25 @ BAL","12","2","1","-","-","-","-","-","34","53","291","1"
"592","S. Watkins","S. Watkins","WR","","","","injury-status","BYE","-","-","-","-","-","-","-","-","-","-","-","-"
"593","H. Hooker","H. Hooker","QB","DET","8","","injury-status","Final W 21-20 @ KC","-","-","-","-","-","-","-","-","-","-","-","-"
"594","A. Prentice","A. Prentice","RB","NO","11","","injury-status","Final W 16-15 vs TEN","0","2","12","-","2","3","12","-","-","-","-","-"
"595","C. McCoy","C. McCoy","QB","","","","injury-status","BYE","-","-","-","-","-","-","-","-","-","-","-","-"
"596","A. Firkser","A. Firkser","TE","DET","8","","injury-status","Final W 21-20 @ KC","-","-","-","-","-","-","-","-","-","-","-","-"
"597","B. Sims","B. Sims","TE","GB","5","","injury-status","Final W 38-20 @ CHI","10","-","-","-","4","6","21","1","-","-","-","-"
"598","J. Washington","J. Washington","WR","","","","injury-status","BYE","-","-","-","-","-","-","-","-","-","-","-","-"
"599","S. Smartt","S. Smartt","TE","LAC","12","","injury-status","Final L 34-36 vs MIA","27","-","-","-","11","21","155","1","-","-","-","-"
"600","J. Hill","J. Hill","TE","MIA","12","","injury-status","Final W 36-34 @ LAC","5","-","-","-","6","9","48","-","-","-","-","-"
"601","L. Krull","L. Krull","TE","DEN","12","","injury-status","Final L 16-17 vs LV","20","-","-","-","8","14","95","1","-","-","-","-"
"602","P. Durham","P. Durham","TE","TB","9","","injury-status","Final W 20-17 @ MIN","8","-","-","-","5","7","58","-","-","-","-","-"
"603","J. McCourt","J. McCourt","K","","","","injury-status","BYE","-","-","-","-","-","-","-","-","-","-","-","-"
"604","T. Ebner","T. Ebner","RB","","","Ques","injury-status questionable","BYE","-","-","-","-","-","-","-","-","-","-","-","-"
"605","R. Blankenship","R. Blankenship","K","","","","injury-status","BYE","-","-","-","-","-","-","-","-","-","-","-","-"
"606","T. Wolff","T. Wolff","K","","","","injury-status","BYE","-","-","-","-","-","-","-","-","-","-","-","-"
"607","S. Thompson","S. Thompson","QB","MIA","5","","injury-status","Final W 36-34 @ LAC","-","-","-","-","-","-","-","-","-","-","-","-"
"608","D. Young","D. Young","WR","SEA","8","","injury-status","Final L 13-30 vs LAR","-","-","-","-","-","-","-","-","-","-","-","-"
"609","J. Brownlee","J. Brownlee","WR","NYJ","9","","injury-status","Final W 22-16 vs BUF","14","-","-","-","5","8","56","1","-","-","-","-"
"610","K. Wilkerson","K. Wilkerson","WR","LV","8","","injury-status","Final W 17-16 @ DEN","-","-","-","-","-","-","-","-","-","-","-","-"
"611","D. Ozigbo","D. Ozigbo","RB","","","","injury-status","BYE","2","3","5","-","1","1","8","-","-","-","-","-"
"612","M. Wright","M. Wright","K","CAR","14","","injury-status","Final L 10-24 @ ATL","-1","-","-","-","-","-","-","-","-","-","-","-"
"613","D. Montgomery","D. Montgomery","WR","IND","11","IR","injury-status ir","Final L 21-31 vs JAX","13","-","-","-","3","8","56","1","-","-","-","-"
"614","E. Saubert","E. Saubert","TE","HOU","6","","injury-status","Final L 9-25 @ BAL","3","-","-","-","3","3","12","-","-","-","-","-"
"615","K. Kieft","K. Kieft","TE","TB","9","","injury-status","Final W 20-17 @ MIN","7","-","-","-","1","5","2","1","-","-","-","-"
"616","G. Ricci","G. Ricci","TE","CAR","14","","injury-status","Final L 10-24 @ ATL","1","-","-","-","1","1","2","-","-","-","-","-"
"617","A. McFarland","A. McFarland","RB","PIT","5","","injury-status","Final L 7-30 vs SF","2","-","-","-","2","2","11","-","-","-","-","-"
"618","M. Boykin","M. Boykin","WR","PIT","5","","injury-status","Final L 7-30 vs SF","3","-","-","-","3","4","17","-","-","-","-","-"
"619","T. Wallace","T. Wallace","WR","BAL","7","","injury-status","Final W 25-9 vs HOU","8","-","-","-","1","2","11","-","-","-","-","-"
"620","C. Huntley","C. Huntley","RB","","","","injury-status","BYE","-","-","-","-","-","-","-","-","-","-","-","-"
"621","A. Rodgers","A. Rodgers","WR","","","","injury-status","BYE","-","-","-","-","-","2","-","-","-","-","-","-"
"622","T. Jackson","T. Jackson","WR","MIN","6","IR","injury-status ir","Final L 17-20 vs TB","4","-","-","-","2","4","9","-","-","-","-","-"
"623","C. Brate","C. Brate","TE","","","","injury-status","BYE","-","-","-","-","-","-","-","-","-","-","-","-"
"624","S. Ehlinger","S. Ehlinger","QB","IND","11","","injury-status","Final L 21-31 vs JAX","-","-","-","-","-","-","-","-","-","-","-","-"
"625","R. Dwelley","R. Dwelley","TE","SF","14","","injury-status","Final W 30-7 @ PIT","2","-","-","-","1","2","12","-","-","-","-","-"
"626","T. McKitty","T. McKitty","TE","BUF","7","","injury-status","Final L 16-22 @ NYJ","-","-","-","-","-","-","-","-","-","-","-","-"
"627","D. Allen","D. Allen","TE","LAR","8","","injury-status","Final W 30-13 @ SEA","21","-","-","-","10","11","95","1","-","-","-","-"
"628","Q. Nordin","Q. Nordin","K","","","Ques","injury-status questionable","BYE","-","-","-","-","-","-","-","-","-","-","-","-"
"629","M. Ammendola","M. Ammendola","K, P","","","","injury-status","BYE","25","-","-","-","-","-","-","-","-","-","-","-"
"630","S. Sloman","S. Sloman","K","","","","injury-status","BYE","-","-","-","-","-","-","-","-","-","-","-","-"
"631","S. Sims","S. Sims","WR","HOU","6","Ques","injury-status questionable","Final L 9-25 @ BAL","4","1","1","-","3","3","25","-","-","-","-","-"
"632","A. Seibert","A. Seibert","K","NYJ","9","Ques","injury-status questionable","Final W 22-16 vs BUF","4","-","-","-","-","-","-","-","-","-","-","-"
"633","M. Crosby","M. Crosby","K","NYG","14","","injury-status","Final L 0-40 vs DAL","20","-","-","-","-","-","-","-","-","-","-","-"
"634","T. Vizcaino","T. Vizcaino","K","","","","injury-status","BYE","-","-","-","-","-","-","-","-","-","-","-","-"
"635","R. Santoso","R. Santoso","K, P","","","","injury-status","BYE","-","-","-","-","-","-","-","-","-","-","-","-"
"636","S. Ficken","S. Ficken","K","","","","injury-status","BYE","-","-","-","-","-","-","-","-","-","-","-","-"
"637","C. Dunn","C. Dunn","K","","","","injury-status","BYE","-","-","-","-","-","-","-","-","-","-","-","-"
"638","J. Stoll","J. Stoll","TE","PHI","9","","injury-status","Final W 25-20 @ NE","6","-","-","-","5","8","38","-","-","-","-","-"
"639","K. Hinton","K. Hinton","WR","","","","injury-status","BYE","-","-","-","-","-","-","-","-","-","-","-","-"
"640","L. Bowden","L. Bowden","WR","NO","11","","injury-status","Final W 16-15 vs TEN","16","5","32","-","11","16","83","-","-","-","-","-"
"641","J. Mundt","J. Mundt","TE","MIN","6","","injury-status","Final L 17-20 vs TB","32","-","-","-","17","23","172","1","-","-","-","-"
"642","T. Coleman","T. Coleman","RB","","","","injury-status","BYE","-","-","-","-","-","-","-","-","-","-","-","-"
"643","T. Johnson","T. Johnson","RB","BUF","7","","injury-status","Final L 16-22 @ NYJ","28","30","132","-","7","7","62","1","-","-","-","-"
"644","A. Schwartz","A. Schwartz","WR","MIA","12","Ques","injury-status questionable","Final W 36-34 @ LAC","-","-","-","-","-","-","-","-","-","-","-","-"
"645","B. Jordan","B. Jordan","TE","HOU","6","IR","injury-status ir","Final L 9-25 @ BAL","42","-","-","-","17","21","219","2","-","-","-","-"
"646","G. Ward","G. Ward","WR","PHI","9","","injury-status","Final W 25-20 @ NE","-","-","-","-","-","-","-","-","-","-","-","-"
"647","T. Taylor","T. Taylor","WR","CHI","5","IR","injury-status ir","Final L 20-38 vs GB","-4","1","-2","-","-","2","-","-","-","-","-","-"
"648","V. Jones","V. Jones","WR","CHI","5","","injury-status","Final L 20-38 vs GB","9","8","51","-","4","7","20","-","-","-","-","-"
"649","J. Nailor","J. Nailor","WR","MIN","6","Ques","injury-status questionable","Final L 17-20 vs TB","4","-","-","-","3","6","29","-","-","-","-","-"
"650","H. Long","H. Long","TE","LAR","8","","injury-status","Final W 30-13 @ SEA","-","-","-","-","-","-","-","-","-","-","-","-"
"651","M. Woods","M. Woods","WR","CLE","9","Ques","injury-status questionable","Final W 24-3 vs CIN","-","-","-","-","-","-","-","-","-","-","-","-"
"652","K. Coutee","K. Coutee","WR","","","","injury-status","BYE","-","-","-","-","-","-","-","-","-","-","-","-"
"653","M. Brown","M. Brown","RB","","","","injury-status","BYE","-","-","-","-","-","-","-","-","-","-","-","-"
"654","B. Perriman","B. Perriman","WR","","","","injury-status","BYE","-","-","-","-","-","-","-","-","-","-","-","-"
"655","M. Washington","M. Washington","WR","KC","10","","injury-status","Final L 20-21 vs DET","-2","-","-","-","-","-","-","-","-","-","-","-"
"656","R. Higgins","R. Higgins","WR","","","","injury-status","BYE","-","-","-","-","-","-","-","-","-","-","-","-"
"657","K. Cole","K. Cole","WR","LV","8","","injury-status","Final W 17-16 @ DEN","-","-","-","-","-","-","-","-","-","-","-","-"
"658","R. Seals-Jones","R. Seals-Jones","TE","","","Ques","injury-status questionable","BYE","-","-","-","-","-","-","-","-","-","-","-","-"
"659","J. Ruckert","J. Ruckert","TE","NYJ","9","","injury-status","Final W 22-16 vs BUF","23","-","-","-","16","22","151","-","-","-","-","-"
"660","G. Olszewski","G. Olszewski","WR","NYG","14","","injury-status","Final L 0-40 vs DAL","-2","-","-","-","1","1","-","-","-","-","-","-"
"661","L. Nichols","L. Nichols","RB","PHI","9","","injury-status","Final W 25-20 @ NE","-","-","-","-","-","-","-","-","-","-","-","-"
"662","M. Boone","M. Boone","RB","CAR","14","","injury-status","Final L 10-24 @ ATL","9","5","23","-","7","9","40","-","-","-","-","-"
"663","B. Bell","B. Bell","TE","KC","10","","injury-status","Final L 20-21 vs DET","8","-","-","-","5","9","26","1","-","-","-","-"
"664","T. Kroft","T. Kroft","TE","MIA","12","","injury-status","Final W 36-34 @ LAC","-","-","-","-","-","-","-","-","-","-","-","-"
"665","J. Cropper","J. Cropper","WR","DAL","10","","injury-status","Final W 40-0 @ NYG","-","-","-","-","-","-","-","-","-","-","-","-"
"666","B. Covey","B. Covey","WR","PHI","9","","injury-status","Final W 25-20 @ NE","4","-","-","-","4","6","42","-","-","-","-","-"
"667","M. Kemp","M. Kemp","WR","","","","injury-status","BYE","-","-","-","-","-","-","-","-","-","-","-","-"
"668","L. Perine","L. Perine","RB","KC","10","","injury-status","Final L 20-21 vs DET","13","22","77","-","3","5","33","-","-","-","-","-"
"669","K. Blasingame","K. Blasingame","RB","CHI","5","","injury-status","Final L 20-38 vs GB","4","8","26","-","3","6","2","-","-","-","-","-"
"670","J. Jackson","J. Jackson","RB","","","","injury-status","BYE","-","-","-","-","-","-","-","-","-","-","-","-"
"671","J. Byrd","J. Byrd","WR","","","","injury-status","BYE","-","-","-","-","-","-","-","-","-","-","-","-"
"672","K. Turpin","K. Turpin","WR","DAL","10","","injury-status","Final W 40-0 @ NYG","53","11","110","1","12","18","127","3","-","-","-","-"
"673","J. Hall","J. Hall","QB","MIN","6","","injury-status","Final L 17-20 vs TB","1","6","14","-","-","-","-","-","13","20","168","-"
"674","B. Edwards","B. Edwards","WR","","","","injury-status","BYE","-","-","-","-","-","-","-","-","-","-","-","-"
"675","E. Cooks","E. Cooks","WR","JAX","8","","injury-status","Final W 31-21 @ IND","5","-","-","-","3","4","38","-","-","-","-","-"
"676","R. Bell","R. Bell","WR","SF","14","","injury-status","Final W 30-7 @ PIT","28","-","-","-","6","13","68","3","-","-","-","-"
"677","T. Siemian","T. Siemian","QB","NYJ","9","","injury-status","Final W 22-16 vs BUF","26","11","40","-","-","-","-","-","86","153","724","2"
"678","T. Jones","T. Jones","RB","ARI","8","","injury-status","Final L 16-20 @ WAS","29","26","95","2","7","10","37","-","-","-","-","-"
"679","B. Melton","B. Melton","WR","GB","5","","injury-status","Final W 38-20 @ CHI","38","3","21","-","16","24","218","1","-","-","-","-"
"680","J. Proche","J. Proche","WR","CLE","9","","injury-status","Final W 24-3 vs CIN","-3","-","-","-","-","5","-","-","-","-","-","-"
"681","K. Golladay","K. Golladay","WR","","","","injury-status","BYE","-","-","-","-","-","-","-","-","-","-","-","-"
"682","K. Kirkwood","K. Kirkwood","WR","NO","11","","injury-status","Final W 16-15 vs TEN","12","-","-","-","5","9","37","1","-","-","-","-"
"683","J. Haener","J. Haener","QB","NO","11","","injury-status","Final W 16-15 vs TEN","-","-","-","-","-","-","-","-","-","-","-","-"
"684","M. Bushman","M. Bushman","TE","KC","10","","injury-status","Final L 20-21 vs DET","-","-","-","-","-","-","-","-","-","-","-","-"
"685","K. Yeboah","K. Yeboah","TE","NYJ","9","IR","injury-status ir","Final W 22-16 vs BUF","4","-","-","-","2","4","28","-","-","-","-","-"
"686","J. Wolford","J. Wolford","QB","TB","9","","injury-status","Final W 20-17 @ MIN","-","-","-","-","-","-","-","-","-","-","-","-"
"687","D. Washington","D. Washington","RB","DEN","12","Ques","injury-status questionable","Final L 16-17 vs LV","-","-","-","-","-","-","-","-","-","-","-","-"
"688","T. McKee","T. McKee","QB","PHI","9","Ques","injury-status questionable","Final W 25-20 @ NE","-","-","-","-","-","-","-","-","-","-","-","-"
"689","K. Mond","K. Mond","QB","IND","11","","injury-status","Final L 21-31 vs JAX","-","-","-","-","-","-","-","-","-","-","-","-"
"690","B. Miller","B. Miller","RB","","","","injury-status","BYE","-","-","-","-","-","-","-","-","-","-","-","-"
"691","C. Johnson","C. Johnson","WR","","","","injury-status","BYE","-","-","-","-","-","-","-","-","-","-","-","-"
"692","P. Invalid","P. Invalid","RB","","","","injury-status","BYE","-","-","-","-","-","-","-","-","-","-","-","-"
"693","A. Sherman","A. Sherman","RB","","","","injury-status","BYE","-","-","-","-","-","-","-","-","-","-","-","-"
"694","L. Kendricks","L. Kendricks","TE","","","","injury-status","BYE","-","-","-","-","-","-","-","-","-","-","-","-"
"695","L. Stocker","L. Stocker","TE","","","","injury-status","BYE","-","-","-","-","-","-","-","-","-","-","-","-"
"696","A. Rodgers","A. Rodgers","QB","NYJ","9","","injury-status","Final W 22-16 vs BUF","-","-","-","-","-","-","-","-","-","1","-","-"
"697","C. Newton","C. Newton","QB","","","","injury-status","BYE","-","-","-","-","-","-","-","-","-","-","-","-"
"698","T. Swen","T. Swen","RB","","","","injury-status","BYE","-","-","-","-","-","-","-","-","-","-","-","-"
"699","J. Copeland","J. Copeland","WR","","","","injury-status","BYE","-","-","-","-","-","-","-","-","-","-","-","-"
"700","B. Ford-Wheaton","B. Ford-Wheaton","WR","NYG","14","IR","injury-status ir","Final L 0-40 vs DAL","-","-","-","-","-","-","-","-","-","-","-","-"
"701","J. Haselwood","J. Haselwood","WR","","","","injury-status","BYE","-","-","-","-","-","-","-","-","-","-","-","-"
"702","S. James","S. James","WR","","","","injury-status","BYE","-","-","-","-","-","-","-","-","-","-","-","-"
"703","T. Scott","T. Scott","WR","","","","injury-status","BYE","-","-","-","-","-","-","-","-","-","-","-","-"
"704","J. Shorter","J. Shorter","WR","BUF","7","","injury-status","Final L 16-22 @ NYJ","-","-","-","-","-","-","-","-","-","-","-","-"
"705","P. Invalid","P. Invalid","TE","","","","injury-status","BYE","-","-","-","-","-","-","-","-","-","-","-","-"
"706","K. Rudolph","K. Rudolph","TE","","","","injury-status","BYE","-","-","-","-","-","-","-","-","-","-","-","-"
"707","T. Evans","T. Evans","RB","","","","injury-status","BYE","-","-","-","-","-","-","-","-","-","-","-","-"
"708","D. Harris","D. Harris","WR","","","Ques","injury-status questionable","BYE","-","-","-","-","-","-","-","-","-","-","-","-"
"709","D. Bailey","D. Bailey","K","","","","injury-status","BYE","-","-","-","-","-","-","-","-","-","-","-","-"
"710","N. Rourke","N. Rourke","QB","NE","14","","injury-status","Final L 20-25 vs PHI","-","-","-","-","-","-","-","-","-","-","-","-"
"711","P. White","P. White","K","","","","injury-status","BYE","-","-","-","-","-","-","-","-","-","-","-","-"
"712","C. Ratkovich","C. Ratkovich","RB","","","","injury-status","BYE","-","-","-","-","-","-","-","-","-","-","-","-"
"713","D. Baldwin","D. Baldwin","WR","","","","injury-status","BYE","-","-","-","-","-","-","-","-","-","-","-","-"
"714","T. Odukoya","T. Odukoya","TE","TEN","10","","injury-status","Final L 15-16 @ NO","-","-","-","-","-","-","-","-","-","-","-","-"
"715","M. Alexander","M. Alexander","WR","DET","8","","injury-status","Final W 21-20 @ KC","-","-","-","-","-","-","-","-","-","-","-","-"
"716","D. Plitt","D. Plitt","QB","CIN","10","","injury-status","Final L 3-24 @ CLE","-","-","-","-","-","-","-","-","-","-","-","-"
"717","B. Lewis","B. Lewis","WR","","","","injury-status","BYE","-","-","-","-","-","-","-","-","-","-","-","-"
"718","T. Koontz","T. Koontz","TE","","","","injury-status","BYE","-","-","-","-","-","-","-","-","-","-","-","-"
"719","C. Henne","C. Henne","QB","","","","injury-status","BYE","-","-","-","-","-","-","-","-","-","-","-","-"
"720","N. Sciba","N. Sciba","K","","","","injury-status","BYE","-","-","-","-","-","-","-","-","-","-","-","-"
"721","K. Wheatfall","K. Wheatfall","WR","","","","injury-status","BYE","-","-","-","-","-","-","-","-","-","-","-","-"
"722","R. McDaniel","R. McDaniel","WR","","","","injury-status","BYE","-","-","-","-","-","-","-","-","-","-","-","-"
"723","N. Bohannon","N. Bohannon","TE","","","","injury-status","BYE","-","-","-","-","-","-","-","-","-","-","-","-"
"724","K. Brown","K. Brown","WR","","","","injury-status","BYE","-","-","-","-","-","-","-","-","-","-","-","-"
"725","T. Fisk","T. Fisk","TE","ATL","5","","injury-status","Final W 24-10 vs CAR","1","-","-","-","1","1","9","-","-","-","-","-"
"726","J. Howland","J. Howland","TE","","","","injury-status","BYE","-","-","-","-","-","-","-","-","-","-","-","-"
"727","W. Johnson","W. Johnson","WR","","","Ques","injury-status questionable","BYE","-","-","-","-","-","-","-","-","-","-","-","-"
"728","J. Scott","J. Scott","TE","","","","injury-status","BYE","-","-","-","-","-","-","-","-","-","-","-","-"
"729","K. Kassis","K. Kassis","WR","","","","injury-status","BYE","-","-","-","-","-","-","-","-","-","-","-","-"
"730","B. Beise","B. Beise","TE","","","","injury-status","BYE","-","-","-","-","-","-","-","-","-","-","-","-"
"731","K. Geiger","K. Geiger","WR","","","","injury-status","BYE","-","-","-","-","-","-","-","-","-","-","-","-"
"732","I. Charles","I. Charles","WR","NYJ","9","PUP","injury-status pup","Final W 22-16 vs BUF","-","-","-","-","-","1","-","-","-","-","-","-"
"733","T. Jones","T. Jones","RB","","","","injury-status","BYE","-","-","-","-","-","-","-","-","-","-","-","-"
"734","K. Abram","K. Abram","WR","","","","injury-status","BYE","-","-","-","-","-","-","-","-","-","-","-","-"
"735","T. Conner","T. Conner","TE","MIA","12","","injury-status","Final W 36-34 @ LAC","-","-","-","-","-","-","-","-","-","-","-","-"
"736","C. Fotheringham","C. Fotheringham","TE","LV","8","","injury-status","Final W 17-16 @ DEN","1","-","-","-","1","1","6","-","-","-","-","-"
"737","E. Fernea","E. Fernea","WR","IND","11","","injury-status","Final L 21-31 vs JAX","-","-","-","-","-","-","-","-","-","-","-","-"
"738","M. Young","M. Young","WR","","","","injury-status","BYE","-","-","-","-","-","-","-","-","-","-","-","-"
"739","K. Crawford","K. Crawford","WR","","","Ques","injury-status questionable","BYE","-","-","-","-","-","-","-","-","-","-","-","-"
"740","S. Nacua","S. Nacua","WR","","","","injury-status","BYE","-","-","-","-","-","-","-","-","-","-","-","-"
"741","T. Hairston","T. Hairston","RB","HOU","6","","injury-status","Final L 9-25 @ BAL","-","-","-","-","-","-","-","-","-","-","-","-"
"742","N. Givan","N. Givan","TE","","","","injury-status","BYE","-","-","-","-","-","-","-","-","-","-","-","-"
"743","A. Turner","A. Turner","WR","","","","injury-status","BYE","-","-","-","-","-","-","-","-","-","-","-","-"
"744","J. Garibay","J. Garibay","K","","","","injury-status","BYE","-","-","-","-","-","-","-","-","-","-","-","-"
"745","A. Shampklin","A. Shampklin","RB","","","","injury-status","BYE","-","-","-","-","-","-","-","-","-","-","-","-"
"746","D. Houston","D. Houston","WR","NYG","14","","injury-status","Final L 0-40 vs DAL","-","-","-","-","-","-","-","-","-","-","-","-"
"747","Z. Mitchell-Paden","Z. Mitchell-Paden","TE","CLE","9","","injury-status","Final W 24-3 vs CIN","-","-","-","-","-","-","-","-","-","-","-","-"
"748","F. Harper","F. Harper","QB","","","","injury-status","BYE","-","-","-","-","-","-","-","-","-","-","-","-"
"749","K. Pryor","K. Pryor","WR","CIN","10","","injury-status","Final L 3-24 @ CLE","-","-","-","-","-","-","-","-","-","-","-","-"
"750","J. Rigg","J. Rigg","TE","","","","injury-status","BYE","-","-","-","-","-","-","-","-","-","-","-","-"
"751","A. Mevis","A. Mevis","K","","","","injury-status","BYE","-","-","-","-","-","-","-","-","-","-","-","-"
"752","M. Williams","M. Williams","WR","","","","injury-status","BYE","-","-","-","-","-","-","-","-","-","-","-","-"
"753","J. Bist","J. Bist","TE","","","","injury-status","BYE","-","-","-","-","-","-","-","-","-","-","-","-"
"754","D. Miller","D. Miller","TE","","","","injury-status","BYE","-","-","-","-","-","-","-","-","-","-","-","-"
"755","R. Williams","R. Williams","TE","PIT","5","","injury-status","Final L 7-30 vs SF","-","-","-","-","-","2","-","-","-","-","-","-"
"756","K. Davis","K. Davis","WR","ARI","8","","injury-status","Final L 16-20 @ WAS","-","-","-","-","-","-","-","-","-","-","-","-"
"757","D. Parham","D. Parham","TE","","","","injury-status","BYE","-","-","-","-","-","-","-","-","-","-","-","-"
"758","T. McAllister","T. McAllister","RB","","","","injury-status","BYE","-","-","-","-","-","-","-","-","-","-","-","-"
"759","R. Carter","R. Carter","TE","","","","injury-status","BYE","-","-","-","-","-","-","-","-","-","-","-","-"
"760","L. McCutcheon","L. McCutcheon","WR","NYJ","9","","injury-status","Final W 22-16 vs BUF","-","-","-","-","-","-","-","-","-","-","-","-"
"761","J. Pettigrew","J. Pettigrew","TE","","","","injury-status","BYE","-","-","-","-","-","-","-","-","-","-","-","-"
"762","R. Webb","R. Webb","WR","TB","9","","injury-status","Final W 20-17 @ MIN","-","-","-","-","-","-","-","-","-","-","-","-"
"763","S. Bridges","S. Bridges","WR","","","","injury-status","BYE","-","-","-","-","-","-","-","-","-","-","-","-"
"764","D. Tuggle","D. Tuggle","RB","","","","injury-status","BYE","-","-","-","-","-","-","-","-","-","-","-","-"
"765","T. Fleet-Davis","T. Fleet-Davis","RB","","","","injury-status","BYE","-","-","-","-","-","-","-","-","-","-","-","-"
"766","K. Oginni","K. Oginni","TE","","","","injury-status","BYE","-","-","-","-","-","-","-","-","-","-","-","-"
"767","L. Lenoir","L. Lenoir","WR","","","","injury-status","BYE","-","-","-","-","-","-","-","-","-","-","-","-"
"768","S. Scarver","S. Scarver","WR","","","","injury-status","BYE","-","-","-","-","-","-","-","-","-","-","-","-"
"769","C. Holder","C. Holder","WR","","","","injury-status","BYE","-","-","-","-","-","-","-","-","-","-","-","-"
"770","J. Tonges","J. Tonges","TE","SF","14","","injury-status","Final W 30-7 @ PIT","-","-","-","-","-","-","-","-","-","-","-","-"
"771","K. Shaa","K. Shaa","WR","","","","injury-status","BYE","-","-","-","-","-","-","-","-","-","-","-","-"
"772","H. Litwin","H. Litwin","WR","","","","injury-status","BYE","-","-","-","-","-","-","-","-","-","-","-","-"
"773","J. Herslow","J. Herslow","WR","","","","injury-status","BYE","-","-","-","-","-","-","-","-","-","-","-","-"
"774","J. Mitchell","J. Mitchell","TE","","","","injury-status","BYE","-","-","-","-","-","-","-","-","-","-","-","-"
"775","V. Green","V. Green","TE","","","Ques","injury-status questionable","BYE","-","-","-","-","-","-","-","-","-","-","-","-"
"776","A. Rogers","A. Rogers","TE","WAS","12","Ques","injury-status questionable","Final W 20-16 vs ARI","-","-","-","-","-","-","-","-","-","-","-","-"
"777","J. Bernhardt","J. Bernhardt","WR","","","","injury-status","BYE","-","-","-","-","-","-","-","-","-","-","-","-"
"778","L. Watson","L. Watson","TE","CLE","9","","injury-status","Final W 24-3 vs CIN","-","-","-","-","-","-","-","-","-","-","-","-"
"779","T. James","T. James","WR","","","","injury-status","BYE","-","-","-","-","-","-","-","-","-","-","-","-"
"780","L. Winningham","L. Winningham","WR","","","","injury-status","BYE","-","-","-","-","-","-","-","-","-","-","-","-"
"781","G. Gunter","G. Gunter","TE","","","","injury-status","BYE","-","-","-","-","-","-","-","-","-","-","-","-"
"782","C. Pierce","C. Pierce","TE","CAR","14","","injury-status","Final L 10-24 @ ATL","-","-","-","-","-","-","-","-","-","-","-","-"
"783","S. Robinson","S. Robinson","WR","","","","injury-status","BYE","-","-","-","-","-","-","-","-","-","-","-","-"
"784","J. Payton","J. Payton","WR","","","","injury-status","BYE","-","-","-","-","-","-","-","-","-","-","-","-"
"785","J. Kirklin","J. Kirklin","WR","","","","injury-status","BYE","-","-","-","-","-","-","-","-","-","-","-","-"
"786","C. Hodge","C. Hodge","WR","","","","injury-status","BYE","-","-","-","-","-","-","-","-","-","-","-","-"
"787","G. Walston","G. Walston","TE","","","","injury-status","BYE","-","-","-","-","-","-","-","-","-","-","-","-"
"788","T. Mack","T. Mack","WR","","","","injury-status","BYE","-","-","-","-","-","-","-","-","-","-","-","-"
"789","D. Davis","D. Davis","WR","","","","injury-status","BYE","-","-","-","-","-","-","-","-","-","-","-","-"
"790","K. McGowan","K. McGowan","WR","","","","injury-status","BYE","-","-","-","-","-","-","-","-","-","-","-","-"
"791","M. Santos-Silva","M. Santos-Silva","TE","","","","injury-status","BYE","-","-","-","-","-","-","-","-","-","-","-","-"
"792","T. Bradford","T. Bradford","WR","","","","injury-status","BYE","-","-","-","-","-","-","-","-","-","-","-","-"
"793","B. Peters","B. Peters","QB","","","","injury-status","BYE","-","-","-","-","-","-","-","-","-","-","-","-"
"794","E. Krommenhoek","E. Krommenhoek","TE","","","","injury-status","BYE","-","-","-","-","-","-","-","-","-","-","-","-"
"795","T. Limi-Jones","T. Limi-Jones","WR","","","","injury-status","BYE","-","-","-","-","-","-","-","-","-","-","-","-"
"796","A. Parchment","A. Parchment","WR","","","Ques","injury-status questionable","BYE","-","-","-","-","-","-","-","-","-","-","-","-"
"797","R. Henry","R. Henry","WR","","","Ques","injury-status questionable","BYE","-","-","-","-","-","-","-","-","-","-","-","-"
"798","D. Wright","D. Wright","WR","CAR","14","Ques","injury-status questionable","Final L 10-24 @ ATL","-","-","-","-","-","-","-","-","-","-","-","-"
"799","J. Lovett","J. Lovett","RB","","","","injury-status","BYE","-","-","-","-","-","-","-","-","-","-","-","-"
"800","D. Cheek","D. Cheek","QB","","","","injury-status","BYE","-","-","-","-","-","-","-","-","-","-","-","-"
"801","J. Babicz","J. Babicz","TE","","","","injury-status","BYE","-","-","-","-","-","-","-","-","-","-","-","-"
"802","T. Ford","T. Ford","QB","","","","injury-status","BYE","-","-","-","-","-","-","-","-","-","-","-","-"
"803","T. Clark","T. Clark","WR","","","","injury-status","BYE","-","-","-","-","-","-","-","-","-","-","-","-"
"804","D. Estrada","D. Estrada","WR","","","Ques","injury-status questionable","BYE","-","-","-","-","-","-","-","-","-","-","-","-"
"805","S. Green","S. Green","TE","","","","injury-status","BYE","-","-","-","-","-","-","-","-","-","-","-","-"
"806","N. Muse","N. Muse","TE","MIN","6","","injury-status","Final L 17-20 vs TB","3","-","-","-","1","1","22","-","-","-","-","-"
"807","J. FitzPatrick","J. FitzPatrick","TE","ATL","5","","injury-status","Final W 24-10 vs CAR","2","-","-","-","1","1","12","-","-","-","-","-"
"808","J. Guarantano","J. Guarantano","QB","","","","injury-status","BYE","-","-","-","-","-","-","-","-","-","-","-","-"
"809","J. Hall","J. Hall","WR","","","","injury-status","BYE","-","-","-","-","-","-","-","-","-","-","-","-"
"810","D. Robertson","D. Robertson","WR","","","","injury-status","BYE","-","-","-","-","-","-","-","-","-","-","-","-"
"811","C. Sutton","C. Sutton","WR","","","","injury-status","BYE","-","-","-","-","-","-","-","-","-","-","-","-"
"812","T. Hennigan","T. Hennigan","WR","","","","injury-status","BYE","-","-","-","-","-","-","-","-","-","-","-","-"
"813","N. Pau'u","N. Pau'u","WR","","","","injury-status","BYE","-","-","-","-","-","-","-","-","-","-","-","-"
"814","K. Lassiter","K. Lassiter","WR","CIN","10","","injury-status","Final L 3-24 @ CLE","1","-","-","-","1","1","2","-","-","-","-","-"
"815","C. Brewer","C. Brewer","TE","","","","injury-status","BYE","-","-","-","-","-","-","-","-","-","-","-","-"
"816","C. Garbers","C. Garbers","QB","","","","injury-status","BYE","-","-","-","-","-","-","-","-","-","-","-","-"
"817","L. Lewis","L. Lewis","QB","","","","injury-status","BYE","-","-","-","-","-","-","-","-","-","-","-","-"
"818","Z. Horvath","Z. Horvath","RB","","","","injury-status","BYE","-","-","-","-","-","-","-","-","-","-","-","-"
"819","K. Marks","K. Marks","RB","","","","injury-status","BYE","-","-","-","-","-","-","-","-","-","-","-","-"
"820","B. Brown","B. Brown","RB","LV","8","","injury-status","Final W 17-16 @ DEN","-","-","-","-","-","-","-","-","-","-","-","-"
"821","M. Harley","M. Harley","WR","","","","injury-status","BYE","-","-","-","-","-","-","-","-","-","-","-","-"
"822","J. Sorenson","J. Sorenson","WR","","","","injury-status","BYE","-","-","-","-","-","-","-","-","-","-","-","-"
"823","S. Berryhill","S. Berryhill","WR","","","","injury-status","BYE","-","-","-","-","-","-","-","-","-","-","-","-"
"824","J. Smart","J. Smart","WR","","","","injury-status","BYE","-","-","-","-","-","-","-","-","-","-","-","-"
"825","J. Virgil","J. Virgil","WR","DEN","12","Ques","injury-status questionable","Final L 16-17 vs LV","-","-","-","-","-","-","-","-","-","-","-","-"
"826","C. Oladokun","C. Oladokun","QB","KC","10","","injury-status","Final L 20-21 vs DET","-","-","-","-","-","-","-","-","-","-","-","-"
"827","D. Allen","D. Allen","WR","PHI","9","","injury-status","Final W 25-20 @ NE","-","-","-","-","-","-","-","-","-","-","-","-"
"828","J. Ezzard","J. Ezzard","WR","","","Ques","injury-status questionable","BYE","-","-","-","-","-","-","-","-","-","-","-","-"
"829","T. Snead","T. Snead","WR","","","","injury-status","BYE","-","-","-","-","-","-","-","-","-","-","-","-"
"830","T. Pledger","T. Pledger","RB","","","","injury-status","BYE","-","-","-","-","-","-","-","-","-","-","-","-"
"831","A. Green","A. Green","WR","","","","injury-status","BYE","-","-","-","-","-","-","-","-","-","-","-","-"
"832","G. Brkic","G. Brkic","K","","","","injury-status","BYE","-","-","-","-","-","-","-","-","-","-","-","-"
"833","T. Harris","T. Harris","WR","","","","injury-status","BYE","-","-","-","-","-","-","-","-","-","-","-","-"
"834","C. Jackson","C. Jackson","WR","","","","injury-status","BYE","-","-","-","-","-","-","-","-","-","-","-","-"
"835","T. Martin","T. Martin","WR","SF","14","","injury-status","Final W 30-7 @ PIT","-","-","-","-","-","-","-","-","-","-","-","-"
"836","K. Pimpleton","K. Pimpleton","WR","","","","injury-status","BYE","-","-","-","-","-","-","-","-","-","-","-","-"
"837","G. Prince","G. Prince","TE","KC","10","","injury-status","Final L 20-21 vs DET","-","-","-","-","-","-","-","-","-","-","-","-"
"838","B. Koback","B. Koback","RB","SEA","8","","injury-status","Final L 13-30 vs LAR","-","-","-","-","-","-","-","-","-","-","-","-"
"839","D. Deese","D. Deese","TE","","","","injury-status","BYE","-","-","-","-","-","-","-","-","-","-","-","-"
"840","D. Torrey","D. Torrey","RB","","","","injury-status","BYE","-","-","-","-","-","-","-","-","-","-","-","-"
"841","S. Jones","S. Jones","RB","","","","injury-status","BYE","-","-","-","-","-","-","-","-","-","-","-","-"
"842","A. Brown","A. Brown","QB","","","","injury-status","BYE","-","-","-","-","-","-","-","-","-","-","-","-"
"843","B. Baylor","B. Baylor","RB","","","","injury-status","BYE","-","-","-","-","-","-","-","-","-","-","-","-"
"844","R. Person","R. Person","RB","","","","injury-status","BYE","-","-","-","-","-","-","-","-","-","-","-","-"
"845","E. Emezie","E. Emezie","WR","","","","injury-status","BYE","-","-","-","-","-","-","-","-","-","-","-","-"
"846","J. Sterns","J. Sterns","WR","","","","injury-status","BYE","-","-","-","-","-","-","-","-","-","-","-","-"
"847","J. Heiligh","J. Heiligh","WR","","","","injury-status","BYE","-","-","-","-","-","-","-","-","-","-","-","-"
"848","M. Durant","M. Durant","RB","","","","injury-status","BYE","-","-","-","-","-","-","-","-","-","-","-","-"
"849","J. Roberson","J. Roberson","WR","","","","injury-status","BYE","-","-","-","-","-","-","-","-","-","-","-","-"
"850","I. Weston","I. Weston","WR","","","","injury-status","BYE","-","-","-","-","-","-","-","-","-","-","-","-"
"851","G. Bell","G. Bell","RB","","","","injury-status","BYE","-","-","-","-","-","-","-","-","-","-","-","-"
"852","C. Kelley","C. Kelley","QB","","","","injury-status","BYE","-","-","-","-","-","-","-","-","-","-","-","-"
"853","J. Johnson","J. Johnson","WR","","","","injury-status","BYE","-","-","-","-","-","-","-","-","-","-","-","-"
"854","S. McCormick","S. McCormick","RB","LV","8","","injury-status","Final W 17-16 @ DEN","-","-","-","-","-","-","-","-","-","-","-","-"
"855","M. Borghi","M. Borghi","RB","","","","injury-status","BYE","-","-","-","-","-","-","-","-","-","-","-","-"
"856","L. Brown","L. Brown","RB","","","","injury-status","BYE","-","-","-","-","-","-","-","-","-","-","-","-"
"857","A. Allen","A. Allen","TE","","","","injury-status","BYE","-","-","-","-","-","-","-","-","-","-","-","-"
"858","D. Dixon","D. Dixon","WR","","","","injury-status","BYE","-","-","-","-","-","-","-","-","-","-","-","-"
"859","D. Crum","D. Crum","QB","","","","injury-status","BYE","-","-","-","-","-","-","-","-","-","-","-","-"
"860","M. Polk","M. Polk","WR","","","","injury-status","BYE","-","-","-","-","-","-","-","-","-","-","-","-"
"861","J. Hall","J. Hall","TE","","","","injury-status","BYE","-","-","-","-","-","-","-","-","-","-","-","-"
"862","J. Coan","J. Coan","QB","","","","injury-status","BYE","-","-","-","-","-","-","-","-","-","-","-","-"
"863","K. Austin","K. Austin","WR","","","","injury-status","BYE","-","-","-","-","-","-","-","-","-","-","-","-"
"864","D. King","D. King","QB","","","","injury-status","BYE","-","-","-","-","-","-","-","-","-","-","-","-"
"865","C. Rambo","C. Rambo","WR","","","Ques","injury-status questionable","BYE","-","-","-","-","-","-","-","-","-","-","-","-"
"866","T. Fryfogle","T. Fryfogle","WR","","","","injury-status","BYE","-","-","-","-","-","-","-","-","-","-","-","-"
"867","J. Corbin","J. Corbin","RB","NYG","14","","injury-status","Final L 0-40 vs DAL","3","1","1","-","3","3","12","-","-","-","-","-"
"868","E. Perry","E. Perry","QB","JAX","8","","injury-status","Final W 31-21 @ IND","-","-","-","-","-","-","-","-","-","-","-","-"
"869","C. Hodges","C. Hodges","TE","WAS","12","Ques","injury-status questionable","Final W 20-16 vs ARI","-","-","-","-","-","-","-","-","-","-","-","-"
"870","S. Bolden","S. Bolden","WR","","","","injury-status","BYE","-","-","-","-","-","-","-","-","-","-","-","-"
"871","A. Smith","A. Smith","RB","","","","injury-status","BYE","-","-","-","-","-","-","-","-","-","-","-","-"
"872","C. Verdell","C. Verdell","RB","","","","injury-status","BYE","-","-","-","-","-","-","-","-","-","-","-","-"
"873","D. Williams","D. Williams","WR","","","","injury-status","BYE","-","-","-","-","-","-","-","-","-","-","-","-"
"874","J. Johnson","J. Johnson","WR","HOU","6","Ques","injury-status questionable","Final L 9-25 @ BAL","-","-","-","-","-","-","-","-","-","-","-","-"
"875","D. Price","D. Price","RB","","","","injury-status","BYE","-","-","-","-","-","-","-","-","-","-","-","-"
"876","C. Allen","C. Allen","TE","","","","injury-status","BYE","-","-","-","-","-","-","-","-","-","-","-","-"
"877","B. Powell","B. Powell","RB","","","","injury-status","BYE","-","-","-","-","-","-","-","-","-","-","-","-"
"878","B. Sanders","B. Sanders","WR","MIA","12","","injury-status","Final W 36-34 @ LAC","-","-","-","-","-","-","-","-","-","-","-","-"
"879","G. Calcaterra","G. Calcaterra","TE","PHI","9","","injury-status","Final W 25-20 @ NE","6","-","-","-","4","4","39","-","-","-","-","-"
"880","R. Roberson","R. Roberson","WR","","","","injury-status","BYE","-","-","-","-","-","-","-","-","-","-","-","-"
"881","Z. White","Z. White","RB","","","","injury-status","BYE","-","-","-","-","-","-","-","-","-","-","-","-"
"882","J. Mitchell","J. Mitchell","TE","DET","8","","injury-status","Final W 21-20 @ KC","4","-","-","-","2","2","28","-","-","-","-","-"
"883","T. Turner","T. Turner","WR","","","","injury-status","BYE","-","-","-","-","-","-","-","-","-","-","-","-"
"884","D. Drummond","D. Drummond","WR","","","","injury-status","BYE","-","-","-","-","-","-","-","-","-","-","-","-"
"885","C. Strong","C. Strong","QB","","","","injury-status","BYE","-","-","-","-","-","-","-","-","-","-","-","-"
"886","K. Brooks","K. Brooks","RB","","","","injury-status","BYE","-","-","-","-","-","-","-","-","-","-","-","-"
"887","M. Teague","M. Teague","RB","","","","injury-status","BYE","-","-","-","-","-","-","-","-","-","-","-","-"
"888","J. Ealy","J. Ealy","RB","","","","injury-status","BYE","-","-","-","-","-","-","-","-","-","-","-","-"
"889","L. Smith","L. Smith","TE","ATL","5","","injury-status","Final W 24-10 vs CAR","-","-","-","-","-","-","-","-","-","-","-","-"
"890","J. Wydermyer","J. Wydermyer","TE","","","","injury-status","BYE","-","-","-","-","-","-","-","-","-","-","-","-"
"891","D. Dedmon","D. Dedmon","WR","","","","injury-status","BYE","-","-","-","-","-","-","-","-","-","-","-","-"
"892","N. Kalinic","N. Kalinic","TE","LAR","8","","injury-status","Final W 30-13 @ SEA","-","-","-","-","-","-","-","-","-","-","-","-"
"893","B. Lenius","B. Lenius","TE","","","","injury-status","BYE","-","-","-","-","-","-","-","-","-","-","-","-"
"894","R. Willis","R. Willis","QB","","","","injury-status","BYE","-","-","-","-","-","-","-","-","-","-","-","-"
"895","D. Williams","D. Williams","TE","","","","injury-status","BYE","-","-","-","-","-","-","-","-","-","-","-","-"
"896","M. Vital","M. Vital","TE","","","","injury-status","BYE","-","-","-","-","-","-","-","-","-","-","-","-"
"897","G. Adomitis","G. Adomitis","TE","","","","injury-status","BYE","-","-","-","-","-","-","-","-","-","-","-","-"
"898","M. Jacobson","M. Jacobson","TE","NO","11","","injury-status","Final W 16-15 vs TEN","-","-","-","-","-","-","-","-","-","-","-","-"
"899","C. Taylor","C. Taylor","RB","","","","injury-status","BYE","-","-","-","-","-","-","-","-","-","-","-","-"
"900","D. Crawford","D. Crawford","TE","","","","injury-status","BYE","-","-","-","-","-","-","-","-","-","-","-","-"
"901","S. Cannella","S. Cannella","TE","","","","injury-status","BYE","-","-","-","-","-","-","-","-","-","-","-","-"
"902","K. Jackson","K. Jackson","TE","MIA","12","","injury-status","Final W 36-34 @ LAC","-","-","-","-","-","-","-","-","-","-","-","-"
"903","K. Costello","K. Costello","QB","","","","injury-status","BYE","-","-","-","-","-","-","-","-","-","-","-","-"
"904","M. Sargent","M. Sargent","RB","","","","injury-status","BYE","-","-","-","-","-","-","-","-","-","-","-","-"
"905","O. Anderson","O. Anderson","RB","","","","injury-status","BYE","-","-","-","-","-","-","-","-","-","-","-","-"
"906","M. Bandy","M. Bandy","WR","DEN","12","","injury-status","Final L 16-17 vs LV","-","-","-","-","-","-","-","-","-","-","-","-"
"907","M. Seybert","M. Seybert","TE","","","","injury-status","BYE","-","-","-","-","-","-","-","-","-","-","-","-"
"908","T. Toivonen","T. Toivonen","WR","","","","injury-status","BYE","-","-","-","-","-","-","-","-","-","-","-","-"
"909","C. Saunders","C. Saunders","WR","","","","injury-status","BYE","-","-","-","-","-","-","-","-","-","-","-","-"
"910","J. Hausmann","J. Hausmann","TE","","","","injury-status","BYE","-","-","-","-","-","-","-","-","-","-","-","-"
"911","N. McCrary","N. McCrary","RB","","","Ques","injury-status questionable","BYE","-","-","-","-","-","-","-","-","-","-","-","-"
"912","K. Bahar","K. Bahar","QB","","","","injury-status","BYE","-","-","-","-","-","-","-","-","-","-","-","-"
"913","J. Verity","J. Verity","K","","","","injury-status","BYE","-","-","-","-","-","-","-","-","-","-","-","-"
"914","B. Johnson","B. Johnson","K","","","","injury-status","BYE","-","-","-","-","-","-","-","-","-","-","-","-"
"915","D. Sylencieux","D. Sylencieux","WR","","","Ques","injury-status questionable","BYE","-","-","-","-","-","-","-","-","-","-","-","-"
"916","J. Johnson","J. Johnson","RB","","","Ques","injury-status questionable","BYE","-","-","-","-","-","-","-","-","-","-","-","-"
"917","C. Naggar","C. Naggar","K","","","","injury-status","BYE","-","-","-","-","-","-","-","-","-","-","-","-"
"918","S. Zylstra","S. Zylstra","TE","DET","8","","injury-status","Final W 21-20 @ KC","-","-","-","-","-","-","-","-","-","-","-","-"
"919","J. Blount","J. Blount","TE","","","","injury-status","BYE","-","-","-","-","-","-","-","-","-","-","-","-"
"920","N. Guggemos","N. Guggemos","TE","","","","injury-status","BYE","-","-","-","-","-","-","-","-","-","-","-","-"
"921","B. Seikovits","B. Seikovits","TE","ARI","8","","injury-status","Final L 16-20 @ WAS","-","-","-","-","-","-","-","-","-","-","-","-"
"922","T. Harbison","T. Harbison","RB","","","Ques","injury-status questionable","BYE","-","-","-","-","-","-","-","-","-","-","-","-"
"923","L. Rice","L. Rice","TE","","","","injury-status","BYE","-","-","-","-","-","-","-","-","-","-","-","-"
"924","B. Mack","B. Mack","WR","","","","injury-status","BYE","-","-","-","-","-","-","-","-","-","-","-","-"
"925","D. Dukes","D. Dukes","WR","","","","injury-status","BYE","-","-","-","-","-","-","-","-","-","-","-","-"
"926","S. Beyer","S. Beyer","TE","","","","injury-status","BYE","-","-","-","-","-","-","-","-","-","-","-","-"
"927","C. Clay","C. Clay","TE","","","","injury-status","BYE","-","-","-","-","-","-","-","-","-","-","-","-"
"928","J. Imatorbhebhe","J. Imatorbhebhe","WR","","","","injury-status","BYE","-","-","-","-","-","-","-","-","-","-","-","-"
"929","T. Black","T. Black","WR","BAL","7","","injury-status","Final W 25-9 vs HOU","-","-","-","-","-","-","-","-","-","-","-","-"
"930","S. Buechele","S. Buechele","QB","BUF","7","","injury-status","Final L 16-22 @ NYJ","-","-","-","-","-","-","-","-","-","-","-","-"
"931","D. Stoner","D. Stoner","WR","","","","injury-status","BYE","-","-","-","-","-","-","-","-","-","-","-","-"
"932","T. Ragas","T. Ragas","RB","","","Ques","injury-status questionable","BYE","-","-","-","-","-","-","-","-","-","-","-","-"
"933","G. Groshek","G. Groshek","RB","","","","injury-status","BYE","-","-","-","-","-","-","-","-","-","-","-","-"
"934","D. Turner","D. Turner","WR","LV","8","Ques","injury-status questionable","Final W 17-16 @ DEN","2","-","-","-","-","-","-","-","-","-","-","-"
"935","R. Lees","R. Lees","WR","","","","injury-status","BYE","-","-","-","-","-","-","-","-","-","-","-","-"
"936","P. Wells","P. Wells","TE","","","","injury-status","BYE","-","-","-","-","-","-","-","-","-","-","-","-"
"937","C. Hill","C. Hill","QB","","","","injury-status","BYE","-","-","-","-","-","-","-","-","-","-","-","-"
"938","J. Raine","J. Raine","TE","","","","injury-status","BYE","-","-","-","-","-","-","-","-","-","-","-","-"
"939","T. Walker","T. Walker","WR","","","","injury-status","BYE","-","-","-","-","-","-","-","-","-","-","-","-"
"940","T. Poljan","T. Poljan","TE","","","","injury-status","BYE","-","-","-","-","-","-","-","-","-","-","-","-"
"941","J. Borregales","J. Borregales","K","","","","injury-status","BYE","-","-","-","-","-","-","-","-","-","-","-","-"
"942","T. Simmons","T. Simmons","WR","","","","injury-status","BYE","-","-","-","-","-","-","-","-","-","-","-","-"
"943","C. Johnson","C. Johnson","WR","SEA","8","","injury-status","Final L 13-30 vs LAR","-","-","-","-","-","-","-","-","-","-","-","-"
"944","C. Wedington","C. Wedington","WR","","","","injury-status","BYE","-","-","-","-","-","-","-","-","-","-","-","-"
"945","B. Emmons","B. Emmons","RB","","","","injury-status","BYE","-","-","-","-","-","-","-","-","-","-","-","-"
"946","T. Grimes","T. Grimes","WR","","","Ques","injury-status questionable","BYE","-","-","-","-","-","-","-","-","-","-","-","-"
"947","M. Strachan","M. Strachan","WR","CAR","14","","injury-status","Final L 10-24 @ ATL","5","-","-","-","1","3","45","-","-","-","-","-"
"948","Z. Davidson","Z. Davidson","TE","BUF","7","","injury-status","Final L 16-22 @ NYJ","-","-","-","-","-","-","-","-","-","-","-","-"
"949","N. Ralston","N. Ralston","RB","","","","injury-status","BYE","-","-","-","-","-","-","-","-","-","-","-","-"
"950","H. Kampmoyer","H. Kampmoyer","TE","LAC","12","","injury-status","Final L 34-36 vs MIA","-","-","-","-","-","-","-","-","-","-","-","-"
"951","E. Stove","E. Stove","WR","","","","injury-status","BYE","-","-","-","-","-","-","-","-","-","-","-","-"
"952","A. Kessman","A. Kessman","K","CAR","14","","injury-status","Final L 10-24 @ ATL","-","-","-","-","-","-","-","-","-","-","-","-"
"953","C. Tucker","C. Tucker","TE","","","","injury-status","BYE","-","-","-","-","-","-","-","-","-","-","-","-"
"954","A. Rose","A. Rose","RB","","","","injury-status","BYE","-","-","-","-","-","-","-","-","-","-","-","-"
"955","L. Akers","L. Akers","WR","","","","injury-status","BYE","-","-","-","-","-","-","-","-","-","-","-","-"
"956","D. Soehner","D. Soehner","TE","","","Ques","injury-status questionable","BYE","-","-","-","-","-","-","-","-","-","-","-","-"
"957","S. Scott","S. Scott","RB","","","","injury-status","BYE","-","-","-","-","-","-","-","-","-","-","-","-"
"958","B. Moore","B. Moore","TE","","","","injury-status","BYE","-","-","-","-","-","-","-","-","-","-","-","-"
"959","R. Bussey","R. Bussey","WR","","","","injury-status","BYE","-","-","-","-","-","-","-","-","-","-","-","-"
"960","I. McKoy","I. McKoy","WR","","","","injury-status","BYE","-","-","-","-","-","-","-","-","-","-","-","-"
"961","R. Rivers","R. Rivers","QB","","","","injury-status","BYE","-","-","-","-","-","-","-","-","-","-","-","-"
"962","D. Mills","D. Mills","RB","","","","injury-status","BYE","-","-","-","-","-","-","-","-","-","-","-","-"
"963","J. McKinley","J. McKinley","WR","","","","injury-status","BYE","-","-","-","-","-","-","-","-","-","-","-","-"
"964","B. Gaither","B. Gaither","WR","","","","injury-status","BYE","-","-","-","-","-","-","-","-","-","-","-","-"
"965","D. Lewis","D. Lewis","RB","","","","injury-status","BYE","-","-","-","-","-","-","-","-","-","-","-","-"
"966","J. Haydel","J. Haydel","WR","","","","injury-status","BYE","-","-","-","-","-","-","-","-","-","-","-","-"
"967","M. Stokke","M. Stokke","RB","CAR","14","","injury-status","Final L 10-24 @ ATL","-","-","-","-","-","-","-","-","-","-","-","-"
"968","S. Brown","S. Brown","RB","CAR","14","","injury-status","Final L 10-24 @ ATL","-","-","-","-","-","-","-","-","-","-","-","-"
"969","B. Smith","B. Smith","WR","","","","injury-status","BYE","-","-","-","-","-","-","-","-","-","-","-","-"
"970","A. Lynn","A. Lynn","TE","","","","injury-status","BYE","-","-","-","-","-","-","-","-","-","-","-","-"
"971","J. Hardy","J. Hardy","RB","","","","injury-status","BYE","-","-","-","-","-","-","-","-","-","-","-","-"
"972","T. Vasher","T. Vasher","WR","","","","injury-status","BYE","-","-","-","-","-","-","-","-","-","-","-","-"
"973","O. Mitchell","O. Mitchell","WR","","","Ques","injury-status questionable","BYE","-","-","-","-","-","-","-","-","-","-","-","-"
"974","N. Eubanks","N. Eubanks","TE","","","","injury-status","BYE","-","-","-","-","-","-","-","-","-","-","-","-"
"975","B. Knox","B. Knox","RB","","","","injury-status","BYE","-","-","-","-","-","-","-","-","-","-","-","-"
"976","B. Haubeil","B. Haubeil","K","","","","injury-status","BYE","-","-","-","-","-","-","-","-","-","-","-","-"
"977","M. Forristall","M. Forristall","TE","LAR","8","Ques","injury-status questionable","Final W 30-13 @ SEA","-","-","-","-","-","-","-","-","-","-","-","-"
"978","T. Carter","T. Carter","RB","","","","injury-status","BYE","-","-","-","-","-","-","-","-","-","-","-","-"
"979","S. Harrington","S. Harrington","TE","","","","injury-status","BYE","-","-","-","-","-","-","-","-","-","-","-","-"
"980","A. Williams","A. Williams","RB","ATL","5","","injury-status","Final W 24-10 vs CAR","-","-","-","-","-","-","-","-","-","-","-","-"
"981","B. Mason","B. Mason","TE","BAL","7","Ques","injury-status questionable","Final W 25-9 vs HOU","-","-","-","-","-","-","-","-","-","-","-","-"
"982","R. McMath","R. McMath","WR","DAL","10","","injury-status","Final W 40-0 @ NYG","-","-","-","-","-","-","-","-","-","-","-","-"
"983","J. Camp","J. Camp","WR","CAR","14","","injury-status","Final L 10-24 @ ATL","-","-","-","-","-","-","-","-","-","-","-","-"
"984","K. Baker","K. Baker","WR","","","","injury-status","BYE","-","-","-","-","-","-","-","-","-","-","-","-"
"985","S. Hauschka","S. Hauschka","K","","","","injury-status","BYE","-","-","-","-","-","-","-","-","-","-","-","-"
"986","A. Trammell","A. Trammell","WR","LAR","8","","injury-status","Final W 30-13 @ SEA","-0","-","-","-","4","7","29","-","-","-","-","-"
"987","A. Nunn","A. Nunn","WR","","","","injury-status","BYE","-","-","-","-","-","-","-","-","-","-","-","-"
"988","C. Angeline","C. Angeline","TE","","","","injury-status","BYE","-","-","-","-","-","-","-","-","-","-","-","-"
"989","B. Labelle","B. Labelle","TE","","","Ques","injury-status questionable","BYE","-","-","-","-","-","-","-","-","-","-","-","-"
"990","J. Pederson","J. Pederson","TE","JAX","8","Ques","injury-status questionable","Final W 31-21 @ IND","-","-","-","-","-","-","-","-","-","-","-","-"
"991","D. Fitzpatrick","D. Fitzpatrick","WR","PIT","5","Ques","injury-status questionable","Final L 7-30 vs SF","-","-","-","-","-","-","-","-","-","-","-","-"
"992","J. Darden","J. Darden","WR","CLE","9","","injury-status","Final W 24-3 vs CIN","-","-","-","-","-","-","-","-","-","-","-","-"
"993","J. Harris","J. Harris","WR","JAX","8","","injury-status","Final W 31-21 @ IND","-","-","-","-","-","-","-","-","-","-","-","-"
"994","C. Williams","C. Williams","TE","","","","injury-status","BYE","-","-","-","-","-","-","-","-","-","-","-","-"
"995","D. Roberson","D. Roberson","WR","","","","injury-status","BYE","-","-","-","-","-","-","-","-","-","-","-","-"
"996","S. Reyes","S. Reyes","TE","","","","injury-status","BYE","-","-","-","-","-","-","-","-","-","-","-","-"
"997","M. Sexton","M. Sexton","WR","","","","injury-status","BYE","-","-","-","-","-","-","-","-","-","-","-","-"
"998","M. Simon","M. Simon","WR","CAR","14","","injury-status","Final L 10-24 @ ATL","-","-","-","-","-","-","-","-","-","-","-","-"
"999","K. Locksley","K. Locksley","WR","","","","injury-status","BYE","-","-","-","-","-","-","-","-","-","-","-","-"
"1000","D. Clark","D. Clark","RB","","","Ques","injury-status questionable","BYE","-","-","-","-","-","-","-","-","-","-","-","-"
"1001","J. Adams","J. Adams","WR","","","","injury-status","BYE","-","-","-","-","-","-","-","-","-","-","-","-"
"1002","I. Book","I. Book","QB","","","","injury-status","BYE","-","-","-","-","-","-","-","-","-","-","-","-"
"1003","D. Newsome","D. Newsome","WR","","","","injury-status","BYE","-","-","-","-","-","-","-","-","-","-","-","-"
"1004","B. Eagles","B. Eagles","WR","","","","injury-status","BYE","-","-","-","-","-","-","-","-","-","-","-","-"
"1005","J. Ausbon","J. Ausbon","WR","","","","injury-status","BYE","-","-","-","-","-","-","-","-","-","-","-","-"
"1006","K. McClain","K. McClain","WR","","","","injury-status","BYE","-","-","-","-","-","-","-","-","-","-","-","-"
"1007","A. Watkins","A. Watkins","WR","CLE","9","","injury-status","Final W 24-3 vs CIN","-","-","-","-","-","-","-","-","-","-","-","-"
"1008","M. Mitchell","M. Mitchell","WR","","","","injury-status","BYE","-","-","-","-","-","-","-","-","-","-","-","-"
"1009","S. Surratt","S. Surratt","TE","","","Ques","injury-status questionable","BYE","-","-","-","-","-","-","-","-","-","-","-","-"
"1010","D. Hazelton","D. Hazelton","WR","","","","injury-status","BYE","-","-","-","-","-","-","-","-","-","-","-","-"
"1011","K. Hill","K. Hill","RB","","","","injury-status","BYE","-","-","-","-","-","-","-","-","-","-","-","-"
"1012","J. Hawkins","J. Hawkins","RB","","","","injury-status","BYE","-","-","-","-","-","-","-","-","-","-","-","-"
"1013","P. Williams","P. Williams","RB","","","","injury-status","BYE","-","-","-","-","-","-","-","-","-","-","-","-"
"1014","W. Philyor","W. Philyor","WR","","","","injury-status","BYE","-","-","-","-","-","-","-","-","-","-","-","-"
"1015","M. Stevenson","M. Stevenson","WR","","","","injury-status","BYE","-","-","-","-","-","-","-","-","-","-","-","-"
"1016","J. Newman","J. Newman","QB","","","","injury-status","BYE","-","-","-","-","-","-","-","-","-","-","-","-"
"1017","B. Proehl","B. Proehl","WR","","","","injury-status","BYE","-","-","-","-","-","-","-","-","-","-","-","-"
"1018","W. Jackson","W. Jackson","WR","","","Ques","injury-status questionable","BYE","-","-","-","-","-","-","-","-","-","-","-","-"
"1019","C. Marable","C. Marable","RB","","","","injury-status","BYE","-","-","-","-","-","-","-","-","-","-","-","-"
"1020","T. Vaughns","T. Vaughns","WR","","","","injury-status","BYE","-","-","-","-","-","-","-","-","-","-","-","-"
"1021","T. Nixon","T. Nixon","WR","NE","14","","injury-status","Final L 20-25 vs PHI","-","-","-","-","-","-","-","-","-","-","-","-"
"1022","M. Williams","M. Williams","WR","","","","injury-status","BYE","-","-","-","-","-","-","-","-","-","-","-","-"
"1023","C. Powell","C. Powell","WR","KC","10","","injury-status","Final L 20-21 vs DET","-","-","-","-","-","-","-","-","-","-","-","-"
"1024","G. Doaks","G. Doaks","RB","","","","injury-status","BYE","-","-","-","-","-","-","-","-","-","-","-","-"
"1025","S. Williams","S. Williams","WR","JAX","8","Ques","injury-status questionable","Final W 31-21 @ IND","-","-","-","-","-","-","-","-","-","-","-","-"
"1026","R. Boyd","R. Boyd","RB","","","","injury-status","BYE","-","-","-","-","-","-","-","-","-","-","-","-"
"1027","F. Franks","F. Franks","TE","ATL","5","","injury-status","Final W 24-10 vs CAR","-","-","-","-","-","-","-","-","-","-","-","-"
"1028","F. Darby","F. Darby","WR","ATL","5","","injury-status","Final W 24-10 vs CAR","-","-","-","-","-","-","-","-","-","-","-","-"
"1029","H. Thedford","H. Thedford","TE","","","","injury-status","BYE","-","-","-","-","-","-","-","-","-","-","-","-"
"1030","C. Blair","C. Blair","WR","ATL","5","","injury-status","Final W 24-10 vs CAR","-","-","-","-","-","-","-","-","-","-","-","-"
"1031","T. Russolino","T. Russolino","K","","","","injury-status","BYE","-","-","-","-","-","-","-","-","-","-","-","-"
"1032","S. Castillo","S. Castillo","K","","","","injury-status","BYE","-","-","-","-","-","-","-","-","-","-","-","-"
"1033","C. Davis","C. Davis","TE","","","","injury-status","BYE","-","-","-","-","-","-","-","-","-","-","-","-"
"1034","D. Dafney","D. Dafney","TE","","","","injury-status","BYE","-","-","-","-","-","-","-","-","-","-","-","-"
"1035","P. Quessenberry","P. Quessenberry","TE","","","","injury-status","BYE","-","-","-","-","-","-","-","-","-","-","-","-"
"1036","F. Green","F. Green","TE","","","","injury-status","BYE","-","-","-","-","-","-","-","-","-","-","-","-"
"1037","C. Harrell","C. Harrell","TE","","","","injury-status","BYE","-","-","-","-","-","-","-","-","-","-","-","-"
"1038","N. Maxwell","N. Maxwell","RB","","","","injury-status","BYE","-","-","-","-","-","-","-","-","-","-","-","-"
"1039","N. Cottrell","N. Cottrell","RB","","","Ques","injury-status questionable","BYE","-","-","-","-","-","-","-","-","-","-","-","-"
"1040","N. Tiano","N. Tiano","QB","","","","injury-status","BYE","-","-","-","-","-","-","-","-","-","-","-","-"
"1041","C. Slomka","C. Slomka","RB","","","","injury-status","BYE","-","-","-","-","-","-","-","-","-","-","-","-"
"1042","S. Guidry","S. Guidry","WR","","","","injury-status","BYE","-","-","-","-","-","-","-","-","-","-","-","-"
"1043","J. Burt","J. Burt","TE","","","","injury-status","BYE","-","-","-","-","-","-","-","-","-","-","-","-"
"1044","I. Zuber","I. Zuber","WR","","","Ques","injury-status questionable","BYE","-","-","-","-","-","-","-","-","-","-","-","-"
"1045","M. Dereus","M. Dereus","WR","","","","injury-status","BYE","-","-","-","-","-","-","-","-","-","-","-","-"
"1046","J. Hurst","J. Hurst","WR","","","Ques","injury-status questionable","BYE","-","-","-","-","-","-","-","-","-","-","-","-"
"1047","T. Jonsen","T. Jonsen","WR","","","","injury-status","BYE","-","-","-","-","-","-","-","-","-","-","-","-"
"1048","J. Pearson","J. Pearson","WR","","","","injury-status","BYE","-","-","-","-","-","-","-","-","-","-","-","-"
"1049","M. Lynch","M. Lynch","RB","","","","injury-status","BYE","-","-","-","-","-","-","-","-","-","-","-","-"
"1050","T. McCann","T. McCann","K","","","","injury-status","BYE","-","-","-","-","-","-","-","-","-","-","-","-"
"1051","T. Hudson","T. Hudson","TE","NO","11","Ques","injury-status questionable","Final W 16-15 vs TEN","-","-","-","-","-","-","-","-","-","-","-","-"
"1052","K. Williams","K. Williams","WR","","","","injury-status","BYE","-","-","-","-","-","-","-","-","-","-","-","-"
"1053","M. Kinsey","M. Kinsey","WR","TEN","10","","injury-status","Final L 15-16 @ NO","1","-","-","-","1","1","6","-","-","-","-","-"
"1054","C. Scarlett","C. Scarlett","RB","","","","injury-status","BYE","-","-","-","-","-","-","-","-","-","-","-","-"
"1055","T. Mabry","T. Mabry","TE","SEA","8","Ques","injury-status questionable","Final L 13-30 vs LAR","-","-","-","-","-","-","-","-","-","-","-","-"
"1056","S. Dawkins","S. Dawkins","WR","","","","injury-status","BYE","-","-","-","-","-","-","-","-","-","-","-","-"
"1057","P. Carr","P. Carr","RB","","","Ques","injury-status questionable","BYE","-","-","-","-","-","-","-","-","-","-","-","-"
"1058","A. Jones","A. Jones","RB","","","","injury-status","BYE","-","-","-","-","-","-","-","-","-","-","-","-"
"1059","J. Hokit","J. Hokit","RB","","","","injury-status","BYE","-","-","-","-","-","-","-","-","-","-","-","-"
"1060","B. Rutter","B. Rutter","QB","","","","injury-status","BYE","-","-","-","-","-","-","-","-","-","-","-","-"
"1061","J. Johnson","J. Johnson","WR","","","","injury-status","BYE","-","-","-","-","-","-","-","-","-","-","-","-"
"1062","S. Platzgummer","S. Platzgummer","RB","","","","injury-status","BYE","-","-","-","-","-","-","-","-","-","-","-","-"
"1063","I. Wright","I. Wright","WR","","","","injury-status","BYE","-","-","-","-","-","-","-","-","-","-","-","-"
"1064","N. Togiai","N. Togiai","TE","PHI","9","","injury-status","Final W 25-20 @ NE","-","-","-","-","-","-","-","-","-","-","-","-"
"1065","K. Tate","K. Tate","WR","","","","injury-status","BYE","-","-","-","-","-","-","-","-","-","-","-","-"
"1066","M. Bailey","M. Bailey","WR","","","","injury-status","BYE","-","-","-","-","-","-","-","-","-","-","-","-"
"1067","P. Houston","P. Houston","TE","","","","injury-status","BYE","-","-","-","-","-","-","-","-","-","-","-","-"
"1068","D. Phelps","D. Phelps","WR","","","","injury-status","BYE","-","-","-","-","-","-","-","-","-","-","-","-"
"1069","R. Medaris","R. Medaris","WR","","","","injury-status","BYE","-","-","-","-","-","-","-","-","-","-","-","-"
"1070","J. Braswell","J. Braswell","WR","","","","injury-status","BYE","-","-","-","-","-","-","-","-","-","-","-","-"
"1071","G. Campbell","G. Campbell","WR","","","","injury-status","BYE","-","-","-","-","-","-","-","-","-","-","-","-"
"1072","R. John","R. John","TE","","","","injury-status","BYE","-","-","-","-","-","-","-","-","-","-","-","-"
"1073","K. Markway","K. Markway","TE","","","","injury-status","BYE","-","-","-","-","-","-","-","-","-","-","-","-"
"1074","C. Cookus","C. Cookus","QB","","","","injury-status","BYE","-","-","-","-","-","-","-","-","-","-","-","-"
"1075","J. Ward","J. Ward","WR","","","","injury-status","BYE","-","-","-","-","-","-","-","-","-","-","-","-"
"1076","S. Riley","S. Riley","WR","","","","injury-status","BYE","-","-","-","-","-","-","-","-","-","-","-","-"
"1077","W. Hastings","W. Hastings","WR","","","","injury-status","BYE","-","-","-","-","-","-","-","-","-","-","-","-"
"1078","N. Griffin-Stewart","N. Griffin-Stewart","TE","","","","injury-status","BYE","-","-","-","-","-","-","-","-","-","-","-","-"
"1079","J. Bargas","J. Bargas","RB","","","","injury-status","BYE","-","-","-","-","-","-","-","-","-","-","-","-"
"1080","D. Chisena","D. Chisena","WR","ARI","8","Ques","injury-status questionable","Final L 16-20 @ WAS","-","-","-","-","-","-","-","-","-","-","-","-"
"1081","M. Cole","M. Cole","WR","","","","injury-status","BYE","-","-","-","-","-","-","-","-","-","-","-","-"
"1082","K. Merritt","K. Merritt","WR","","","","injury-status","BYE","-","-","-","-","-","-","-","-","-","-","-","-"
"1083","B. Polk","B. Polk","WR","","","","injury-status","BYE","-","-","-","-","-","-","-","-","-","-","-","-"
"1084","J. Koski","J. Koski","WR","","","","injury-status","BYE","-","-","-","-","-","-","-","-","-","-","-","-"
"1085","E. Winston","E. Winston","WR","SEA","8","","injury-status","Final L 13-30 vs LAR","-","-","-","-","-","-","-","-","-","-","-","-"
"1086","J. Gilbert","J. Gilbert","RB","","","","injury-status","BYE","-","-","-","-","-","-","-","-","-","-","-","-"
"1087","B. Perkins","B. Perkins","QB","","","","injury-status","BYE","-","-","-","-","-","-","-","-","-","-","-","-"
"1088","E. Edwards","E. Edwards","WR","","","","injury-status","BYE","-","-","-","-","-","-","-","-","-","-","-","-"
"1089","D. Schoen","D. Schoen","WR","","","","injury-status","BYE","-","-","-","-","-","-","-","-","-","-","-","-"
"1090","J. Cotton","J. Cotton","WR","","","Ques","injury-status questionable","BYE","-","-","-","-","-","-","-","-","-","-","-","-"
"1091","G. Nabers","G. Nabers","RB","","","","injury-status","BYE","-","-","-","-","-","-","-","-","-","-","-","-"
"1092","J. Rice","J. Rice","TE","","","","injury-status","BYE","-","-","-","-","-","-","-","-","-","-","-","-"
"1093","D. Bradwell","D. Bradwell","RB","","","","injury-status","BYE","-","-","-","-","-","-","-","-","-","-","-","-"
"1094","B. Holly","B. Holly","RB","","","","injury-status","BYE","-","-","-","-","-","-","-","-","-","-","-","-"
"1095","D. Eberle","D. Eberle","K","","","","injury-status","BYE","-","-","-","-","-","-","-","-","-","-","-","-"
"1096","S. Mariner","S. Mariner","WR","","","","injury-status","BYE","-","-","-","-","-","-","-","-","-","-","-","-"
"1097","N. Bowers","N. Bowers","TE","MIA","12","","injury-status","Final W 36-34 @ LAC","-","-","-","-","-","-","-","-","-","-","-","-"
"1098","J. Shelton-Mosley","J. Shelton-Mosley","WR","","","","injury-status","BYE","-","-","-","-","-","-","-","-","-","-","-","-"
"1099","B. Wright","B. Wright","P, K","","","","injury-status","BYE","-","-","-","-","-","-","-","-","-","-","-","-"
"1100","B. Ellefson","B. Ellefson","TE","","","","injury-status","BYE","-","-","-","-","-","-","-","-","-","-","-","-"
"1101","J. Hammond","J. Hammond","WR","","","","injury-status","BYE","-","-","-","-","-","-","-","-","-","-","-","-"
"1102","M. Ross","M. Ross","WR","","","","injury-status","BYE","-","-","-","-","-","-","-","-","-","-","-","-"
"1103","D. Harris","D. Harris","WR","","","","injury-status","BYE","-","-","-","-","-","-","-","-","-","-","-","-"
"1104","T. Simmons","T. Simmons","WR","","","","injury-status","BYE","-","-","-","-","-","-","-","-","-","-","-","-"
"1105","D. Stapleton","D. Stapleton","TE","","","","injury-status","BYE","-","-","-","-","-","-","-","-","-","-","-","-"
"1106","J. Jones","J. Jones","RB","","","","injury-status","BYE","-","-","-","-","-","-","-","-","-","-","-","-"
"1107","J. Morton","J. Morton","QB","IND","11","","injury-status","Final L 21-31 vs JAX","-","-","-","-","-","-","-","-","-","-","-","-"
"1108","L. Sellers","L. Sellers","RB","","","","injury-status","BYE","-","-","-","-","-","-","-","-","-","-","-","-"
"1109","N. Wieting","N. Wieting","TE","","","","injury-status","BYE","-","-","-","-","-","-","-","-","-","-","-","-"
"1110","J. Bradley","J. Bradley","WR","","","","injury-status","BYE","-","-","-","-","-","-","-","-","-","-","-","-"
"1111","K. Davidson","K. Davidson","QB","","","","injury-status","BYE","-","-","-","-","-","-","-","-","-","-","-","-"
"1112","S. Washington","S. Washington","WR","BAL","7","","injury-status","Final W 25-9 vs HOU","-","-","-","-","-","-","-","-","-","-","-","-"
"1113","D. Whaley","D. Whaley","RB","","","","injury-status","BYE","-","-","-","-","-","-","-","-","-","-","-","-"
"1114","A. Hifo","A. Hifo","WR","","","","injury-status","BYE","-","-","-","-","-","-","-","-","-","-","-","-"
"1115","M. Ffrench","M. Ffrench","WR","","","","injury-status","BYE","-","-","-","-","-","-","-","-","-","-","-","-"
"1116","A. Baccellia","A. Baccellia","WR","ARI","8","","injury-status","Final L 16-20 @ WAS","-","-","-","-","-","-","-","-","-","-","-","-"
"1117","A. Wagner","A. Wagner","WR","","","","injury-status","BYE","-","-","-","-","-","-","-","-","-","-","-","-"
"1118","A. Pierce","A. Pierce","RB","","","","injury-status","BYE","-","-","-","-","-","-","-","-","-","-","-","-"
"1119","C. Sutton","C. Sutton","TE","","","","injury-status","BYE","-","-","-","-","-","-","-","-","-","-","-","-"
"1120","T. Hights","T. Hights","WR","","","","injury-status","BYE","-","-","-","-","-","-","-","-","-","-","-","-"
"1121","S. Nigh","S. Nigh","RB","","","","injury-status","BYE","-","-","-","-","-","-","-","-","-","-","-","-"
"1122","Z. Manning","Z. Manning","WR","","","","injury-status","BYE","-","-","-","-","-","-","-","-","-","-","-","-"
"1123","A. Williams","A. Williams","RB","","","","injury-status","BYE","-","-","-","-","-","-","-","-","-","-","-","-"
"1124","N. Vogel","N. Vogel","K","","","","injury-status","BYE","-","-","-","-","-","-","-","-","-","-","-","-"
"1125","J. Moore","J. Moore","WR","JAX","8","Ques","injury-status questionable","Final W 31-21 @ IND","-","-","-","-","-","-","-","-","-","-","-","-"
"1126","B. Rechsteiner","B. Rechsteiner","RB","","","","injury-status","BYE","-","-","-","-","-","-","-","-","-","-","-","-"
"1127","C. Repp","C. Repp","TE","","","","injury-status","BYE","-","-","-","-","-","-","-","-","-","-","-","-"
"1128","C. Rowland","C. Rowland","WR","","","","injury-status","BYE","-","-","-","-","-","-","-","-","-","-","-","-"
"1129","J. Green","J. Green","WR","","","","injury-status","BYE","-","-","-","-","-","-","-","-","-","-","-","-"
"1130","J. McCleskey","J. McCleskey","WR","","","","injury-status","BYE","-","-","-","-","-","-","-","-","-","-","-","-"
"1131","M. Daniel","M. Daniel","RB","","","","injury-status","BYE","-","-","-","-","-","-","-","-","-","-","-","-"
"1132","R. Becker","R. Becker","TE","","","","injury-status","BYE","-","-","-","-","-","-","-","-","-","-","-","-"
"1133","S. Leatherbury","S. Leatherbury","WR","","","","injury-status","BYE","-","-","-","-","-","-","-","-","-","-","-","-"
"1134","R. Sinnett","R. Sinnett","QB","","","","injury-status","BYE","-","-","-","-","-","-","-","-","-","-","-","-"
"1135","R. Neal","R. Neal","QB","","","","injury-status","BYE","-","-","-","-","-","-","-","-","-","-","-","-"
"1136","J. Love","J. Love","QB","","","","injury-status","BYE","-","-","-","-","-","-","-","-","-","-","-","-"
"1137","J. Smith","J. Smith","QB","","","","injury-status","BYE","-","-","-","-","-","-","-","-","-","-","-","-"
"1138","T. Stevens","T. Stevens","QB","NYG","14","","injury-status","Final L 0-40 vs DAL","-","-","-","-","-","-","-","-","-","-","-","-"
"1139","B. DiNucci","B. DiNucci","QB","DEN","12","","injury-status","Final L 16-17 vs LV","-","-","-","-","-","-","-","-","-","-","-","-"
"1140","F. Swain","F. Swain","WR","MIA","12","Ques","injury-status questionable","Final W 36-34 @ LAC","-","-","-","-","-","-","-","-","-","-","-","-"
"1141","T. Davis","T. Davis","TE","GB","5","","injury-status","Final W 38-20 @ CHI","-","-","-","-","-","-","-","-","-","-","-","-"
"1142","J. Rohrwasser","J. Rohrwasser","K","","","","injury-status","BYE","-","-","-","-","-","-","-","-","-","-","-","-"
"1143","M. Perry","M. Perry","WR","","","","injury-status","BYE","-","-","-","-","-","-","-","-","-","-","-","-"
"1144","J. Huntley","J. Huntley","RB","","","","injury-status","BYE","-","-","-","-","-","-","-","-","-","-","-","-"
"1145","R. Ahmed","R. Ahmed","K","","","","injury-status","BYE","-","-","-","-","-","-","-","-","-","-","-","-"
"1146","T. Feaster","T. Feaster","RB","ARI","8","","injury-status","Final L 16-20 @ WAS","-","-","-","-","-","-","-","-","-","-","-","-"
"1147","R. Smith","R. Smith","RB","","","","injury-status","BYE","-","-","-","-","-","-","-","-","-","-","-","-"
"1148","D. Dillon","D. Dillon","WR","","","","injury-status","BYE","-","-","-","-","-","-","-","-","-","-","-","-"
"1149","T. Williams","T. Williams","RB","","","","injury-status","BYE","-","-","-","-","-","-","-","-","-","-","-","-"
"1150","A. MacGinnis","A. MacGinnis","K","","","","injury-status","BYE","-","-","-","-","-","-","-","-","-","-","-","-"
"1151","L. Hajrullahu","L. Hajrullahu","K","","","","injury-status","BYE","-","-","-","-","-","-","-","-","-","-","-","-"
"1152","A. Killins","A. Killins","RB","DEN","12","","injury-status","Final L 16-17 vs LV","-","-","-","-","-","-","-","-","-","-","-","-"
"1153","C. Finke","C. Finke","WR","","","","injury-status","BYE","-","-","-","-","-","-","-","-","-","-","-","-"
"1154","A. Parker","A. Parker","WR","","","","injury-status","BYE","-","-","-","-","-","-","-","-","-","-","-","-"
"1155","X. Jones","X. Jones","RB","","","Ques","injury-status questionable","BYE","-","-","-","-","-","-","-","-","-","-","-","-"
"1156","J. Ward","J. Ward","RB","TEN","10","","injury-status","Final L 15-16 @ NO","1","3","11","-","-","-","-","-","-","-","-","-"
"1157","J. Hightower","J. Hightower","WR","","","","injury-status","BYE","-","-","-","-","-","-","-","-","-","-","-","-"
"1158","I. Coulter","I. Coulter","WR","","","","injury-status","BYE","-","-","-","-","-","-","-","-","-","-","-","-"
"1159","J. Luton","J. Luton","QB","","","","injury-status","BYE","-","-","-","-","-","-","-","-","-","-","-","-"
"1160","D. Keene","D. Keene","TE","HOU","6","Ques","injury-status questionable","Final L 9-25 @ BAL","-","-","-","-","-","-","-","-","-","-","-","-"
"1161","J. Morgan","J. Morgan","QB","","","","injury-status","BYE","-","-","-","-","-","-","-","-","-","-","-","-"
"1162","O. Bayless","O. Bayless","WR","","","","injury-status","BYE","-","-","-","-","-","-","-","-","-","-","-","-"
"1163","P. Guerriero","P. Guerriero","RB","","","","injury-status","BYE","-","-","-","-","-","-","-","-","-","-","-","-"
"1164","T. Brown","T. Brown","WR","","","","injury-status","BYE","-","-","-","-","-","-","-","-","-","-","-","-"
"1165","J. Thomas","J. Thomas","WR","","","","injury-status","BYE","-","-","-","-","-","-","-","-","-","-","-","-"
"1166","C. Woerner","C. Woerner","TE","SF","14","","injury-status","Final W 30-7 @ PIT","5","-","-","-","3","3","32","-","-","-","-","-"
"1167","J. Molson","J. Molson","K","","","","injury-status","BYE","-","-","-","-","-","-","-","-","-","-","-","-"
"1168","E. Wolf","E. Wolf","TE","","","","injury-status","BYE","-","-","-","-","-","-","-","-","-","-","-","-"
"1169","S. Patterson","S. Patterson","QB","","","","injury-status","BYE","-","-","-","-","-","-","-","-","-","-","-","-"
"1170","D. Stewart","D. Stewart","WR","","","","injury-status","BYE","-","-","-","-","-","-","-","-","-","-","-","-"
"1171","S. Olonilua","S. Olonilua","RB","","","Ques","injury-status questionable","BYE","-","-","-","-","-","-","-","-","-","-","-","-"
"1172","B. LeMay","B. LeMay","RB","CLE","9","","injury-status","Final W 24-3 vs CIN","-","-","-","-","-","-","-","-","-","-","-","-"
"1173","C. White","C. White","WR","SEA","8","","injury-status","Final L 13-30 vs LAR","-","-","-","-","-","-","-","-","-","-","-","-"
"1174","D. Anderson","D. Anderson","RB","","","","injury-status","BYE","-","-","-","-","-","-","-","-","-","-","-","-"
"1175","K. Rogers","K. Rogers","WR","","","","injury-status","BYE","-","-","-","-","-","-","-","-","-","-","-","-"
"1176","T. Cleveland","T. Cleveland","WR","IND","11","","injury-status","Final L 21-31 vs JAX","-","-","-","-","-","-","-","-","-","-","-","-"
"1177","J. Breeland","J. Breeland","TE","","","","injury-status","BYE","-","-","-","-","-","-","-","-","-","-","-","-"
"1178","S. Montez","S. Montez","QB","","","","injury-status","BYE","-","-","-","-","-","-","-","-","-","-","-","-"
"1179","B. Lewerke","B. Lewerke","QB","","","","injury-status","BYE","-","-","-","-","-","-","-","-","-","-","-","-"
"1180","S. Phillips","S. Phillips","RB","","","","injury-status","BYE","-","-","-","-","-","-","-","-","-","-","-","-"
"1181","B. Herrien","B. Herrien","RB","","","","injury-status","BYE","-","-","-","-","-","-","-","-","-","-","-","-"
"1182","D. Wood-Anderson","D. Wood-Anderson","TE","","","","injury-status","BYE","-","-","-","-","-","-","-","-","-","-","-","-"
"1183","M. Warren","M. Warren","RB","DET","8","","injury-status","Final W 21-20 @ KC","-","-","-","-","-","-","-","-","-","-","-","-"
"1184","R. Calais","R. Calais","RB","","","","injury-status","BYE","-","-","-","-","-","-","-","-","-","-","-","-"
"1185","D. Patmon","D. Patmon","WR","","","","injury-status","BYE","-","-","-","-","-","-","-","-","-","-","-","-"
"1186","C. O'Grady","C. O'Grady","TE","","","","injury-status","BYE","-","-","-","-","-","-","-","-","-","-","-","-"
"1187","A. Fuller","A. Fuller","WR","","","","injury-status","BYE","-","-","-","-","-","-","-","-","-","-","-","-"
"1188","J. Leake","J. Leake","RB","","","","injury-status","BYE","-","-","-","-","-","-","-","-","-","-","-","-"
"1189","S. McKeon","S. McKeon","TE","DAL","10","","injury-status","Final W 40-0 @ NYG","-","-","-","-","-","2","-","-","-","-","-","-"
"1190","T. Johnson","T. Johnson","WR","LAR","8","","injury-status","Final W 30-13 @ SEA","8","-","-","-","2","3","8","1","-","-","-","-"
"1191","L. Bellamy","L. Bellamy","RB","","","","injury-status","BYE","-","-","-","-","-","-","-","-","-","-","-","-"
"1192","D. Asiasi","D. Asiasi","TE","TEN","10","","injury-status","Final L 15-16 @ NO","-","-","-","-","-","-","-","-","-","-","-","-"
"1193","C. McDonald","C. McDonald","QB","","","","injury-status","BYE","-","-","-","-","-","-","-","-","-","-","-","-"
"1194","T. Ginn","T. Ginn","WR","","","","injury-status","BYE","-","-","-","-","-","-","-","-","-","-","-","-"
"1195","B. Victor","B. Victor","WR","","","","injury-status","BYE","-","-","-","-","-","-","-","-","-","-","-","-"
"1196","C. Taumoepeau","C. Taumoepeau","TE","","","","injury-status","BYE","-","-","-","-","-","-","-","-","-","-","-","-"
"1197","T. Moss","T. Moss","TE","","","","injury-status","BYE","-","-","-","-","-","-","-","-","-","-","-","-"
"1198","J. Reed","J. Reed","WR","","","Ques","injury-status questionable","BYE","-","-","-","-","-","-","-","-","-","-","-","-"
"1199","A. Gandy-Golden","A. Gandy-Golden","TE","","","","injury-status","BYE","-","-","-","-","-","-","-","-","-","-","-","-"
"1200","A. Gordon","A. Gordon","QB","","","","injury-status","BYE","-","-","-","-","-","-","-","-","-","-","-","-"
"1201","Q. Cephus","Q. Cephus","WR","","","","injury-status","BYE","-","-","-","-","-","-","-","-","-","-","-","-"
"1202","N. Stanley","N. Stanley","QB","","","","injury-status","BYE","-","-","-","-","-","-","-","-","-","-","-","-"
"1203","Q. Davis","Q. Davis","WR","","","Ques","injury-status questionable","BYE","-","-","-","-","-","-","-","-","-","-","-","-"
"1204","A. Mack","A. Mack","WR","","","","injury-status","BYE","-","-","-","-","-","-","-","-","-","-","-","-"
"1205","K. Hill","K. Hill","WR","LAC","12","","injury-status","Final L 34-36 vs MIA","-","-","-","-","-","-","-","-","-","-","-","-"
"1206","C. Johnson","C. Johnson","WR","CHI","5","","injury-status","Final L 20-38 vs GB","2","-","-","-","1","1","11","-","-","-","-","-"
"1207","H. Bryant","H. Bryant","TE","","","Ques","injury-status questionable","BYE","-","-","-","-","-","-","-","-","-","-","-","-"
"1208","J. Pinkney","J. Pinkney","TE","","","Ques","injury-status questionable","BYE","-","-","-","-","-","-","-","-","-","-","-","-"
"1209","K. Lipscomb","K. Lipscomb","WR","","","","injury-status","BYE","-","-","-","-","-","-","-","-","-","-","-","-"
"1210","J. Eason","J. Eason","QB","NYG","14","","injury-status","Final L 0-40 vs DAL","-","-","-","-","-","-","-","-","-","-","-","-"
"1211","J. Fromm","J. Fromm","QB","WAS","12","","injury-status","Final W 20-16 vs ARI","-","-","-","-","-","-","-","-","-","-","-","-"
"1212","J. Dobbins","J. Dobbins","RB","BAL","7","","injury-status","Final W 25-9 vs HOU","11","8","22","1","2","3","15","-","-","-","-","-"
"1213","H. Ruggs","H. Ruggs","WR","","","","injury-status","BYE","-","-","-","-","-","-","-","-","-","-","-","-"
"1214","C. Streveler","C. Streveler","QB","","","","injury-status","BYE","-","-","-","-","-","-","-","-","-","-","-","-"
"1215","R. Begelton","R. Begelton","WR","","","","injury-status","BYE","-","-","-","-","-","-","-","-","-","-","-","-"
"1216","D. Clark","D. Clark","TE","","","","injury-status","BYE","-","-","-","-","-","-","-","-","-","-","-","-"
"1217","L. McCoy","L. McCoy","RB","","","","injury-status","BYE","-","-","-","-","-","-","-","-","-","-","-","-"
"1218","T. Salter","T. Salter","WR","","","NA","injury-status na","BYE","-","-","-","-","-","-","-","-","-","-","-","-"
"1219","D. Gore","D. Gore","RB","WAS","12","","injury-status","Final W 20-16 vs ARI","3","3","26","-","-","-","-","-","-","-","-","-"
"1220","M. Young","M. Young","RB","","","","injury-status","BYE","-","-","-","-","-","-","-","-","-","-","-","-"
"1221","M. Crum","M. Crum","TE","","","","injury-status","BYE","-","-","-","-","-","-","-","-","-","-","-","-"
"1222","J. Ta'amu","J. Ta'amu","QB","","","","injury-status","BYE","-","-","-","-","-","-","-","-","-","-","-","-"
"1223","J. Harris","J. Harris","TE","","","","injury-status","BYE","-","-","-","-","-","-","-","-","-","-","-","-"
"1224","J. Walker","J. Walker","WR","","","","injury-status","BYE","-","-","-","-","-","-","-","-","-","-","-","-"
"1225","V. Testaverde","V. Testaverde","QB","","","","injury-status","BYE","-","-","-","-","-","-","-","-","-","-","-","-"
"1226","J. Way","J. Way","WR","","","","injury-status","BYE","-","-","-","-","-","-","-","-","-","-","-","-"
"1227","M. Simms","M. Simms","WR","","","Ques","injury-status questionable","BYE","-","-","-","-","-","-","-","-","-","-","-","-"
"1228","J. Caldwell","J. Caldwell","RB","","","","injury-status","BYE","-","-","-","-","-","-","-","-","-","-","-","-"
"1229","T. McGowan","T. McGowan","RB","","","","injury-status","BYE","-","-","-","-","-","-","-","-","-","-","-","-"
"1230","F. Trevillion","F. Trevillion","WR","","","","injury-status","BYE","-","-","-","-","-","-","-","-","-","-","-","-"
"1231","M. Sutton","M. Sutton","RB","","","","injury-status","BYE","-","-","-","-","-","-","-","-","-","-","-","-"
"1232","F. Allen","F. Allen","WR","","","","injury-status","BYE","-","-","-","-","-","-","-","-","-","-","-","-"
"1233","J. Horn","J. Horn","WR","","","","injury-status","BYE","-","-","-","-","-","-","-","-","-","-","-","-"
"1234","J. Horn","J. Horn","WR","","","","injury-status","BYE","-","-","-","-","-","-","-","-","-","-","-","-"
"1235","J. Greene","J. Greene","WR","","","","injury-status","BYE","-","-","-","-","-","-","-","-","-","-","-","-"
"1236","A. Ouellette","A. Ouellette","RB","","","","injury-status","BYE","-","-","-","-","-","-","-","-","-","-","-","-"
"1237","M. Wright","M. Wright","WR","","","","injury-status","BYE","-","-","-","-","-","-","-","-","-","-","-","-"
"1238","J. Parker","J. Parker","WR","","","","injury-status","BYE","-","-","-","-","-","-","-","-","-","-","-","-"
"1239","N. Evans","N. Evans","RB","","","","injury-status","BYE","-","-","-","-","-","-","-","-","-","-","-","-"
"1240","B. Watson","B. Watson","TE","","","","injury-status","BYE","-","-","-","-","-","-","-","-","-","-","-","-"
"1241","B. Burt","B. Burt","WR","","","","injury-status","BYE","-","-","-","-","-","-","-","-","-","-","-","-"
"1242","V. Bryant","V. Bryant","WR","","","","injury-status","BYE","-","-","-","-","-","-","-","-","-","-","-","-"
"1243","I. Zico","I. Zico","WR","","","","injury-status","BYE","-","-","-","-","-","-","-","-","-","-","-","-"
"1244","C. Hatfield","C. Hatfield","K","","","","injury-status","BYE","-","-","-","-","-","-","-","-","-","-","-","-"
"1245","J. Baron","J. Baron","K","","","","injury-status","BYE","-","-","-","-","-","-","-","-","-","-","-","-"
"1246","I. Searight","I. Searight","TE","","","","injury-status","BYE","-","-","-","-","-","-","-","-","-","-","-","-"
"1247","A. Lindsey","A. Lindsey","WR","","","","injury-status","BYE","-","-","-","-","-","-","-","-","-","-","-","-"
"1248","N. Fitzgerald","N. Fitzgerald","QB","","","","injury-status","BYE","-","-","-","-","-","-","-","-","-","-","-","-"
"1249","C. Simpson","C. Simpson","WR","","","","injury-status","BYE","-","-","-","-","-","-","-","-","-","-","-","-"
"1250","J. McClendon","J. McClendon","QB","","","","injury-status","BYE","-","-","-","-","-","-","-","-","-","-","-","-"
"1251","D. Hodges","D. Hodges","QB","","","","injury-status","BYE","-","-","-","-","-","-","-","-","-","-","-","-"
"1252","S. Schnell","S. Schnell","WR","","","","injury-status","BYE","-","-","-","-","-","-","-","-","-","-","-","-"
"1253","D. Strickland","D. Strickland","RB","","","","injury-status","BYE","-","-","-","-","-","-","-","-","-","-","-","-"
"1254","C. Jones","C. Jones","TE","","","","injury-status","BYE","-","-","-","-","-","-","-","-","-","-","-","-"
"1255","M. Colubiale","M. Colubiale","TE","","","","injury-status","BYE","-","-","-","-","-","-","-","-","-","-","-","-"
"1256","T. Kennedy","T. Kennedy","WR","DET","8","","injury-status","Final W 21-20 @ KC","-","-","-","-","-","-","-","-","-","-","-","-"
"1257","M. Stephens","M. Stephens","TE","","","","injury-status","BYE","-","-","-","-","-","-","-","-","-","-","-","-"
"1258","T. Brooks-James","T. Brooks-James","RB","","","","injury-status","BYE","-","-","-","-","-","-","-","-","-","-","-","-"
"1259","M. Nugent","M. Nugent","K","","","","injury-status","BYE","-","-","-","-","-","-","-","-","-","-","-","-"
"1260","J. Smith","J. Smith","WR","ARI","8","Ques","injury-status questionable","Final L 16-20 @ WAS","-","-","-","-","-","-","-","-","-","-","-","-"
"1261","S. Poindexter","S. Poindexter","WR","","","","injury-status","BYE","-","-","-","-","-","-","-","-","-","-","-","-"
"1262","A. Walter","A. Walter","RB","LV","8","Ques","injury-status questionable","Final W 17-16 @ DEN","-","-","-","-","-","-","-","-","-","-","-","-"
"1263","M. Henry","M. Henry","WR","","","","injury-status","BYE","-","-","-","-","-","-","-","-","-","-","-","-"
"1264","D. Willis","D. Willis","WR","","","","injury-status","BYE","-","-","-","-","-","-","-","-","-","-","-","-"
"1265","M. Marshall","M. Marshall","RB","","","","injury-status","BYE","-","-","-","-","-","-","-","-","-","-","-","-"
"1266","D. Thompkins","D. Thompkins","WR","GB","5","Ques","injury-status questionable","Final W 38-20 @ CHI","-","-","-","-","-","-","-","-","-","-","-","-"
"1267","D. Jackson","D. Jackson","RB","","","","injury-status","BYE","-","-","-","-","-","-","-","-","-","-","-","-"
"1268","N. Becker","N. Becker","TE","","","Ques","injury-status questionable","BYE","-","-","-","-","-","-","-","-","-","-","-","-"
"1269","C. Myarick","C. Myarick","TE","","","","injury-status","BYE","-","-","-","-","-","-","-","-","-","-","-","-"
"1270","J. Jordan","J. Jordan","WR","","","","injury-status","BYE","-","-","-","-","-","-","-","-","-","-","-","-"
"1271","T. Linta","T. Linta","QB","","","","injury-status","BYE","-","-","-","-","-","-","-","-","-","-","-","-"
"1272","D. Shepherd","D. Shepherd","WR","","","Ques","injury-status questionable","BYE","-","-","-","-","-","-","-","-","-","-","-","-"
"1273","T. Gray","T. Gray","RB","","","","injury-status","BYE","-","-","-","-","-","-","-","-","-","-","-","-"
"1274","C. Conrad","C. Conrad","TE","","","","injury-status","BYE","-","-","-","-","-","-","-","-","-","-","-","-"
"1275","C. Hedlund","C. Hedlund","K","","","","injury-status","BYE","-","-","-","-","-","-","-","-","-","-","-","-"
"1276","J. Johnson","J. Johnson","TE","","","","injury-status","BYE","-","-","-","-","-","-","-","-","-","-","-","-"
"1277","T. Wright","T. Wright","WR","","","","injury-status","BYE","-","-","-","-","-","-","-","-","-","-","-","-"
"1278","A. Choice","A. Choice","RB","","","","injury-status","BYE","-","-","-","-","-","-","-","-","-","-","-","-"
"1279","M. Deane","M. Deane","TE","","","","injury-status","BYE","-","-","-","-","-","-","-","-","-","-","-","-"
"1280","T. Christion","T. Christion","QB","","","","injury-status","BYE","-","-","-","-","-","-","-","-","-","-","-","-"
"1281","C. Scarff","C. Scarff","TE","","","","injury-status","BYE","-","-","-","-","-","-","-","-","-","-","-","-"
"1282","D. Koppenhaver","D. Koppenhaver","TE","","","","injury-status","BYE","-","-","-","-","-","-","-","-","-","-","-","-"
"1283","M. Eaton","M. Eaton","WR","","","","injury-status","BYE","-","-","-","-","-","-","-","-","-","-","-","-"
"1284","T. Ives","T. Ives","WR","CHI","5","Ques","injury-status questionable","Final L 20-38 vs GB","-","-","-","-","-","-","-","-","-","-","-","-"
"1285","E. Richardson","E. Richardson","TE","","","","injury-status","BYE","-","-","-","-","-","-","-","-","-","-","-","-"
"1286","C. Herdman","C. Herdman","TE","","","","injury-status","BYE","-","-","-","-","-","-","-","-","-","-","-","-"
"1287","S. Modster","S. Modster","WR","","","","injury-status","BYE","-","-","-","-","-","-","-","-","-","-","-","-"
"1288","S. Carlson","S. Carlson","TE","CHI","5","","injury-status","Final L 20-38 vs GB","-","-","-","-","-","-","-","-","-","-","-","-"
"1289","D. Blough","D. Blough","QB","DET","8","","injury-status","Final W 21-20 @ KC","-","-","-","-","-","-","-","-","-","-","-","-"
"1290","D. Baker","D. Baker","WR","","","","injury-status","BYE","-","-","-","-","-","-","-","-","-","-","-","-"
"1291","D. Hall","D. Hall","RB","","","","injury-status","BYE","-","-","-","-","-","-","-","-","-","-","-","-"
"1292","J. Hilliman","J. Hilliman","RB","","","","injury-status","BYE","-","-","-","-","-","-","-","-","-","-","-","-"
"1293","E. Dungey","E. Dungey","QB","","","","injury-status","BYE","-","-","-","-","-","-","-","-","-","-","-","-"
"1294","H. Hentges","H. Hentges","TE","","","","injury-status","BYE","-","-","-","-","-","-","-","-","-","-","-","-"
"1295","K. McKnight","K. McKnight","WR","","","","injury-status","BYE","-","-","-","-","-","-","-","-","-","-","-","-"
"1296","G. Aston","G. Aston","RB","","","","injury-status","BYE","-","-","-","-","-","-","-","-","-","-","-","-"
"1297","A. Dulin","A. Dulin","WR","IND","11","Ques","injury-status questionable","Final L 21-31 vs JAX","-","-","-","-","-","-","-","-","-","-","-","-"
"1298","J. Johnson","J. Johnson","WR","","","","injury-status","BYE","-","-","-","-","-","-","-","-","-","-","-","-"
"1299","G. Tate","G. Tate","WR","","","","injury-status","BYE","-","-","-","-","-","-","-","-","-","-","-","-"
"1300","T. Rahming","T. Rahming","WR","","","","injury-status","BYE","-","-","-","-","-","-","-","-","-","-","-","-"
"1301","K. Dillon","K. Dillon","TE","","","","injury-status","BYE","-","-","-","-","-","-","-","-","-","-","-","-"
"1302","A. Fort","A. Fort","TE","","","","injury-status","BYE","-","-","-","-","-","-","-","-","-","-","-","-"
"1303","T. Benson","T. Benson","WR","","","","injury-status","BYE","-","-","-","-","-","-","-","-","-","-","-","-"
"1304","R. Guerrier","R. Guerrier","WR","","","","injury-status","BYE","-","-","-","-","-","-","-","-","-","-","-","-"
"1305","J. Lloyd","J. Lloyd","WR","","","","injury-status","BYE","-","-","-","-","-","-","-","-","-","-","-","-"
"1306","K. Brown","K. Brown","TE","","","","injury-status","BYE","-","-","-","-","-","-","-","-","-","-","-","-"
"1307","R. Brooker","R. Brooker","TE","","","","injury-status","BYE","-","-","-","-","-","-","-","-","-","-","-","-"
"1308","N. Webster","N. Webster","WR","CHI","5","","injury-status","Final L 20-38 vs GB","-","-","-","-","-","-","-","-","-","-","-","-"
"1309","A. Bachman","A. Bachman","WR","HOU","6","","injury-status","Final L 9-25 @ BAL","-","-","-","-","-","-","-","-","-","-","-","-"
"1310","M. Colburn","M. Colburn","RB","","","","injury-status","BYE","-","-","-","-","-","-","-","-","-","-","-","-"
"1311","J. Sumpter","J. Sumpter","WR","","","","injury-status","BYE","-","-","-","-","-","-","-","-","-","-","-","-"
"1312","A. Hollins","A. Hollins","WR","","","","injury-status","BYE","-","-","-","-","-","-","-","-","-","-","-","-"
"1313","D. Davis","D. Davis","WR","WAS","12","","injury-status","Final W 20-16 vs ARI","-","-","-","-","-","-","-","-","-","-","-","-"
"1314","J. Washington","J. Washington","TE","","","","injury-status","BYE","-","-","-","-","-","-","-","-","-","-","-","-"
"1315","D. Belcher","D. Belcher","TE","","","","injury-status","BYE","-","-","-","-","-","-","-","-","-","-","-","-"
"1316","A. Richardson","A. Richardson","WR","","","","injury-status","BYE","-","-","-","-","-","-","-","-","-","-","-","-"
"1317","X. Turner","X. Turner","RB","","","","injury-status","BYE","-","-","-","-","-","-","-","-","-","-","-","-"
"1318","D. Anderson","D. Anderson","QB","","","","injury-status","BYE","-","-","-","-","-","-","-","-","-","-","-","-"
"1319","D. Jeanpiere","D. Jeanpiere","WR","","","","injury-status","BYE","-","-","-","-","-","-","-","-","-","-","-","-"
"1320","C. Meier","C. Meier","TE","","","","injury-status","BYE","-","-","-","-","-","-","-","-","-","-","-","-"
"1321","P. White","P. White","WR","","","","injury-status","BYE","-","-","-","-","-","-","-","-","-","-","-","-"
"1322","M. Walker","M. Walker","WR","","","Ques","injury-status questionable","BYE","-","-","-","-","-","-","-","-","-","-","-","-"
"1323","D. Snelson","D. Snelson","WR","","","","injury-status","BYE","-","-","-","-","-","-","-","-","-","-","-","-"
"1324","R. Leonard","R. Leonard","WR","","","","injury-status","BYE","-","-","-","-","-","-","-","-","-","-","-","-"
"1325","C. Worton","C. Worton","WR","","","","injury-status","BYE","-","-","-","-","-","-","-","-","-","-","-","-"
"1326","K. Lewis","K. Lewis","WR","","","","injury-status","BYE","-","-","-","-","-","-","-","-","-","-","-","-"
"1327","S. Bane","S. Bane","WR","","","","injury-status","BYE","-","-","-","-","-","-","-","-","-","-","-","-"
"1328","M. Wilkins","M. Wilkins","QB","","","","injury-status","BYE","-","-","-","-","-","-","-","-","-","-","-","-"
"1329","S. Louis","S. Louis","WR","","","","injury-status","BYE","-","-","-","-","-","-","-","-","-","-","-","-"
"1330","D. Crockett","D. Crockett","RB","","","","injury-status","BYE","-","-","-","-","-","-","-","-","-","-","-","-"
"1331","X. Ubosi","X. Ubosi","WR","","","","injury-status","BYE","-","-","-","-","-","-","-","-","-","-","-","-"
"1332","J. Duhart","J. Duhart","WR","","","","injury-status","BYE","-","-","-","-","-","-","-","-","-","-","-","-"
"1333","J. Ellis","J. Ellis","RB","","","","injury-status","BYE","-","-","-","-","-","-","-","-","-","-","-","-"
"1334","J. Dolegala","J. Dolegala","QB","","","","injury-status","BYE","-","-","-","-","-","-","-","-","-","-","-","-"
"1335","P. Laird","P. Laird","RB","TB","9","","injury-status","Final W 20-17 @ MIN","-","-","-","-","-","-","-","-","-","-","-","-"
"1336","I. Bunting","I. Bunting","TE","","","Ques","injury-status questionable","BYE","-","-","-","-","-","-","-","-","-","-","-","-"
"1337","C. Cox","C. Cox","RB","","","","injury-status","BYE","-","-","-","-","-","-","-","-","-","-","-","-"
"1338","C. Gillaspia","C. Gillaspia","RB","","","Ques","injury-status questionable","BYE","-","-","-","-","-","-","-","-","-","-","-","-"
"1339","M. Green","M. Green","WR","","","","injury-status","BYE","-","-","-","-","-","-","-","-","-","-","-","-"
"1340","B. Dillon","B. Dillon","TE","","","Ques","injury-status questionable","BYE","-","-","-","-","-","-","-","-","-","-","-","-"
"1341","A. Roberts","A. Roberts","WR","","","","injury-status","BYE","-","-","-","-","-","-","-","-","-","-","-","-"
"1342","K. Shurmur","K. Shurmur","QB","","","","injury-status","BYE","-","-","-","-","-","-","-","-","-","-","-","-"
"1343","T. Wood","T. Wood","TE","","","","injury-status","BYE","-","-","-","-","-","-","-","-","-","-","-","-"
"1344","R. White","R. White","WR","","","","injury-status","BYE","-","-","-","-","-","-","-","-","-","-","-","-"
"1345","J. Powell","J. Powell","TE","","","","injury-status","BYE","-","-","-","-","-","-","-","-","-","-","-","-"
"1346","D. Holland","D. Holland","RB","","","","injury-status","BYE","-","-","-","-","-","-","-","-","-","-","-","-"
"1347","T. Thompson","T. Thompson","WR","","","","injury-status","BYE","-","-","-","-","-","-","-","-","-","-","-","-"
"1348","J. Moore","J. Moore","WR","","","","injury-status","BYE","-","-","-","-","-","-","-","-","-","-","-","-"
"1349","J. Cox","J. Cox","RB","","","","injury-status","BYE","-","-","-","-","-","-","-","-","-","-","-","-"
"1350","T. Mayfield","T. Mayfield","TE","","","","injury-status","BYE","-","-","-","-","-","-","-","-","-","-","-","-"
"1351","W. Speight","W. Speight","QB","","","","injury-status","BYE","-","-","-","-","-","-","-","-","-","-","-","-"
"1352","T. McMillian","T. McMillian","RB","","","","injury-status","BYE","-","-","-","-","-","-","-","-","-","-","-","-"
"1353","M. Sokol","M. Sokol","TE","NE","14","","injury-status","Final L 20-25 vs PHI","-","-","-","-","-","-","-","-","-","-","-","-"
"1354","J. Lovett","J. Lovett","RB","","","Ques","injury-status questionable","BYE","-","-","-","-","-","-","-","-","-","-","-","-"
"1355","N. Easley","N. Easley","WR","","","","injury-status","BYE","-","-","-","-","-","-","-","-","-","-","-","-"
"1356","J. Winfree","J. Winfree","WR","IND","11","Ques","injury-status questionable","Final L 21-31 vs JAX","-","-","-","-","-","1","-","-","-","-","-","-"
"1357","I. Hyman","I. Hyman","WR","","","Ques","injury-status questionable","BYE","-","-","-","-","-","-","-","-","-","-","-","-"
"1358","B. Silvers","B. Silvers","QB","","","","injury-status","BYE","-","-","-","-","-","-","-","-","-","-","-","-"
"1359","V. Holmes","V. Holmes","RB","","","","injury-status","BYE","-","-","-","-","-","-","-","-","-","-","-","-"
"1360","J. Johnson","J. Johnson","RB","LV","8","","injury-status","Final W 17-16 @ DEN","2","-","-","-","1","2","12","-","-","-","-","-"
"1361","C. Wade","C. Wade","RB","","","","injury-status","BYE","-","-","-","-","-","-","-","-","-","-","-","-"
"1362","D. Sheehy-Guiseppi","D. Sheehy-Guiseppi","WR","","","","injury-status","BYE","-","-","-","-","-","-","-","-","-","-","-","-"
"1363","C. Murphy","C. Murphy","K","","","","injury-status","BYE","-","-","-","-","-","-","-","-","-","-","-","-"
"1364","C. Blewitt","C. Blewitt","K","","","","injury-status","BYE","-","-","-","-","-","-","-","-","-","-","-","-"
"1365","S. Smith","S. Smith","RB","","","","injury-status","BYE","-","-","-","-","-","-","-","-","-","-","-","-"
"1366","A. Ware","A. Ware","RB","","","","injury-status","BYE","-","-","-","-","-","-","-","-","-","-","-","-"
"1367","T. Wesco","T. Wesco","TE","TEN","10","","injury-status","Final L 15-16 @ NO","3","-","-","-","1","3","21","-","-","-","-","-"
"1368","D. Thompson","D. Thompson","RB","","","","injury-status","BYE","-","-","-","-","-","-","-","-","-","-","-","-"
"1369","K. Whyte","K. Whyte","RB","GB","5","","injury-status","Final W 38-20 @ CHI","-","-","-","-","-","-","-","-","-","-","-","-"
"1370","C. Thompson","C. Thompson","WR","SEA","8","","injury-status","Final L 13-30 vs LAR","2","-","-","-","1","1","10","-","-","-","-","-"
"1371","J. Williams","J. Williams","RB","","","","injury-status","BYE","-","-","-","-","-","-","-","-","-","-","-","-"
"1372","J. Ursua","J. Ursua","WR","","","","injury-status","BYE","-","-","-","-","-","-","-","-","-","-","-","-"
"1373","J. Scarlett","J. Scarlett","RB","MIA","12","","injury-status","Final W 36-34 @ LAC","-","-","-","-","-","-","-","-","-","-","-","-"
"1374","K. Warring","K. Warring","TE","","","","injury-status","BYE","-","-","-","-","-","-","-","-","-","-","-","-"
"1375","A. Wesley","A. Wesley","WR","","","","injury-status","BYE","-","-","-","-","-","-","-","-","-","-","-","-"
"1376","L. Scott","L. Scott","RB","","","","injury-status","BYE","-","-","-","-","-","-","-","-","-","-","-","-"
"1377","M. Weber","M. Weber","RB","","","","injury-status","BYE","-","-","-","-","-","-","-","-","-","-","-","-"
"1378","B. Snell","B. Snell","RB","","","","injury-status","BYE","-","-","-","-","-","-","-","-","-","-","-","-"
"1379","J. Smith","J. Smith","WR","","","","injury-status","BYE","-","-","-","-","-","-","-","-","-","-","-","-"
"1380","D. Sills","D. Sills","WR","DEN","12","","injury-status","Final L 16-17 vs LV","-","-","-","-","-","-","-","-","-","-","-","-"
"1381","D. Williams","D. Williams","RB","","","","injury-status","BYE","-","-","-","-","-","-","-","-","-","-","-","-"
"1382","P. Williams","P. Williams","WR","","","","injury-status","BYE","-","-","-","-","-","-","-","-","-","-","-","-"
"1383","C. Thorson","C. Thorson","QB","NYG","14","","injury-status","Final L 0-40 vs DAL","-","-","-","-","-","-","-","-","-","-","-","-"
"1384","K. Smith","K. Smith","TE","","","","injury-status","BYE","-","-","-","-","-","-","-","-","-","-","-","-"
"1385","C. Wilson","C. Wilson","TE","","","","injury-status","BYE","-","-","-","-","-","-","-","-","-","-","-","-"
"1386","J. Sternberger","J. Sternberger","TE","","","","injury-status","BYE","-","-","-","-","-","-","-","-","-","-","-","-"
"1387","T. Sweeney","T. Sweeney","TE","","","Out","injury-status out","BYE","-","-","-","-","-","-","-","-","-","-","-","-"
"1388","W. Hills","W. Hills","RB","","","","injury-status","BYE","-","-","-","-","-","-","-","-","-","-","-","-"
"1389","J. Patrick","J. Patrick","RB","NYJ","9","","injury-status","Final W 22-16 vs BUF","-","-","-","-","-","-","-","-","-","-","-","-"
"1390","E. Butler","E. Butler","WR","","","","injury-status","BYE","-","-","-","-","-","-","-","-","-","-","-","-"
"1391","J. Custis","J. Custis","WR","","","","injury-status","BYE","-","-","-","-","-","-","-","-","-","-","-","-"
"1392","D. Helm","D. Helm","TE","","","","injury-status","BYE","-","-","-","-","-","-","-","-","-","-","-","-"
"1393","B. Johnson","B. Johnson","WR","","","Ques","injury-status questionable","BYE","-","-","-","-","-","-","-","-","-","-","-","-"
"1394","K. Blanton","K. Blanton","TE","","","","injury-status","BYE","-","-","-","-","-","-","-","-","-","-","-","-"
"1395","J. Horsted","J. Horsted","TE","LV","8","","injury-status","Final W 17-16 @ DEN","1","-","-","-","1","1","4","-","-","-","-","-"
"1396","B. Anderson","B. Anderson","RB","","","","injury-status","BYE","-","-","-","-","-","-","-","-","-","-","-","-"
"1397","S. Morgan","S. Morgan","WR","CIN","10","","injury-status","Final L 3-24 @ CLE","-","-","-","-","-","-","-","-","-","-","-","-"
"1398","T. Billy-Johnson","T. Billy-Johnson","WR","","","","injury-status","BYE","-","-","-","-","-","-","-","-","-","-","-","-"
"1399","J. Webb","J. Webb","QB","","","","injury-status","BYE","-","-","-","-","-","-","-","-","-","-","-","-"
"1400","T. Fulgham","T. Fulgham","WR","","","","injury-status","BYE","-","-","-","-","-","-","-","-","-","-","-","-"
"1401","T. Brady","T. Brady","WR","","","","injury-status","BYE","-","-","-","-","-","-","-","-","-","-","-","-"
"1402","D. Mitchell","D. Mitchell","WR","","","","injury-status","BYE","-","-","-","-","-","-","-","-","-","-","-","-"
"1403","G. Jennings","G. Jennings","WR","","","","injury-status","BYE","-","-","-","-","-","-","-","-","-","-","-","-"
"1404","T. Jackson","T. Jackson","TE","NYG","14","IR","injury-status ir","Final L 0-40 vs DAL","-","-","-","-","-","-","-","-","-","-","-","-"
"1405","R. Davis","R. Davis","WR","","","","injury-status","BYE","-","-","-","-","-","-","-","-","-","-","-","-"
"1406","K. Doss","K. Doss","WR","LAC","12","Ques","injury-status questionable","Final L 34-36 vs MIA","6","-","-","-","6","13","33","-","-","-","-","-"
"1407","A. Barnes","A. Barnes","RB","","","","injury-status","BYE","-","-","-","-","-","-","-","-","-","-","-","-"
"1408","N. Brossette","N. Brossette","RB","","","","injury-status","BYE","-","-","-","-","-","-","-","-","-","-","-","-"
"1409","J. Dixon","J. Dixon","WR","","","","injury-status","BYE","-","-","-","-","-","-","-","-","-","-","-","-"
"1410","D. Lodge","D. Lodge","WR","","","","injury-status","BYE","-","-","-","-","-","-","-","-","-","-","-","-"
"1411","D. Raymond","D. Raymond","TE","PIT","5","","injury-status","Final L 7-30 vs SF","-","-","-","-","-","-","-","-","-","-","-","-"
"1412","R. Armstead","R. Armstead","RB","","","","injury-status","BYE","-","-","-","-","-","-","-","-","-","-","-","-"
"1413","Q. Ollison","Q. Ollison","RB","","","","injury-status","BYE","-","-","-","-","-","-","-","-","-","-","-","-"
"1414","J. Ferguson","J. Ferguson","WR","","","","injury-status","BYE","-","-","-","-","-","-","-","-","-","-","-","-"
"1415","A. Ratliff-Williams","A. Ratliff-Williams","WR","","","","injury-status","BYE","-","-","-","-","-","-","-","-","-","-","-","-"
"1416","T. Godwin","T. Godwin","WR","","","","injury-status","BYE","-","-","-","-","-","-","-","-","-","-","-","-"
"1417","K. Higdon","K. Higdon","RB","","","","injury-status","BYE","-","-","-","-","-","-","-","-","-","-","-","-"
"1418","A. Mack","A. Mack","TE","","","Ques","injury-status questionable","BYE","-","-","-","-","-","-","-","-","-","-","-","-"
"1419","T. McSorley","T. McSorley","QB","PIT","5","","injury-status","Final L 7-30 vs SF","-","-","-","-","-","-","-","-","-","-","-","-"
"1420","K. Johnson","K. Johnson","WR","","","","injury-status","BYE","-","-","-","-","-","-","-","-","-","-","-","-"
"1421","J. Moore","J. Moore","RB","","","","injury-status","BYE","-","-","-","-","-","-","-","-","-","-","-","-"
"1422","I. Nauta","I. Nauta","TE","GB","5","Ques","injury-status questionable","Final W 38-20 @ CHI","-","-","-","-","-","-","-","-","-","-","-","-"
"1423","N. Murray","N. Murray","WR","","","","injury-status","BYE","-","-","-","-","-","-","-","-","-","-","-","-"
"1424","F. Davis","F. Davis","WR","","","","injury-status","BYE","-","-","-","-","-","-","-","-","-","-","-","-"
"1425","A. Johnson","A. Johnson","WR","","","","injury-status","BYE","-","-","-","-","-","-","-","-","-","-","-","-"
"1426","E. Hall","E. Hall","WR","","","Ques","injury-status questionable","BYE","-","-","-","-","-","-","-","-","-","-","-","-"
"1427","E. Holyfield","E. Holyfield","RB","","","","injury-status","BYE","-","-","-","-","-","-","-","-","-","-","-","-"
"1428","R. Anderson","R. Anderson","RB","","","","injury-status","BYE","-","-","-","-","-","-","-","-","-","-","-","-"
"1429","A. Isabella","A. Isabella","WR","BUF","7","Ques","injury-status questionable","Final L 16-22 @ NYJ","-","-","-","-","-","-","-","-","-","-","-","-"
"1430","J. Hurd","J. Hurd","WR","","","","injury-status","BYE","-","-","-","-","-","-","-","-","-","-","-","-"
"1431","W. Grier","W. Grier","QB","LAC","12","","injury-status","Final L 34-36 vs MIA","-","-","-","-","-","-","-","-","-","-","-","-"
"1432","P. Hart","P. Hart","WR","","","Ques","injury-status questionable","BYE","-","-","-","-","-","-","-","-","-","-","-","-"
"1433","B. Love","B. Love","RB","","","Ques","injury-status questionable","BYE","-","-","-","-","-","-","-","-","-","-","-","-"
"1434","H. Butler","H. Butler","TE","","","","injury-status","BYE","-","-","-","-","-","-","-","-","-","-","-","-"
"1435","R. Finley","R. Finley","QB","","","","injury-status","BYE","-","-","-","-","-","-","-","-","-","-","-","-"
"1436","K. Harmon","K. Harmon","WR","","","","injury-status","BYE","-","-","-","-","-","-","-","-","-","-","-","-"
"1437","R. Ridley","R. Ridley","WR","","","","injury-status","BYE","-","-","-","-","-","-","-","-","-","-","-","-"
"1438","L. Paulsen","L. Paulsen","TE","","","","injury-status","BYE","-","-","-","-","-","-","-","-","-","-","-","-"
"1439","J. Arcega-Whiteside","J. Arcega-Whiteside","TE","","","","injury-status","BYE","-","-","-","-","-","-","-","-","-","-","-","-"
"1440","P. Andersen","P. Andersen","K","","","","injury-status","BYE","-","-","-","-","-","-","-","-","-","-","-","-"
"1441","R. Jones","R. Jones","K","","","","injury-status","BYE","-","-","-","-","-","-","-","-","-","-","-","-"
"1442","B. Mitchell","B. Mitchell","WR","","","","injury-status","BYE","-","-","-","-","-","-","-","-","-","-","-","-"
"1443","D. Spencer","D. Spencer","WR","","","","injury-status","BYE","-","-","-","-","-","-","-","-","-","-","-","-"
"1444","J. Gardner","J. Gardner","RB","","","","injury-status","BYE","-","-","-","-","-","-","-","-","-","-","-","-"
"1445","C. Jessop","C. Jessop","QB","","","","injury-status","BYE","-","-","-","-","-","-","-","-","-","-","-","-"
"1446","J. Williams","J. Williams","WR","","","","injury-status","BYE","-","-","-","-","-","-","-","-","-","-","-","-"
"1447","K. McCrary","K. McCrary","RB","","","","injury-status","BYE","-","-","-","-","-","-","-","-","-","-","-","-"
"1448","J. Stockton","J. Stockton","RB","","","","injury-status","BYE","-","-","-","-","-","-","-","-","-","-","-","-"
"1449","D. Prince","D. Prince","WR","","","","injury-status","BYE","-","-","-","-","-","-","-","-","-","-","-","-"
"1450","D. Carrington","D. Carrington","WR","","","NA","injury-status na","BYE","-","-","-","-","-","-","-","-","-","-","-","-"
"1451","A. Wolf","A. Wolf","WR","","","","injury-status","BYE","-","-","-","-","-","-","-","-","-","-","-","-"
"1452","G. Holmes","G. Holmes","RB","","","","injury-status","BYE","-","-","-","-","-","-","-","-","-","-","-","-"
"1453","B. Bobo","B. Bobo","WR","","","","injury-status","BYE","-","-","-","-","-","-","-","-","-","-","-","-"
"1454","M. Peterson","M. Peterson","WR","","","","injury-status","BYE","-","-","-","-","-","-","-","-","-","-","-","-"
"1455","J. Butler","J. Butler","RB","","","","injury-status","BYE","-","-","-","-","-","-","-","-","-","-","-","-"
"1456","M. Turner","M. Turner","WR","","","","injury-status","BYE","-","-","-","-","-","-","-","-","-","-","-","-"
"1457","M. Jones","M. Jones","WR","","","","injury-status","BYE","-","-","-","-","-","-","-","-","-","-","-","-"
"1458","M. Chapman","M. Chapman","WR","","","","injury-status","BYE","-","-","-","-","-","-","-","-","-","-","-","-"
"1459","J. Murphy","J. Murphy","WR","","","","injury-status","BYE","-","-","-","-","-","-","-","-","-","-","-","-"
"1460","C. Serigne","C. Serigne","TE","","","","injury-status","BYE","-","-","-","-","-","-","-","-","-","-","-","-"
"1461","A. Lacombe","A. Lacombe","WR","","","","injury-status","BYE","-","-","-","-","-","-","-","-","-","-","-","-"
"1462","J. Smith","J. Smith","WR","","","","injury-status","BYE","-","-","-","-","-","-","-","-","-","-","-","-"
"1463","J. Crockett","J. Crockett","WR","","","","injury-status","BYE","-","-","-","-","-","-","-","-","-","-","-","-"
"1464","G. Dickerson","G. Dickerson","TE","","","","injury-status","BYE","-","-","-","-","-","-","-","-","-","-","-","-"
"1465","J. Graham","J. Graham","TE","","","Ques","injury-status questionable","BYE","-","-","-","-","-","-","-","-","-","-","-","-"
"1466","S. Badie","S. Badie","RB","","","","injury-status","BYE","-","-","-","-","-","-","-","-","-","-","-","-"
"1467","A. Roberts","A. Roberts","TE","","","","injury-status","BYE","-","-","-","-","-","-","-","-","-","-","-","-"
"1468","G. Hudson","G. Hudson","TE","","","","injury-status","BYE","-","-","-","-","-","-","-","-","-","-","-","-"
"1469","K. Ross","K. Ross","WR","","","","injury-status","BYE","-","-","-","-","-","-","-","-","-","-","-","-"
"1470","N. Stevens","N. Stevens","QB","","","","injury-status","BYE","-","-","-","-","-","-","-","-","-","-","-","-"
"1471","E. Massington","E. Massington","WR","NO","11","","injury-status","Final W 16-15 vs TEN","-","-","-","-","-","-","-","-","-","-","-","-"
"1472","D. Bryant","D. Bryant","WR","","","","injury-status","BYE","-","-","-","-","-","-","-","-","-","-","-","-"
"1473","C. Duncan","C. Duncan","WR","","","","injury-status","BYE","-","-","-","-","-","-","-","-","-","-","-","-"
"1474","C. Wilson","C. Wilson","TE","","","","injury-status","BYE","-","-","-","-","-","-","-","-","-","-","-","-"
"1475","D. Kidsy","D. Kidsy","WR","","","","injury-status","BYE","-","-","-","-","-","-","-","-","-","-","-","-"
"1476","R. Yurachek","R. Yurachek","TE","","","","injury-status","BYE","-","-","-","-","-","-","-","-","-","-","-","-"
"1477","T. Wilson","T. Wilson","WR","","","","injury-status","BYE","-","-","-","-","-","-","-","-","-","-","-","-"
"1478","N. Holley","N. Holley","WR","","","","injury-status","BYE","-","-","-","-","-","-","-","-","-","-","-","-"
"1479","L. Perez","L. Perez","QB","","","","injury-status","BYE","-","-","-","-","-","-","-","-","-","-","-","-"
"1480","J. Franklin","J. Franklin","WR","","","Ques","injury-status questionable","BYE","-","-","-","-","-","-","-","-","-","-","-","-"
"1481","D. Alexander","D. Alexander","WR","","","","injury-status","BYE","-","-","-","-","-","-","-","-","-","-","-","-"
"1482","R. Martin","R. Martin","RB","","","","injury-status","BYE","-","-","-","-","-","-","-","-","-","-","-","-"
"1483","M. Fleming","M. Fleming","WR","","","","injury-status","BYE","-","-","-","-","-","-","-","-","-","-","-","-"
"1484","Z. Olstad","Z. Olstad","RB","","","","injury-status","BYE","-","-","-","-","-","-","-","-","-","-","-","-"
"1485","S. Wimann","S. Wimann","RB","","","","injury-status","BYE","-","-","-","-","-","-","-","-","-","-","-","-"
"1486","C. Lacy","C. Lacy","WR","","","Ques","injury-status questionable","BYE","-","-","-","-","-","-","-","-","-","-","-","-"
"1487","S. Roland","S. Roland","WR","CHI","5","","injury-status","Final L 20-38 vs GB","-","-","-","-","-","-","-","-","-","-","-","-"
"1488","G. Johnson","G. Johnson","WR","","","","injury-status","BYE","-","-","-","-","-","-","-","-","-","-","-","-"
"1489","D. Dawkins","D. Dawkins","RB","","","","injury-status","BYE","-","-","-","-","-","-","-","-","-","-","-","-"
"1490","L. Rose","L. Rose","RB","","","NA","injury-status na","BYE","-","-","-","-","-","-","-","-","-","-","-","-"
"1491","A. Mahoungou","A. Mahoungou","WR","","","","injury-status","BYE","-","-","-","-","-","-","-","-","-","-","-","-"
"1492","S. Baggett","S. Baggett","TE","","","","injury-status","BYE","-","-","-","-","-","-","-","-","-","-","-","-"
"1493","D. Boyd","D. Boyd","WR","","","","injury-status","BYE","-","-","-","-","-","-","-","-","-","-","-","-"
"1494","B. Roback","B. Roback","QB","","","","injury-status","BYE","-","-","-","-","-","-","-","-","-","-","-","-"
"1495","J. Smallwood","J. Smallwood","WR","","","","injury-status","BYE","-","-","-","-","-","-","-","-","-","-","-","-"
"1496","T. Tebow","T. Tebow","TE","","","","injury-status","BYE","-","-","-","-","-","-","-","-","-","-","-","-"
"1497","C. Warren","C. Warren","RB","","","","injury-status","BYE","-","-","-","-","-","-","-","-","-","-","-","-"
"1498","H. Poggi","H. Poggi","RB","","","","injury-status","BYE","-","-","-","-","-","-","-","-","-","-","-","-"
"1499","C. Beebe","C. Beebe","WR","","","","injury-status","BYE","-","-","-","-","-","-","-","-","-","-","-","-"
"1500","J. Stanton","J. Stanton","RB","","","","injury-status","BYE","-","-","-","-","-","-","-","-","-","-","-","-"
"1501","J. Allen","J. Allen","RB","","","","injury-status","BYE","-","-","-","-","-","-","-","-","-","-","-","-"
"1502","J. Cabinda","J. Cabinda","RB","DET","8","","injury-status","Final W 21-20 @ KC","-","1","-","-","-","-","-","-","-","-","-","-"
"1503","K. Hill","K. Hill","RB","","","","injury-status","BYE","-","-","-","-","-","-","-","-","-","-","-","-"
"1504","M. Martin","M. Martin","RB","","","","injury-status","BYE","-","-","-","-","-","-","-","-","-","-","-","-"
"1505","J. Moore","J. Moore","RB","","","","injury-status","BYE","-","-","-","-","-","-","-","-","-","-","-","-"
"1506","E. Marks","E. Marks","WR","","","","injury-status","BYE","-","-","-","-","-","-","-","-","-","-","-","-"
"1507","R. Smith","R. Smith","TE","","","","injury-status","BYE","-","-","-","-","-","-","-","-","-","-","-","-"
"1508","D. Willies","D. Willies","WR","","","","injury-status","BYE","-","-","-","-","-","-","-","-","-","-","-","-"
"1509","E. Berry","E. Berry","WR","","","","injury-status","BYE","-","-","-","-","-","-","-","-","-","-","-","-"
"1510","C. Scotland-Williamson","C. Scotland-Williamson","TE","","","","injury-status","BYE","-","-","-","-","-","-","-","-","-","-","-","-"
"1511","N. Keizer","N. Keizer","TE","","","","injury-status","BYE","-","-","-","-","-","-","-","-","-","-","-","-"
"1512","D. Turner","D. Turner","RB","","","","injury-status","BYE","-","-","-","-","-","-","-","-","-","-","-","-"
"1513","M. Thompson","M. Thompson","RB","","","","injury-status","BYE","-","-","-","-","-","-","-","-","-","-","-","-"
"1514","C. Ezeala","C. Ezeala","RB","","","","injury-status","BYE","-","-","-","-","-","-","-","-","-","-","-","-"
"1515","K. Vedvik","K. Vedvik","K, P","","","","injury-status","BYE","-","-","-","-","-","-","-","-","-","-","-","-"
"1516","C. Sims","C. Sims","WR","CAR","14","Ques","injury-status questionable","Final L 10-24 @ ATL","-","-","-","-","-","-","-","-","-","-","-","-"
"1517","S. Fields","S. Fields","WR","","","","injury-status","BYE","-","-","-","-","-","-","-","-","-","-","-","-"
"1518","R. Jeune","R. Jeune","WR","","","","injury-status","BYE","-","-","-","-","-","-","-","-","-","-","-","-"
"1519","L. Gonzalez","L. Gonzalez","WR","","","","injury-status","BYE","-","-","-","-","-","-","-","-","-","-","-","-"
"1520","J. Diarse","J. Diarse","WR","","","","injury-status","BYE","-","-","-","-","-","-","-","-","-","-","-","-"
"1521","S. Bailey","S. Bailey","WR","","","","injury-status","BYE","-","-","-","-","-","-","-","-","-","-","-","-"
"1522","E. Philips","E. Philips","RB","","","","injury-status","BYE","-","-","-","-","-","-","-","-","-","-","-","-"
"1523","P. Pujals","P. Pujals","QB","","","","injury-status","BYE","-","-","-","-","-","-","-","-","-","-","-","-"
"1524","A. Foreman","A. Foreman","WR","","","","injury-status","BYE","-","-","-","-","-","-","-","-","-","-","-","-"
"1525","J. Crawford","J. Crawford","RB","","","","injury-status","BYE","-","-","-","-","-","-","-","-","-","-","-","-"
"1526","T. Moore","T. Moore","K","","","","injury-status","BYE","-","-","-","-","-","-","-","-","-","-","-","-"
"1527","S. Wilson","S. Wilson","RB","","","","injury-status","BYE","-","-","-","-","-","-","-","-","-","-","-","-"
"1528","J. Heneghan","J. Heneghan","QB","","","","injury-status","BYE","-","-","-","-","-","-","-","-","-","-","-","-"
"1529","M. McCrane","M. McCrane","K","","","","injury-status","BYE","-","-","-","-","-","-","-","-","-","-","-","-"
"1530","A. Bloom","A. Bloom","TE","","","","injury-status","BYE","-","-","-","-","-","-","-","-","-","-","-","-"
"1531","J. Trinnaman","J. Trinnaman","WR","","","","injury-status","BYE","-","-","-","-","-","-","-","-","-","-","-","-"
"1532","E. Sanders","E. Sanders","WR","","","","injury-status","BYE","-","-","-","-","-","-","-","-","-","-","-","-"
"1533","D. Miller","D. Miller","WR","","","","injury-status","BYE","-","-","-","-","-","-","-","-","-","-","-","-"
"1534","A. Manzo-Lewis","A. Manzo-Lewis","TE","","","","injury-status","BYE","-","-","-","-","-","-","-","-","-","-","-","-"
"1535","N. Sharga","N. Sharga","RB","","","","injury-status","BYE","-","-","-","-","-","-","-","-","-","-","-","-"
"1536","N. Miller-Hines","N. Miller-Hines","RB","BUF","7","","injury-status","Final L 16-22 @ NYJ","-","-","-","-","-","-","-","-","-","-","-","-"
"1537","J. Looney","J. Looney","TE","","","","injury-status","BYE","-","-","-","-","-","-","-","-","-","-","-","-"
"1538","A. Callaway","A. Callaway","WR","","","","injury-status","BYE","-","-","-","-","-","-","-","-","-","-","-","-"
"1539","E. Wellman","E. Wellman","TE","","","","injury-status","BYE","-","-","-","-","-","-","-","-","-","-","-","-"
"1540","D. Pierson-El","D. Pierson-El","WR","","","","injury-status","BYE","-","-","-","-","-","-","-","-","-","-","-","-"
"1541","M. Holder","M. Holder","WR","","","","injury-status","BYE","-","-","-","-","-","-","-","-","-","-","-","-"
"1542","J. Veasy","J. Veasy","WR","","","","injury-status","BYE","-","-","-","-","-","-","-","-","-","-","-","-"
"1543","D. Ross","D. Ross","WR","","","","injury-status","BYE","-","-","-","-","-","-","-","-","-","-","-","-"
"1544","D. Burnett","D. Burnett","WR","","","","injury-status","BYE","-","-","-","-","-","-","-","-","-","-","-","-"
"1545","C. Batson","C. Batson","WR","","","","injury-status","BYE","-","-","-","-","-","-","-","-","-","-","-","-"
"1546","A. Allen","A. Allen","QB","","","","injury-status","BYE","-","-","-","-","-","-","-","-","-","-","-","-"
"1547","K. White","K. White","WR","","","","injury-status","BYE","-","-","-","-","-","-","-","-","-","-","-","-"
"1548","J. Franklin","J. Franklin","RB","","","","injury-status","BYE","-","-","-","-","-","-","-","-","-","-","-","-"
"1549","D. Yelder","D. Yelder","TE","","","","injury-status","BYE","-","-","-","-","-","-","-","-","-","-","-","-"
"1550","T. Hoppes","T. Hoppes","TE","","","","injury-status","BYE","-","-","-","-","-","-","-","-","-","-","-","-"
"1551","J. Badet","J. Badet","WR","","","","injury-status","BYE","-","-","-","-","-","-","-","-","-","-","-","-"
"1552","K. Pettway","K. Pettway","RB","","","","injury-status","BYE","-","-","-","-","-","-","-","-","-","-","-","-"
"1553","B. Howell","B. Howell","RB","","","","injury-status","BYE","-","-","-","-","-","-","-","-","-","-","-","-"
"1554","C. McElroy","C. McElroy","TE","","","Ques","injury-status questionable","BYE","-","-","-","-","-","-","-","-","-","-","-","-"
"1555","B. Johnson","B. Johnson","TE","","","","injury-status","BYE","-","-","-","-","-","-","-","-","-","-","-","-"
"1556","N. Shimonek","N. Shimonek","QB","","","","injury-status","BYE","-","-","-","-","-","-","-","-","-","-","-","-"
"1557","B. Mack","B. Mack","TE","","","","injury-status","BYE","-","-","-","-","-","-","-","-","-","-","-","-"
"1558","C. Litton","C. Litton","QB","","","","injury-status","BYE","-","-","-","-","-","-","-","-","-","-","-","-"
"1559","J. Weah","J. Weah","WR","","","","injury-status","BYE","-","-","-","-","-","-","-","-","-","-","-","-"
"1560","V. Smith","V. Smith","WR","","","","injury-status","BYE","-","-","-","-","-","-","-","-","-","-","-","-"
"1561","T. Redding","T. Redding","WR","","","","injury-status","BYE","-","-","-","-","-","-","-","-","-","-","-","-"
"1562","J. Williams","J. Williams","WR","","","","injury-status","BYE","-","-","-","-","-","-","-","-","-","-","-","-"
"1563","J. Franks","J. Franks","TE","","","","injury-status","BYE","-","-","-","-","-","-","-","-","-","-","-","-"
"1564","R. Lawry","R. Lawry","RB","","","","injury-status","BYE","-","-","-","-","-","-","-","-","-","-","-","-"
"1565","T. Davis","T. Davis","K","","","","injury-status","BYE","-","-","-","-","-","-","-","-","-","-","-","-"
"1566","R. Foster","R. Foster","WR","","","","injury-status","BYE","-","-","-","-","-","-","-","-","-","-","-","-"
"1567","A. Levrone","A. Levrone","WR","","","","injury-status","BYE","-","-","-","-","-","-","-","-","-","-","-","-"
"1568","D. Marvin","D. Marvin","K","","","","injury-status","BYE","-","-","-","-","-","-","-","-","-","-","-","-"
"1569","J. Roh","J. Roh","TE","","","","injury-status","BYE","-","-","-","-","-","-","-","-","-","-","-","-"
"1570","T. Mangen","T. Mangen","TE","","","","injury-status","BYE","-","-","-","-","-","-","-","-","-","-","-","-"
"1571","D. Gray","D. Gray","WR","","","","injury-status","BYE","-","-","-","-","-","-","-","-","-","-","-","-"
"1572","D. Clark","D. Clark","WR","","","","injury-status","BYE","-","-","-","-","-","-","-","-","-","-","-","-"
"1573","D. Byrd","D. Byrd","WR","","","","injury-status","BYE","-","-","-","-","-","-","-","-","-","-","-","-"
"1574","C. Blake","C. Blake","WR","","","","injury-status","BYE","-","-","-","-","-","-","-","-","-","-","-","-"
"1575","D. Marx","D. Marx","RB","","","","injury-status","BYE","-","-","-","-","-","-","-","-","-","-","-","-"
"1576","L. Jordan","L. Jordan","QB","","","","injury-status","BYE","-","-","-","-","-","-","-","-","-","-","-","-"
"1577","A. Ramesh","A. Ramesh","RB","","","","injury-status","BYE","-","-","-","-","-","-","-","-","-","-","-","-"
"1578","K. Lewis","K. Lewis","WR","","","","injury-status","BYE","-","-","-","-","-","-","-","-","-","-","-","-"
"1579","D. Wells","D. Wells","TE","TB","9","","injury-status","Final W 20-17 @ MIN","-1","-","-","-","2","2","-10","-","-","-","-","-"
"1580","M. Baugh","M. Baugh","TE","","","","injury-status","BYE","-","-","-","-","-","-","-","-","-","-","-","-"
"1581","C. Hunt","C. Hunt","TE","","","","injury-status","BYE","-","-","-","-","-","-","-","-","-","-","-","-"
"1582","J. Barrett","J. Barrett","QB","","","","injury-status","BYE","-","-","-","-","-","-","-","-","-","-","-","-"
"1583","T. Williams","T. Williams","WR","","","","injury-status","BYE","-","-","-","-","-","-","-","-","-","-","-","-"
"1584","C. Scott","C. Scott","WR","TEN","10","","injury-status","Final L 15-16 @ NO","-","-","-","-","-","-","-","-","-","-","-","-"
"1585","J. Reese","J. Reese","TE","","","","injury-status","BYE","-","-","-","-","-","-","-","-","-","-","-","-"
"1586","J. Wieneke","J. Wieneke","WR","","","","injury-status","BYE","-","-","-","-","-","-","-","-","-","-","-","-"
"1587","K. Robertson","K. Robertson","WR","","","","injury-status","BYE","-","-","-","-","-","-","-","-","-","-","-","-"
"1588","M. Murdock","M. Murdock","WR","","","","injury-status","BYE","-","-","-","-","-","-","-","-","-","-","-","-"
"1589","T. Swanson","T. Swanson","RB","","","","injury-status","BYE","-","-","-","-","-","-","-","-","-","-","-","-"
"1590","R. Gafford","R. Gafford","WR","","","","injury-status","BYE","-","-","-","-","-","-","-","-","-","-","-","-"
"1591","E. Wolf","E. Wolf","TE","","","","injury-status","BYE","-","-","-","-","-","-","-","-","-","-","-","-"
"1592","A. Wadley","A. Wadley","RB","","","","injury-status","BYE","-","-","-","-","-","-","-","-","-","-","-","-"
"1593","D. Grayson","D. Grayson","WR","","","","injury-status","BYE","-","-","-","-","-","-","-","-","-","-","-","-"
"1594","K. Rader","K. Rader","TE","TEN","10","Ques","injury-status questionable","Final L 15-16 @ NO","1","-","-","-","1","3","6","-","-","-","-","-"
"1595","P. Lindsay","P. Lindsay","RB","","","","injury-status","BYE","-","-","-","-","-","-","-","-","-","-","-","-"
"1596","M. Earl","M. Earl","WR","","","","injury-status","BYE","-","-","-","-","-","-","-","-","-","-","-","-"
"1597","J. Chunn","J. Chunn","RB","","","","injury-status","BYE","-","-","-","-","-","-","-","-","-","-","-","-"
"1598","D. Sturm","D. Sturm","QB","","","","injury-status","BYE","-","-","-","-","-","-","-","-","-","-","-","-"
"1599","D. Scott","D. Scott","WR","","","","injury-status","BYE","-","-","-","-","-","-","-","-","-","-","-","-"
"1600","R. Nall","R. Nall","RB","","","","injury-status","BYE","-","-","-","-","-","-","-","-","-","-","-","-"
"1601","R. Bonnafon","R. Bonnafon","RB","","","","injury-status","BYE","-","-","-","-","-","-","-","-","-","-","-","-"
"1602","A. Vollert","A. Vollert","TE","","","","injury-status","BYE","-","-","-","-","-","-","-","-","-","-","-","-"
"1603","C. Willis","C. Willis","WR","","","","injury-status","BYE","-","-","-","-","-","-","-","-","-","-","-","-"
"1604","L. McNitt","L. McNitt","RB","","","","injury-status","BYE","-","-","-","-","-","-","-","-","-","-","-","-"
"1605","M. Williams","M. Williams","RB","","","","injury-status","BYE","-","-","-","-","-","-","-","-","-","-","-","-"
"1606","D. Richard","D. Richard","RB","","","","injury-status","BYE","-","-","-","-","-","-","-","-","-","-","-","-"
"1607","K. Benkert","K. Benkert","QB","","","","injury-status","BYE","-","-","-","-","-","-","-","-","-","-","-","-"
"1608","J. Acklin","J. Acklin","WR","","","","injury-status","BYE","-","-","-","-","-","-","-","-","-","-","-","-"
"1609","T. Quinn","T. Quinn","WR","","","","injury-status","BYE","-","-","-","-","-","-","-","-","-","-","-","-"
"1610","M. Carter","M. Carter","RB","","","","injury-status","BYE","-","-","-","-","-","-","-","-","-","-","-","-"
"1611","J. Adams","J. Adams","RB","","","","injury-status","BYE","-","-","-","-","-","-","-","-","-","-","-","-"
"1612","S. Mitchell","S. Mitchell","WR","","","","injury-status","BYE","-","-","-","-","-","-","-","-","-","-","-","-"
"1613","A. Tate","A. Tate","WR","","","","injury-status","BYE","-","-","-","-","-","-","-","-","-","-","-","-"
"1614","A. Jennings","A. Jennings","WR","","","","injury-status","BYE","-","-","-","-","-","-","-","-","-","-","-","-"
"1615","L. Woodside","L. Woodside","QB","ATL","5","","injury-status","Final W 24-10 vs CAR","1","1","6","-","-","-","-","-","3","4","27","-"
"1616","A. Proehl","A. Proehl","WR","","","Ques","injury-status questionable","BYE","-","-","-","-","-","-","-","-","-","-","-","-"
"1617","D. Patterson","D. Patterson","WR","","","","injury-status","BYE","-","-","-","-","-","-","-","-","-","-","-","-"
"1618","A. McGough","A. McGough","QB","GB","5","","injury-status","Final W 38-20 @ CHI","-","-","-","-","-","-","-","-","-","-","-","-"
"1619","T. Cannon","T. Cannon","RB","","","","injury-status","BYE","-","-","-","-","-","-","-","-","-","-","-","-"
"1620","D. Etling","D. Etling","QB","","","","injury-status","BYE","-","-","-","-","-","-","-","-","-","-","-","-"
"1621","J. Thomas","J. Thomas","TE","","","","injury-status","BYE","-","-","-","-","-","-","-","-","-","-","-","-"
"1622","N. Bawden","N. Bawden","RB","NYJ","9","","injury-status","Final W 22-16 vs BUF","10","2","4","1","3","3","21","-","-","-","-","-"
"1623","B. Scarbrough","B. Scarbrough","RB","","","","injury-status","BYE","-","-","-","-","-","-","-","-","-","-","-","-"
"1624","J. Wims","J. Wims","WR","","","","injury-status","BYE","-","-","-","-","-","-","-","-","-","-","-","-"
"1625","R. Gage","R. Gage","WR","TB","9","Ques","injury-status questionable","Final W 20-17 @ MIN","-","-","-","-","-","-","-","-","-","-","-","-"
"1626","L. Falk","L. Falk","QB","","","","injury-status","BYE","-","-","-","-","-","-","-","-","-","-","-","-"
"1627","J. Samuels","J. Samuels","RB","","","","injury-status","BYE","-","-","-","-","-","-","-","-","-","-","-","-"
"1628","D. Cantrell","D. Cantrell","TE","","","Ques","injury-status questionable","BYE","-","-","-","-","-","-","-","-","-","-","-","-"
"1629","D. Fountain","D. Fountain","WR","DET","8","","injury-status","Final W 21-20 @ KC","-","-","-","-","-","-","-","-","-","-","-","-"
"1630","D. Cain","D. Cain","WR","","","","injury-status","BYE","-","-","-","-","-","-","-","-","-","-","-","-"
"1631","J. Wilkins","J. Wilkins","RB","","","","injury-status","BYE","-","-","-","-","-","-","-","-","-","-","-","-"
"1632","R. Izzo","R. Izzo","TE","","","","injury-status","BYE","-","-","-","-","-","-","-","-","-","-","-","-"
"1633","T. Fumagalli","T. Fumagalli","TE","MIN","6","","injury-status","Final L 17-20 vs TB","-","-","-","-","-","-","-","-","-","-","-","-"
"1634","D. Ratley","D. Ratley","WR","","","","injury-status","BYE","-","-","-","-","-","-","-","-","-","-","-","-"
"1635","J. Kelly","J. Kelly","RB","CLE","9","","injury-status","Final W 24-3 vs CIN","-","-","-","-","-","-","-","-","-","-","-","-"
"1636","K. Johnson","K. Johnson","RB","","","","injury-status","BYE","-","-","-","-","-","-","-","-","-","-","-","-"
"1637","A. Miller","A. Miller","WR","","","","injury-status","BYE","-","-","-","-","-","-","-","-","-","-","-","-"
"1638","C. Herndon","C. Herndon","TE","","","","injury-status","BYE","-","-","-","-","-","-","-","-","-","-","-","-"
"1639","J. Scott","J. Scott","WR","","","","injury-status","BYE","-","-","-","-","-","-","-","-","-","-","-","-"
"1640","I. Smith","I. Smith","RB","DAL","10","","injury-status","Final W 40-0 @ NYG","-","-","-","-","-","-","-","-","-","-","-","-"
"1641","D. Hamilton","D. Hamilton","WR","","","","injury-status","BYE","-","-","-","-","-","-","-","-","-","-","-","-"
"1642","M. Walton","M. Walton","RB","","","","injury-status","BYE","-","-","-","-","-","-","-","-","-","-","-","-"
"1643","K. Lauletta","K. Lauletta","QB","","","","injury-status","BYE","-","-","-","-","-","-","-","-","-","-","-","-"
"1644","K. Ballage","K. Ballage","RB","","","","injury-status","BYE","-","-","-","-","-","-","-","-","-","-","-","-"
"1645","N. Chubb","N. Chubb","RB","CLE","9","","injury-status","Final W 24-3 vs CIN","21","28","170","-","4","4","21","-","-","-","-","-"
"1646","S. Michel","S. Michel","RB","","","","injury-status","BYE","-","-","-","-","-","-","-","-","-","-","-","-"
"1647","D. Guice","D. Guice","RB","","","","injury-status","BYE","-","-","-","-","-","-","-","-","-","-","-","-"
"1648","M. Ateman","M. Ateman","WR","","","","injury-status","BYE","-","-","-","-","-","-","-","-","-","-","-","-"
"1649","D. Smith","D. Smith","TE","","","","injury-status","BYE","-","-","-","-","-","-","-","-","-","-","-","-"
"1650","S. Noil","S. Noil","WR","","","","injury-status","BYE","-","-","-","-","-","-","-","-","-","-","-","-"
"1651","A. Riles","A. Riles","WR","IND","11","","injury-status","Final L 21-31 vs JAX","-","-","-","-","-","-","-","-","-","-","-","-"
"1652","S. Howard","S. Howard","QB","SEA","8","","injury-status","Final L 13-30 vs LAR","-","-","-","-","-","-","-","-","-","-","-","-"
"1653","J. Williams","J. Williams","WR","","","","injury-status","BYE","-","-","-","-","-","-","-","-","-","-","-","-"
"1654","A. Appleby","A. Appleby","QB","","","","injury-status","BYE","-","-","-","-","-","-","-","-","-","-","-","-"
"1655","F. House","F. House","TE","CHI","5","","injury-status","Final L 20-38 vs GB","-","-","-","-","-","-","-","-","-","-","-","-"
"1656","A. Fulwood","A. Fulwood","WR","","","","injury-status","BYE","-","-","-","-","-","-","-","-","-","-","-","-"
"1657","N. Schuessler","N. Schuessler","QB","PIT","5","","injury-status","Final L 7-30 vs SF","-","-","-","-","-","-","-","-","-","-","-","-"
"1658","Z. Terrell","Z. Terrell","QB","BAL","7","","injury-status","Final W 25-9 vs HOU","-","-","-","-","-","-","-","-","-","-","-","-"
"1659","R. Shell","R. Shell","RB","","","","injury-status","BYE","-","-","-","-","-","-","-","-","-","-","-","-"
"1660","G. Scantling","G. Scantling","WR","ATL","5","","injury-status","Final W 24-10 vs CAR","-","-","-","-","-","-","-","-","-","-","-","-"
"1661","D. Virgies","D. Virgies","RB","","","","injury-status","BYE","-","-","-","-","-","-","-","-","-","-","-","-"
"1662","Q. McDuffie","Q. McDuffie","WR","","","","injury-status","BYE","-","-","-","-","-","-","-","-","-","-","-","-"
"1663","D. Amendola","D. Amendola","WR","","","","injury-status","BYE","-","-","-","-","-","-","-","-","-","-","-","-"
"1664","C. Daniel","C. Daniel","QB","","","","injury-status","BYE","-","-","-","-","-","-","-","-","-","-","-","-"
"1665","L. Atkins","L. Atkins","WR","","","","injury-status","BYE","-","-","-","-","-","-","-","-","-","-","-","-"
"1666","B. Zylstra","B. Zylstra","WR","","","","injury-status","BYE","-","-","-","-","-","-","-","-","-","-","-","-"
"1667","C. Bazile","C. Bazile","TE","","","","injury-status","BYE","-","-","-","-","-","-","-","-","-","-","-","-"
"1668","J. Robinson","J. Robinson","TE","","","","injury-status","BYE","-","-","-","-","-","-","-","-","-","-","-","-"
"1669","J. Rosen","J. Rosen","QB","","","","injury-status","BYE","-","-","-","-","-","-","-","-","-","-","-","-"
"1670","K. Taylor","K. Taylor","TE","","","","injury-status","BYE","-","-","-","-","-","-","-","-","-","-","-","-"
"1671","J. Evans","J. Evans","QB","","","","injury-status","BYE","-","-","-","-","-","-","-","-","-","-","-","-"
"1672","M. Leidner","M. Leidner","QB","","","","injury-status","BYE","-","-","-","-","-","-","-","-","-","-","-","-"
"1673","D. Sims","D. Sims","RB","","","","injury-status","BYE","-","-","-","-","-","-","-","-","-","-","-","-"
"1674","A. Price","A. Price","TE","","","","injury-status","BYE","-","-","-","-","-","-","-","-","-","-","-","-"
"1675","J. Liggins","J. Liggins","WR","","","","injury-status","BYE","-","-","-","-","-","-","-","-","-","-","-","-"
"1676","D. Williams","D. Williams","WR","","","","injury-status","BYE","-","-","-","-","-","-","-","-","-","-","-","-"
"1677","R. Davis","R. Davis","WR","","","","injury-status","BYE","-","-","-","-","-","-","-","-","-","-","-","-"
"1678","G. Hopper","G. Hopper","WR","","","","injury-status","BYE","-","-","-","-","-","-","-","-","-","-","-","-"
"1679","K. Lucas","K. Lucas","WR","","","","injury-status","BYE","-","-","-","-","-","-","-","-","-","-","-","-"
"1680","J. Staples","J. Staples","WR","","","","injury-status","BYE","-","-","-","-","-","-","-","-","-","-","-","-"
"1681","B. Riley","B. Riley","WR","","","","injury-status","BYE","-","-","-","-","-","-","-","-","-","-","-","-"
"1682","D. Hampton","D. Hampton","WR","","","","injury-status","BYE","-","-","-","-","-","-","-","-","-","-","-","-"
"1683","M. Bracy","M. Bracy","WR","","","","injury-status","BYE","-","-","-","-","-","-","-","-","-","-","-","-"
"1684","M. Estes","M. Estes","TE","","","","injury-status","BYE","-","-","-","-","-","-","-","-","-","-","-","-"
"1685","B. Radcliff","B. Radcliff","RB","","","","injury-status","BYE","-","-","-","-","-","-","-","-","-","-","-","-"
"1686","P. Howard","P. Howard","WR","","","","injury-status","BYE","-","-","-","-","-","-","-","-","-","-","-","-"
"1687","N. Iese","N. Iese","TE","","","","injury-status","BYE","-","-","-","-","-","-","-","-","-","-","-","-"
"1688","C. Germany","C. Germany","WR","","","","injury-status","BYE","-","-","-","-","-","-","-","-","-","-","-","-"
"1689","J. Rounds","J. Rounds","RB","","","","injury-status","BYE","-","-","-","-","-","-","-","-","-","-","-","-"
"1690","T. Armstrong Jr.","T. Armstrong Jr.","QB","","","","injury-status","BYE","-","-","-","-","-","-","-","-","-","-","-","-"
"1691","D. Victor","D. Victor","RB","","","","injury-status","BYE","-","-","-","-","-","-","-","-","-","-","-","-"
"1692","R. Wheelwright","R. Wheelwright","WR","","","","injury-status","BYE","-","-","-","-","-","-","-","-","-","-","-","-"
"1693","J. Westerkamp","J. Westerkamp","WR","","","","injury-status","BYE","-","-","-","-","-","-","-","-","-","-","-","-"
"1694","J. Seales","J. Seales","WR","","","","injury-status","BYE","-","-","-","-","-","-","-","-","-","-","-","-"
"1695","K. Whitfield","K. Whitfield","WR","","","","injury-status","BYE","-","-","-","-","-","-","-","-","-","-","-","-"
"1696","B. Cherry","B. Cherry","WR","","","","injury-status","BYE","-","-","-","-","-","-","-","-","-","-","-","-"
"1697","D. Hayes","D. Hayes","RB","","","","injury-status","BYE","-","-","-","-","-","-","-","-","-","-","-","-"
"1698","D. Olson","D. Olson","QB","","","","injury-status","BYE","-","-","-","-","-","-","-","-","-","-","-","-"
"1699","D. Llorens","D. Llorens","RB","","","","injury-status","BYE","-","-","-","-","-","-","-","-","-","-","-","-"
"1700","A. Zaruba","A. Zaruba","TE","","","","injury-status","BYE","-","-","-","-","-","-","-","-","-","-","-","-"
"1701","F. Brown","F. Brown","WR","","","","injury-status","BYE","-","-","-","-","-","-","-","-","-","-","-","-"
"1702","L. Lenoir","L. Lenoir","WR","","","","injury-status","BYE","-","-","-","-","-","-","-","-","-","-","-","-"
"1703","C. Posey","C. Posey","WR","","","","injury-status","BYE","-","-","-","-","-","-","-","-","-","-","-","-"
"1704","S. Donatell","S. Donatell","TE","","","","injury-status","BYE","-","-","-","-","-","-","-","-","-","-","-","-"
"1705","B. Burns","B. Burns","TE","BAL","7","","injury-status","Final W 25-9 vs HOU","-","-","-","-","-","-","-","-","-","-","-","-"
"1706","C. Pearson","C. Pearson","WR","","","","injury-status","BYE","-","-","-","-","-","-","-","-","-","-","-","-"
"1707","A. Gray","A. Gray","TE","","","","injury-status","BYE","-","-","-","-","-","-","-","-","-","-","-","-"
"1708","J. Bacci","J. Bacci","RB","","","","injury-status","BYE","-","-","-","-","-","-","-","-","-","-","-","-"
"1709","S. Cotton","S. Cotton","TE","","","","injury-status","BYE","-","-","-","-","-","-","-","-","-","-","-","-"
"1710","B. Houston","B. Houston","QB","","","","injury-status","BYE","-","-","-","-","-","-","-","-","-","-","-","-"
"1711","M. Paige","M. Paige","WR","","","","injury-status","BYE","-","-","-","-","-","-","-","-","-","-","-","-"
"1712","P. Odom","P. Odom","TE","","","","injury-status","BYE","-","-","-","-","-","-","-","-","-","-","-","-"
"1713","S. Ryan","S. Ryan","WR","","","","injury-status","BYE","-","-","-","-","-","-","-","-","-","-","-","-"
"1714","G. Pascascio","G. Pascascio","WR","","","","injury-status","BYE","-","-","-","-","-","-","-","-","-","-","-","-"
"1715","K. Mabon","K. Mabon","WR","","","","injury-status","BYE","-","-","-","-","-","-","-","-","-","-","-","-"
"1716","T. Ferguson","T. Ferguson","QB","","","","injury-status","BYE","-","-","-","-","-","-","-","-","-","-","-","-"
"1717","K. Snead","K. Snead","WR","","","","injury-status","BYE","-","-","-","-","-","-","-","-","-","-","-","-"
"1718","K. Abdullah","K. Abdullah","RB","","","","injury-status","BYE","-","-","-","-","-","-","-","-","-","-","-","-"
"1719","T. Edmunds","T. Edmunds","RB","","","","injury-status","BYE","-","-","-","-","-","-","-","-","-","-","-","-"
"1720","A. Bailey","A. Bailey","QB","BAL","7","","injury-status","Final W 25-9 vs HOU","-","-","-","-","-","-","-","-","-","-","-","-"
"1721","L. Clark","L. Clark","WR","","","","injury-status","BYE","-","-","-","-","-","-","-","-","-","-","-","-"
"1722","T. Swoopes","T. Swoopes","TE","","","","injury-status","BYE","-","-","-","-","-","-","-","-","-","-","-","-"
"1723","D. Rogers","D. Rogers","WR","","","","injury-status","BYE","-","-","-","-","-","-","-","-","-","-","-","-"
"1724","A. Brown","A. Brown","RB","","","","injury-status","BYE","-","-","-","-","-","-","-","-","-","-","-","-"
"1725","A. Scott","A. Scott","WR","","","","injury-status","BYE","-","-","-","-","-","-","-","-","-","-","-","-"
"1726","A. Patton","A. Patton","WR","","","","injury-status","BYE","-","-","-","-","-","-","-","-","-","-","-","-"
"1727","E. Jenkins","E. Jenkins","QB","","","","injury-status","BYE","-","-","-","-","-","-","-","-","-","-","-","-"
"1728","S. Culkin","S. Culkin","TE","","","","injury-status","BYE","-","-","-","-","-","-","-","-","-","-","-","-"
"1729","B. Brown","B. Brown","TE","","","","injury-status","BYE","-","-","-","-","-","-","-","-","-","-","-","-"
"1730","C. Thompson","C. Thompson","TE","","","","injury-status","BYE","-","-","-","-","-","-","-","-","-","-","-","-"
"1731","K. Johnson","K. Johnson","WR","","","","injury-status","BYE","-","-","-","-","-","-","-","-","-","-","-","-"
"1732","L. Tillery","L. Tillery","RB","","","","injury-status","BYE","-","-","-","-","-","-","-","-","-","-","-","-"
"1733","I. Mathers","I. Mathers","RB","","","","injury-status","BYE","-","-","-","-","-","-","-","-","-","-","-","-"
"1734","A. Etta-Tawo","A. Etta-Tawo","WR","","","","injury-status","BYE","-","-","-","-","-","-","-","-","-","-","-","-"
"1735","T. Cook","T. Cook","RB","","","","injury-status","BYE","-","-","-","-","-","-","-","-","-","-","-","-"
"1736","C. Bluiett","C. Bluiett","TE","","","","injury-status","BYE","-","-","-","-","-","-","-","-","-","-","-","-"
"1737","S. Hill","S. Hill","WR","","","","injury-status","BYE","-","-","-","-","-","-","-","-","-","-","-","-"
"1738","D. Gray","D. Gray","WR","","","","injury-status","BYE","-","-","-","-","-","-","-","-","-","-","-","-"
"1739","Z. Conque","Z. Conque","QB","","","","injury-status","BYE","-","-","-","-","-","-","-","-","-","-","-","-"
"1740","E. Baylis","E. Baylis","TE","","","Ques","injury-status questionable","BYE","-","-","-","-","-","-","-","-","-","-","-","-"
"1741","N. Thomas","N. Thomas","WR","","","","injury-status","BYE","-","-","-","-","-","-","-","-","-","-","-","-"
"1742","M. Rector","M. Rector","WR","","","","injury-status","BYE","-","-","-","-","-","-","-","-","-","-","-","-"
"1743","D. Ford","D. Ford","WR","","","","injury-status","BYE","-","-","-","-","-","-","-","-","-","-","-","-"
"1744","B. Barnes","B. Barnes","TE","","","","injury-status","BYE","-","-","-","-","-","-","-","-","-","-","-","-"
"1745","K. Sloter","K. Sloter","QB","","","","injury-status","BYE","-","-","-","-","-","-","-","-","-","-","-","-"
"1746","A. Nash","A. Nash","WR","","","","injury-status","BYE","-","-","-","-","-","-","-","-","-","-","-","-"
"1747","B. Jarwin","B. Jarwin","TE","","","","injury-status","BYE","-","-","-","-","-","-","-","-","-","-","-","-"
"1748","B. Brown","B. Brown","WR","","","","injury-status","BYE","-","-","-","-","-","-","-","-","-","-","-","-"
"1749","T. McNamara","T. McNamara","TE","","","","injury-status","BYE","-","-","-","-","-","-","-","-","-","-","-","-"
"1750","F. Stevenson","F. Stevenson","RB","","","","injury-status","BYE","-","-","-","-","-","-","-","-","-","-","-","-"
"1751","A. Phillips","A. Phillips","K","","","","injury-status","BYE","-","-","-","-","-","-","-","-","-","-","-","-"
"1752","T. Gentry","T. Gentry","WR","","","","injury-status","BYE","-","-","-","-","-","-","-","-","-","-","-","-"
"1753","M. Crabtree","M. Crabtree","WR","","","","injury-status","BYE","-","-","-","-","-","-","-","-","-","-","-","-"
"1754","J. Bouagnon","J. Bouagnon","RB","","","","injury-status","BYE","-","-","-","-","-","-","-","-","-","-","-","-"
"1755","K. Towbridge","K. Towbridge","TE","","","","injury-status","BYE","-","-","-","-","-","-","-","-","-","-","-","-"
"1756","D. Shorts","D. Shorts","WR","","","","injury-status","BYE","-","-","-","-","-","-","-","-","-","-","-","-"
"1757","J. Johnson","J. Johnson","RB","","","","injury-status","BYE","-","-","-","-","-","-","-","-","-","-","-","-"
"1758","J. Croom","J. Croom","TE","","","","injury-status","BYE","-","-","-","-","-","-","-","-","-","-","-","-"
"1759","S. Wroblewski","S. Wroblewski","TE","","","","injury-status","BYE","-","-","-","-","-","-","-","-","-","-","-","-"
"1760","J. Summers","J. Summers","RB","","","","injury-status","BYE","-","-","-","-","-","-","-","-","-","-","-","-"
"1761","T. Knight","T. Knight","QB","","","","injury-status","BYE","-","-","-","-","-","-","-","-","-","-","-","-"
"1762","K. Hogan","K. Hogan","WR","","","","injury-status","BYE","-","-","-","-","-","-","-","-","-","-","-","-"
"1763","T. Dural","T. Dural","WR","","","","injury-status","BYE","-","-","-","-","-","-","-","-","-","-","-","-"
"1764","D. Redding","D. Redding","RB","","","","injury-status","BYE","-","-","-","-","-","-","-","-","-","-","-","-"
"1765","B. Johnson","B. Johnson","WR","","","","injury-status","BYE","-","-","-","-","-","-","-","-","-","-","-","-"
"1766","G. Marks","G. Marks","WR","","","","injury-status","BYE","-","-","-","-","-","-","-","-","-","-","-","-"
"1767","J. Robinson-Woodgett","J. Robinson-Woodgett","RB","","","","injury-status","BYE","-","-","-","-","-","-","-","-","-","-","-","-"
"1768","T. Stevens","T. Stevens","WR","","","","injury-status","BYE","-","-","-","-","-","-","-","-","-","-","-","-"
"1769","A. Moore","A. Moore","WR","","","","injury-status","BYE","-","-","-","-","-","-","-","-","-","-","-","-"
"1770","W. Houston","W. Houston","TE","CAR","14","","injury-status","Final L 10-24 @ ATL","-","-","-","-","-","-","-","-","-","-","-","-"
"1771","G. Dieter","G. Dieter","WR","","","","injury-status","BYE","-","-","-","-","-","-","-","-","-","-","-","-"
"1772","W. Stanback","W. Stanback","RB","","","","injury-status","BYE","-","-","-","-","-","-","-","-","-","-","-","-"
"1773","B. Wilson","B. Wilson","WR","","","","injury-status","BYE","-","-","-","-","-","-","-","-","-","-","-","-"
"1774","T. Sperbeck","T. Sperbeck","WR","","","","injury-status","BYE","-","-","-","-","-","-","-","-","-","-","-","-"
"1775","S. Liufau","S. Liufau","QB","","","","injury-status","BYE","-","-","-","-","-","-","-","-","-","-","-","-"
"1776","A. Auclair","A. Auclair","TE","","","","injury-status","BYE","-","-","-","-","-","-","-","-","-","-","-","-"
"1777","T. McCloskey","T. McCloskey","RB","","","","injury-status","BYE","-","-","-","-","-","-","-","-","-","-","-","-"
"1778","K. Cannon","K. Cannon","WR","","","","injury-status","BYE","-","-","-","-","-","-","-","-","-","-","-","-"
"1779","V. Bolden","V. Bolden","WR","","","","injury-status","BYE","-","-","-","-","-","-","-","-","-","-","-","-"
"1780","K. Hatcher","K. Hatcher","WR","","","","injury-status","BYE","-","-","-","-","-","-","-","-","-","-","-","-"
"1781","C. Harris","C. Harris","RB","","","","injury-status","BYE","-","-","-","-","-","-","-","-","-","-","-","-"
"1782","B. Estime","B. Estime","WR","","","","injury-status","BYE","-","-","-","-","-","-","-","-","-","-","-","-"
"1783","J. Hollister","J. Hollister","TE","","","","injury-status","BYE","-","-","-","-","-","-","-","-","-","-","-","-"
"1784","C. Hollister","C. Hollister","WR","","","Ques","injury-status questionable","BYE","-","-","-","-","-","-","-","-","-","-","-","-"
"1785","A. Carr","A. Carr","WR","","","","injury-status","BYE","-","-","-","-","-","-","-","-","-","-","-","-"
"1786","R. Shelton","R. Shelton","WR","","","","injury-status","BYE","-","-","-","-","-","-","-","-","-","-","-","-"
"1787","J. Price","J. Price","TE","","","","injury-status","BYE","-","-","-","-","-","-","-","-","-","-","-","-"
"1788","T. Newby","T. Newby","RB","","","","injury-status","BYE","-","-","-","-","-","-","-","-","-","-","-","-"
"1789","W. Lunt","W. Lunt","QB","","","","injury-status","BYE","-","-","-","-","-","-","-","-","-","-","-","-"
"1790","D. Stringfellow","D. Stringfellow","WR","","","","injury-status","BYE","-","-","-","-","-","-","-","-","-","-","-","-"
"1791","D. Morgan","D. Morgan","WR","","","","injury-status","BYE","-","-","-","-","-","-","-","-","-","-","-","-"
"1792","M. Lewis","M. Lewis","WR","","","","injury-status","BYE","-","-","-","-","-","-","-","-","-","-","-","-"
"1793","K. Phillips","K. Phillips","RB","","","","injury-status","BYE","-","-","-","-","-","-","-","-","-","-","-","-"
"1794","A. Peck","A. Peck","TE","","","","injury-status","BYE","-","-","-","-","-","-","-","-","-","-","-","-"
"1795","S. Williams","S. Williams","RB","","","","injury-status","BYE","-","-","-","-","-","-","-","-","-","-","-","-"
"1796","M. Madaris","M. Madaris","WR","","","","injury-status","BYE","-","-","-","-","-","-","-","-","-","-","-","-"
"1797","D. Laufasa","D. Laufasa","RB","","","","injury-status","BYE","-","-","-","-","-","-","-","-","-","-","-","-"
"1798","K. Hamilton","K. Hamilton","WR","","","","injury-status","BYE","-","-","-","-","-","-","-","-","-","-","-","-"
"1799","C. Carter","C. Carter","TE","","","","injury-status","BYE","-","-","-","-","-","-","-","-","-","-","-","-"
"1800","F. Ross","F. Ross","WR","","","","injury-status","BYE","-","-","-","-","-","-","-","-","-","-","-","-"
"1801","A. Duke","A. Duke","WR","","","","injury-status","BYE","-","-","-","-","-","-","-","-","-","-","-","-"
"1802","P. Ricard","P. Ricard","RB","BAL","7","Ques","injury-status questionable","Final W 25-9 vs HOU","14","-","-","-","5","7","52","1","-","-","-","-"
"1803","T. Patrick","T. Patrick","WR","DEN","12","","injury-status","Final L 16-17 vs LV","-","-","-","-","-","-","-","-","-","-","-","-"
"1804","R. Ortiz","R. Ortiz","RB","","","","injury-status","BYE","-","-","-","-","-","-","-","-","-","-","-","-"
"1805","T. Mizzell","T. Mizzell","RB","NYG","14","Ques","injury-status questionable","Final L 0-40 vs DAL","-","-","-","-","-","-","-","-","-","-","-","-"
"1806","C. Board","C. Board","WR","","","Ques","injury-status questionable","BYE","-","-","-","-","-","-","-","-","-","-","-","-"
"1807","L. Jacobs","L. Jacobs","WR","","","","injury-status","BYE","-","-","-","-","-","-","-","-","-","-","-","-"
"1808","J. Natson","J. Natson","WR","","","","injury-status","BYE","-","-","-","-","-","-","-","-","-","-","-","-"
"1809","J. Lane","J. Lane","WR","","","","injury-status","BYE","-","-","-","-","-","-","-","-","-","-","-","-"
"1810","C. Jeter","C. Jeter","TE","","","","injury-status","BYE","-","-","-","-","-","-","-","-","-","-","-","-"
"1811","B. Howard","B. Howard","TE","","","","injury-status","BYE","-","-","-","-","-","-","-","-","-","-","-","-"
"1812","T. Griffey","T. Griffey","WR","","","","injury-status","BYE","-","-","-","-","-","-","-","-","-","-","-","-"
"1813","D. Daniels","D. Daniels","TE","","","","injury-status","BYE","-","-","-","-","-","-","-","-","-","-","-","-"
"1814","D. Crossan","D. Crossan","RB","","","","injury-status","BYE","-","-","-","-","-","-","-","-","-","-","-","-"
"1815","J. Quick","J. Quick","WR","","","","injury-status","BYE","-","-","-","-","-","-","-","-","-","-","-","-"
"1816","S. Orndoff","S. Orndoff","TE","","","","injury-status","BYE","-","-","-","-","-","-","-","-","-","-","-","-"
"1817","T. Renew","T. Renew","RB","","","","injury-status","BYE","-","-","-","-","-","-","-","-","-","-","-","-"
"1818","J. Magee","J. Magee","WR","","","","injury-status","BYE","-","-","-","-","-","-","-","-","-","-","-","-"
"1819","I. Zamora","I. Zamora","WR","","","","injury-status","BYE","-","-","-","-","-","-","-","-","-","-","-","-"
"1820","R. Davis","R. Davis","WR","","","","injury-status","BYE","-","-","-","-","-","-","-","-","-","-","-","-"
"1821","K. Muhammad","K. Muhammad","RB","","","","injury-status","BYE","-","-","-","-","-","-","-","-","-","-","-","-"
"1822","C. Carson","C. Carson","RB","","","","injury-status","BYE","-","-","-","-","-","-","-","-","-","-","-","-"
"1823","E. McGuire","E. McGuire","RB","KC","10","","injury-status","Final L 20-21 vs DET","-","-","-","-","-","-","-","-","-","-","-","-"
"1824","I. Ford","I. Ford","WR","","","","injury-status","BYE","-","-","-","-","-","-","-","-","-","-","-","-"
"1825","S. Rogers","S. Rogers","RB","","","","injury-status","BYE","-","-","-","-","-","-","-","-","-","-","-","-"
"1826","M. Schreck","M. Schreck","TE","","","","injury-status","BYE","-","-","-","-","-","-","-","-","-","-","-","-"
"1827","A. Armah","A. Armah","RB","WAS","12","","injury-status","Final W 20-16 vs ARI","3","-","-","-","3","3","13","-","-","-","-","-"
"1828","J. Sprinkle","J. Sprinkle","TE","","","Ques","injury-status questionable","BYE","-","-","-","-","-","-","-","-","-","-","-","-"
"1829","J. McNichols","J. McNichols","RB","SF","14","","injury-status","Final W 30-7 @ PIT","-","-","-","-","-","-","-","-","-","-","-","-"
"1830","S. Gibson","S. Gibson","WR","","","","injury-status","BYE","-","-","-","-","-","-","-","-","-","-","-","-"
"1831","R. Adams","R. Adams","WR","","","","injury-status","BYE","-","-","-","-","-","-","-","-","-","-","-","-"
"1832","D. Yancey","D. Yancey","WR","","","","injury-status","BYE","-","-","-","-","-","-","-","-","-","-","-","-"
"1833","B. Hill","B. Hill","RB","","","","injury-status","BYE","-","-","-","-","-","-","-","-","-","-","-","-"
"1834","T. Logan","T. Logan","RB","","","","injury-status","BYE","-","-","-","-","-","-","-","-","-","-","-","-"
"1835","B. Hodges","B. Hodges","TE","","","","injury-status","BYE","-","-","-","-","-","-","-","-","-","-","-","-"
"1836","N. Peterman","N. Peterman","QB","CHI","5","","injury-status","Final L 20-38 vs GB","-1","2","-4","-","-","-","-","-","-","-","-","-"
"1837","C. Hansen","C. Hansen","WR","","","","injury-status","BYE","-","-","-","-","-","-","-","-","-","-","-","-"
"1838","J. Chesson","J. Chesson","WR","","","","injury-status","BYE","-","-","-","-","-","-","-","-","-","-","-","-"
"1839","R. Switzer","R. Switzer","WR","","","","injury-status","BYE","-","-","-","-","-","-","-","-","-","-","-","-"
"1840","J. Malone","J. Malone","WR","","","","injury-status","BYE","-","-","-","-","-","-","-","-","-","-","-","-"
"1841","T. Cohen","T. Cohen","RB","CAR","14","","injury-status","Final L 10-24 @ ATL","-","-","-","-","-","-","-","-","-","-","-","-"
"1842","J. Leggett","J. Leggett","TE","","","","injury-status","BYE","-","-","-","-","-","-","-","-","-","-","-","-"
"1843","M. Mack","M. Mack","RB","ARI","8","Ques","injury-status questionable","Final L 16-20 @ WAS","-","-","-","-","-","-","-","-","-","-","-","-"
"1844","J. Butt","J. Butt","TE","","","","injury-status","BYE","-","-","-","-","-","-","-","-","-","-","-","-"
"1845","W. Gallman","W. Gallman","RB","","","","injury-status","BYE","-","-","-","-","-","-","-","-","-","-","-","-"
"1846","D. Westbrook","D. Westbrook","WR","","","","injury-status","BYE","-","-","-","-","-","-","-","-","-","-","-","-"
"1847","A. Darboh","A. Darboh","WR","","","","injury-status","BYE","-","-","-","-","-","-","-","-","-","-","-","-"
"1848","C. Williams","C. Williams","WR","","","Ques","injury-status questionable","BYE","-","-","-","-","-","-","-","-","-","-","-","-"
"1849","T. Taylor","T. Taylor","WR","","","","injury-status","BYE","-","-","-","-","-","-","-","-","-","-","-","-"
"1850","C. Henderson","C. Henderson","WR","","","","injury-status","BYE","-","-","-","-","-","-","-","-","-","-","-","-"
"1851","A. Shaheen","A. Shaheen","TE","","","","injury-status","BYE","-","-","-","-","-","-","-","-","-","-","-","-"
"1852","D. Webb","D. Webb","QB","","","","injury-status","BYE","-","-","-","-","-","-","-","-","-","-","-","-"
"1853","C. Kelly","C. Kelly","QB","","","","injury-status","BYE","-","-","-","-","-","-","-","-","-","-","-","-"
"1854","C. Grayson","C. Grayson","WR","","","","injury-status","BYE","-","-","-","-","-","-","-","-","-","-","-","-"
"1855","J. Williams","J. Williams","RB","","","","injury-status","BYE","-","-","-","-","-","-","-","-","-","-","-","-"
"1856","J. Ross","J. Ross","WR","","","Ques","injury-status questionable","BYE","-","-","-","-","-","-","-","-","-","-","-","-"
"1857","C. Davis","C. Davis","WR","","","","injury-status","BYE","-","-","-","-","-","-","-","-","-","-","-","-"
"1858","T. Wilson","T. Wilson","TE","","","","injury-status","BYE","-","-","-","-","-","-","-","-","-","-","-","-"
"1859","D. Kizer","D. Kizer","QB","","","","injury-status","BYE","-","-","-","-","-","-","-","-","-","-","-","-"
"1860","C. Briggs","C. Briggs","TE","","","","injury-status","BYE","-","-","-","-","-","-","-","-","-","-","-","-"
"1861","J. Huesman","J. Huesman","QB","","","","injury-status","BYE","-","-","-","-","-","-","-","-","-","-","-","-"
"1862","B. Sims","B. Sims","QB","","","","injury-status","BYE","-","-","-","-","-","-","-","-","-","-","-","-"
"1863","T. Pope","T. Pope","RB","","","Ques","injury-status questionable","BYE","-","-","-","-","-","-","-","-","-","-","-","-"
"1864","N. Truesdell","N. Truesdell","TE","","","","injury-status","BYE","-","-","-","-","-","-","-","-","-","-","-","-"
"1865","H. Binford","H. Binford","WR","","","","injury-status","BYE","-","-","-","-","-","-","-","-","-","-","-","-"
"1866","K. Thompson","K. Thompson","WR","","","","injury-status","BYE","-","-","-","-","-","-","-","-","-","-","-","-"
"1867","D. Watford","D. Watford","WR","","","","injury-status","BYE","-","-","-","-","-","-","-","-","-","-","-","-"
"1868","E. Wallace","E. Wallace","TE","","","","injury-status","BYE","-","-","-","-","-","-","-","-","-","-","-","-"
"1869","M. Hall","M. Hall","WR","","","","injury-status","BYE","-","-","-","-","-","-","-","-","-","-","-","-"
"1870","G. Griffin","G. Griffin","TE","","","","injury-status","BYE","-","-","-","-","-","-","-","-","-","-","-","-"
"1871","R. Horn","R. Horn","WR","","","","injury-status","BYE","-","-","-","-","-","-","-","-","-","-","-","-"
"1872","K. Coleman","K. Coleman","RB","","","","injury-status","BYE","-","-","-","-","-","-","-","-","-","-","-","-"
"1873","R. Morris","R. Morris","RB","","","","injury-status","BYE","-","-","-","-","-","-","-","-","-","-","-","-"
"1874","M. McFarland","M. McFarland","TE","","","","injury-status","BYE","-","-","-","-","-","-","-","-","-","-","-","-"
"1875","J. Richard","J. Richard","RB","LV","8","","injury-status","Final W 17-16 @ DEN","-","-","-","-","-","-","-","-","-","-","-","-"
"1876","J. Simmons","J. Simmons","RB","","","","injury-status","BYE","-","-","-","-","-","-","-","-","-","-","-","-"
"1877","J. Mickens","J. Mickens","WR","IND","11","","injury-status","Final L 21-31 vs JAX","-","-","-","-","-","-","-","-","-","-","-","-"
"1878","D. Williams","D. Williams","WR","","","Ques","injury-status questionable","BYE","-","-","-","-","-","-","-","-","-","-","-","-"
"1879","C. Ham","C. Ham","RB","MIN","6","IR","injury-status ir","Final L 17-20 vs TB","7","1","7","-","7","9","25","-","-","-","-","-"
"1880","A. Rosas","A. Rosas","K","","","Ques","injury-status questionable","BYE","-","-","-","-","-","-","-","-","-","-","-","-"
"1881","A. Ellis","A. Ellis","TE","","","","injury-status","BYE","-","-","-","-","-","-","-","-","-","-","-","-"
"1882","M. Tucker","M. Tucker","WR","","","","injury-status","BYE","-","-","-","-","-","-","-","-","-","-","-","-"
"1883","B. Brown-Dukes","B. Brown-Dukes","RB","","","","injury-status","BYE","-","-","-","-","-","-","-","-","-","-","-","-"
"1884","J. Brown","J. Brown","K","","","","injury-status","BYE","-","-","-","-","-","-","-","-","-","-","-","-"
"1885","E. Penny","E. Penny","RB","","","","injury-status","BYE","-","-","-","-","-","-","-","-","-","-","-","-"
"1886","C. O'Neal","C. O'Neal","RB","","","","injury-status","BYE","-","-","-","-","-","-","-","-","-","-","-","-"
"1887","J. Vander Laan","J. Vander Laan","TE","","","","injury-status","BYE","-","-","-","-","-","-","-","-","-","-","-","-"
"1888","B. Shippen","B. Shippen","WR","","","","injury-status","BYE","-","-","-","-","-","-","-","-","-","-","-","-"
"1889","R. Mullaney","R. Mullaney","WR","","","","injury-status","BYE","-","-","-","-","-","-","-","-","-","-","-","-"
"1890","T. Jones","T. Jones","WR","","","","injury-status","BYE","-","-","-","-","-","-","-","-","-","-","-","-"
"1891","J. Holtz","J. Holtz","TE","","","","injury-status","BYE","-","-","-","-","-","-","-","-","-","-","-","-"
"1892","T. Carson","T. Carson","RB","","","","injury-status","BYE","-","-","-","-","-","-","-","-","-","-","-","-"
"1893","W. Ratelle","W. Ratelle","RB","","","","injury-status","BYE","-","-","-","-","-","-","-","-","-","-","-","-"
"1894","J. Cook","J. Cook","TE","","","","injury-status","BYE","-","-","-","-","-","-","-","-","-","-","-","-"
"1895","J. Perkins","J. Perkins","TE","NYJ","9","","injury-status","Final W 22-16 vs BUF","-","-","-","-","-","-","-","-","-","-","-","-"
"1896","V. Showers","V. Showers","WR","","","","injury-status","BYE","-","-","-","-","-","-","-","-","-","-","-","-"
"1897","R. Diggs","R. Diggs","WR","","","","injury-status","BYE","-","-","-","-","-","-","-","-","-","-","-","-"
"1898","M. Thomas","M. Thomas","WR","","","Ques","injury-status questionable","BYE","-","-","-","-","-","-","-","-","-","-","-","-"
"1899","M. Weiser","M. Weiser","TE","","","","injury-status","BYE","-","-","-","-","-","-","-","-","-","-","-","-"
"1900","Q. Hicks","Q. Hicks","RB","","","","injury-status","BYE","-","-","-","-","-","-","-","-","-","-","-","-"
"1901","S. Vainuku","S. Vainuku","RB","","","","injury-status","BYE","-","-","-","-","-","-","-","-","-","-","-","-"
"1902","J. Williams-Lambert","J. Williams-Lambert","WR","","","","injury-status","BYE","-","-","-","-","-","-","-","-","-","-","-","-"
"1903","T. Lewis","T. Lewis","WR","","","Ques","injury-status questionable","BYE","-","-","-","-","-","-","-","-","-","-","-","-"
"1904","D. Stewart","D. Stewart","WR","","","","injury-status","BYE","-","-","-","-","-","-","-","-","-","-","-","-"
"1905","K. Cartwright","K. Cartwright","TE","","","","injury-status","BYE","-","-","-","-","-","-","-","-","-","-","-","-"
"1906","P. Barber","P. Barber","RB","","","","injury-status","BYE","-","-","-","-","-","-","-","-","-","-","-","-"
"1907","M. Leak","M. Leak","WR","","","","injury-status","BYE","-","-","-","-","-","-","-","-","-","-","-","-"
"1908","C. Rogers","C. Rogers","WR","","","","injury-status","BYE","-","-","-","-","-","-","-","-","-","-","-","-"
"1909","A. Bonnet","A. Bonnet","RB","","","","injury-status","BYE","-","-","-","-","-","-","-","-","-","-","-","-"
"1910","M. Michel","M. Michel","WR","","","","injury-status","BYE","-","-","-","-","-","-","-","-","-","-","-","-"
"1911","B. Williams","B. Williams","TE","","","","injury-status","BYE","-","-","-","-","-","-","-","-","-","-","-","-"
"1912","C. Severin","C. Severin","WR","","","","injury-status","BYE","-","-","-","-","-","-","-","-","-","-","-","-"
"1913","J. Robinson","J. Robinson","WR","","","","injury-status","BYE","-","-","-","-","-","-","-","-","-","-","-","-"
"1914","J. Jones","J. Jones","WR","","","","injury-status","BYE","-","-","-","-","-","-","-","-","-","-","-","-"
"1915","M. Mathews","M. Mathews","WR","","","","injury-status","BYE","-","-","-","-","-","-","-","-","-","-","-","-"
"1916","K. Maye","K. Maye","WR","","","","injury-status","BYE","-","-","-","-","-","-","-","-","-","-","-","-"
"1917","J. McGee","J. McGee","TE","","","","injury-status","BYE","-","-","-","-","-","-","-","-","-","-","-","-"
"1918","D. Williams","D. Williams","WR","","","","injury-status","BYE","-","-","-","-","-","-","-","-","-","-","-","-"
"1919","S. Scheu","S. Scheu","TE","","","","injury-status","BYE","-","-","-","-","-","-","-","-","-","-","-","-"
"1920","G. Allison","G. Allison","WR","","","","injury-status","BYE","-","-","-","-","-","-","-","-","-","-","-","-"
"1921","D. Cajuste","D. Cajuste","WR","","","","injury-status","BYE","-","-","-","-","-","-","-","-","-","-","-","-"
"1922","D. Griswold","D. Griswold","TE","","","","injury-status","BYE","-","-","-","-","-","-","-","-","-","-","-","-"
"1923","S. Anderson","S. Anderson","TE","LAC","12","","injury-status","Final L 34-36 vs MIA","-","-","-","-","-","-","-","-","-","-","-","-"
"1924","M. Bercovici","M. Bercovici","QB","","","","injury-status","BYE","-","-","-","-","-","-","-","-","-","-","-","-"
"1925","D. Foster","D. Foster","RB","","","","injury-status","BYE","-","-","-","-","-","-","-","-","-","-","-","-"
"1926","C. Brown","C. Brown","WR","","","","injury-status","BYE","-","-","-","-","-","-","-","-","-","-","-","-"
"1927","J. Holton","J. Holton","WR","","","","injury-status","BYE","-","-","-","-","-","-","-","-","-","-","-","-"
"1928","K. Garrett","K. Garrett","WR","","","","injury-status","BYE","-","-","-","-","-","-","-","-","-","-","-","-"
"1929","T. Bertolet","T. Bertolet","K","","","","injury-status","BYE","-","-","-","-","-","-","-","-","-","-","-","-"
"1930","B. Braunecker","B. Braunecker","TE","","","","injury-status","BYE","-","-","-","-","-","-","-","-","-","-","-","-"
"1931","M. North","M. North","WR","","","","injury-status","BYE","-","-","-","-","-","-","-","-","-","-","-","-"
"1932","R. Martin","R. Martin","K","","","","injury-status","BYE","-","-","-","-","-","-","-","-","-","-","-","-"
"1933","J. Stave","J. Stave","QB","","","","injury-status","BYE","-","-","-","-","-","-","-","-","-","-","-","-"
"1934","J. Ferguson","J. Ferguson","RB","","","","injury-status","BYE","-","-","-","-","-","-","-","-","-","-","-","-"
"1935","C. Jones","C. Jones","WR","","","","injury-status","BYE","-","-","-","-","-","-","-","-","-","-","-","-"
"1936","M. Johnson","M. Johnson","WR","","","","injury-status","BYE","-","-","-","-","-","-","-","-","-","-","-","-"
"1937","C. Swain","C. Swain","RB","","","","injury-status","BYE","-","-","-","-","-","-","-","-","-","-","-","-"
"1938","J. Woodrum","J. Woodrum","QB","","","","injury-status","BYE","-","-","-","-","-","-","-","-","-","-","-","-"
"1939","J. Edelman","J. Edelman","WR","","","","injury-status","BYE","-","-","-","-","-","-","-","-","-","-","-","-"
"1940","M. McKay","M. McKay","WR","","","","injury-status","BYE","-","-","-","-","-","-","-","-","-","-","-","-"
"1941","D. Johnson","D. Johnson","RB","","","","injury-status","BYE","-","-","-","-","-","-","-","-","-","-","-","-"
"1942","B. Sandland","B. Sandland","TE","","","","injury-status","BYE","-","-","-","-","-","-","-","-","-","-","-","-"
"1943","K. Lawler","K. Lawler","WR","","","","injury-status","BYE","-","-","-","-","-","-","-","-","-","-","-","-"
"1944","K. Marshall","K. Marshall","RB","","","","injury-status","BYE","-","-","-","-","-","-","-","-","-","-","-","-"
"1945","D. Fuller","D. Fuller","WR","","","","injury-status","BYE","-","-","-","-","-","-","-","-","-","-","-","-"
"1946","D. Lucien","D. Lucien","WR","","","","injury-status","BYE","-","-","-","-","-","-","-","-","-","-","-","-"
"1947","D. Jackson","D. Jackson","RB","","","","injury-status","BYE","-","-","-","-","-","-","-","-","-","-","-","-"
"1948","B. Allen","B. Allen","QB","SF","14","","injury-status","Final W 30-7 @ PIT","-","-","-","-","-","-","-","-","-","-","-","-"
"1949","C. Core","C. Core","WR","","","Ques","injury-status questionable","BYE","-","-","-","-","-","-","-","-","-","-","-","-"
"1950","D. Watt","D. Watt","RB","","","","injury-status","BYE","-","-","-","-","-","-","-","-","-","-","-","-"
"1951","D. Vitale","D. Vitale","RB","","","","injury-status","BYE","-","-","-","-","-","-","-","-","-","-","-","-"
"1952","K. Listenbee","K. Listenbee","WR","","","","injury-status","BYE","-","-","-","-","-","-","-","-","-","-","-","-"
"1953","J. Rudock","J. Rudock","QB","","","","injury-status","BYE","-","-","-","-","-","-","-","-","-","-","-","-"
"1954","N. Sudfeld","N. Sudfeld","QB","DET","8","","injury-status","Final W 21-20 @ KC","-","-","-","-","-","-","-","-","-","-","-","-"
"1955","J. Grant","J. Grant","WR","CLE","9","","injury-status","Final W 24-3 vs CIN","-","-","-","-","-","-","-","-","-","-","-","-"
"1956","J. Adams","J. Adams","TE","","","","injury-status","BYE","-","-","-","-","-","-","-","-","-","-","-","-"
"1957","M. Bohringer","M. Bohringer","TE","","","","injury-status","BYE","-","-","-","-","-","-","-","-","-","-","-","-"
"1958","T. Hemingway","T. Hemingway","TE","WAS","12","","injury-status","Final W 20-16 vs ARI","-","-","-","-","-","-","-","-","-","-","-","-"
"1959","A. Janovich","A. Janovich","RB","","","","injury-status","BYE","-","-","-","-","-","-","-","-","-","-","-","-"
"1960","R. Fitzpatrick","R. Fitzpatrick","QB","","","","injury-status","BYE","-","-","-","-","-","-","-","-","-","-","-","-"
"1961","A. Collins","A. Collins","RB","","","","injury-status","BYE","-","-","-","-","-","-","-","-","-","-","-","-"
"1962","T. Davis","T. Davis","WR","","","","injury-status","BYE","-","-","-","-","-","-","-","-","-","-","-","-"
"1963","K. Hogan","K. Hogan","QB","","","","injury-status","BYE","-","-","-","-","-","-","-","-","-","-","-","-"
"1964","J. Williams","J. Williams","RB","WAS","12","Ques","injury-status questionable","Final W 20-16 vs ARI","-0","1","-2","-","-","1","-","-","-","-","-","-"
"1965","P. Rivers","P. Rivers","QB","","","","injury-status","BYE","-","-","-","-","-","-","-","-","-","-","-","-"
"1966","W. Smallwood","W. Smallwood","RB","WAS","12","","injury-status","Final W 20-16 vs ARI","-","-","-","-","-","-","-","-","-","-","-","-"
"1967","D. Washington","D. Washington","RB","","","","injury-status","BYE","-","-","-","-","-","-","-","-","-","-","-","-"
"1968","T. Sharpe","T. Sharpe","WR","","","Ques","injury-status questionable","BYE","-","-","-","-","-","-","-","-","-","-","-","-"
"1969","S. DeValve","S. DeValve","TE","","","","injury-status","BYE","-","-","-","-","-","-","-","-","-","-","-","-"
"1970","T. Ervin","T. Ervin","RB","","","Ques","injury-status questionable","BYE","-","-","-","-","-","-","-","-","-","-","-","-"
"1971","N. Vannett","N. Vannett","TE","LAC","12","","injury-status","Final L 34-36 vs MIA","1","-","-","-","1","1","3","-","-","-","-","-"
"1972","B. Kaufusi","B. Kaufusi","TE","GB","5","","injury-status","Final W 38-20 @ CHI","-","-","-","-","-","-","-","-","-","-","-","-"
"1973","P. Perkins","P. Perkins","RB","","","","injury-status","BYE","-","-","-","-","-","-","-","-","-","-","-","-"
"1974","D. Booker","D. Booker","RB","","","","injury-status","BYE","-","-","-","-","-","-","-","-","-","-","-","-"
"1975","K. Dixon","K. Dixon","RB","","","","injury-status","BYE","-","-","-","-","-","-","-","-","-","-","-","-"
"1976","C. Kessler","C. Kessler","QB","","","","injury-status","BYE","-","-","-","-","-","-","-","-","-","-","-","-"
"1977","C. Prosise","C. Prosise","RB","","","","injury-status","BYE","-","-","-","-","-","-","-","-","-","-","-","-"
"1978","J. Doctson","J. Doctson","WR","","","","injury-status","BYE","-","-","-","-","-","-","-","-","-","-","-","-"
"1979","C. Coleman","C. Coleman","WR","","","","injury-status","BYE","-","-","-","-","-","-","-","-","-","-","-","-"
"1980","P. Lynch","P. Lynch","QB","","","","injury-status","BYE","-","-","-","-","-","-","-","-","-","-","-","-"
"1981","W. Fuller","W. Fuller","WR","","","Ques","injury-status questionable","BYE","-","-","-","-","-","-","-","-","-","-","-","-"
"1982","X. Rush","X. Rush","WR","","","","injury-status","BYE","-","-","-","-","-","-","-","-","-","-","-","-"
"1983","A. Dable","A. Dable","WR","","","","injury-status","BYE","-","-","-","-","-","-","-","-","-","-","-","-"
"1984","M. Slater","M. Slater","WR","NE","14","","injury-status","Final L 20-25 vs PHI","-","-","-","-","-","-","-","-","-","-","-","-"
"1985","J. Johnson","J. Johnson","WR","","","","injury-status","BYE","-","-","-","-","-","-","-","-","-","-","-","-"
"1986","C. Manhertz","C. Manhertz","TE","DEN","12","","injury-status","Final L 16-17 vs LV","3","-","-","-","2","4","16","-","-","-","-","-"
"1987","G. Sinclair","G. Sinclair","TE","","","","injury-status","BYE","-","-","-","-","-","-","-","-","-","-","-","-"
"1988","R. Travis","R. Travis","TE","","","","injury-status","BYE","-","-","-","-","-","-","-","-","-","-","-","-"
"1989","M. Lengel","M. Lengel","TE","","","","injury-status","BYE","-","-","-","-","-","-","-","-","-","-","-","-"
"1990","M. Wile","M. Wile","P, K","","","","injury-status","BYE","-","-","-","-","-","-","-","-","-","-","-","-"
"1991","B. Cottom","B. Cottom","RB","","","","injury-status","BYE","-","-","-","-","-","-","-","-","-","-","-","-"
"1992","M. LaCosse","M. LaCosse","TE","NE","14","","injury-status","Final L 20-25 vs PHI","-","-","-","-","-","-","-","-","-","-","-","-"
"1993","D. Lawrence","D. Lawrence","WR","","","","injury-status","BYE","-","-","-","-","-","-","-","-","-","-","-","-"
"1994","D. Foxx","D. Foxx","WR","","","","injury-status","BYE","-","-","-","-","-","-","-","-","-","-","-","-"
"1995","B. Vogler","B. Vogler","TE","","","","injury-status","BYE","-","-","-","-","-","-","-","-","-","-","-","-"
"1996","R. Smith","R. Smith","RB","","","","injury-status","BYE","-","-","-","-","-","-","-","-","-","-","-","-"
"1997","D. Brees","D. Brees","QB","","","","injury-status","BYE","-","-","-","-","-","-","-","-","-","-","-","-"
"1998","Z. Laskey","Z. Laskey","RB","","","","injury-status","BYE","-","-","-","-","-","-","-","-","-","-","-","-"
"1999","D. Walker","D. Walker","TE","","","","injury-status","BYE","-","-","-","-","-","-","-","-","-","-","-","-"
"2000","K. Cook","K. Cook","WR","","","","injury-status","BYE","-","-","-","-","-","-","-","-","-","-","-","-"
"2001","A. Humphries","A. Humphries","WR","","","","injury-status","BYE","-","-","-","-","-","-","-","-","-","-","-","-"
"2002","J. Kumerow","J. Kumerow","WR","","","Ques","injury-status questionable","BYE","-","-","-","-","-","-","-","-","-","-","-","-"
"2003","M. Meyer","M. Meyer","K","","","","injury-status","BYE","-","-","-","-","-","-","-","-","-","-","-","-"
"2004","M. Palardy","M. Palardy","P, K","","","","injury-status","BYE","-","-","-","-","-","-","-","-","-","-","-","-"
"2005","D. White","D. White","WR","","","Ques","injury-status questionable","BYE","-","-","-","-","-","-","-","-","-","-","-","-"
"2006","G. Johnson","G. Johnson","RB","","","","injury-status","BYE","-","-","-","-","-","-","-","-","-","-","-","-"
"2007","E. Tomlinson","E. Tomlinson","TE","IND","11","","injury-status","Final L 21-31 vs JAX","-","-","-","-","-","-","-","-","-","-","-","-"
"2008","R. Bailey","R. Bailey","WR","","","","injury-status","BYE","-","-","-","-","-","-","-","-","-","-","-","-"
"2009","D. Brown","D. Brown","TE","","","Ques","injury-status questionable","BYE","-","-","-","-","-","-","-","-","-","-","-","-"
"2010","A. Smith","A. Smith","QB","","","","injury-status","BYE","-","-","-","-","-","-","-","-","-","-","-","-"
"2011","D. Byrd","D. Byrd","WR","","","","injury-status","BYE","-","-","-","-","-","2","-","-","-","-","-","-"
"2012","J. Lambo","J. Lambo","K","","","","injury-status","BYE","-","-","-","-","-","-","-","-","-","-","-","-"
"2013","T. Long","T. Long","P, K","","","","injury-status","BYE","-","-","-","-","-","-","-","-","-","-","-","-"
"2014","J. Heaps","J. Heaps","QB","","","","injury-status","BYE","-","-","-","-","-","-","-","-","-","-","-","-"
"2015","D. Jennings","D. Jennings","WR","","","","injury-status","BYE","-","-","-","-","-","-","-","-","-","-","-","-"
"2016","T. Semisch","T. Semisch","TE","","","","injury-status","BYE","-","-","-","-","-","-","-","-","-","-","-","-"
"2017","A. Goodley","A. Goodley","WR","","","","injury-status","BYE","-","-","-","-","-","-","-","-","-","-","-","-"
"2018","D. Anderson","D. Anderson","WR","","","","injury-status","BYE","-","-","-","-","-","-","-","-","-","-","-","-"
"2019","T. Williams","T. Williams","WR","","","Ques","injury-status questionable","BYE","-","-","-","-","-","-","-","-","-","-","-","-"
"2020","T. Davis","T. Davis","WR","","","","injury-status","BYE","-","-","-","-","-","-","-","-","-","-","-","-"
"2021","Z. Zenner","Z. Zenner","RB","","","","injury-status","BYE","-","-","-","-","-","-","-","-","-","-","-","-"
"2022","R. Anderson","R. Anderson","TE","","","","injury-status","BYE","-","-","-","-","-","-","-","-","-","-","-","-"
"2023","D. Brown","D. Brown","WR","","","","injury-status","BYE","-","-","-","-","-","-","-","-","-","-","-","-"
"2024","B. Koyack","B. Koyack","TE","","","","injury-status","BYE","-","-","-","-","-","-","-","-","-","-","-","-"
"2025","M. Johnson","M. Johnson","RB","","","","injury-status","BYE","-","-","-","-","-","-","-","-","-","-","-","-"
"2026","N. O'Leary","N. O'Leary","TE","","","Ques","injury-status questionable","BYE","-","-","-","-","-","-","-","-","-","-","-","-"
"2027","G. Davis","G. Davis","WR","","","","injury-status","BYE","-","-","-","-","-","-","-","-","-","-","-","-"
"2028","J. O'Shaughnessy","J. O'Shaughnessy","TE","","","","injury-status","BYE","-","-","-","-","-","-","-","-","-","-","-","-"
"2029","N. Boyle","N. Boyle","TE","","","","injury-status","BYE","-","-","-","-","-","-","-","-","-","-","-","-"
"2030","M. Burton","M. Burton","RB","DEN","12","IR","injury-status ir","Final L 16-17 vs LV","6","7","9","-","3","3","8","-","-","-","-","-"
"2031","K. Bell","K. Bell","WR","","","","injury-status","BYE","-","-","-","-","-","-","-","-","-","-","-","-"
"2032","J. James","J. James","TE","","","","injury-status","BYE","-","-","-","-","-","-","-","-","-","-","-","-"
"2033","J. Nelson","J. Nelson","WR","","","","injury-status","BYE","-","-","-","-","-","-","-","-","-","-","-","-"
"2034","D. Sproles","D. Sproles","RB","","","","injury-status","BYE","-","-","-","-","-","-","-","-","-","-","-","-"
"2035","J. Ajayi","J. Ajayi","RB","","","","injury-status","BYE","-","-","-","-","-","-","-","-","-","-","-","-"
"2036","B. Hundley","B. Hundley","QB","","","","injury-status","BYE","-","-","-","-","-","-","-","-","-","-","-","-"
"2037","M. Davis","M. Davis","RB","","","","injury-status","BYE","-","-","-","-","-","-","-","-","-","-","-","-"
"2038","J. Allen","J. Allen","RB","","","","injury-status","BYE","-","-","-","-","-","-","-","-","-","-","-","-"
"2039","J. Hardy","J. Hardy","WR","","","","injury-status","BYE","-","-","-","-","-","-","-","-","-","-","-","-"
"2040","M. Ryan","M. Ryan","QB","","","","injury-status","BYE","-","-","-","-","-","-","-","-","-","-","-","-"
"2041","J. Heuerman","J. Heuerman","TE","","","","injury-status","BYE","-","-","-","-","-","-","-","-","-","-","-","-"
"2042","S. Mannion","S. Mannion","QB","SEA","8","","injury-status","Final L 13-30 vs LAR","-","-","-","-","-","-","-","-","-","-","-","-"
"2043","D. Johnson","D. Johnson","RB","","","","injury-status","BYE","-","-","-","-","-","-","-","-","-","-","-","-"
"2044","D. Johnson","D. Johnson","RB","","","","injury-status","BYE","-","-","-","-","-","-","-","-","-","-","-","-"
"2045","C. Walford","C. Walford","TE","","","","injury-status","BYE","-","-","-","-","-","-","-","-","-","-","-","-"
"2046","D. Funchess","D. Funchess","TE","","","","injury-status","BYE","-","-","-","-","-","-","-","-","-","-","-","-"
"2047","D. Smith","D. Smith","WR","","","","injury-status","BYE","-","-","-","-","-","-","-","-","-","-","-","-"
"2048","T. Yeldon","T. Yeldon","RB","","","","injury-status","BYE","-","-","-","-","-","-","-","-","-","-","-","-"
"2049","P. Dorsett","P. Dorsett","WR","DEN","12","","injury-status","Final L 16-17 vs LV","-","-","-","-","-","3","-","-","-","-","-","-"
"2050","M. Moore","M. Moore","QB","","","","injury-status","BYE","-","-","-","-","-","-","-","-","-","-","-","-"
"2051","F. Gore","F. Gore","RB","","","","injury-status","BYE","-","-","-","-","-","-","-","-","-","-","-","-"
"2052","T. Gurley","T. Gurley","RB","","","","injury-status","BYE","-","-","-","-","-","-","-","-","-","-","-","-"
"2053","K. White","K. White","WR","","","","injury-status","BYE","-","-","-","-","-","-","-","-","-","-","-","-"
"2054","J. Cunningham","J. Cunningham","TE","","","","injury-status","BYE","-","-","-","-","-","-","-","-","-","-","-","-"
"2055","J. Witten","J. Witten","TE","","","","injury-status","BYE","-","-","-","-","-","-","-","-","-","-","-","-"
"2056","D. Inman","D. Inman","WR","","","","injury-status","BYE","-","-","-","-","-","-","-","-","-","-","-","-"
"2057","P. Richardson","P. Richardson","WR","","","","injury-status","BYE","-","-","-","-","-","-","-","-","-","-","-","-"
"2058","T. Millard","T. Millard","RB","","","","injury-status","BYE","-","-","-","-","-","-","-","-","-","-","-","-"
"2059","C. Hyde","C. Hyde","RB","","","","injury-status","BYE","-","-","-","-","-","-","-","-","-","-","-","-"
"2060","J. Brown","J. Brown","WR","","","","injury-status","BYE","-","-","-","-","-","-","-","-","-","-","-","-"
"2061","L. Fitzgerald","L. Fitzgerald","WR","","","","injury-status","BYE","-","-","-","-","-","-","-","-","-","-","-","-"
"2062","G. Gilbert","G. Gilbert","QB","","","","injury-status","BYE","-","-","-","-","-","-","-","-","-","-","-","-"
"2063","M. Lucas","M. Lucas","WR","","","","injury-status","BYE","-","-","-","-","-","-","-","-","-","-","-","-"
"2064","R. Nix","R. Nix","RB","","","","injury-status","BYE","-","-","-","-","-","-","-","-","-","-","-","-"
"2065","D. Freeman","D. Freeman","RB","","","","injury-status","BYE","-","-","-","-","-","-","-","-","-","-","-","-"
"2066","R. Rodgers","R. Rodgers","TE","","","Ques","injury-status questionable","BYE","-","-","-","-","-","-","-","-","-","-","-","-"
"2067","R. Neal","R. Neal","RB","","","","injury-status","BYE","-","-","-","-","-","-","-","-","-","-","-","-"
"2068","T. Jones","T. Jones","WR","","","","injury-status","BYE","-","-","-","-","-","-","-","-","-","-","-","-"
"2069","E. Ebron","E. Ebron","TE","PIT","5","","injury-status","Final L 7-30 vs SF","-","-","-","-","-","-","-","-","-","-","-","-"
"2070","S. Perry","S. Perry","RB","","","","injury-status","BYE","-","-","-","-","-","-","-","-","-","-","-","-"
"2071","D. Fales","D. Fales","QB","","","","injury-status","BYE","-","-","-","-","-","-","-","-","-","-","-","-"
"2072","R. Grant","R. Grant","WR","","","","injury-status","BYE","-","-","-","-","-","-","-","-","-","-","-","-"
"2073","X. Grimble","X. Grimble","TE","","","","injury-status","BYE","-","-","-","-","-","-","-","-","-","-","-","-"
"2074","J. McCown","J. McCown","QB","","","","injury-status","BYE","-","-","-","-","-","-","-","-","-","-","-","-"
"2075","K. Smith","K. Smith","RB","ATL","5","Ques","injury-status questionable","Final W 24-10 vs CAR","5","-","-","-","3","3","33","-","-","-","-","-"
"2076","S. Simonson","S. Simonson","TE","","","","injury-status","BYE","-","-","-","-","-","-","-","-","-","-","-","-"
"2077","S. Roberts","S. Roberts","WR","","","","injury-status","BYE","-","-","-","-","-","-","-","-","-","-","-","-"
"2078","A. Wilson","A. Wilson","WR","","","","injury-status","BYE","-","-","-","-","-","-","-","-","-","-","-","-"
"2079","D. Thomas","D. Thomas","WR","","","","injury-status","BYE","-","-","-","-","-","-","-","-","-","-","-","-"
"2080","C. Latimer","C. Latimer","WR","","","","injury-status","BYE","-","-","-","-","-","-","-","-","-","-","-","-"
"2081","B. Fowler","B. Fowler","WR","","","","injury-status","BYE","-","-","-","-","-","-","-","-","-","-","-","-"
"2082","V. Davis","V. Davis","TE","","","","injury-status","BYE","-","-","-","-","-","-","-","-","-","-","-","-"
"2083","M. Lee","M. Lee","WR","","","","injury-status","BYE","-","-","-","-","-","-","-","-","-","-","-","-"
"2084","A. Hurns","A. Hurns","WR","MIA","12","Ques","injury-status questionable","Final W 36-34 @ LAC","-","-","-","-","-","-","-","-","-","-","-","-"
"2085","B. Bortles","B. Bortles","QB","NO","11","","injury-status","Final W 16-15 vs TEN","-","-","-","-","-","-","-","-","-","-","-","-"
"2086","C. Parkey","C. Parkey","K","","","","injury-status","BYE","-","-","-","-","-","-","-","-","-","-","-","-"
"2087","D. Moncrief","D. Moncrief","WR","","","Ques","injury-status questionable","BYE","-","-","-","-","-","-","-","-","-","-","-","-"
"2088","D. Walker","D. Walker","WR","","","","injury-status","BYE","-","-","-","-","-","-","-","-","-","-","-","-"
"2089","M. Bryant","M. Bryant","WR","","","","injury-status","BYE","-","-","-","-","-","-","-","-","-","-","-","-"
"2090","W. Snead","W. Snead","WR","SF","14","","injury-status","Final W 30-7 @ PIT","2","-","-","-","2","3","14","-","-","-","-","-"
"2091","T. Gabriel","T. Gabriel","WR","","","","injury-status","BYE","-","-","-","-","-","-","-","-","-","-","-","-"
"2092","A. McCarron","A. McCarron","QB","CIN","10","","injury-status","Final L 3-24 @ CLE","1","-","-","-","-","-","-","-","4","5","19","-"
"2093","S. Evans","S. Evans","WR","","","","injury-status","BYE","-","-","-","-","-","-","-","-","-","-","-","-"
"2094","Q. Enunwa","Q. Enunwa","WR","","","","injury-status","BYE","-","-","-","-","-","-","-","-","-","-","-","-"
"2095","J. White","J. White","RB","","","","injury-status","BYE","-","-","-","-","-","-","-","-","-","-","-","-"
"2096","S. Houston","S. Houston","RB","","","","injury-status","BYE","-","-","-","-","-","-","-","-","-","-","-","-"
"2097","A. Peterson","A. Peterson","RB","","","","injury-status","BYE","-","-","-","-","-","-","-","-","-","-","-","-"
"2098","D. Stanton","D. Stanton","QB","","","","injury-status","BYE","-","-","-","-","-","-","-","-","-","-","-","-"
"2099","J. Matthews","J. Matthews","TE","CAR","14","","injury-status","Final L 10-24 @ ATL","-","-","-","-","-","-","-","-","-","-","-","-"
"2100","D. Fluellen","D. Fluellen","RB","","","","injury-status","BYE","-","-","-","-","-","-","-","-","-","-","-","-"
"2101","T. Burton","T. Burton","TE","","","","injury-status","BYE","-","-","-","-","-","-","-","-","-","-","-","-"
"2102","M. Schaub","M. Schaub","QB","","","","injury-status","BYE","-","-","-","-","-","-","-","-","-","-","-","-"
"2103","J. Hill","J. Hill","TE","","","","injury-status","BYE","-","-","-","-","-","-","-","-","-","-","-","-"
"2104","D. Carrier","D. Carrier","TE","","","","injury-status","BYE","-","-","-","-","-","-","-","-","-","-","-","-"
"2105","J. Doyle","J. Doyle","TE","IND","11","","injury-status","Final L 21-31 vs JAX","-","-","-","-","-","-","-","-","-","-","-","-"
"2106","E. Rogers","E. Rogers","WR","","","","injury-status","BYE","-","-","-","-","-","-","-","-","-","-","-","-"
"2107","B. Williams","B. Williams","TE","","","","injury-status","BYE","-","-","-","-","-","-","-","-","-","-","-","-"
"2108","Z. Line","Z. Line","RB","","","","injury-status","BYE","-","-","-","-","-","-","-","-","-","-","-","-"
"2109","J. Brown","J. Brown","WR","","","","injury-status","BYE","-","-","-","-","-","-","-","-","-","-","-","-"
"2110","U. Nwachukwu","U. Nwachukwu","WR","","","","injury-status","BYE","-","-","-","-","-","-","-","-","-","-","-","-"
"2111","T. Brady","T. Brady","QB","","","","injury-status","BYE","-","-","-","-","-","-","-","-","-","-","-","-"
"2112","T. Sinkfield","T. Sinkfield","WR","","","","injury-status","BYE","-","-","-","-","-","-","-","-","-","-","-","-"
"2113","L. Toilolo","L. Toilolo","TE","NYG","14","Ques","injury-status questionable","Final L 0-40 vs DAL","-","-","-","-","-","-","-","-","-","-","-","-"
"2114","D. Harris","D. Harris","TE","","","","injury-status","BYE","-","-","-","-","-","-","-","-","-","-","-","-"
"2115","T. Bray","T. Bray","QB","","","","injury-status","BYE","-","-","-","-","-","-","-","-","-","-","-","-"
"2116","N. Williams","N. Williams","WR","DEN","12","","injury-status","Final L 16-17 vs LV","-","-","-","-","-","-","-","-","-","-","-","-"
"2117","L. Willson","L. Willson","TE","","","","injury-status","BYE","-","-","-","-","-","-","-","-","-","-","-","-"
"2118","S. Ware","S. Ware","RB","","","","injury-status","BYE","-","-","-","-","-","-","-","-","-","-","-","-"
"2119","D. Fells","D. Fells","TE","TB","9","","injury-status","Final W 20-17 @ MIN","-","-","-","-","-","-","-","-","-","-","-","-"
"2120","V. McDonald","V. McDonald","TE","","","","injury-status","BYE","-","-","-","-","-","-","-","-","-","-","-","-"
"2121","T. Austin","T. Austin","WR","","","","injury-status","BYE","-","-","-","-","-","-","-","-","-","-","-","-"
"2122","M. Glennon","M. Glennon","QB","","","","injury-status","BYE","-","-","-","-","-","-","-","-","-","-","-","-"
"2123","K. Stills","K. Stills","WR","","","","injury-status","BYE","-","-","-","-","-","-","-","-","-","-","-","-"
"2124","R. Griffin","R. Griffin","QB","","","","injury-status","BYE","-","-","-","-","-","-","-","-","-","-","-","-"
"2125","K. Barner","K. Barner","RB","","","","injury-status","BYE","-","-","-","-","-","-","-","-","-","-","-","-"
"2126","T. Riddick","T. Riddick","RB","","","","injury-status","BYE","-","-","-","-","-","-","-","-","-","-","-","-"
"2127","C. Thompson","C. Thompson","RB","","","","injury-status","BYE","-","-","-","-","-","-","-","-","-","-","-","-"
"2128","J. Reed","J. Reed","TE","","","","injury-status","BYE","-","-","-","-","-","-","-","-","-","-","-","-"
"2129","D. Jackson","D. Jackson","WR","","","","injury-status","BYE","-","-","-","-","-","-","-","-","-","-","-","-"
"2130","C. Anderson","C. Anderson","RB","","","","injury-status","BYE","-","-","-","-","-","-","-","-","-","-","-","-"
"2131","L. Bell","L. Bell","RB","TB","9","","injury-status","Final W 20-17 @ MIN","-","-","-","-","-","-","-","-","-","-","-","-"
"2132","T. Eifert","T. Eifert","TE","","","","injury-status","BYE","-","-","-","-","-","-","-","-","-","-","-","-"
"2133","G. Bernard","G. Bernard","RB","","","","injury-status","BYE","-","-","-","-","-","-","-","-","-","-","-","-"
"2134","B. Roethlisberger","B. Roethlisberger","QB","PIT","5","","injury-status","Final L 7-30 vs SF","-","-","-","-","-","-","-","-","-","-","-","-"
"2135","M. Barkley","M. Barkley","QB","JAX","8","","injury-status","Final W 31-21 @ IND","-0","3","-3","-","-","-","-","-","-","-","-","-"
"2136","R. Shepard","R. Shepard","WR","","","","injury-status","BYE","-","-","-","-","-","-","-","-","-","-","-","-"
"2137","C. Hogan","C. Hogan","WR","","","","injury-status","BYE","-","-","-","-","-","-","-","-","-","-","-","-"
"2138","J. Bellamy","J. Bellamy","WR","","","","injury-status","BYE","-","-","-","-","-","-","-","-","-","-","-","-"
"2139","J. Olawale","J. Olawale","RB","","","","injury-status","BYE","-","-","-","-","-","-","-","-","-","-","-","-"
"2140","P. DiMarco","P. DiMarco","RB","","","","injury-status","BYE","-","-","-","-","-","-","-","-","-","-","-","-"
"2141","J. Develin","J. Develin","RB","","","","injury-status","BYE","-","-","-","-","-","-","-","-","-","-","-","-"
"2142","J. Kearse","J. Kearse","WR","","","","injury-status","BYE","-","-","-","-","-","-","-","-","-","-","-","-"
"2143","K. Forbath","K. Forbath","K","","","","injury-status","BYE","-","-","-","-","-","-","-","-","-","-","-","-"
"2144","F. Owusu","F. Owusu","WR","","","","injury-status","BYE","-","-","-","-","-","-","-","-","-","-","-","-"
"2145","M. Bryant","M. Bryant","K","","","","injury-status","BYE","-","-","-","-","-","-","-","-","-","-","-","-"
"2146","A. Tanney","A. Tanney","QB","","","","injury-status","BYE","-","-","-","-","-","-","-","-","-","-","-","-"
"2147","J. Gordon","J. Gordon","WR","","","","injury-status","BYE","-","-","-","-","-","-","-","-","-","-","-","-"
"2148","R. Turbin","R. Turbin","RB","","","","injury-status","BYE","-","-","-","-","-","-","-","-","-","-","-","-"
"2149","G. Celek","G. Celek","TE","","","","injury-status","BYE","-","-","-","-","-","-","-","-","-","-","-","-"
"2150","J. Wright","J. Wright","WR","","","","injury-status","BYE","-","-","-","-","-","-","-","-","-","-","-","-"
"2151","R. Ellison","R. Ellison","TE","","","","injury-status","BYE","-","-","-","-","-","-","-","-","-","-","-","-"
"2152","A. Vinatieri","A. Vinatieri","K","","","","injury-status","BYE","-","-","-","-","-","-","-","-","-","-","-","-"
"2153","A. Morris","A. Morris","RB","","","","injury-status","BYE","-","-","-","-","-","-","-","-","-","-","-","-"
"2154","R. Griffin","R. Griffin","QB","","","","injury-status","BYE","-","-","-","-","-","-","-","-","-","-","-","-"
"2155","C. Cota","C. Cota","WR","","","","injury-status","BYE","-","-","-","-","-","-","-","-","-","-","-","-"
"2156","A. Dykes","A. Dykes","RB","","","","injury-status","BYE","-","-","-","-","-","-","-","-","-","-","-","-"
"2157","A. Davis","A. Davis","WR","","","","injury-status","BYE","-","-","-","-","-","-","-","-","-","-","-","-"
"2158","L. Pitts","L. Pitts","TE","","","","injury-status","BYE","-","-","-","-","-","-","-","-","-","-","-","-"
"2159","L. Pettway","L. Pettway","TE","NE","14","","injury-status","Final L 20-25 vs PHI","-","-","-","-","-","-","-","-","-","-","-","-"
"2160","J. Bates","J. Bates","K","","","","injury-status","BYE","-","-","-","-","-","-","-","-","-","-","-","-"
"2161","T. Clinton","T. Clinton","RB","","","","injury-status","BYE","-","-","-","-","-","-","-","-","-","-","-","-"
"2162","W. Taulapapa","W. Taulapapa","RB","","","","injury-status","BYE","-","-","-","-","-","-","-","-","-","-","-","-"
"2163","M. Wright","M. Wright","WR","","","Ques","injury-status questionable","BYE","-","-","-","-","-","-","-","-","-","-","-","-"
"2164","M. Trickett","M. Trickett","K","","","","injury-status","BYE","-","-","-","-","-","-","-","-","-","-","-","-"
"2165","N. Williams","N. Williams","WR","","","","injury-status","BYE","-","-","-","-","-","-","-","-","-","-","-","-"
"2166","E. Lee","E. Lee","WR","","","","injury-status","BYE","-","-","-","-","-","-","-","-","-","-","-","-"
"2167","G. Maag","G. Maag","WR","","","","injury-status","BYE","-","-","-","-","-","-","-","-","-","-","-","-"
"2168","M. Carter","M. Carter","WR","","","","injury-status","BYE","-","-","-","-","-","-","-","-","-","-","-","-"
"2169","I. Gathings","I. Gathings","TE","KC","10","Ques","injury-status questionable","Final L 20-21 vs DET","-","-","-","-","-","-","-","-","-","-","-","-"
"2170","C. Chrest","C. Chrest","WR","","","","injury-status","BYE","-","-","-","-","-","-","-","-","-","-","-","-"
"2171","J. Kapp","J. Kapp","WR","","","","injury-status","BYE","-","-","-","-","-","-","-","-","-","-","-","-"
"2172","J. Bonds","J. Bonds","WR","","","","injury-status","BYE","-","-","-","-","-","-","-","-","-","-","-","-"
"2173","L. Jackson","L. Jackson","WR","MIN","6","","injury-status","Final L 17-20 vs TB","-","-","-","-","-","-","-","-","-","-","-","-"
"2174","J. Stephens","J. Stephens","TE","DAL","10","IR","injury-status ir","Final W 40-0 @ NYG","-","-","-","-","-","-","-","-","-","-","-","-"
"2175","H. Luepke","H. Luepke","RB","DAL","10","","injury-status","Final W 40-0 @ NYG","11","6","19","1","3","4","18","-","-","-","-","-"
"2176","P. Fant","P. Fant","TE","DAL","10","","injury-status","Final W 40-0 @ NYG","-","-","-","-","-","-","-","-","-","-","-","-"
"2177","D. Durden","D. Durden","WR","DAL","10","Ques","injury-status questionable","Final W 40-0 @ NYG","-","-","-","-","-","-","-","-","-","-","-","-"
"2178","J. Barbon","J. Barbon","WR","","","","injury-status","BYE","-","-","-","-","-","-","-","-","-","-","-","-"
"2179","B. Cobbs","B. Cobbs","WR","","","","injury-status","BYE","-","-","-","-","-","-","-","-","-","-","-","-"
"2180","B. Johnson","B. Johnson","WR","","","","injury-status","BYE","-","-","-","-","-","-","-","-","-","-","-","-"
"2181","B. Thompson","B. Thompson","WR","BUF","7","","injury-status","Final L 16-22 @ NYJ","-","-","-","-","-","-","-","-","-","-","-","-"
"2182","J. Murray","J. Murray","TE","IND","11","Ques","injury-status questionable","Final L 21-31 vs JAX","-","-","-","-","-","-","-","-","-","-","-","-"
"2183","A. Aune","A. Aune","QB","","","","injury-status","BYE","-","-","-","-","-","-","-","-","-","-","-","-"
"2184","A. Jeffery","A. Jeffery","WR","","","","injury-status","BYE","-","-","-","-","-","-","-","-","-","-","-","-"
"2185","Z. Ojile","Z. Ojile","RB","","","","injury-status","BYE","-","-","-","-","-","-","-","-","-","-","-","-"
"2186","E. Merriweather","E. Merriweather","RB","GB","5","Out","injury-status out","Final W 38-20 @ CHI","-","-","-","-","-","-","-","-","-","-","-","-"
"2187","G. Holmes","G. Holmes","WR","","","","injury-status","BYE","-","-","-","-","-","-","-","-","-","-","-","-"
"2188","D. Drummond","D. Drummond","WR","NYG","14","","injury-status","Final L 0-40 vs DAL","-","-","-","-","-","-","-","-","-","-","-","-"
"2189","A. Graham","A. Graham","RB","","","","injury-status","BYE","-","-","-","-","-","-","-","-","-","-","-","-"
"2190","J. Shenker","J. Shenker","TE","LV","8","","injury-status","Final W 17-16 @ DEN","-","-","-","-","-","-","-","-","-","-","-","-"
"2191","T. Harrison","T. Harrison","WR","TEN","10","","injury-status","Final L 15-16 @ NO","-","-","-","-","-","-","-","-","-","-","-","-"
"2192","J. Matthews","J. Matthews","WR","HOU","6","","injury-status","Final L 9-25 @ BAL","-","-","-","-","-","-","-","-","-","-","-","-"
"2193","K. Leach","K. Leach","TE","","","","injury-status","BYE","-","-","-","-","-","-","-","-","-","-","-","-"
"2194","T. Grimes","T. Grimes","WR","","","","injury-status","BYE","-","-","-","-","-","-","-","-","-","-","-","-"
"2195","D. Daniels","D. Daniels","WR","","","","injury-status","BYE","-","-","-","-","-","-","-","-","-","-","-","-"
"2196","N. Adkins","N. Adkins","TE","DEN","12","Out","injury-status out","Final L 16-17 vs LV","4","-","-","-","4","5","22","-","-","-","-","-"
"2197","I. Bowser","I. Bowser","RB","","","","injury-status","BYE","-","-","-","-","-","-","-","-","-","-","-","-"
"2198","R. Miller","R. Miller","WR","TB","9","","injury-status","Final W 20-17 @ MIN","-","-","-","-","-","-","-","-","-","-","-","-"
"2199","K. Warner","K. Warner","WR","","","","injury-status","BYE","-","-","-","-","-","-","-","-","-","-","-","-"
"2200","T. Barber","T. Barber","WR","","","","injury-status","BYE","-","-","-","-","-","-","-","-","-","-","-","-"
"2201","T. Taula","T. Taula","TE","TB","9","","injury-status","Final W 20-17 @ MIN","-","-","-","-","-","-","-","-","-","-","-","-"
"2202","R. Brown","R. Brown","RB","","","","injury-status","BYE","-","-","-","-","-","-","-","-","-","-","-","-"
"2203","B. Burmeister","B. Burmeister","WR","","","","injury-status","BYE","-","-","-","-","-","-","-","-","-","-","-","-"
"2204","N. Henderson","N. Henderson","QB","","","","injury-status","BYE","-","-","-","-","-","-","-","-","-","-","-","-"
"2205","S. Ryan","S. Ryan","WR","BAL","7","","injury-status","Final W 25-9 vs HOU","-","-","-","-","-","-","-","-","-","-","-","-"
"2206","B. Walker","B. Walker","TE","","","","injury-status","BYE","-","-","-","-","-","-","-","-","-","-","-","-"
"2207","O. Wright","O. Wright","RB","BAL","7","","injury-status","Final W 25-9 vs HOU","-","-","-","-","-","-","-","-","-","-","-","-"
"2208","D. Demus","D. Demus","WR","","","","injury-status","BYE","-","-","-","-","-","-","-","-","-","-","-","-"
"2209","T. Vokolek","T. Vokolek","TE","ARI","8","","injury-status","Final L 16-20 @ WAS","-","-","-","-","-","-","-","-","-","-","-","-"
"2210","J. Lumpkin","J. Lumpkin","TE","DEN","12","","injury-status","Final L 16-17 vs LV","-","-","-","-","-","-","-","-","-","-","-","-"
"2211","J. Mims","J. Mims","RB","NO","11","","injury-status","Final W 16-15 vs TEN","-","-","-","-","-","2","-","-","-","-","-","-"
"2212","T. Shavers","T. Shavers","WR","BUF","7","","injury-status","Final L 16-22 @ NYJ","-","-","-","-","-","-","-","-","-","-","-","-"
"2213","J. Blackman","J. Blackman","QB","","","","injury-status","BYE","-","-","-","-","-","-","-","-","-","-","-","-"
"2214","D. Davis","D. Davis","WR","","","Ques","injury-status questionable","BYE","-","-","-","-","-","-","-","-","-","-","-","-"
"2215","C. Coleman","C. Coleman","WR","","","","injury-status","BYE","-","-","-","-","-","-","-","-","-","-","-","-"
"2216","K. Case","K. Case","WR","","","","injury-status","BYE","-","-","-","-","-","-","-","-","-","-","-","-"
"2217","T. Adams","T. Adams","WR","","","","injury-status","BYE","-","-","-","-","-","-","-","-","-","-","-","-"
"2218","T. Greaney","T. Greaney","TE","","","","injury-status","BYE","-","-","-","-","-","-","-","-","-","-","-","-"
"2219","C. Cota","C. Cota","WR","HOU","6","","injury-status","Final L 9-25 @ BAL","-","-","-","-","-","-","-","-","-","-","-","-"
"2220","K. Thompson","K. Thompson","WR","","","","injury-status","BYE","-","-","-","-","-","-","-","-","-","-","-","-"
"2221","J. Vann","J. Vann","WR","","","","injury-status","BYE","-","-","-","-","-","-","-","-","-","-","-","-"
"2222","N. Remigio","N. Remigio","WR","","","","injury-status","BYE","-","-","-","-","-","-","-","-","-","-","-","-"
"2223","T. Luther","T. Luther","WR","NE","14","","injury-status","Final L 20-25 vs PHI","-","-","-","-","-","-","-","-","-","-","-","-"
"2224","E. Jenkins","E. Jenkins","TE","LV","8","","injury-status","Final W 17-16 @ DEN","-","-","-","-","-","-","-","-","-","-","-","-"
"2225","B. Westfield","B. Westfield","WR","","","","injury-status","BYE","-","-","-","-","-","-","-","-","-","-","-","-"
"2226","Z. Scott","Z. Scott","RB","IND","11","Ques","injury-status questionable","Final L 21-31 vs JAX","-","-","-","-","-","-","-","-","-","-","-","-"
"2227","R. Jones","R. Jones","TE","NYG","14","","injury-status","Final L 0-40 vs DAL","-","-","-","-","-","-","-","-","-","-","-","-"
"2228","C. Chrest","C. Chrest","WR","","","","injury-status","BYE","-","-","-","-","-","-","-","-","-","-","-","-"
"2229","D. Hagans","D. Hagans","RB","","","","injury-status","BYE","-","-","-","-","-","-","-","-","-","-","-","-"
"2230","J. King","J. King","WR","","","","injury-status","BYE","-","-","-","-","-","-","-","-","-","-","-","-"
"2231","B. Russell","B. Russell","TE","SEA","8","","injury-status","Final L 13-30 vs LAR","-","-","-","-","-","-","-","-","-","-","-","-"
"2232","J. Ngata","J. Ngata","WR","PHI","9","","injury-status","Final W 25-20 @ NE","-","-","-","-","-","-","-","-","-","-","-","-"
"2233","H. Hall","H. Hall","RB","","","","injury-status","BYE","-","-","-","-","-","-","-","-","-","-","-","-"
"2234","A. Cruickshank","A. Cruickshank","WR","","","","injury-status","BYE","-","-","-","-","-","-","-","-","-","-","-","-"
"2235","T. Pitts","T. Pitts","WR","GB","5","Ques","injury-status questionable","Final W 38-20 @ CHI","-","-","-","-","-","-","-","-","-","-","-","-"
"2236","D. Caffrey","D. Caffrey","TE","","","","injury-status","BYE","-","-","-","-","-","-","-","-","-","-","-","-"
"2237","A. Szmyt","A. Szmyt","K","","","","injury-status","BYE","-","-","-","-","-","-","-","-","-","-","-","-"
"2238","R. Burns","R. Burns","RB","CHI","5","","injury-status","Final L 20-38 vs GB","-","-","-","-","-","-","-","-","-","-","-","-"
"2239","S. Jackson","S. Jackson","WR","CIN","10","","injury-status","Final L 3-24 @ CLE","-","-","-","-","-","1","-","-","-","-","-","-"
"2240","C. Smith","C. Smith","RB","","","","injury-status","BYE","-","-","-","-","-","-","-","-","-","-","-","-"
"2241","M. Hippenhammer","M. Hippenhammer","WR","","","","injury-status","BYE","-","-","-","-","-","-","-","-","-","-","-","-"
"2242","P. Murtagh","P. Murtagh","TE","","","","injury-status","BYE","-","-","-","-","-","-","-","-","-","-","-","-"
"2243","J. Saylors","J. Saylors","RB","","","","injury-status","BYE","-","-","-","-","-","-","-","-","-","-","-","-"
"2244","I. Winstead","I. Winstead","WR","","","","injury-status","BYE","-","-","-","-","-","-","-","-","-","-","-","-"
"2245","C. Trahan","C. Trahan","TE","","","","injury-status","BYE","-","-","-","-","-","-","-","-","-","-","-","-"
"2246","C. Tyler","C. Tyler","RB","","","","injury-status","BYE","-","-","-","-","-","-","-","-","-","-","-","-"
"2247","T. Lindsey","T. Lindsey","WR","","","","injury-status","BYE","-","-","-","-","-","-","-","-","-","-","-","-"
"2248","N. Gindorff","N. Gindorff","TE","","","","injury-status","BYE","-","-","-","-","-","-","-","-","-","-","-","-"
"2249","G. Hebert","G. Hebert","TE","PHI","9","","injury-status","Final W 25-20 @ NE","-","-","-","-","-","-","-","-","-","-","-","-"
"2250","J. Hall","J. Hall","WR","","","","injury-status","BYE","-","-","-","-","-","-","-","-","-","-","-","-"
"2251","M. Cooper","M. Cooper","RB","","","","injury-status","BYE","-","-","-","-","-","-","-","-","-","-","-","-"
"2252","H. Ahlers","H. Ahlers","QB","","","","injury-status","BYE","-","-","-","-","-","-","-","-","-","-","-","-"
"2253","T. Morgan","T. Morgan","QB","","","","injury-status","BYE","-","-","-","-","-","-","-","-","-","-","-","-"
"2254","C. McDonald","C. McDonald","TE","","","","injury-status","BYE","-","-","-","-","-","-","-","-","-","-","-","-"
"2255","H. Pearson","H. Pearson","RB","GB","5","","injury-status","Final W 38-20 @ CHI","-","-","-","-","-","-","-","-","-","-","-","-"
"2256","D. Watts","D. Watts","WR","PIT","5","","injury-status","Final L 7-30 vs SF","-","-","-","-","-","-","-","-","-","-","-","-"
"2257","B. Whiteheart","B. Whiteheart","TE","ARI","8","Ques","injury-status questionable","Final L 16-20 @ WAS","-","-","-","-","-","-","-","-","-","-","-","-"
"2258","J. Honigford","J. Honigford","TE","","","","injury-status","BYE","-","-","-","-","-","-","-","-","-","-","-","-"
"2259","M. Flowers","M. Flowers","WR","","","","injury-status","BYE","-","-","-","-","-","-","-","-","-","-","-","-"
"2260","J. Marshall","J. Marshall","WR","","","","injury-status","BYE","-","-","-","-","-","-","-","-","-","-","-","-"
"2261","K. Harris","K. Harris","WR","","","Ques","injury-status questionable","BYE","-","-","-","-","-","-","-","-","-","-","-","-"
"2262","Z. Malone","Z. Malone","WR","","","","injury-status","BYE","-","-","-","-","-","-","-","-","-","-","-","-"
"2263","C. Washington","C. Washington","RB","ATL","5","","injury-status","Final W 24-10 vs CAR","-","-","-","-","-","-","-","-","-","-","-","-"
"2264","D. Arias","D. Arias","WR","","","","injury-status","BYE","-","-","-","-","-","-","-","-","-","-","-","-"
"2265","R. Awatt","R. Awatt","RB","","","","injury-status","BYE","-","-","-","-","-","-","-","-","-","-","-","-"
"2266","K. Laborn","K. Laborn","RB","","","","injury-status","BYE","-","-","-","-","-","-","-","-","-","-","-","-"
"2267","J. Colletto","J. Colletto","RB","PIT","5","","injury-status","Final L 7-30 vs SF","-","-","-","-","-","-","-","-","-","-","-","-"
"2268","S. Wyatt","S. Wyatt","WR","","","","injury-status","BYE","-","-","-","-","-","-","-","-","-","-","-","-"
"2269","D. Winn","D. Winn","QB","LAR","8","","injury-status","Final W 30-13 @ SEA","-","-","-","-","-","-","-","-","-","-","-","-"
"2270","X. Smith","X. Smith","WR","LAR","8","","injury-status","Final W 30-13 @ SEA","-","-","-","-","-","-","-","-","-","-","-","-"
"2271","T. DeMorat","T. DeMorat","QB","","","","injury-status","BYE","-","-","-","-","-","-","-","-","-","-","-","-"
"2272","Z. Bowens","Z. Bowens","WR","","","","injury-status","BYE","-","-","-","-","-","-","-","-","-","-","-","-"
"2273","J. Sample","J. Sample","WR","","","","injury-status","BYE","-","-","-","-","-","-","-","-","-","-","-","-"
"2274","B. Tremayne","B. Tremayne","WR","WAS","12","","injury-status","Final W 20-16 vs ARI","-","-","-","-","-","-","-","-","-","-","-","-"
"2275","C. Sims","C. Sims","TE","","","","injury-status","BYE","-","-","-","-","-","-","-","-","-","-","-","-"
"2276","T. Hudson","T. Hudson","WR","","","","injury-status","BYE","-","-","-","-","-","-","-","-","-","-","-","-"
"2277","L. Taylor","L. Taylor","TE","","","Ques","injury-status questionable","BYE","-","-","-","-","-","-","-","-","-","-","-","-"
"2278","O. Martin","O. Martin","WR","","","","injury-status","BYE","-","-","-","-","-","-","-","-","-","-","-","-"
"2279","J. Jenkins","J. Jenkins","WR","","","","injury-status","BYE","-","-","-","-","-","-","-","-","-","-","-","-"
"2280","P. Wilson","P. Wilson","WR","","","","injury-status","BYE","-","-","-","-","-","-","-","-","-","-","-","-"
"2281","M. Ezeike","M. Ezeike","TE","","","","injury-status","BYE","-","-","-","-","-","-","-","-","-","-","-","-"
"2282","T. Hoosman","T. Hoosman","RB","","","","injury-status","BYE","-","-","-","-","-","-","-","-","-","-","-","-"
"2283","T. Bynum","T. Bynum","WR","LAC","12","","injury-status","Final L 34-36 vs MIA","-","-","-","-","-","-","-","-","-","-","-","-"
"2284","J. Wilson","J. Wilson","TE","GB","5","","injury-status","Final W 38-20 @ CHI","-","-","-","-","-","-","-","-","-","-","-","-"
"2285","S. Barnett","S. Barnett","WR","","","","injury-status","BYE","-","-","-","-","-","-","-","-","-","-","-","-"
"2286","S. Davis","S. Davis","WR","NO","11","","injury-status","Final W 16-15 vs TEN","-","-","-","-","-","-","-","-","-","-","-","-"
"2287","S. Thompson","S. Thompson","RB","DAL","10","","injury-status","Final W 40-0 @ NYG","-","-","-","-","-","-","-","-","-","-","-","-"
"2288","C. McClelland","C. McClelland","RB","","","","injury-status","BYE","-","-","-","-","-","-","-","-","-","-","-","-"
"2289","M. Lewis","M. Lewis","TE","CHI","5","","injury-status","Final L 20-38 vs GB","11","-","-","-","4","5","29","1","-","-","-","-"
"2290","K. Jackson","K. Jackson","WR","TEN","10","","injury-status","Final L 15-16 @ NO","-","-","-","-","-","-","-","-","-","-","-","-"
"2291","B. Potter","B. Potter","K","","","","injury-status","BYE","-","-","-","-","-","-","-","-","-","-","-","-"
"2292","M. Pottebaum","M. Pottebaum","RB","","","","injury-status","BYE","-","-","-","-","-","-","-","-","-","-","-","-"
"2293","C. Johnson","C. Johnson","WR","TB","9","","injury-status","Final W 20-17 @ MIN","-","-","-","-","-","-","-","-","-","-","-","-"
"2294","M. Knowles","M. Knowles","WR","MIN","6","","injury-status","Final L 17-20 vs TB","-","-","-","-","-","-","-","-","-","-","-","-"
"2295","J. Podlesny","J. Podlesny","K","","","","injury-status","BYE","-","-","-","-","-","-","-","-","-","-","-","-"
"2296","T. Thomas","T. Thomas","WR","MIN","6","","injury-status","Final L 17-20 vs TB","-","-","-","-","-","-","-","-","-","-","-","-"
"2297","K. Allen","K. Allen","WR","WAS","12","","injury-status","Final W 20-16 vs ARI","-","-","-","-","-","-","-","-","-","-","-","-"
"2298","M. Tinsley","M. Tinsley","WR","WAS","12","","injury-status","Final W 20-16 vs ARI","-","-","-","-","-","-","-","-","-","-","-","-"
"2299","A. Martinez","A. Martinez","QB","","","","injury-status","BYE","-","-","-","-","-","-","-","-","-","-","-","-"
"2300","R. Burns","R. Burns","RB","CHI","5","","injury-status","Final L 20-38 vs GB","-","-","-","-","-","-","-","-","-","-","-","-"
"2301","J. Wayne","J. Wayne","WR","HOU","6","","injury-status","Final L 9-25 @ BAL","-","-","-","-","-","-","-","-","-","-","-","-"
"2302","C. Dowell","C. Dowell","WR","TEN","10","","injury-status","Final L 15-16 @ NO","1","-","-","-","1","2","3","-","-","-","-","-"
"2303","J. Brooks","J. Brooks","WR","DAL","10","","injury-status","Final W 40-0 @ NYG","9","-","-","-","6","6","64","-","-","-","-","-"
"2304","G. DuBose","G. DuBose","WR","GB","5","Ques","injury-status questionable","Final W 38-20 @ CHI","-","-","-","-","-","-","-","-","-","-","-","-"
"2305","S. Gostkowski","S. Gostkowski","K","","","","injury-status","BYE","-","-","-","-","-","-","-","-","-","-","-","-"
"2306","M. Landers","M. Landers","WR","","","Ques","injury-status questionable","BYE","-","-","-","-","-","-","-","-","-","-","-","-"
"2307","T. Dye","T. Dye","RB","","","","injury-status","BYE","-","-","-","-","-","-","-","-","-","-","-","-"
"2308","P. Invalid","P. Invalid","WR","","","","injury-status","BYE","-","-","-","-","-","-","-","-","-","-","-","-"
"2309","X. Valladay","X. Valladay","RB","NYJ","9","","injury-status","Final W 22-16 vs BUF","-","-","-","-","-","-","-","-","-","-","-","-"
"2310","A. Quevedo","A. Quevedo","K","","","","injury-status","BYE","-","-","-","-","-","-","-","-","-","-","-","-"
"2311","T. Benjamin","T. Benjamin","WR","","","","injury-status","BYE","-","-","-","-","-","-","-","-","-","-","-","-"
"2312","M. Sanu","M. Sanu","WR","","","","injury-status","BYE","-","-","-","-","-","-","-","-","-","-","-","-"
"2313","M. Ibrahim","M. Ibrahim","RB","DET","8","","injury-status","Final W 21-20 @ KC","-","-","-","-","-","-","-","-","-","-","-","-"
"2314","L. Miller","L. Miller","RB","","","","injury-status","BYE","-","-","-","-","-","-","-","-","-","-","-","-"
"2315","N. Foles","N. Foles","QB","","","","injury-status","BYE","-","-","-","-","-","-","-","-","-","-","-","-"
"2316","J. Wayne","J. Wayne","WR","","","","injury-status","BYE","-","-","-","-","-","-","-","-","-","-","-","-"
"2317","B. Willis","B. Willis","TE","SF","14","","injury-status","Final W 30-7 @ PIT","-","-","-","-","-","-","-","-","-","-","-","-"
"2318","C. Peoples","C. Peoples","RB","","","","injury-status","BYE","-","-","-","-","-","-","-","-","-","-","-","-"
"2319","M. Golden","M. Golden","WR","GB","5","","injury-status","Final W 38-20 @ CHI","-","-","-","-","-","-","-","-","-","-","-","-"
"2320","J. Royals","J. Royals","WR","KC","10","Ques","injury-status questionable","Final L 20-21 vs DET","-","-","-","-","-","-","-","-","-","-","-","-"
"2321","T. Rutenbeck","T. Rutenbeck","WR","","","","injury-status","BYE","-","-","-","-","-","-","-","-","-","-","-","-"
"2322","N. Noel","N. Noel","RB","","","","injury-status","BYE","-","-","-","-","-","-","-","-","-","-","-","-"
"2323","D. Edwards","D. Edwards","RB","WAS","12","","injury-status","Final W 20-16 vs ARI","-","-","-","-","-","-","-","-","-","-","-","-"
"2324","X. White","X. White","WR","","","","injury-status","BYE","-","-","-","-","-","-","-","-","-","-","-","-"
"2325","C. Stover","C. Stover","TE","HOU","6","","injury-status","Final L 9-25 @ BAL","-","-","-","-","-","-","-","-","-","-","-","-"
"2326","D. Culp","D. Culp","TE","TB","9","","injury-status","Final W 20-17 @ MIN","-","-","-","-","-","-","-","-","-","-","-","-"
"2327","J. Calhoun","J. Calhoun","WR","","","","injury-status","BYE","-","-","-","-","-","-","-","-","-","-","-","-"
"2328","D. Miller","D. Miller","WR","","","","injury-status","BYE","-","-","-","-","-","-","-","-","-","-","-","-"
"2329","T. Keaton","T. Keaton","WR","","","","injury-status","BYE","-","-","-","-","-","-","-","-","-","-","-","-"
"2330","K. Smith","K. Smith","WR","","","","injury-status","BYE","-","-","-","-","-","-","-","-","-","-","-","-"
"2331","D. Maye","D. Maye","QB","NE","14","","injury-status","Final L 20-25 vs PHI","-","-","-","-","-","-","-","-","-","-","-","-"
"2332","T. Robinson","T. Robinson","WR","","","Ques","injury-status questionable","BYE","-","-","-","-","-","-","-","-","-","-","-","-"
"2333","A. Torres","A. Torres","TE","","","Ques","injury-status questionable","BYE","-","-","-","-","-","-","-","-","-","-","-","-"
"2334","M. Bernard","M. Bernard","RB","","","","injury-status","BYE","-","-","-","-","-","-","-","-","-","-","-","-"
"2335","B. Bryant","B. Bryant","QB","","","","injury-status","BYE","-","-","-","-","-","-","-","-","-","-","-","-"
"2336","Z. D'Orazio","Z. D'Orazio","WR","","","","injury-status","BYE","-","-","-","-","-","-","-","-","-","-","-","-"
"2337","K. Harper","K. Harper","RB","","","","injury-status","BYE","-","-","-","-","-","-","-","-","-","-","-","-"
"2338","P. Thorne","P. Thorne","QB","","","","injury-status","BYE","-","-","-","-","-","-","-","-","-","-","-","-"
"2339","D. Neal","D. Neal","WR","","","","injury-status","BYE","-","-","-","-","-","-","-","-","-","-","-","-"
"2340","R. Taylor","R. Taylor","WR","","","","injury-status","BYE","-","-","-","-","-","-","-","-","-","-","-","-"
"2341","D. Harper","D. Harper","WR","","","","injury-status","BYE","-","-","-","-","-","-","-","-","-","-","-","-"
"2342","J. Keeney-James","J. Keeney-James","WR","","","","injury-status","BYE","-","-","-","-","-","-","-","-","-","-","-","-"
"2343","R. Hamilton","R. Hamilton","TE","","","","injury-status","BYE","-","-","-","-","-","-","-","-","-","-","-","-"
"2344","C. Fajardo","C. Fajardo","QB","","","","injury-status","BYE","-","-","-","-","-","-","-","-","-","-","-","-"
"2345","R. Owens","R. Owens","WR","","","","injury-status","BYE","-","-","-","-","-","-","-","-","-","-","-","-"
"2346","J. Rumph","J. Rumph","WR","","","","injury-status","BYE","-","-","-","-","-","-","-","-","-","-","-","-"
"2347","Z. Brooks","Z. Brooks","RB","","","","injury-status","BYE","-","-","-","-","-","-","-","-","-","-","-","-"
"2348","P. Mafah","P. Mafah","RB","DAL","10","IR","injury-status ir","Final W 40-0 @ NYG","-","-","-","-","-","-","-","-","-","-","-","-"
"2349","J. Burton","J. Burton","WR","CIN","10","Ques","injury-status questionable","Final L 3-24 @ CLE","-","-","-","-","-","-","-","-","-","-","-","-"
"2350","T. Johnson","T. Johnson","WR","TB","9","","injury-status","Final W 20-17 @ MIN","-","-","-","-","-","-","-","-","-","-","-","-"
"2351","R. Davis","R. Davis","RB","BUF","7","","injury-status","Final L 16-22 @ NYJ","-","-","-","-","-","-","-","-","-","-","-","-"
"2352","B. Cupp","B. Cupp","TE","","","","injury-status","BYE","-","-","-","-","-","-","-","-","-","-","-","-"
"2353","B. Collins","B. Collins","WR","NYG","14","","injury-status","Final L 0-40 vs DAL","-","-","-","-","-","-","-","-","-","-","-","-"
"2354","A. Dennis","A. Dennis","QB","","","","injury-status","BYE","-","-","-","-","-","-","-","-","-","-","-","-"
"2355","C. Stoudt","C. Stoudt","QB","","","","injury-status","BYE","-","-","-","-","-","-","-","-","-","-","-","-"
"2356","B. Green","B. Green","WR","","","","injury-status","BYE","-","-","-","-","-","-","-","-","-","-","-","-"
"2357","I. Washington","I. Washington","WR","","","Ques","injury-status questionable","BYE","-","-","-","-","-","-","-","-","-","-","-","-"
"2358","J. Polk","J. Polk","WR","NE","14","IR","injury-status ir","Final L 20-25 vs PHI","-","-","-","-","-","-","-","-","-","-","-","-"
"2359","A. Marshall","A. Marshall","RB","CLE","9","","injury-status","Final W 24-3 vs CIN","-","-","-","-","-","-","-","-","-","-","-","-"
"2360","W. Sheppard","W. Sheppard","WR","GB","5","","injury-status","Final W 38-20 @ CHI","-","-","-","-","-","-","-","-","-","-","-","-"
"2361","W. Thompson","W. Thompson","QB","","","","injury-status","BYE","-","-","-","-","-","-","-","-","-","-","-","-"
"2362","J. Hawes","J. Hawes","TE","BUF","7","","injury-status","Final L 16-22 @ NYJ","-","-","-","-","-","-","-","-","-","-","-","-"
"2363","J. Wright","J. Wright","RB","MIA","12","Doub","injury-status doubtful","Final W 36-34 @ LAC","-","-","-","-","-","-","-","-","-","-","-","-"
"2364","T. Knue","T. Knue","WR","","","","injury-status","BYE","-","-","-","-","-","-","-","-","-","-","-","-"
"2365","S. Shrader","S. Shrader","K","IND","11","","injury-status","Final L 21-31 vs JAX","-","-","-","-","-","-","-","-","-","-","-","-"
"2366","J. Smith","J. Smith","WR","","","","injury-status","BYE","-","-","-","-","-","-","-","-","-","-","-","-"
"2367","J. Waters","J. Waters","QB","","","","injury-status","BYE","-","-","-","-","-","-","-","-","-","-","-","-"
"2368","H. Mevis","H. Mevis","K","NYJ","9","","injury-status","Final W 22-16 vs BUF","-","-","-","-","-","-","-","-","-","-","-","-"
"2369","G. Oakes","G. Oakes","TE","","","","injury-status","BYE","-","-","-","-","-","-","-","-","-","-","-","-"
"2370","J. Daniels","J. Daniels","QB","WAS","12","","injury-status","Final W 20-16 vs ARI","-","-","-","-","-","-","-","-","-","-","-","-"
"2371","U. Bentley","U. Bentley","RB","IND","11","","injury-status","Final L 21-31 vs JAX","-","-","-","-","-","-","-","-","-","-","-","-"
"2372","B. Bowers","B. Bowers","TE","LV","8","","injury-status","Final W 17-16 @ DEN","-","-","-","-","-","-","-","-","-","-","-","-"
"2373","D. Wallis","D. Wallis","WR","","","","injury-status","BYE","-","-","-","-","-","-","-","-","-","-","-","-"
"2374","B. Heard","B. Heard","RB","","","","injury-status","BYE","-","-","-","-","-","-","-","-","-","-","-","-"
"2375","C. Knox","C. Knox","RB","","","","injury-status","BYE","-","-","-","-","-","-","-","-","-","-","-","-"
"2376","B. Sasser","B. Sasser","WR","","","","injury-status","BYE","-","-","-","-","-","-","-","-","-","-","-","-"
"2377","Q. Ismail","Q. Ismail","WR","NYG","14","","injury-status","Final L 0-40 vs DAL","-","-","-","-","-","-","-","-","-","-","-","-"
"2378","T. Harman","T. Harman","WR","","","","injury-status","BYE","-","-","-","-","-","-","-","-","-","-","-","-"
"2379","S. Pitz","S. Pitz","TE","","","","injury-status","BYE","-","-","-","-","-","-","-","-","-","-","-","-"
"2380","L. Stokes","L. Stokes","TE","","","","injury-status","BYE","-","-","-","-","-","-","-","-","-","-","-","-"
"2381","N. Johnson","N. Johnson","TE","","","","injury-status","BYE","-","-","-","-","-","-","-","-","-","-","-","-"
"2382","C. Burton","C. Burton","TE","","","","injury-status","BYE","-","-","-","-","-","-","-","-","-","-","-","-"
"2383","C. Acosta","C. Acosta","K","","","","injury-status","BYE","-","-","-","-","-","-","-","-","-","-","-","-"
"2384","D. Powell","D. Powell","WR","","","","injury-status","BYE","-","-","-","-","-","-","-","-","-","-","-","-"
"2385","Z. Franklin","Z. Franklin","WR","","","","injury-status","BYE","-","-","-","-","-","-","-","-","-","-","-","-"
"2386","J. Jones","J. Jones","WR","MIN","6","","injury-status","Final L 17-20 vs TB","-","-","-","-","-","-","-","-","-","-","-","-"
"2387","R. Fairweather","R. Fairweather","TE","DAL","10","","injury-status","Final W 40-0 @ NYG","-","-","-","-","-","-","-","-","-","-","-","-"
"2388","B. Watson","B. Watson","RB","","","Ques","injury-status questionable","BYE","-","-","-","-","-","-","-","-","-","-","-","-"
"2389","T. Broden","T. Broden","WR","SEA","8","","injury-status","Final L 13-30 vs LAR","-","-","-","-","-","-","-","-","-","-","-","-"
"2390","K. Lambert-Smith","K. Lambert-Smith","WR","LAC","12","","injury-status","Final L 34-36 vs MIA","-","-","-","-","-","-","-","-","-","-","-","-"
"2391","T. Sheffield","T. Sheffield","WR","","","","injury-status","BYE","-","-","-","-","-","-","-","-","-","-","-","-"
"2392","J. Westover","J. Westover","TE","NE","14","","injury-status","Final L 20-25 vs PHI","-","-","-","-","-","-","-","-","-","-","-","-"
"2393","J. Jackson","J. Jackson","RB","","","","injury-status","BYE","-","-","-","-","-","-","-","-","-","-","-","-"
"2394","C. Collier","C. Collier","RB","LV","8","","injury-status","Final W 17-16 @ DEN","-","-","-","-","-","-","-","-","-","-","-","-"
"2395","J. Milroe","J. Milroe","QB","SEA","8","","injury-status","Final L 13-30 vs LAR","-","-","-","-","-","-","-","-","-","-","-","-"
"2396","D. Bell","D. Bell","K","","","","injury-status","BYE","-","-","-","-","-","-","-","-","-","-","-","-"
"2397","J. Jordan","J. Jordan","RB","HOU","6","","injury-status","Final L 9-25 @ BAL","-","-","-","-","-","-","-","-","-","-","-","-"
"2398","B. Chancellor","B. Chancellor","WR","","","","injury-status","BYE","-","-","-","-","-","-","-","-","-","-","-","-"
"2399","B. Presley","B. Presley","WR","LAR","8","","injury-status","Final W 30-13 @ SEA","-","-","-","-","-","-","-","-","-","-","-","-"
"2400","S. Powell","S. Powell","RB","","","","injury-status","BYE","-","-","-","-","-","-","-","-","-","-","-","-"
"2401","A. Larson","A. Larson","TE","","","","injury-status","BYE","-","-","-","-","-","-","-","-","-","-","-","-"
"2402","J. Galbreath","J. Galbreath","TE","PIT","5","","injury-status","Final L 7-30 vs SF","-","-","-","-","-","-","-","-","-","-","-","-"
"2403","M. DiLiello","M. DiLiello","QB","","","","injury-status","BYE","-","-","-","-","-","-","-","-","-","-","-","-"
"2404","T. Griffin","T. Griffin","WR","","","","injury-status","BYE","-","-","-","-","-","-","-","-","-","-","-","-"
"2405","P. Conroy","P. Conroy","TE","","","","injury-status","BYE","-","-","-","-","-","-","-","-","-","-","-","-"
"2406","E. Frohnapfel","E. Frohnapfel","TE","","","","injury-status","BYE","-","-","-","-","-","-","-","-","-","-","-","-"
"2407","M. Price","M. Price","WR","MIN","6","","injury-status","Final L 17-20 vs TB","-","-","-","-","-","-","-","-","-","-","-","-"
"2408","D. Felton","D. Felton","WR","","","IR","injury-status ir","BYE","-","-","-","-","-","-","-","-","-","-","-","-"
"2409","D. Stoops","D. Stoops","WR","","","Sus","injury-status sus","BYE","-","-","-","-","-","-","-","-","-","-","-","-"
"2410","L. Sefcik","L. Sefcik","TE","","","","injury-status","BYE","-","-","-","-","-","-","-","-","-","-","-","-"
"2411","G. Jackson","G. Jackson","WR","","","","injury-status","BYE","-","-","-","-","-","-","-","-","-","-","-","-"
"2412","K. Lewis","K. Lewis","RB","","","","injury-status","BYE","-","-","-","-","-","-","-","-","-","-","-","-"
"2413","D. Garrison","D. Garrison","TE","","","","injury-status","BYE","-","-","-","-","-","-","-","-","-","-","-","-"
"2414","J. Richardson","J. Richardson","WR","CHI","5","","injury-status","Final L 20-38 vs GB","-","-","-","-","-","-","-","-","-","-","-","-"
"2415","M. Lemonious-Craig","M. Lemonious-Craig","WR","","","Ques","injury-status questionable","BYE","-","-","-","-","-","-","-","-","-","-","-","-"
"2416","S. Ntoh","S. Ntoh","RB","","","","injury-status","BYE","-","-","-","-","-","-","-","-","-","-","-","-"
"2417","J. Foreman","J. Foreman","WR","","","Ques","injury-status questionable","BYE","-","-","-","-","-","-","-","-","-","-","-","-"
"2418","C. Granger","C. Granger","TE","","","Ques","injury-status questionable","BYE","-","-","-","-","-","-","-","-","-","-","-","-"
"2419","B. Ross","B. Ross","RB","","","","injury-status","BYE","-","-","-","-","-","-","-","-","-","-","-","-"
"2420","D. Luckett","D. Luckett","WR","","","","injury-status","BYE","-","-","-","-","-","-","-","-","-","-","-","-"
"2421","R. Flournoy","R. Flournoy","WR","DAL","10","","injury-status","Final W 40-0 @ NYG","-","-","-","-","-","-","-","-","-","-","-","-"
"2422","T. Potts","T. Potts","RB","","","","injury-status","BYE","-","-","-","-","-","-","-","-","-","-","-","-"
"2423","T. Reiman","T. Reiman","TE","ARI","8","","injury-status","Final L 16-20 @ WAS","-","-","-","-","-","-","-","-","-","-","-","-"
"2424","A. Asante","A. Asante","WR","","","","injury-status","BYE","-","-","-","-","-","-","-","-","-","-","-","-"
"2425","J. Cephus","J. Cephus","WR","JAX","8","IR","injury-status ir","Final W 31-21 @ IND","-","-","-","-","-","-","-","-","-","-","-","-"
"2426","J. Hunter","J. Hunter","RB","LAR","8","","injury-status","Final W 30-13 @ SEA","-","-","-","-","-","-","-","-","-","-","-","-"
"2427","J. Lovelocke","J. Lovelocke","QB","","","","injury-status","BYE","-","-","-","-","-","-","-","-","-","-","-","-"
"2428","D. Williams","D. Williams","RB","","","Ques","injury-status questionable","BYE","-","-","-","-","-","-","-","-","-","-","-","-"
"2429","R. Jefferson","R. Jefferson","RB","","","","injury-status","BYE","-","-","-","-","-","-","-","-","-","-","-","-"
"2430","J. Reese","J. Reese","WR","","","","injury-status","BYE","-","-","-","-","-","-","-","-","-","-","-","-"
"2431","K. Hill","K. Hill","RB","","","","injury-status","BYE","-","-","-","-","-","-","-","-","-","-","-","-"
"2432","C. Williams","C. Williams","QB","CHI","5","","injury-status","Final L 20-38 vs GB","-","-","-","-","-","-","-","-","-","-","-","-"
"2433","J. Sirmon","J. Sirmon","QB","","","","injury-status","BYE","-","-","-","-","-","-","-","-","-","-","-","-"
"2434","J. Bergen","J. Bergen","WR","SF","14","","injury-status","Final W 30-7 @ PIT","-","-","-","-","-","-","-","-","-","-","-","-"
"2435","X. Johnson","X. Johnson","WR","","","Ques","injury-status questionable","BYE","-","-","-","-","-","-","-","-","-","-","-","-"
"2436","S. Hartman","S. Hartman","QB","WAS","12","","injury-status","Final W 20-16 vs ARI","-","-","-","-","-","-","-","-","-","-","-","-"
"2437","L. Grimm","L. Grimm","WR","LAC","12","","injury-status","Final L 34-36 vs MIA","-","-","-","-","-","-","-","-","-","-","-","-"
"2438","D. Johnson","D. Johnson","WR","","","","injury-status","BYE","-","-","-","-","-","-","-","-","-","-","-","-"
"2439","L. Benson","L. Benson","TE","","","","injury-status","BYE","-","-","-","-","-","-","-","-","-","-","-","-"
"2440","T. Mordecai","T. Mordecai","QB","","","IR","injury-status ir","BYE","-","-","-","-","-","-","-","-","-","-","-","-"
"2441","T. Jones","T. Jones","WR","","","","injury-status","BYE","-","-","-","-","-","-","-","-","-","-","-","-"
"2442","T. Loop","T. Loop","K","BAL","7","","injury-status","Final W 25-9 vs HOU","-","-","-","-","-","-","-","-","-","-","-","-"
"2443","T. Jennings","T. Jennings","RB","NE","14","","injury-status","Final L 20-25 vs PHI","-","-","-","-","-","-","-","-","-","-","-","-"
"2444","B. Means","B. Means","WR","NO","11","IR","injury-status ir","Final W 16-15 vs TEN","-","-","-","-","-","-","-","-","-","-","-","-"
"2445","J. Lee","J. Lee","WR","","","","injury-status","BYE","-","-","-","-","-","-","-","-","-","-","-","-"
"2446","J. Lunsford","J. Lunsford","K","","","","injury-status","BYE","-","-","-","-","-","-","-","-","-","-","-","-"
"2447","J. Turner","J. Turner","K","","","","injury-status","BYE","-","-","-","-","-","-","-","-","-","-","-","-"
"2448","J. Simon","J. Simon","TE","ATL","5","","injury-status","Final W 24-10 vs CAR","-","-","-","-","-","-","-","-","-","-","-","-"
"2449","L. Keys","L. Keys","WR","","","Ques","injury-status questionable","BYE","-","-","-","-","-","-","-","-","-","-","-","-"
"2450","A. Squirewell","A. Squirewell","RB","","","","injury-status","BYE","-","-","-","-","-","-","-","-","-","-","-","-"
"2451","M. Stepp","M. Stepp","RB","","","Ques","injury-status questionable","BYE","-","-","-","-","-","-","-","-","-","-","-","-"
"2452","K. Rowan","K. Rowan","WR","","","","injury-status","BYE","-","-","-","-","-","-","-","-","-","-","-","-"
"2453","J. Karty","J. Karty","K","LAR","8","","injury-status","Final W 30-13 @ SEA","-","-","-","-","-","-","-","-","-","-","-","-"
"2454","R. Scheuerman","R. Scheuerman","RB","","","","injury-status","BYE","-","-","-","-","-","-","-","-","-","-","-","-"
"2455","D. Vele","D. Vele","WR","NO","11","","injury-status","Final W 16-15 vs TEN","-","-","-","-","-","-","-","-","-","-","-","-"
"2456","C. Jackson","C. Jackson","WR","SEA","8","","injury-status","Final L 13-30 vs LAR","-","-","-","-","-","-","-","-","-","-","-","-"
"2457","M. Rosemy-Jacksaint","M. Rosemy-Jacksaint","WR","","","","injury-status","BYE","-","-","-","-","-","-","-","-","-","-","-","-"
"2458","B. Bennett","B. Bennett","QB","","","","injury-status","BYE","-","-","-","-","-","-","-","-","-","-","-","-"
"2459","C. Runyon","C. Runyon","TE","LV","8","","injury-status","Final W 17-16 @ DEN","-","-","-","-","-","-","-","-","-","-","-","-"
"2460","C. Bradley","C. Bradley","QB","","","IR","injury-status ir","BYE","-","-","-","-","-","-","-","-","-","-","-","-"
"2461","M. Wiley","M. Wiley","RB","","","","injury-status","BYE","-","-","-","-","-","-","-","-","-","-","-","-"
"2462","K. Robichaux","K. Robichaux","RB","DET","8","IR","injury-status ir","Final W 21-20 @ KC","-","-","-","-","-","-","-","-","-","-","-","-"
"2463","J. Hunt","J. Hunt","WR","","","","injury-status","BYE","-","-","-","-","-","-","-","-","-","-","-","-"
"2464","L. Lundy","L. Lundy","RB","","","","injury-status","BYE","-","-","-","-","-","-","-","-","-","-","-","-"
"2465","M. Wittek","M. Wittek","QB","","","","injury-status","BYE","-","-","-","-","-","-","-","-","-","-","-","-"
"2466","K. Robinson","K. Robinson","RB","","","","injury-status","BYE","-","-","-","-","-","-","-","-","-","-","-","-"
"2467","J. Plummer","J. Plummer","QB","","","","injury-status","BYE","-","-","-","-","-","-","-","-","-","-","-","-"
"2468","G. Porter","G. Porter","WR","","","","injury-status","BYE","-","-","-","-","-","-","-","-","-","-","-","-"
"2469","H. Fannin","H. Fannin","TE","CLE","9","","injury-status","Final W 24-3 vs CIN","-","-","-","-","-","-","-","-","-","-","-","-"
"2470","J. Janke","J. Janke","WR","","","Ques","injury-status questionable","BYE","-","-","-","-","-","-","-","-","-","-","-","-"
"2471","I. Umodu","I. Umodu","WR","","","","injury-status","BYE","-","-","-","-","-","-","-","-","-","-","-","-"
"2472","L. Allen","L. Allen","RB","JAX","8","","injury-status","Final W 31-21 @ IND","-","-","-","-","-","-","-","-","-","-","-","-"
"2473","D. Martin-Robinson","D. Martin-Robinson","TE","TEN","10","","injury-status","Final L 15-16 @ NO","-","-","-","-","-","-","-","-","-","-","-","-"
"2474","K. Mullings","K. Mullings","RB","TEN","10","Ques","injury-status questionable","Final L 15-16 @ NO","-","-","-","-","-","-","-","-","-","-","-","-"
"2475","A. Gould","A. Gould","WR","IND","11","","injury-status","Final L 21-31 vs JAX","-","-","-","-","-","-","-","-","-","-","-","-"
"2476","Q. Skinner","Q. Skinner","WR","NYJ","9","","injury-status","Final W 22-16 vs BUF","-","-","-","-","-","-","-","-","-","-","-","-"
"2477","T. Harrell","T. Harrell","WR","","","","injury-status","BYE","-","-","-","-","-","-","-","-","-","-","-","-"
"2478","J. Meeks","J. Meeks","WR","DET","8","","injury-status","Final W 21-20 @ KC","-","-","-","-","-","-","-","-","-","-","-","-"
"2479","B. Rice","B. Rice","WR","","","","injury-status","BYE","-","-","-","-","-","-","-","-","-","-","-","-"
"2480","D. Davis","D. Davis","WR","","","","injury-status","BYE","-","-","-","-","-","-","-","-","-","-","-","-"
"2481","B. Gardner","B. Gardner","TE","","","","injury-status","BYE","-","-","-","-","-","-","-","-","-","-","-","-"
"2482","J. James","J. James","RB","SF","14","IR","injury-status ir","Final W 30-7 @ PIT","-","-","-","-","-","-","-","-","-","-","-","-"
"2483","D. Giddens","D. Giddens","RB","IND","11","","injury-status","Final L 21-31 vs JAX","-","-","-","-","-","-","-","-","-","-","-","-"
"2484","M. Hull","M. Hull","WR","","","","injury-status","BYE","-","-","-","-","-","-","-","-","-","-","-","-"
"2485","T. Washington","T. Washington","WR","MIA","12","","injury-status","Final W 36-34 @ LAC","-","-","-","-","-","-","-","-","-","-","-","-"
"2486","D. Mahina","D. Mahina","TE","","","","injury-status","BYE","-","-","-","-","-","-","-","-","-","-","-","-"
"2487","H. Rucci","H. Rucci","TE","MIA","12","","injury-status","Final W 36-34 @ LAC","-","-","-","-","-","-","-","-","-","-","-","-"
"2488","A. Mitchell","A. Mitchell","WR","IND","11","","injury-status","Final L 21-31 vs JAX","-","-","-","-","-","-","-","-","-","-","-","-"
"2489","A. Landphere","A. Landphere","TE","","","","injury-status","BYE","-","-","-","-","-","-","-","-","-","-","-","-"
"2490","D. Dabney","D. Dabney","TE","","","","injury-status","BYE","-","-","-","-","-","-","-","-","-","-","-","-"
"2491","W. Wright","W. Wright","WR","","","","injury-status","BYE","-","-","-","-","-","-","-","-","-","-","-","-"
"2492","D. Johnson","D. Johnson","RB","","","","injury-status","BYE","-","-","-","-","-","-","-","-","-","-","-","-"
"2493","H. Hatten","H. Hatten","WR","","","","injury-status","BYE","-","-","-","-","-","-","-","-","-","-","-","-"
"2494","I. Bond","I. Bond","WR","CLE","9","","injury-status","Final W 24-3 vs CIN","-","-","-","-","-","-","-","-","-","-","-","-"
"2495","X. Wade","X. Wade","WR","","","","injury-status","BYE","-","-","-","-","-","-","-","-","-","-","-","-"
"2496","T. Steelman","T. Steelman","WR","","","","injury-status","BYE","-","-","-","-","-","-","-","-","-","-","-","-"
"2497","J. Blue","J. Blue","WR","","","","injury-status","BYE","-","-","-","-","-","-","-","-","-","-","-","-"
"2498","A. Borregales","A. Borregales","K","NE","14","","injury-status","Final L 20-25 vs PHI","-","-","-","-","-","-","-","-","-","-","-","-"
"2499","I. Rex","I. Rex","TE","","","","injury-status","BYE","-","-","-","-","-","-","-","-","-","-","-","-"
"2500","J. Sanders","J. Sanders","TE","CAR","14","","injury-status","Final L 10-24 @ ATL","-","-","-","-","-","-","-","-","-","-","-","-"
"2501","M. Weisman","M. Weisman","RB","","","","injury-status","BYE","-","-","-","-","-","-","-","-","-","-","-","-"
"2502","J. Kim","J. Kim","K","","","","injury-status","BYE","-","-","-","-","-","-","-","-","-","-","-","-"
"2503","C. Yankoff","C. Yankoff","TE","WAS","12","","injury-status","Final W 20-16 vs ARI","-","-","-","-","-","-","-","-","-","-","-","-"
"2504","L. Victor","L. Victor","WR","","","","injury-status","BYE","-","-","-","-","-","-","-","-","-","-","-","-"
"2505","C. Johnson","C. Johnson","WR","","","","injury-status","BYE","-","-","-","-","-","-","-","-","-","-","-","-"
"2506","J. Higgins","J. Higgins","WR","HOU","6","","injury-status","Final L 9-25 @ BAL","-","-","-","-","-","-","-","-","-","-","-","-"
"2507","J. Jackson","J. Jackson","RB","JAX","8","","injury-status","Final W 31-21 @ IND","-","-","-","-","-","-","-","-","-","-","-","-"
"2508","E. Arroyo","E. Arroyo","TE","SEA","8","","injury-status","Final L 13-30 vs LAR","-","-","-","-","-","-","-","-","-","-","-","-"
"2509","X. Restrepo","X. Restrepo","WR","TEN","10","","injury-status","Final L 15-16 @ NO","-","-","-","-","-","-","-","-","-","-","-","-"
"2510","B. Wooldridge","B. Wooldridge","QB","","","","injury-status","BYE","-","-","-","-","-","-","-","-","-","-","-","-"
"2511","Q. Ewers","Q. Ewers","QB","MIA","12","","injury-status","Final W 36-34 @ LAC","-","-","-","-","-","-","-","-","-","-","-","-"
"2512","L. Lachey","L. Lachey","TE","HOU","6","","injury-status","Final L 9-25 @ BAL","-","-","-","-","-","-","-","-","-","-","-","-"
"2513","B. Sauls","B. Sauls","K","","","","injury-status","BYE","-","-","-","-","-","-","-","-","-","-","-","-"
"2514","J. Briningstool","J. Briningstool","TE","KC","10","IR","injury-status ir","Final L 20-21 vs DET","-","-","-","-","-","-","-","-","-","-","-","-"
"2515","F. Gore","F. Gore","RB","BUF","7","","injury-status","Final L 16-22 @ NYJ","-","-","-","-","-","-","-","-","-","-","-","-"
"2516","Z. Heins","Z. Heins","TE","","","","injury-status","BYE","-","-","-","-","-","-","-","-","-","-","-","-"
"2517","K. Coleman","K. Coleman","WR","BUF","7","","injury-status","Final L 16-22 @ NYJ","-","-","-","-","-","-","-","-","-","-","-","-"
"2518","C. Steele","C. Steele","RB","KC","10","","injury-status","Final L 20-21 vs DET","-","-","-","-","-","-","-","-","-","-","-","-"
"2519","X. Legette","X. Legette","WR","CAR","14","","injury-status","Final L 10-24 @ ATL","-","-","-","-","-","-","-","-","-","-","-","-"
"2520","K. McCord","K. McCord","QB","PHI","9","","injury-status","Final W 25-20 @ NE","-","-","-","-","-","-","-","-","-","-","-","-"
"2521","C. Suits","C. Suits","QB","","","","injury-status","BYE","-","-","-","-","-","-","-","-","-","-","-","-"
"2522","S. Rattler","S. Rattler","QB","NO","11","","injury-status","Final W 16-15 vs TEN","-","-","-","-","-","-","-","-","-","-","-","-"
"2523","S. Vaki","S. Vaki","RB","DET","8","","injury-status","Final W 21-20 @ KC","-","-","-","-","-","-","-","-","-","-","-","-"
"2524","D. Gabriel","D. Gabriel","QB","CLE","9","","injury-status","Final W 24-3 vs CIN","-","-","-","-","-","-","-","-","-","-","-","-"
"2525","C. Miller","C. Miller","QB","LV","8","","injury-status","Final W 17-16 @ DEN","-","-","-","-","-","-","-","-","-","-","-","-"
"2526","T. Wease","T. Wease","WR","MIA","12","","injury-status","Final W 36-34 @ LAC","-","-","-","-","-","-","-","-","-","-","-","-"
"2527","D. Aultman","D. Aultman","WR","","","","injury-status","BYE","-","-","-","-","-","-","-","-","-","-","-","-"
"2528","J. Baker","J. Baker","WR","PHI","9","","injury-status","Final W 25-20 @ NE","-","-","-","-","-","-","-","-","-","-","-","-"
"2529","M. Dixon","M. Dixon","WR","","","","injury-status","BYE","-","-","-","-","-","-","-","-","-","-","-","-"
"2530","G. Mertz","G. Mertz","QB","HOU","6","","injury-status","Final L 9-25 @ BAL","-","-","-","-","-","-","-","-","-","-","-","-"
"2531","M. Epps","M. Epps","TE","","","","injury-status","BYE","-","-","-","-","-","-","-","-","-","-","-","-"
"2532","D. Edwards","D. Edwards","RB","","","","injury-status","BYE","-","-","-","-","-","-","-","-","-","-","-","-"
"2533","K. Williams","K. Williams","WR","NE","14","Ques","injury-status questionable","Final L 20-25 vs PHI","-","-","-","-","-","-","-","-","-","-","-","-"
"2534","L. Deal","L. Deal","TE","","","Ques","injury-status questionable","BYE","-","-","-","-","-","-","-","-","-","-","-","-"
"2535","J. Bean","J. Bean","QB","","","","injury-status","BYE","-","-","-","-","-","-","-","-","-","-","-","-"
"2536","L. Johnson","L. Johnson","WR","","","","injury-status","BYE","-","-","-","-","-","-","-","-","-","-","-","-"
"2537","A. Barner","A. Barner","TE","SEA","8","","injury-status","Final L 13-30 vs LAR","-","-","-","-","-","-","-","-","-","-","-","-"
"2538","M. Van Vooren","M. Van Vooren","WR","","","","injury-status","BYE","-","-","-","-","-","-","-","-","-","-","-","-"
"2539","J. Whittington","J. Whittington","WR","LAR","8","","injury-status","Final W 30-13 @ SEA","-","-","-","-","-","-","-","-","-","-","-","-"
"2540","M. Dyer","M. Dyer","RB","","","","injury-status","BYE","-","-","-","-","-","-","-","-","-","-","-","-"
"2541","T. Neville","T. Neville","TE","","","","injury-status","BYE","-","-","-","-","-","-","-","-","-","-","-","-"
"2542","R. Brown","R. Brown","WR","","","","injury-status","BYE","-","-","-","-","-","-","-","-","-","-","-","-"
"2543","C. Skattebo","C. Skattebo","RB","NYG","14","","injury-status","Final L 0-40 vs DAL","-","-","-","-","-","-","-","-","-","-","-","-"
"2544","L. Toafili","L. Toafili","RB","","","","injury-status","BYE","-","-","-","-","-","-","-","-","-","-","-","-"
"2545","M. Taylor","M. Taylor","TE","NYJ","9","","injury-status","Final W 22-16 vs BUF","-","-","-","-","-","-","-","-","-","-","-","-"
"2546","J. Coker","J. Coker","WR","CAR","14","IR","injury-status ir","Final L 10-24 @ ATL","-","-","-","-","-","-","-","-","-","-","-","-"
"2547","A. Henning","A. Henning","WR","MIA","12","","injury-status","Final W 36-34 @ LAC","-","-","-","-","-","-","-","-","-","-","-","-"
"2548","R. Sanders","R. Sanders","RB","CLE","9","","injury-status","Final W 24-3 vs CIN","-","-","-","-","-","-","-","-","-","-","-","-"
"2549","S. Evans","S. Evans","RB","","","","injury-status","BYE","-","-","-","-","-","-","-","-","-","-","-","-"
"2550","A. Smith","A. Smith","WR","CAR","14","","injury-status","Final L 10-24 @ ATL","-","-","-","-","-","-","-","-","-","-","-","-"
"2551","C. Burgess","C. Burgess","WR","","","","injury-status","BYE","-","-","-","-","-","-","-","-","-","-","-","-"
"2552","J. McClellan","J. McClellan","RB","","","","injury-status","BYE","-","-","-","-","-","-","-","-","-","-","-","-"
"2553","J. Jones","J. Jones","WR","WAS","12","","injury-status","Final W 20-16 vs ARI","-","-","-","-","-","-","-","-","-","-","-","-"
"2554","K. Doe","K. Doe","WR","","","","injury-status","BYE","-","-","-","-","-","-","-","-","-","-","-","-"
"2555","G. Helm","G. Helm","TE","TEN","10","","injury-status","Final L 15-16 @ NO","-","-","-","-","-","-","-","-","-","-","-","-"
"2556","J. Reed","J. Reed","WR","CAR","14","","injury-status","Final L 10-24 @ ATL","-","-","-","-","-","-","-","-","-","-","-","-"
"2557","C. Prieskorn","C. Prieskorn","TE","","","","injury-status","BYE","-","-","-","-","-","-","-","-","-","-","-","-"
"2558","J. Tukes","J. Tukes","TE","","","","injury-status","BYE","-","-","-","-","-","-","-","-","-","-","-","-"
"2559","I. Ferguson","I. Ferguson","WR","","","","injury-status","BYE","-","-","-","-","-","-","-","-","-","-","-","-"
"2560","D. Light","D. Light","TE","","","","injury-status","BYE","-","-","-","-","-","-","-","-","-","-","-","-"
"2561","D. Sampson","D. Sampson","RB","CLE","9","","injury-status","Final W 24-3 vs CIN","-","-","-","-","-","-","-","-","-","-","-","-"
"2562","T. Horton","T. Horton","WR","SEA","8","Ques","injury-status questionable","Final L 13-30 vs LAR","-","-","-","-","-","-","-","-","-","-","-","-"
"2563","J. Brooks","J. Brooks","RB","CAR","14","PUP","injury-status pup","Final L 10-24 @ ATL","-","-","-","-","-","-","-","-","-","-","-","-"
"2564","D. Cooper","D. Cooper","WR","PHI","9","","injury-status","Final W 25-20 @ NE","-","-","-","-","-","-","-","-","-","-","-","-"
"2565","M. Mang","M. Mang","TE","IND","11","","injury-status","Final L 21-31 vs JAX","-","-","-","-","-","-","-","-","-","-","-","-"
"2566","A. Stogner","A. Stogner","TE","","","","injury-status","BYE","-","-","-","-","-","-","-","-","-","-","-","-"
"2567","B. Thomas","B. Thomas","WR","JAX","8","","injury-status","Final W 31-21 @ IND","-","-","-","-","-","-","-","-","-","-","-","-"
"2568","N. Cain","N. Cain","RB","","","","injury-status","BYE","-","-","-","-","-","-","-","-","-","-","-","-"
"2569","G. Larvadain","G. Larvadain","WR","CLE","9","","injury-status","Final W 24-3 vs CIN","-","-","-","-","-","-","-","-","-","-","-","-"
"2570","R. Seale","R. Seale","RB","","","","injury-status","BYE","-","-","-","-","-","-","-","-","-","-","-","-"
"2571","D. Reeves","D. Reeves","TE","","","","injury-status","BYE","-","-","-","-","-","-","-","-","-","-","-","-"
"2572","C. Worthy","C. Worthy","WR","","","","injury-status","BYE","-","-","-","-","-","-","-","-","-","-","-","-"
"2573","M. Swinson","M. Swinson","TE","","","","injury-status","BYE","-","-","-","-","-","-","-","-","-","-","-","-"
"2574","J. Howard","J. Howard","RB","","","Ques","injury-status questionable","BYE","-","-","-","-","-","-","-","-","-","-","-","-"
"2575","K. Monangai","K. Monangai","RB","CHI","5","Ques","injury-status questionable","Final L 20-38 vs GB","-","-","-","-","-","-","-","-","-","-","-","-"
"2576","R. Ali","R. Ali","RB","BAL","7","","injury-status","Final W 25-9 vs HOU","-","-","-","-","-","-","-","-","-","-","-","-"
"2577","J. Johnson","J. Johnson","WR","","","Ques","injury-status questionable","BYE","-","-","-","-","-","-","-","-","-","-","-","-"
"2578","C. Dippre","C. Dippre","TE","NE","14","","injury-status","Final L 20-25 vs PHI","-","-","-","-","-","-","-","-","-","-","-","-"
"2579","D. Rodriguez","D. Rodriguez","WR","","","","injury-status","BYE","-","-","-","-","-","-","-","-","-","-","-","-"
"2580","C. Theaker","C. Theaker","K","","","","injury-status","BYE","-","-","-","-","-","-","-","-","-","-","-","-"
"2581","S. Bowman","S. Bowman","TE","","","","injury-status","BYE","-","-","-","-","-","-","-","-","-","-","-","-"
"2582","B. Nix","B. Nix","QB","DEN","12","","injury-status","Final L 16-17 vs LV","-","-","-","-","-","-","-","-","-","-","-","-"
"2583","T. Palmer","T. Palmer","WR","ARI","8","","injury-status","Final L 16-20 @ WAS","-","-","-","-","-","-","-","-","-","-","-","-"
"2584","J. Hayek","J. Hayek","WR","","","","injury-status","BYE","-","-","-","-","-","-","-","-","-","-","-","-"
"2585","B. Yurosek","B. Yurosek","TE","MIN","6","","injury-status","Final L 17-20 vs TB","-","-","-","-","-","-","-","-","-","-","-","-"
"2586","T. Edwards","T. Edwards","WR","LAR","8","","injury-status","Final W 30-13 @ SEA","-","-","-","-","-","-","-","-","-","-","-","-"
"2587","J. Lockhart","J. Lockhart","WR","","","Ques","injury-status questionable","BYE","-","-","-","-","-","-","-","-","-","-","-","-"
"2588","E. Young","E. Young","RB","","","","injury-status","BYE","-","-","-","-","-","-","-","-","-","-","-","-"
"2589","S. Brown","S. Brown","WR","","","","injury-status","BYE","-","-","-","-","-","-","-","-","-","-","-","-"
"2590","T. McMillan","T. McMillan","WR","CAR","14","Ques","injury-status questionable","Final L 10-24 @ ATL","-","-","-","-","-","-","-","-","-","-","-","-"
"2591","S. Wiglusz","S. Wiglusz","WR","","","","injury-status","BYE","-","-","-","-","-","-","-","-","-","-","-","-"
"2592","P. Bryant","P. Bryant","WR","DEN","12","","injury-status","Final L 16-17 vs LV","-","-","-","-","-","-","-","-","-","-","-","-"
"2593","B. Corrales","B. Corrales","WR","","","","injury-status","BYE","-","-","-","-","-","-","-","-","-","-","-","-"
"2594","J. Noel","J. Noel","WR","HOU","6","","injury-status","Final L 9-25 @ BAL","-","-","-","-","-","-","-","-","-","-","-","-"
"2595","K. Jackson","K. Jackson","WR","","","","injury-status","BYE","-","-","-","-","-","-","-","-","-","-","-","-"
"2596","J. Gill","J. Gill","WR","","","Ques","injury-status questionable","BYE","-","-","-","-","-","-","-","-","-","-","-","-"
"2597","J. Waters","J. Waters","RB","","","","injury-status","BYE","-","-","-","-","-","-","-","-","-","-","-","-"
"2598","B. Cook","B. Cook","QB","NYJ","9","","injury-status","Final W 22-16 vs BUF","-","-","-","-","-","-","-","-","-","-","-","-"
"2599","M. Lloyd","M. Lloyd","RB","GB","5","IR","injury-status ir","Final W 38-20 @ CHI","-","-","-","-","-","-","-","-","-","-","-","-"
"2600","L. Lingard","L. Lingard","RB","","","","injury-status","BYE","-","-","-","-","-","-","-","-","-","-","-","-"
"2601","A. Tyus","A. Tyus","RB","","","","injury-status","BYE","-","-","-","-","-","-","-","-","-","-","-","-"
"2602","K. Mumpfield","K. Mumpfield","WR","LAR","8","","injury-status","Final W 30-13 @ SEA","-","-","-","-","-","-","-","-","-","-","-","-"
"2603","L. Kilgore","L. Kilgore","QB","","","","injury-status","BYE","-","-","-","-","-","-","-","-","-","-","-","-"
"2604","D. Uiagalelei","D. Uiagalelei","QB","LAC","12","","injury-status","Final L 34-36 vs MIA","-","-","-","-","-","-","-","-","-","-","-","-"
"2605","C. Owen","C. Owen","WR","IND","11","","injury-status","Final L 21-31 vs JAX","-","-","-","-","-","-","-","-","-","-","-","-"
"2606","J. Bell","J. Bell","TE","","","","injury-status","BYE","-","-","-","-","-","-","-","-","-","-","-","-"
"2607","D. Lassiter","D. Lassiter","WR","","","","injury-status","BYE","-","-","-","-","-","-","-","-","-","-","-","-"
"2608","J. Kibodi","J. Kibodi","RB","","","","injury-status","BYE","-","-","-","-","-","-","-","-","-","-","-","-"
"2609","N. McCollum","N. McCollum","WR","","","","injury-status","BYE","-","-","-","-","-","-","-","-","-","-","-","-"
"2610","D. Martinez","D. Martinez","RB","SEA","8","","injury-status","Final L 13-30 vs LAR","-","-","-","-","-","-","-","-","-","-","-","-"
"2611","C. Grandy","C. Grandy","TE","CIN","10","","injury-status","Final L 3-24 @ CLE","-","-","-","-","-","-","-","-","-","-","-","-"
"2612","J. Moussa","J. Moussa","QB","","","","injury-status","BYE","-","-","-","-","-","-","-","-","-","-","-","-"
"2613","J. Jiles","J. Jiles","WR","NE","14","","injury-status","Final L 20-25 vs PHI","-","-","-","-","-","-","-","-","-","-","-","-"
"2614","G. Watson","G. Watson","QB","","","","injury-status","BYE","-","-","-","-","-","-","-","-","-","-","-","-"
"2615","K. Johnson","K. Johnson","WR","","","","injury-status","BYE","-","-","-","-","-","-","-","-","-","-","-","-"
"2616","D. Reaves","D. Reaves","WR","","","","injury-status","BYE","-","-","-","-","-","-","-","-","-","-","-","-"
"2617","J. Webb","J. Webb","WR","NE","14","","injury-status","Final L 20-25 vs PHI","-","-","-","-","-","-","-","-","-","-","-","-"
"2618","D. Leonard","D. Leonard","TE","","","","injury-status","BYE","-","-","-","-","-","-","-","-","-","-","-","-"
"2619","J. Watkins","J. Watkins","WR","SF","14","Ques","injury-status questionable","Final W 30-7 @ PIT","-","-","-","-","-","-","-","-","-","-","-","-"
"2620","Q. Judkins","Q. Judkins","RB","CLE","9","","injury-status","Final W 24-3 vs CIN","-","-","-","-","-","-","-","-","-","-","-","-"
"2621","B. Spann-Ford","B. Spann-Ford","TE","DAL","10","","injury-status","Final W 40-0 @ NYG","-","-","-","-","-","-","-","-","-","-","-","-"
"2622","K. Horton","K. Horton","WR","","","","injury-status","BYE","-","-","-","-","-","-","-","-","-","-","-","-"
"2623","D. Lovett","D. Lovett","WR","DET","8","","injury-status","Final W 21-20 @ KC","-","-","-","-","-","-","-","-","-","-","-","-"
"2624","L. Webb","L. Webb","RB","","","","injury-status","BYE","-","-","-","-","-","-","-","-","-","-","-","-"
"2625","G. Lutman","G. Lutman","WR","","","","injury-status","BYE","-","-","-","-","-","-","-","-","-","-","-","-"
"2626","D. Thornton","D. Thornton","WR","LV","8","","injury-status","Final W 17-16 @ DEN","-","-","-","-","-","-","-","-","-","-","-","-"
"2627","T. Franks","T. Franks","RB","","","","injury-status","BYE","-","-","-","-","-","-","-","-","-","-","-","-"
"2628","N. Peat","N. Peat","RB","","","","injury-status","BYE","-","-","-","-","-","-","-","-","-","-","-","-"
"2629","A. Robbins","A. Robbins","RB","","","","injury-status","BYE","-","-","-","-","-","-","-","-","-","-","-","-"
"2630","C. Smyth","C. Smyth","K","NO","11","","injury-status","Final W 16-15 vs TEN","-","-","-","-","-","-","-","-","-","-","-","-"
"2631","S. Klotz","S. Klotz","TE","","","","injury-status","BYE","-","-","-","-","-","-","-","-","-","-","-","-"
"2632","L. Larison","L. Larison","RB","NE","14","IR","injury-status ir","Final L 20-25 vs PHI","-","-","-","-","-","-","-","-","-","-","-","-"
"2633","A. Carlisle","A. Carlisle","WR","","","","injury-status","BYE","-","-","-","-","-","-","-","-","-","-","-","-"
"2634","J. Davis","J. Davis","WR","","","","injury-status","BYE","-","-","-","-","-","-","-","-","-","-","-","-"
"2635","D. Stanley","D. Stanley","WR","","","","injury-status","BYE","-","-","-","-","-","-","-","-","-","-","-","-"
"2636","A. Smith","A. Smith","WR","NYJ","9","","injury-status","Final W 22-16 vs BUF","-","-","-","-","-","-","-","-","-","-","-","-"
"2637","J. Jackson","J. Jackson","WR","","","","injury-status","BYE","-","-","-","-","-","-","-","-","-","-","-","-"
"2638","Q. Jones","Q. Jones","RB","","","","injury-status","BYE","-","-","-","-","-","-","-","-","-","-","-","-"
"2639","D. Thomas-Jones","D. Thomas-Jones","TE","","","","injury-status","BYE","-","-","-","-","-","-","-","-","-","-","-","-"
"2640","R. Starkey","R. Starkey","WR","","","Ques","injury-status questionable","BYE","-","-","-","-","-","-","-","-","-","-","-","-"
"2641","T. Etienne","T. Etienne","RB","CAR","14","","injury-status","Final L 10-24 @ ATL","-","-","-","-","-","-","-","-","-","-","-","-"
"2642","J. Wiley","J. Wiley","TE","KC","10","","injury-status","Final L 20-21 vs DET","-","-","-","-","-","-","-","-","-","-","-","-"
"2643","K. Rourke","K. Rourke","QB","SF","14","PUP","injury-status pup","Final W 30-7 @ PIT","-","-","-","-","-","-","-","-","-","-","-","-"
"2644","J. Strong","J. Strong","RB","","","","injury-status","BYE","-","-","-","-","-","-","-","-","-","-","-","-"
"2645","D. Leary","D. Leary","QB","","","","injury-status","BYE","-","-","-","-","-","-","-","-","-","-","-","-"
"2646","J. Coker","J. Coker","QB","","","","injury-status","BYE","-","-","-","-","-","-","-","-","-","-","-","-"
"2647","M. Lang","M. Lang","TE","","","","injury-status","BYE","-","-","-","-","-","-","-","-","-","-","-","-"
"2648","M. Harrison","M. Harrison","WR","ARI","8","","injury-status","Final L 16-20 @ WAS","-","-","-","-","-","-","-","-","-","-","-","-"
"2649","R. Jones","R. Jones","RB","","","","injury-status","BYE","-","-","-","-","-","-","-","-","-","-","-","-"
"2650","M. Matavao","M. Matavao","TE","NO","11","","injury-status","Final W 16-15 vs TEN","-","-","-","-","-","-","-","-","-","-","-","-"
"2651","C. Autman-Bell","C. Autman-Bell","WR","","","","injury-status","BYE","-","-","-","-","-","-","-","-","-","-","-","-"
"2652","K. Taylor","K. Taylor","TE","","","","injury-status","BYE","-","-","-","-","-","-","-","-","-","-","-","-"
"2653","T. Flanders","T. Flanders","RB","","","","injury-status","BYE","-","-","-","-","-","-","-","-","-","-","-","-"
"2654","C. Little","C. Little","K","JAX","8","","injury-status","Final W 31-21 @ IND","-","-","-","-","-","-","-","-","-","-","-","-"
"2655","J. Terrell","J. Terrell","RB","","","","injury-status","BYE","-","-","-","-","-","-","-","-","-","-","-","-"
"2656","J. White","J. White","RB","","","Ques","injury-status questionable","BYE","-","-","-","-","-","-","-","-","-","-","-","-"
"2657","T. Knox","T. Knox","TE","","","Ques","injury-status questionable","BYE","-","-","-","-","-","-","-","-","-","-","-","-"
"2658","J. Harris","J. Harris","WR","","","","injury-status","BYE","-","-","-","-","-","-","-","-","-","-","-","-"
"2659","J. Shirden","J. Shirden","RB","","","","injury-status","BYE","-","-","-","-","-","-","-","-","-","-","-","-"
"2660","O. Cardenas","O. Cardenas","TE","","","","injury-status","BYE","-","-","-","-","-","-","-","-","-","-","-","-"
"2661","J. Bech","J. Bech","WR","LV","8","","injury-status","Final W 17-16 @ DEN","-","-","-","-","-","-","-","-","-","-","-","-"
"2662","Q. Bundrage","Q. Bundrage","WR","","","","injury-status","BYE","-","-","-","-","-","-","-","-","-","-","-","-"
"2663","T. Taua","T. Taua","RB","","","","injury-status","BYE","-","-","-","-","-","-","-","-","-","-","-","-"
"2664","J. Hicks","J. Hicks","WR","","","","injury-status","BYE","-","-","-","-","-","-","-","-","-","-","-","-"
"2665","J. Bly","J. Bly","WR","","","","injury-status","BYE","-","-","-","-","-","-","-","-","-","-","-","-"
"2666","K. Sheets","K. Sheets","WR","","","","injury-status","BYE","-","-","-","-","-","-","-","-","-","-","-","-"
"2667","J. Scates","J. Scates","WR","","","","injury-status","BYE","-","-","-","-","-","-","-","-","-","-","-","-"
"2668","A. Ajou","A. Ajou","WR","","","","injury-status","BYE","-","-","-","-","-","-","-","-","-","-","-","-"
"2669","M. Redman","M. Redman","TE","LAR","8","","injury-status","Final W 30-13 @ SEA","-","-","-","-","-","-","-","-","-","-","-","-"
"2670","E. Ayomanor","E. Ayomanor","WR","TEN","10","","injury-status","Final L 15-16 @ NO","-","-","-","-","-","-","-","-","-","-","-","-"
"2671","T. Morin","T. Morin","WR","","","","injury-status","BYE","-","-","-","-","-","-","-","-","-","-","-","-"
"2672","K. Johnson","K. Johnson","WR","TB","9","","injury-status","Final W 20-17 @ MIN","-","-","-","-","-","-","-","-","-","-","-","-"
"2673","X. Worthy","X. Worthy","WR","KC","10","","injury-status","Final L 20-21 vs DET","-","-","-","-","-","-","-","-","-","-","-","-"
"2674","N. Rauschenberg","N. Rauschenberg","K","","","","injury-status","BYE","-","-","-","-","-","-","-","-","-","-","-","-"
"2675","K. Closs","K. Closs","WR","","","","injury-status","BYE","-","-","-","-","-","-","-","-","-","-","-","-"
"2676","T. Fidone","T. Fidone","TE","NYG","14","","injury-status","Final L 0-40 vs DAL","-","-","-","-","-","-","-","-","-","-","-","-"
"2677","C. Crooms","C. Crooms","WR","","","Ques","injury-status questionable","BYE","-","-","-","-","-","-","-","-","-","-","-","-"
"2678","M. Trujillo","M. Trujillo","K","","","IR","injury-status ir","BYE","-","-","-","-","-","-","-","-","-","-","-","-"
"2679","B. Lampe","B. Lampe","RB","NE","14","IR","injury-status ir","Final L 20-25 vs PHI","-","-","-","-","-","-","-","-","-","-","-","-"
"2680","H. Presley","H. Presley","WR","","","","injury-status","BYE","-","-","-","-","-","-","-","-","-","-","-","-"
"2681","M. Nabers","M. Nabers","WR","NYG","14","Ques","injury-status questionable","Final L 0-40 vs DAL","-","-","-","-","-","-","-","-","-","-","-","-"
"2682","M. Williams","M. Williams","WR","","","Ques","injury-status questionable","BYE","-","-","-","-","-","-","-","-","-","-","-","-"
"2683","D. Wright","D. Wright","WR","","","","injury-status","BYE","-","-","-","-","-","-","-","-","-","-","-","-"
"2684","Z. Mathis","Z. Mathis","WR","","","","injury-status","BYE","-","-","-","-","-","-","-","-","-","-","-","-"
"2685","M. Muhammad","M. Muhammad","WR","","","Ques","injury-status questionable","BYE","-","-","-","-","-","-","-","-","-","-","-","-"
"2686","L. Krieg","L. Krieg","K","ATL","5","","injury-status","Final W 24-10 vs CAR","-","-","-","-","-","-","-","-","-","-","-","-"
"2687","J. Blue","J. Blue","RB","DAL","10","Ques","injury-status questionable","Final W 40-0 @ NYG","-","-","-","-","-","-","-","-","-","-","-","-"
"2688","N. Nash","N. Nash","WR","ATL","5","","injury-status","Final W 24-10 vs CAR","-","-","-","-","-","-","-","-","-","-","-","-"
"2689","J. Hoyland","J. Hoyland","K","","","","injury-status","BYE","-","-","-","-","-","-","-","-","-","-","-","-"
"2690","B. Tuten","B. Tuten","RB","JAX","8","","injury-status","Final W 31-21 @ IND","-","-","-","-","-","-","-","-","-","-","-","-"
"2691","D. Martin","D. Martin","RB","","","","injury-status","BYE","-","-","-","-","-","-","-","-","-","-","-","-"
"2692","W. Howard","W. Howard","QB","PIT","5","IR","injury-status ir","Final L 7-30 vs SF","-","-","-","-","-","-","-","-","-","-","-","-"
"2693","D. Neal","D. Neal","RB","NO","11","","injury-status","Final W 16-15 vs TEN","-","-","-","-","-","-","-","-","-","-","-","-"
"2694","D. Daniels","D. Daniels","WR","","","","injury-status","BYE","-","-","-","-","-","-","-","-","-","-","-","-"
"2695","D. Wilson","D. Wilson","WR","","","","injury-status","BYE","-","-","-","-","-","-","-","-","-","-","-","-"
"2696","T. Hunter","T. Hunter","WR, DB - JAX(8)","","","","injury-status","Final W 31-21 @ IND","-","-","-","-","-","-","-","-","-","-","-","-"
"2697","R. Daniels","R. Daniels","WR","","","","injury-status","BYE","-","-","-","-","-","-","-","-","-","-","-","-"
"2698","H. Williams","H. Williams","QB","","","","injury-status","BYE","-","-","-","-","-","-","-","-","-","-","-","-"
"2699","D. Miller","D. Miller","RB","NYG","14","","injury-status","Final L 0-40 vs DAL","-","-","-","-","-","-","-","-","-","-","-","-"
"2700","C. McDonald","C. McDonald","WR","","","IR","injury-status ir","BYE","-","-","-","-","-","-","-","-","-","-","-","-"
"2701","N. Kallerup","N. Kallerup","TE","SEA","8","","injury-status","Final L 13-30 vs LAR","-","-","-","-","-","-","-","-","-","-","-","-"
"2702","T. Franklin","T. Franklin","WR","DEN","12","","injury-status","Final L 16-17 vs LV","-","-","-","-","-","-","-","-","-","-","-","-"
"2703","T. Yassmin","T. Yassmin","TE","LAC","12","","injury-status","Final L 34-36 vs MIA","-","-","-","-","-","-","-","-","-","-","-","-"
"2704","A. Johnson","A. Johnson","RB","LAC","12","","injury-status","Final L 34-36 vs MIA","-","-","-","-","-","-","-","-","-","-","-","-"
"2705","M. Castles","M. Castles","TE","","","","injury-status","BYE","-","-","-","-","-","-","-","-","-","-","-","-"
"2706","M. Penix","M. Penix","QB","ATL","5","","injury-status","Final W 24-10 vs CAR","-","-","-","-","-","-","-","-","-","-","-","-"
"2707","J. Copenhaver","J. Copenhaver","TE","","","","injury-status","BYE","-","-","-","-","-","-","-","-","-","-","-","-"
"2708","C. Bazelak","C. Bazelak","QB","TB","9","","injury-status","Final W 20-17 @ MIN","-","-","-","-","-","-","-","-","-","-","-","-"
"2709","D. Caton","D. Caton","WR","","","","injury-status","BYE","-","-","-","-","-","-","-","-","-","-","-","-"
"2710","P. Herbert","P. Herbert","TE","JAX","8","","injury-status","Final W 31-21 @ IND","-","-","-","-","-","-","-","-","-","-","-","-"
"2711","M. Brosmer","M. Brosmer","QB","MIN","6","","injury-status","Final L 17-20 vs TB","-","-","-","-","-","-","-","-","-","-","-","-"
"2712","T. Tracy","T. Tracy","RB","NYG","14","","injury-status","Final L 0-40 vs DAL","-","-","-","-","-","-","-","-","-","-","-","-"
"2713","T. Pickering","T. Pickering","TE","","","","injury-status","BYE","-","-","-","-","-","-","-","-","-","-","-","-"
"2714","E. Wilson","E. Wilson","TE","","","","injury-status","BYE","-","-","-","-","-","-","-","-","-","-","-","-"
"2715","M. Baldwin","M. Baldwin","WR","","","","injury-status","BYE","-","-","-","-","-","-","-","-","-","-","-","-"
"2716","V. Blanchard","V. Blanchard","K","","","","injury-status","BYE","-","-","-","-","-","-","-","-","-","-","-","-"
"2717","A. Armstrong","A. Armstrong","WR","","","","injury-status","BYE","-","-","-","-","-","-","-","-","-","-","-","-"
"2718","M. Fairchild","M. Fairchild","TE","","","","injury-status","BYE","-","-","-","-","-","-","-","-","-","-","-","-"
"2719","D. Parks","D. Parks","WR","","","","injury-status","BYE","-","-","-","-","-","-","-","-","-","-","-","-"
"2720","O. Gordon","O. Gordon","RB","MIA","12","","injury-status","Final W 36-34 @ LAC","-","-","-","-","-","-","-","-","-","-","-","-"
"2721","I. Wooden","I. Wooden","WR","","","","injury-status","BYE","-","-","-","-","-","-","-","-","-","-","-","-"
"2722","B. Narveson","B. Narveson","K","","","","injury-status","BYE","-","-","-","-","-","-","-","-","-","-","-","-"
"2723","T. Mosley","T. Mosley","WR","","","","injury-status","BYE","-","-","-","-","-","-","-","-","-","-","-","-"
"2724","O. Hiliare","O. Hiliare","WR","","","","injury-status","BYE","-","-","-","-","-","-","-","-","-","-","-","-"
"2725","A. Holler","A. Holler","TE","","","","injury-status","BYE","-","-","-","-","-","-","-","-","-","-","-","-"
"2726","J. Laap","J. Laap","WR","","","","injury-status","BYE","-","-","-","-","-","-","-","-","-","-","-","-"
"2727","J. Sinz","J. Sinz","TE","","","","injury-status","BYE","-","-","-","-","-","-","-","-","-","-","-","-"
"2728","R. Brown","R. Brown","TE","","","","injury-status","BYE","-","-","-","-","-","-","-","-","-","-","-","-"
"2729","C. Tyree","C. Tyree","WR","","","Ques","injury-status questionable","BYE","-","-","-","-","-","-","-","-","-","-","-","-"
"2730","J. Dangerfield","J. Dangerfield","WR","","","","injury-status","BYE","-","-","-","-","-","-","-","-","-","-","-","-"
"2731","X. Guillory","X. Guillory","WR","","","Ques","injury-status questionable","BYE","-","-","-","-","-","-","-","-","-","-","-","-"
"2732","L. Bester","L. Bester","WR","","","","injury-status","BYE","-","-","-","-","-","-","-","-","-","-","-","-"
"2733","C. Neighbors","C. Neighbors","RB","","","","injury-status","BYE","-","-","-","-","-","-","-","-","-","-","-","-"
"2734","T. Holden","T. Holden","WR","DAL","10","","injury-status","Final W 40-0 @ NYG","-","-","-","-","-","-","-","-","-","-","-","-"
"2735","A. Wells","A. Wells","WR","","","","injury-status","BYE","-","-","-","-","-","-","-","-","-","-","-","-"
"2736","L. Ward","L. Ward","RB","","","","injury-status","BYE","-","-","-","-","-","-","-","-","-","-","-","-"
"2737","S. Bolden","S. Bolden","WR","HOU","6","","injury-status","Final L 9-25 @ BAL","-","-","-","-","-","-","-","-","-","-","-","-"
"2738","M. Evans","M. Evans","TE","CAR","14","","injury-status","Final L 10-24 @ ATL","-","-","-","-","-","-","-","-","-","-","-","-"
"2739","J. Warren","J. Warren","TE","","","","injury-status","BYE","-","-","-","-","-","-","-","-","-","-","-","-"
"2740","R. Leonard","R. Leonard","QB","IND","11","","injury-status","Final L 21-31 vs JAX","-","-","-","-","-","-","-","-","-","-","-","-"
"2741","A. Jeanty","A. Jeanty","RB","LV","8","","injury-status","Final W 17-16 @ DEN","-","-","-","-","-","-","-","-","-","-","-","-"
"2742","W. Reichard","W. Reichard","K","MIN","6","","injury-status","Final L 17-20 vs TB","-","-","-","-","-","-","-","-","-","-","-","-"
"2743","P. Sims","P. Sims","QB","","","","injury-status","BYE","-","-","-","-","-","-","-","-","-","-","-","-"
"2744","C. Johnson","C. Johnson","WR","","","","injury-status","BYE","-","-","-","-","-","-","-","-","-","-","-","-"
"2745","A. Gleichert","A. Gleichert","TE","","","","injury-status","BYE","-","-","-","-","-","-","-","-","-","-","-","-"
"2746","R. Keyton","R. Keyton","WR","","","","injury-status","BYE","-","-","-","-","-","-","-","-","-","-","-","-"
"2747","C. Bauman","C. Bauman","QB","","","","injury-status","BYE","-","-","-","-","-","-","-","-","-","-","-","-"
"2748","T. Ayo-Durojaiye","T. Ayo-Durojaiye","RB","","","","injury-status","BYE","-","-","-","-","-","-","-","-","-","-","-","-"
"2749","J. Plumlee","J. Plumlee","QB","","","IR","injury-status ir","BYE","-","-","-","-","-","-","-","-","-","-","-","-"
"2750","J. McCarthy","J. McCarthy","QB","MIN","6","","injury-status","Final L 17-20 vs TB","-","-","-","-","-","-","-","-","-","-","-","-"
"2751","C. Clear","C. Clear","TE","","","","injury-status","BYE","-","-","-","-","-","-","-","-","-","-","-","-"
"2752","J. Williams","J. Williams","RB","TB","9","","injury-status","Final W 20-17 @ MIN","-","-","-","-","-","-","-","-","-","-","-","-"
"2753","K. Ings","K. Ings","WR","","","","injury-status","BYE","-","-","-","-","-","-","-","-","-","-","-","-"
"2754","J. Croskey-Merritt","J. Croskey-Merritt","RB","WAS","12","","injury-status","Final W 20-16 vs ARI","-","-","-","-","-","-","-","-","-","-","-","-"
"2755","J. Bell","J. Bell","TE","","","","injury-status","BYE","-","-","-","-","-","-","-","-","-","-","-","-"
"2756","J. Dart","J. Dart","QB","NYG","14","","injury-status","Final L 0-40 vs DAL","-","-","-","-","-","-","-","-","-","-","-","-"
"2757","K. Foelsch","K. Foelsch","TE","","","","injury-status","BYE","-","-","-","-","-","-","-","-","-","-","-","-"
"2758","D. Davis","D. Davis","WR","","","","injury-status","BYE","-","-","-","-","-","-","-","-","-","-","-","-"
"2759","P. Brooks","P. Brooks","WR","","","","injury-status","BYE","-","-","-","-","-","-","-","-","-","-","-","-"
"2760","K. Slovis","K. Slovis","QB","ARI","8","","injury-status","Final L 16-20 @ WAS","-","-","-","-","-","-","-","-","-","-","-","-"
"2761","T. Creecy","T. Creecy","RB","","","","injury-status","BYE","-","-","-","-","-","-","-","-","-","-","-","-"
"2762","S. Sanders","S. Sanders","QB","","","","injury-status","BYE","-","-","-","-","-","-","-","-","-","-","-","-"
"2763","D. Anthrop","D. Anthrop","WR","","","","injury-status","BYE","-","-","-","-","-","-","-","-","-","-","-","-"
"2764","J. Lane","J. Lane","WR","WAS","12","","injury-status","Final W 20-16 vs ARI","-","-","-","-","-","-","-","-","-","-","-","-"
"2765","D. Cambre","D. Cambre","WR","","","","injury-status","BYE","-","-","-","-","-","-","-","-","-","-","-","-"
"2766","G. Holani","G. Holani","RB","SEA","8","","injury-status","Final L 13-30 vs LAR","-","-","-","-","-","-","-","-","-","-","-","-"
"2767","S. Gosnell","S. Gosnell","WR","BUF","7","","injury-status","Final L 16-22 @ NYJ","-","-","-","-","-","-","-","-","-","-","-","-"
"2768","M. Morgan","M. Morgan","K","","","","injury-status","BYE","-","-","-","-","-","-","-","-","-","-","-","-"
"2769","I. Wheeler","I. Wheeler","RB","","","IR","injury-status ir","BYE","-","-","-","-","-","-","-","-","-","-","-","-"
"2770","J. Burton","J. Burton","WR","","","","injury-status","BYE","-","-","-","-","-","-","-","-","-","-","-","-"
"2771","Z. Horton","Z. Horton","TE","DET","8","","injury-status","Final W 21-20 @ KC","-","-","-","-","-","-","-","-","-","-","-","-"
"2772","K. Hudson","K. Hudson","WR","","","","injury-status","BYE","-","-","-","-","-","-","-","-","-","-","-","-"
"2773","P. Olatoke","P. Olatoke","WR","","","","injury-status","BYE","-","-","-","-","-","-","-","-","-","-","-","-"
"2774","T. Sloat","T. Sloat","TE","","","","injury-status","BYE","-","-","-","-","-","-","-","-","-","-","-","-"
"2775","H. Dekkers","H. Dekkers","QB","NO","11","","injury-status","Final W 16-15 vs TEN","-","-","-","-","-","-","-","-","-","-","-","-"
"2776","J. Janke","J. Janke","WR","","","","injury-status","BYE","-","-","-","-","-","-","-","-","-","-","-","-"
"2777","J. Jackson","J. Jackson","WR","LAC","12","","injury-status","Final L 34-36 vs MIA","-","-","-","-","-","-","-","-","-","-","-","-"
"2778","K. Prather","K. Prather","WR","","","Ques","injury-status questionable","BYE","-","-","-","-","-","-","-","-","-","-","-","-"
"2779","C. Dike","C. Dike","WR","TEN","10","","injury-status","Final L 15-16 @ NO","-","-","-","-","-","-","-","-","-","-","-","-"
"2780","W. Shipley","W. Shipley","RB","PHI","9","","injury-status","Final W 25-20 @ NE","-","-","-","-","-","-","-","-","-","-","-","-"
"2781","C. Camper","C. Camper","WR","","","","injury-status","BYE","-","-","-","-","-","-","-","-","-","-","-","-"
"2782","R. Collins","R. Collins","WR","","","","injury-status","BYE","-","-","-","-","-","-","-","-","-","-","-","-"
"2783","M. Corley","M. Corley","WR","CLE","9","","injury-status","Final W 24-3 vs CIN","-","-","-","-","-","-","-","-","-","-","-","-"
"2784","J. Mcafee","J. Mcafee","TE","","","","injury-status","BYE","-","-","-","-","-","-","-","-","-","-","-","-"
"2785","K. Latu","K. Latu","TE","BUF","7","","injury-status","Final L 16-22 @ NYJ","-","-","-","-","-","-","-","-","-","-","-","-"
"2786","J. Baker","J. Baker","WR","","","","injury-status","BYE","-","-","-","-","-","-","-","-","-","-","-","-"
"2787","T. Watson","T. Watson","TE","KC","10","","injury-status","Final L 20-21 vs DET","-","-","-","-","-","-","-","-","-","-","-","-"
"2788","D. Carter","D. Carter","WR","","","Ques","injury-status questionable","BYE","-","-","-","-","-","-","-","-","-","-","-","-"
"2789","C. Davis","C. Davis","K","","","","injury-status","BYE","-","-","-","-","-","-","-","-","-","-","-","-"
"2790","R. Ouzts","R. Ouzts","RB","SEA","8","","injury-status","Final L 13-30 vs LAR","-","-","-","-","-","-","-","-","-","-","-","-"
"2791","L. Rees-Zammit","L. Rees-Zammit","RB","","","Ques","injury-status questionable","BYE","-","-","-","-","-","-","-","-","-","-","-","-"
"2792","T. Felton","T. Felton","WR","MIN","6","Ques","injury-status questionable","Final L 17-20 vs TB","-","-","-","-","-","-","-","-","-","-","-","-"
"2793","C. Ward","C. Ward","QB","TEN","10","","injury-status","Final L 15-16 @ NO","-","-","-","-","-","-","-","-","-","-","-","-"
"2794","M. Miller","M. Miller","TE","","","","injury-status","BYE","-","-","-","-","-","-","-","-","-","-","-","-"
"2795","B. Sinnott","B. Sinnott","TE","WAS","12","","injury-status","Final W 20-16 vs ARI","-","-","-","-","-","-","-","-","-","-","-","-"
"2796","E. Pancol","E. Pancol","WR","","","Ques","injury-status questionable","BYE","-","-","-","-","-","-","-","-","-","-","-","-"
"2797","N. Wright","N. Wright","RB","","","","injury-status","BYE","-","-","-","-","-","-","-","-","-","-","-","-"
"2798","M. Clark","M. Clark","WR","","","","injury-status","BYE","-","-","-","-","-","-","-","-","-","-","-","-"
"2799","T. Pratt","T. Pratt","WR","","","","injury-status","BYE","-","-","-","-","-","-","-","-","-","-","-","-"
"2800","P. Lutz","P. Lutz","WR","","","","injury-status","BYE","-","-","-","-","-","-","-","-","-","-","-","-"
"2801","D. Wade","D. Wade","WR","BAL","7","IR","injury-status ir","Final W 25-9 vs HOU","-","-","-","-","-","-","-","-","-","-","-","-"
"2802","C. Schlee","C. Schlee","QB","","","","injury-status","BYE","-","-","-","-","-","-","-","-","-","-","-","-"
"2803","B. Oliver","B. Oliver","WR","TEN","10","","injury-status","Final L 15-16 @ NO","-","-","-","-","-","-","-","-","-","-","-","-"
"2804","T. Elgersma","T. Elgersma","QB","","","","injury-status","BYE","-","-","-","-","-","-","-","-","-","-","-","-"
"2805","S. Williams","S. Williams","WR","GB","5","Ques","injury-status questionable","Final W 38-20 @ CHI","-","-","-","-","-","-","-","-","-","-","-","-"
"2806","D. Brown","D. Brown","RB","","","","injury-status","BYE","-","-","-","-","-","-","-","-","-","-","-","-"
"2807","D. McDuffie","D. McDuffie","RB","","","","injury-status","BYE","-","-","-","-","-","-","-","-","-","-","-","-"
"2808","R. Harvey","R. Harvey","RB","DEN","12","","injury-status","Final L 16-17 vs LV","-","-","-","-","-","-","-","-","-","-","-","-"
"2809","J. Horn","J. Horn","WR","CAR","14","","injury-status","Final L 10-24 @ ATL","-","-","-","-","-","-","-","-","-","-","-","-"
"2810","P. Browning","P. Browning","WR","","","","injury-status","BYE","-","-","-","-","-","-","-","-","-","-","-","-"
"2811","D. White","D. White","WR","","","","injury-status","BYE","-","-","-","-","-","-","-","-","-","-","-","-"
"2812","W. Ruby","W. Ruby","WR","","","Ques","injury-status questionable","BYE","-","-","-","-","-","-","-","-","-","-","-","-"
"2813","I. Neyor","I. Neyor","WR","GB","5","","injury-status","Final W 38-20 @ CHI","-","-","-","-","-","-","-","-","-","-","-","-"
"2814","B. Brooks","B. Brooks","RB","HOU","6","","injury-status","Final L 9-25 @ BAL","-","-","-","-","-","-","-","-","-","-","-","-"
"2815","C. Schrader","C. Schrader","RB","LAR","8","","injury-status","Final W 30-13 @ SEA","-","-","-","-","-","-","-","-","-","-","-","-"
"2816","W. Marks","W. Marks","RB","HOU","6","","injury-status","Final L 9-25 @ BAL","-","-","-","-","-","-","-","-","-","-","-","-"
"2817","T. Owens","T. Owens","WR","","","","injury-status","BYE","-","-","-","-","-","-","-","-","-","-","-","-"
"2818","T. Welch","T. Welch","TE","NO","11","","injury-status","Final W 16-15 vs TEN","-","-","-","-","-","-","-","-","-","-","-","-"
"2819","K. Johnson","K. Johnson","RB","PIT","5","","injury-status","Final L 7-30 vs SF","-","-","-","-","-","-","-","-","-","-","-","-"
"2820","B. Pierre","B. Pierre","TE","CAR","14","","injury-status","Final L 10-24 @ ATL","-","-","-","-","-","-","-","-","-","-","-","-"
"2821","B. Corum","B. Corum","RB","LAR","8","","injury-status","Final W 30-13 @ SEA","-","-","-","-","-","-","-","-","-","-","-","-"
"2822","L. Scott","L. Scott","RB","BAL","7","","injury-status","Final W 25-9 vs HOU","-","-","-","-","-","-","-","-","-","-","-","-"
"2823","T. Brooks","T. Brooks","RB","CIN","10","","injury-status","Final L 3-24 @ CLE","-","-","-","-","-","-","-","-","-","-","-","-"
"2824","C. Powell","C. Powell","RB","","","","injury-status","BYE","-","-","-","-","-","-","-","-","-","-","-","-"
"2825","B. Allen","B. Allen","RB","NYJ","9","","injury-status","Final W 22-16 vs BUF","-","-","-","-","-","-","-","-","-","-","-","-"
"2826","T. Johnson","T. Johnson","TE","NYG","14","","injury-status","Final L 0-40 vs DAL","-","-","-","-","-","-","-","-","-","-","-","-"
"2827","D. Jackson","D. Jackson","WR","","","","injury-status","BYE","-","-","-","-","-","-","-","-","-","-","-","-"
"2828","E. Collins","E. Collins","RB","","","","injury-status","BYE","-","-","-","-","-","-","-","-","-","-","-","-"
"2829","C. Cordeiro","C. Cordeiro","QB","","","","injury-status","BYE","-","-","-","-","-","-","-","-","-","-","-","-"
"2830","J. Haggins","J. Haggins","WR","","","","injury-status","BYE","-","-","-","-","-","-","-","-","-","-","-","-"
"2831","M. Severance","M. Severance","RB","","","","injury-status","BYE","-","-","-","-","-","-","-","-","-","-","-","-"
"2832","C. Lohner","C. Lohner","TE","DEN","12","","injury-status","Final L 16-17 vs LV","-","-","-","-","-","-","-","-","-","-","-","-"
"2833","R. Wilson","R. Wilson","WR","PIT","5","","injury-status","Final L 7-30 vs SF","-","-","-","-","-","-","-","-","-","-","-","-"
"2834","M. Tipton","M. Tipton","WR","NO","11","","injury-status","Final W 16-15 vs TEN","-","-","-","-","-","-","-","-","-","-","-","-"
"2835","V. Johnson","V. Johnson","WR","","","","injury-status","BYE","-","-","-","-","-","-","-","-","-","-","-","-"
"2836","L. McCaffrey","L. McCaffrey","WR","WAS","12","","injury-status","Final W 20-16 vs ARI","-","-","-","-","-","-","-","-","-","-","-","-"
"2837","Q. Skinner","Q. Skinner","WR","","","","injury-status","BYE","-","-","-","-","-","-","-","-","-","-","-","-"
"2838","T. Ferguson","T. Ferguson","TE","LAR","8","","injury-status","Final W 30-13 @ SEA","-","-","-","-","-","-","-","-","-","-","-","-"
"2839","S. Watts","S. Watts","RB","","","","injury-status","BYE","-","-","-","-","-","-","-","-","-","-","-","-"
"2840","R. Coe","R. Coe","K","","","","injury-status","BYE","-","-","-","-","-","-","-","-","-","-","-","-"
"2841","E. Egbuka","E. Egbuka","WR","TB","9","","injury-status","Final W 20-17 @ MIN","-","-","-","-","-","-","-","-","-","-","-","-"
"2842","R. Pearsall","R. Pearsall","WR","SF","14","","injury-status","Final W 30-7 @ PIT","-","-","-","-","-","-","-","-","-","-","-","-"
"2843","T. Stewart","T. Stewart","RB","","","","injury-status","BYE","-","-","-","-","-","-","-","-","-","-","-","-"
"2844","J. Moore","J. Moore","WR","CIN","10","","injury-status","Final L 3-24 @ CLE","-","-","-","-","-","-","-","-","-","-","-","-"
"2845","B. Braylon","B. Braylon","WR","","","","injury-status","BYE","-","-","-","-","-","-","-","-","-","-","-","-"
"2846","G. Bartholomew","G. Bartholomew","TE","MIN","6","PUP","injury-status pup","Final L 17-20 vs TB","-","-","-","-","-","-","-","-","-","-","-","-"
"2847","O. Wilson","O. Wilson","WR","","","","injury-status","BYE","-","-","-","-","-","-","-","-","-","-","-","-"
"2848","S. Stilianos","S. Stilianos","TE","","","","injury-status","BYE","-","-","-","-","-","-","-","-","-","-","-","-"
"2849","A. Kelly","A. Kelly","WR","","","","injury-status","BYE","-","-","-","-","-","-","-","-","-","-","-","-"
"2850","J. McAtamney","J. McAtamney","K","NYG","14","","injury-status","Final L 0-40 vs DAL","-","-","-","-","-","-","-","-","-","-","-","-"
"2851","I. Guerendo","I. Guerendo","RB","SF","14","","injury-status","Final W 30-7 @ PIT","-","-","-","-","-","-","-","-","-","-","-","-"
"2852","N. King","N. King","WR","","","","injury-status","BYE","-","-","-","-","-","-","-","-","-","-","-","-"
"2853","D. Fleming","D. Fleming","WR","MIN","6","","injury-status","Final L 17-20 vs TB","-","-","-","-","-","-","-","-","-","-","-","-"
"2854","J. Newton","J. Newton","WR","","","","injury-status","BYE","-","-","-","-","-","-","-","-","-","-","-","-"
"2855","T. Mellott","T. Mellott","WR","","","","injury-status","BYE","-","-","-","-","-","-","-","-","-","-","-","-"
"2856","T. Harris","T. Harris","WR","LAC","12","Ques","injury-status questionable","Final L 34-36 vs MIA","-","-","-","-","-","-","-","-","-","-","-","-"
"2857","N. Carter","N. Carter","RB","ATL","5","","injury-status","Final W 24-10 vs CAR","-","-","-","-","-","-","-","-","-","-","-","-"
"2858","E. Ruffin","E. Ruffin","WR","","","","injury-status","BYE","-","-","-","-","-","-","-","-","-","-","-","-"
"2859","K. Akharaiyi","K. Akharaiyi","WR","","","","injury-status","BYE","-","-","-","-","-","-","-","-","-","-","-","-"
"2860","T. Pennix","T. Pennix","TE","","","","injury-status","BYE","-","-","-","-","-","-","-","-","-","-","-","-"
"2861","T. Warren","T. Warren","TE","IND","11","","injury-status","Final L 21-31 vs JAX","-","-","-","-","-","-","-","-","-","-","-","-"
"2862","E. Jones","E. Jones","QB","ATL","5","IR","injury-status ir","Final W 24-10 vs CAR","-","-","-","-","-","-","-","-","-","-","-","-"
"2863","M. Pline","M. Pline","TE","NO","11","IR","injury-status ir","Final W 16-15 vs TEN","-","-","-","-","-","-","-","-","-","-","-","-"
"2864","J. Matocha","J. Matocha","QB","","","","injury-status","BYE","-","-","-","-","-","-","-","-","-","-","-","-"
"2865","D. Porter","D. Porter","WR","","","","injury-status","BYE","-","-","-","-","-","-","-","-","-","-","-","-"
"2866","M. Colburn","M. Colburn","RB","","","","injury-status","BYE","-","-","-","-","-","-","-","-","-","-","-","-"
"2867","T. Shough","T. Shough","QB","NO","11","","injury-status","Final W 16-15 vs TEN","-","-","-","-","-","-","-","-","-","-","-","-"
"2868","B. Nesbit","B. Nesbit","TE","MIN","6","","injury-status","Final L 17-20 vs TB","-","-","-","-","-","-","-","-","-","-","-","-"
"2869","M. Hiers","M. Hiers","QB","","","","injury-status","BYE","-","-","-","-","-","-","-","-","-","-","-","-"
"2870","K. Lynch-Adams","K. Lynch-Adams","RB","","","","injury-status","BYE","-","-","-","-","-","-","-","-","-","-","-","-"
"2871","D. Campbell","D. Campbell","WR","CAR","14","","injury-status","Final L 10-24 @ ATL","-","-","-","-","-","-","-","-","-","-","-","-"
"2872","J. McMillan","J. McMillan","WR","TB","9","IR","injury-status ir","Final W 20-17 @ MIN","-","-","-","-","-","-","-","-","-","-","-","-"
"2873","C. Lewis","C. Lewis","K","","","","injury-status","BYE","-","-","-","-","-","-","-","-","-","-","-","-"
"2874","B. Smith","B. Smith","RB","KC","10","","injury-status","Final L 20-21 vs DET","-","-","-","-","-","-","-","-","-","-","-","-"
"2875","M. Foster","M. Foster","WR","","","Ques","injury-status questionable","BYE","-","-","-","-","-","-","-","-","-","-","-","-"
"2876","S. Days","S. Days","RB","","","","injury-status","BYE","-","-","-","-","-","-","-","-","-","-","-","-"
"2877","L. Burden","L. Burden","WR","CHI","5","","injury-status","Final L 20-38 vs GB","-","-","-","-","-","-","-","-","-","-","-","-"
"2878","S. Schnee","S. Schnee","WR","","","","injury-status","BYE","-","-","-","-","-","-","-","-","-","-","-","-"
"2879","Q. Conley","Q. Conley","RB","","","","injury-status","BYE","-","-","-","-","-","-","-","-","-","-","-","-"
"2880","T. Tagovailoa","T. Tagovailoa","QB","","","","injury-status","BYE","-","-","-","-","-","-","-","-","-","-","-","-"
"2881","M. Johnson","M. Johnson","RB","","","","injury-status","BYE","-","-","-","-","-","-","-","-","-","-","-","-"
"2882","L. Floriea","L. Floriea","WR","","","Ques","injury-status questionable","BYE","-","-","-","-","-","-","-","-","-","-","-","-"
"2883","M. Rigerman","M. Rigerman","TE","","","","injury-status","BYE","-","-","-","-","-","-","-","-","-","-","-","-"
"2884","J. Thrash","J. Thrash","WR","CLE","9","","injury-status","Final W 24-3 vs CIN","-","-","-","-","-","-","-","-","-","-","-","-"
"2885","M. Yarns","M. Yarns","RB","","","","injury-status","BYE","-","-","-","-","-","-","-","-","-","-","-","-"
"2886","G. Greene","G. Greene","QB","TB","9","","injury-status","Final W 20-17 @ MIN","-","-","-","-","-","-","-","-","-","-","-","-"
"2887","J. Travis","J. Travis","QB","","","NA","injury-status na","BYE","-","-","-","-","-","-","-","-","-","-","-","-"
"2888","G. Hardison","G. Hardison","QB","","","","injury-status","BYE","-","-","-","-","-","-","-","-","-","-","-","-"
"2889","J. Banks","J. Banks","WR","","","","injury-status","BYE","-","-","-","-","-","-","-","-","-","-","-","-"
"2890","A. Hale","A. Hale","K","","","Ques","injury-status questionable","BYE","-","-","-","-","-","-","-","-","-","-","-","-"
"2891","J. Jackson","J. Jackson","WR","","","","injury-status","BYE","-","-","-","-","-","-","-","-","-","-","-","-"
"2892","J. Jackson","J. Jackson","WR","","","","injury-status","BYE","-","-","-","-","-","-","-","-","-","-","-","-"
"2893","M. Riley","M. Riley","WR","","","Ques","injury-status questionable","BYE","-","-","-","-","-","-","-","-","-","-","-","-"
"2894","S. Sanders","S. Sanders","QB","CLE","9","","injury-status","Final W 24-3 vs CIN","-","-","-","-","-","-","-","-","-","-","-","-"
"2895","I. Williams","I. Williams","WR","CIN","10","","injury-status","Final L 3-24 @ CLE","-","-","-","-","-","-","-","-","-","-","-","-"
"2896","J. Holiday","J. Holiday","WR","KC","10","","injury-status","Final L 20-21 vs DET","-","-","-","-","-","-","-","-","-","-","-","-"
"2897","M. McNamee","M. McNamee","K","GB","5","","injury-status","Final W 38-20 @ CHI","-","-","-","-","-","-","-","-","-","-","-","-"
"2898","T. Benson","T. Benson","RB","ARI","8","","injury-status","Final L 16-20 @ WAS","-","-","-","-","-","-","-","-","-","-","-","-"
"2899","D. George","D. George","WR","","","","injury-status","BYE","-","-","-","-","-","-","-","-","-","-","-","-"
"2900","D. Blankumsee","D. Blankumsee","WR","","","","injury-status","BYE","-","-","-","-","-","-","-","-","-","-","-","-"
"2901","A. Grant","A. Grant","RB","","","","injury-status","BYE","-","-","-","-","-","-","-","-","-","-","-","-"
"2902","P. Jarrett","P. Jarrett","QB","","","","injury-status","BYE","-","-","-","-","-","-","-","-","-","-","-","-"
"2903","J. Paddock","J. Paddock","QB","","","","injury-status","BYE","-","-","-","-","-","-","-","-","-","-","-","-"
"2904","J. Chisholm","J. Chisholm","RB","","","","injury-status","BYE","-","-","-","-","-","-","-","-","-","-","-","-"
"2905","J. Harper","J. Harper","WR","","","","injury-status","BYE","-","-","-","-","-","-","-","-","-","-","-","-"
"2906","K. Robinson","K. Robinson","RB","","","","injury-status","BYE","-","-","-","-","-","-","-","-","-","-","-","-"
"2907","R. Baker","R. Baker","RB","","","Ques","injury-status questionable","BYE","-","-","-","-","-","-","-","-","-","-","-","-"
"2908","T. Gordon","T. Gordon","TE","","","","injury-status","BYE","-","-","-","-","-","-","-","-","-","-","-","-"
"2909","R. Lombardi","R. Lombardi","QB","","","","injury-status","BYE","-","-","-","-","-","-","-","-","-","-","-","-"
"2910","C. Peterson","C. Peterson","QB","","","","injury-status","BYE","-","-","-","-","-","-","-","-","-","-","-","-"
"2911","X. Weaver","X. Weaver","WR","ARI","8","","injury-status","Final L 16-20 @ WAS","-","-","-","-","-","-","-","-","-","-","-","-"
"2912","V. Ambrosio","V. Ambrosio","K","","","","injury-status","BYE","-","-","-","-","-","-","-","-","-","-","-","-"
"2913","C. Brayboy","C. Brayboy","WR","JAX","8","","injury-status","Final W 31-21 @ IND","-","-","-","-","-","-","-","-","-","-","-","-"
"2914","M. Pratt","M. Pratt","QB","","","Ques","injury-status questionable","BYE","-","-","-","-","-","-","-","-","-","-","-","-"
"2915","J. Mayes","J. Mayes","WR","","","","injury-status","BYE","-","-","-","-","-","-","-","-","-","-","-","-"
"2916","A. Peasley","A. Peasley","QB","","","","injury-status","BYE","-","-","-","-","-","-","-","-","-","-","-","-"
"2917","D. Holker","D. Holker","TE","","","","injury-status","BYE","-","-","-","-","-","-","-","-","-","-","-","-"
"2918","S. Pinckney","S. Pinckney","WR","","","","injury-status","BYE","-","-","-","-","-","-","-","-","-","-","-","-"
"2919","E. All","E. All","TE","CIN","10","PUP","injury-status pup","Final L 3-24 @ CLE","-","-","-","-","-","-","-","-","-","-","-","-"
"2920","R. Douglas","R. Douglas","WR","","","","injury-status","BYE","-","-","-","-","-","-","-","-","-","-","-","-"
"2921","L. Jones","L. Jones","WR","","","","injury-status","BYE","-","-","-","-","-","-","-","-","-","-","-","-"
"2922","J. Franklin","J. Franklin","QB","","","","injury-status","BYE","-","-","-","-","-","-","-","-","-","-","-","-"
"2923","J. Petaia","J. Petaia","TE","","","Ques","injury-status questionable","BYE","-","-","-","-","-","-","-","-","-","-","-","-"
"2924","G. Spivey","G. Spivey","TE","","","","injury-status","BYE","-","-","-","-","-","-","-","-","-","-","-","-"
"2925","E. Badger","E. Badger","WR","","","","injury-status","BYE","-","-","-","-","-","-","-","-","-","-","-","-"
"2926","R. Odunze","R. Odunze","WR","CHI","5","","injury-status","Final L 20-38 vs GB","-","-","-","-","-","-","-","-","-","-","-","-"
"2927","J. Terry","J. Terry","TE","","","IR","injury-status ir","BYE","-","-","-","-","-","-","-","-","-","-","-","-"
"2928","S. Carden","S. Carden","QB","","","","injury-status","BYE","-","-","-","-","-","-","-","-","-","-","-","-"
"2929","D. Hankins","D. Hankins","RB","CHI","5","IR","injury-status ir","Final L 20-38 vs GB","-","-","-","-","-","-","-","-","-","-","-","-"
"2930","E. Garbers","E. Garbers","QB","","","","injury-status","BYE","-","-","-","-","-","-","-","-","-","-","-","-"
"2931","C. Washington","C. Washington","WR","ATL","5","","injury-status","Final W 24-10 vs CAR","-","-","-","-","-","-","-","-","-","-","-","-"
"2932","R. White","R. White","WR","SEA","8","","injury-status","Final L 13-30 vs LAR","-","-","-","-","-","-","-","-","-","-","-","-"
"2933","L. McConkey","L. McConkey","WR","LAC","12","","injury-status","Final L 34-36 vs MIA","-","-","-","-","-","-","-","-","-","-","-","-"
"2934","R. Lewis","R. Lewis","WR","","","","injury-status","BYE","-","-","-","-","-","-","-","-","-","-","-","-"
"2935","S. Henigan","S. Henigan","QB","JAX","8","","injury-status","Final W 31-21 @ IND","-","-","-","-","-","-","-","-","-","-","-","-"
"2936","J. Small","J. Small","RB","","","Ques","injury-status questionable","BYE","-","-","-","-","-","-","-","-","-","-","-","-"
"2937","R. Mobley","R. Mobley","WR","","","","injury-status","BYE","-","-","-","-","-","-","-","-","-","-","-","-"
"2938","M. Coprich","M. Coprich","RB","","","","injury-status","BYE","-","-","-","-","-","-","-","-","-","-","-","-"
"2939","C. Kiner","C. Kiner","RB","SF","14","Ques","injury-status questionable","Final W 30-7 @ PIT","-","-","-","-","-","-","-","-","-","-","-","-"
"2940","I. TeSlaa","I. TeSlaa","WR","DET","8","","injury-status","Final W 21-20 @ KC","-","-","-","-","-","-","-","-","-","-","-","-"
"2941","M. Major","M. Major","RB","","","","injury-status","BYE","-","-","-","-","-","-","-","-","-","-","-","-"
"2942","J. Jones","J. Jones","WR","","","","injury-status","BYE","-","-","-","-","-","-","-","-","-","-","-","-"
"2943","T. Henderson","T. Henderson","RB","NE","14","","injury-status","Final L 20-25 vs PHI","-","-","-","-","-","-","-","-","-","-","-","-"
"2944","A. Jones","A. Jones","RB","","","","injury-status","BYE","-","-","-","-","-","-","-","-","-","-","-","-"
"2945","R. Fitzgerald","R. Fitzgerald","K","CAR","14","","injury-status","Final L 10-24 @ ATL","-","-","-","-","-","-","-","-","-","-","-","-"
"2946","R. Sharp","R. Sharp","TE","","","","injury-status","BYE","-","-","-","-","-","-","-","-","-","-","-","-"
"2947","P. LeBlanc","P. LeBlanc","WR","","","","injury-status","BYE","-","-","-","-","-","-","-","-","-","-","-","-"
"2948","D. Joyner","D. Joyner","WR","","","","injury-status","BYE","-","-","-","-","-","-","-","-","-","-","-","-"
"2949","A. Reed","A. Reed","QB","","","","injury-status","BYE","-","-","-","-","-","-","-","-","-","-","-","-"
"2950","J. Manton","J. Manton","K","","","","injury-status","BYE","-","-","-","-","-","-","-","-","-","-","-","-"
"2951","L. Parker","L. Parker","WR","","","","injury-status","BYE","-","-","-","-","-","-","-","-","-","-","-","-"
"2952","J. Wright","J. Wright","RB","SEA","8","","injury-status","Final L 13-30 vs LAR","-","-","-","-","-","-","-","-","-","-","-","-"
"2953","J. Walker","J. Walker","WR","CHI","5","","injury-status","Final L 20-38 vs GB","-","-","-","-","-","-","-","-","-","-","-","-"
"2954","I. Davis","I. Davis","RB","NYJ","9","Ques","injury-status questionable","Final W 22-16 vs BUF","-","-","-","-","-","-","-","-","-","-","-","-"
"2955","R. Mueller","R. Mueller","RB","","","","injury-status","BYE","-","-","-","-","-","-","-","-","-","-","-","-"
"2956","K. Vidal","K. Vidal","RB","LAC","12","","injury-status","Final L 34-36 vs MIA","-","-","-","-","-","-","-","-","-","-","-","-"
"2957","J. Conyers","J. Conyers","TE","MIA","12","IR","injury-status ir","Final W 36-34 @ LAC","-","-","-","-","-","-","-","-","-","-","-","-"
"2958","E. Brun","E. Brun","TE","","","","injury-status","BYE","-","-","-","-","-","-","-","-","-","-","-","-"
"2959","B. Bates","B. Bates","TE","CLE","9","","injury-status","Final W 24-3 vs CIN","-","-","-","-","-","-","-","-","-","-","-","-"
"2960","A. Coxson","A. Coxson","WR","","","","injury-status","BYE","-","-","-","-","-","-","-","-","-","-","-","-"
"2961","J. Smith","J. Smith","WR","","","IR","injury-status ir","BYE","-","-","-","-","-","-","-","-","-","-","-","-"
"2962","A. Boone","A. Boone","QB","","","","injury-status","BYE","-","-","-","-","-","-","-","-","-","-","-","-"
"2963","S. Houma","S. Houma","RB","","","","injury-status","BYE","-","-","-","-","-","-","-","-","-","-","-","-"
"2964","D. Laube","D. Laube","RB","LV","8","","injury-status","Final W 17-16 @ DEN","-","-","-","-","-","-","-","-","-","-","-","-"
"2965","J. Edwards","J. Edwards","RB","","","","injury-status","BYE","-","-","-","-","-","-","-","-","-","-","-","-"
"2966","G. Scott","G. Scott","TE","","","","injury-status","BYE","-","-","-","-","-","-","-","-","-","-","-","-"
"2967","J. Brooks","J. Brooks","WR","WAS","12","","injury-status","Final W 20-16 vs ARI","-","-","-","-","-","-","-","-","-","-","-","-"
"2968","M. Herzog","M. Herzog","RB","","","","injury-status","BYE","-","-","-","-","-","-","-","-","-","-","-","-"
"2969","C. Louks","C. Louks","WR","","","","injury-status","BYE","-","-","-","-","-","-","-","-","-","-","-","-"
"2970","M. Johnson","M. Johnson","WR","","","","injury-status","BYE","-","-","-","-","-","-","-","-","-","-","-","-"
"2971","E. Bailey","E. Bailey","RB","","","","injury-status","BYE","-","-","-","-","-","-","-","-","-","-","-","-"
"2972","Z. Annexstad","Z. Annexstad","QB","","","","injury-status","BYE","-","-","-","-","-","-","-","-","-","-","-","-"
"2973","T. McLachlan","T. McLachlan","TE","CIN","10","IR","injury-status ir","Final L 3-24 @ CLE","-","-","-","-","-","-","-","-","-","-","-","-"
"2974","J. Sifrin","J. Sifrin","TE","","","","injury-status","BYE","-","-","-","-","-","-","-","-","-","-","-","-"
"2975","A. Brown","A. Brown","WR","","","","injury-status","BYE","-","-","-","-","-","-","-","-","-","-","-","-"
"2976","H. El-Zayat","H. El-Zayat","WR","","","Ques","injury-status questionable","BYE","-","-","-","-","-","-","-","-","-","-","-","-"
"2977","M. Washington","M. Washington","WR","MIA","12","","injury-status","Final W 36-34 @ LAC","-","-","-","-","-","-","-","-","-","-","-","-"
"2978","E. Chism","E. Chism","WR","NE","14","Ques","injury-status questionable","Final L 20-25 vs PHI","-","-","-","-","-","-","-","-","-","-","-","-"
"2979","B. McCoy","B. McCoy","WR","","","","injury-status","BYE","-","-","-","-","-","-","-","-","-","-","-","-"
"2980","B. Easton","B. Easton","WR","","","","injury-status","BYE","-","-","-","-","-","-","-","-","-","-","-","-"
"2981","T. Kahmann","T. Kahmann","WR","","","","injury-status","BYE","-","-","-","-","-","-","-","-","-","-","-","-"
"2982","H. Spears","H. Spears","TE","","","","injury-status","BYE","-","-","-","-","-","-","-","-","-","-","-","-"
"2983","C. Loveland","C. Loveland","TE","CHI","5","","injury-status","Final L 20-38 vs GB","-","-","-","-","-","-","-","-","-","-","-","-"
"2984","J. Pritchett","J. Pritchett","WR","NYJ","9","","injury-status","Final W 22-16 vs BUF","-","-","-","-","-","-","-","-","-","-","-","-"
"2985","M. Williams","M. Williams","QB","","","","injury-status","BYE","-","-","-","-","-","-","-","-","-","-","-","-"
"2986","J. Milton","J. Milton","QB","DAL","10","","injury-status","Final W 40-0 @ NYG","-","-","-","-","-","-","-","-","-","-","-","-"
"2987","J. Wilson","J. Wilson","WR","PHI","9","IR","injury-status ir","Final W 25-20 @ NE","-","-","-","-","-","-","-","-","-","-","-","-"
"2988","C. King","C. King","WR","","","","injury-status","BYE","-","-","-","-","-","-","-","-","-","-","-","-"
"2989","A. McNulty","A. McNulty","K","","","","injury-status","BYE","-","-","-","-","-","-","-","-","-","-","-","-"
"2990","A. Estime","A. Estime","RB","PHI","9","","injury-status","Final W 25-20 @ NE","-","-","-","-","-","-","-","-","-","-","-","-"
"2991","D. Gardner","D. Gardner","WR","","","","injury-status","BYE","-","-","-","-","-","-","-","-","-","-","-","-"
"2992","E. Dean","E. Dean","TE","","","","injury-status","BYE","-","-","-","-","-","-","-","-","-","-","-","-"
"2993","M. Dalena","M. Dalena","WR","","","","injury-status","BYE","-","-","-","-","-","-","-","-","-","-","-","-"
"2994","B. Taylor","B. Taylor","WR","","","","injury-status","BYE","-","-","-","-","-","-","-","-","-","-","-","-"
"2995","R. Williams","R. Williams","RB","","","","injury-status","BYE","-","-","-","-","-","-","-","-","-","-","-","-"
"2996","C. Chapman","C. Chapman","WR","","","","injury-status","BYE","-","-","-","-","-","-","-","-","-","-","-","-"
"2997","K. Williams","K. Williams","WR","PIT","5","","injury-status","Final L 7-30 vs SF","-","-","-","-","-","-","-","-","-","-","-","-"
"2998","J. Kelly","J. Kelly","WR","HOU","6","","injury-status","Final L 9-25 @ BAL","-","-","-","-","-","-","-","-","-","-","-","-"
"2999","D. Fenwick","D. Fenwick","RB","","","","injury-status","BYE","-","-","-","-","-","-","-","-","-","-","-","-"
"3000","J. Fleming","J. Fleming","WR","","","","injury-status","BYE","-","-","-","-","-","-","-","-","-","-","-","-"
"3001","C. Beck","C. Beck","WR","","","","injury-status","BYE","-","-","-","-","-","-","-","-","-","-","-","-"
"3002","I. Adeyi","I. Adeyi","WR","","","","injury-status","BYE","-","-","-","-","-","-","-","-","-","-","-","-"
"3003","J. George","J. George","WR","","","","injury-status","BYE","-","-","-","-","-","-","-","-","-","-","-","-"
"3004","J. Lingenfelter","J. Lingenfelter","TE","","","","injury-status","BYE","-","-","-","-","-","-","-","-","-","-","-","-"
"3005","D. Hardy","D. Hardy","WR","","","","injury-status","BYE","-","-","-","-","-","-","-","-","-","-","-","-"
"3006","L. Wester","L. Wester","WR","BAL","7","","injury-status","Final W 25-9 vs HOU","-","-","-","-","-","-","-","-","-","-","-","-"
"3007","T. Williams","T. Williams","RB","","","","injury-status","BYE","-","-","-","-","-","-","-","-","-","-","-","-"
"3008","O. Gadsden","O. Gadsden","TE","LAC","12","","injury-status","Final L 34-36 vs MIA","-","-","-","-","-","-","-","-","-","-","-","-"
"3009","T. James","T. James","WR","","","","injury-status","BYE","-","-","-","-","-","-","-","-","-","-","-","-"
"3010","D. Walker","D. Walker","WR","BAL","7","","injury-status","Final W 25-9 vs HOU","-","-","-","-","-","-","-","-","-","-","-","-"
"3011","O. Hampton","O. Hampton","RB","LAC","12","","injury-status","Final L 34-36 vs MIA","-","-","-","-","-","-","-","-","-","-","-","-"
"3012","D. Singer","D. Singer","WR","","","","injury-status","BYE","-","-","-","-","-","-","-","-","-","-","-","-"
"3013","J. Cowing","J. Cowing","WR","SF","14","IR","injury-status ir","Final W 30-7 @ PIT","-","-","-","-","-","-","-","-","-","-","-","-"
"3014","K. Milton","K. Milton","RB","CIN","10","","injury-status","Final L 3-24 @ CLE","-","-","-","-","-","-","-","-","-","-","-","-"
"3015","B. Irving","B. Irving","RB","TB","9","","injury-status","Final W 20-17 @ MIN","-","-","-","-","-","-","-","-","-","-","-","-"
"3016","B. Gabbert","B. Gabbert","QB","","","","injury-status","BYE","-","-","-","-","-","-","-","-","-","-","-","-"
"3017","K. Dent","K. Dent","QB","","","","injury-status","BYE","-","-","-","-","-","-","-","-","-","-","-","-"