"index","short_name","name","position","team","bye_week","injury_text","injury_class","game_status","points","stat_2","stat_3","stat_4","stat_5","stat_6","stat_7","stat_8","stat_9","stat_10","stat_11","stat_12","stat_13"
"1","J. Hurts","J. Hurts","QB","PHI","9","","injury-status","Final W 25-20 @ NE","376","23.2","155","768","11","-","-","-","-","314","490","3815","23"
"2","P. Mahomes","P. Mahomes","QB","KC","10","","injury-status","Final L 20-21 vs DET","375","14.6","70","351","3","-","-","-","-","388","590","4704","37"
"3","J. Allen","J. Allen","QB","BUF","7","","injury-status","Final L 16-22 @ NYJ","374","20.5","110","599","6","-","-","-","-","363","579","4193","32"
"4","L. Jackson","L. Jackson","QB","BAL","7","Ques","injury-status questionable","Final W 25-9 vs HOU","357","34.2","160","969","6","-","-","-","-","313","495","3670","23"
"5","J. Burrow","J. Burrow","QB","CIN","10","","injury-status","Final L 3-24 @ CLE","335","37.7","45","226","3","-","-","-","-","388","583","4428","33"
"6","J. Herbert","J. Herbert","QB","LAC","12","","injury-status","Final L 34-36 vs MIA","317","44.3","52","171","2","-","-","-","-","412","614","4504","31"
"7","T. Tagovailoa","T. Tagovailoa","QB","MIA","12","","injury-status","Final W 36-34 @ LAC","311","95.4","46","117","2","-","-","-","-","363","548","4363","32"
"8","J. Fields","J. Fields","QB","CHI","5","","injury-status","Final L 20-38 vs GB","311","46.0","164","827","7","-","-","-","-","278","456","3271","19"
"9","C. McCaffrey","C. McCaffrey","RB","SF","14","","injury-status","Final W 30-7 @ PIT","309","2.8","258","1231","11","72","-","599","4","-","-","-","-"
"10","T. Lawrence","T. Lawrence","QB","JAX","8","","injury-status","Final W 31-21 @ IND","308","57.4","61","277","3","-","-","-","-","377","600","4249","28"
"11","D. Prescott","D. Prescott","QB","DAL","10","","injury-status","Final W 40-0 @ NYG","307","92.0","64","260","3","-","-","-","-","373","555","4078","29"
"12","D. Watson","D. Watson","QB","CLE","9","PUP","injury-status pup","Final W 24-3 vs CIN","305","86.8","82","433","4","-","-","-","-","346","533","3814","25"
"13","A. Richardson","A. Richardson","QB","IND","11","","injury-status","Final L 21-31 vs JAX","296","111.6","139","754","6","-","-","-","-","271","454","3186","19"
"14","K. Cousins","K. Cousins","QB","MIN","6","","injury-status","Final L 17-20 vs TB","291","115.4","32","97","1","-","-","-","-","390","595","4395","29"
"15","D. Jones","D. Jones","QB","NYG","14","","injury-status","Final L 0-40 vs DAL","289","142.9","102","561","4","-","-","-","-","343","526","3626","21"
"16","J. Jefferson","J. Jefferson","WR","MIN","6","Ques","injury-status questionable","Final L 17-20 vs TB","289","1.6","6","33","-","116","-","1674","10","-","-","-","-"
"17","R. Wilson","R. Wilson","QB","DEN","12","","injury-status","Final L 16-17 vs LV","280","170.9","58","253","3","-","-","-","-","348","533","3800","25"
"18","G. Smith","G. Smith","QB","SEA","8","","injury-status","Final L 13-30 vs LAR","280","133.4","44","171","2","-","-","-","-","347","541","3922","28"
"19","M. Stafford","M. Stafford","QB","LAR","8","","injury-status","Final W 30-13 @ SEA","275","217.6","15","64","-","-","-","-","-","386","613","4362","28"
"20","C. Stroud","C. Stroud","QB","HOU","6","","injury-status","Final L 9-25 @ BAL","272","218.6","67","242","3","-","-","-","-","326","522","3855","24"
"21","B. Purdy","B. Purdy","QB","SF","14","","injury-status","Final W 30-7 @ PIT","272","161.3","50","162","1","-","-","-","-","339","532","3998","26"
"22","J. Chase","J. Chase","WR","CIN","10","","injury-status","Final L 3-24 @ CLE","267","3.4","8","44","-","105","-","1501","10","-","-","-","-"
"23","J. Goff","J. Goff","QB","DET","8","","injury-status","Final W 21-20 @ KC","267","153.0","17","65","1","-","-","-","-","354","538","3977","28"
"24","J. Love","J. Love","QB","GB","5","","injury-status","Final W 38-20 @ CHI","265","188.7","55","233","3","-","-","-","-","309","499","3604","23"
"25","A. Ekeler","A. Ekeler","RB","LAC","12","","injury-status","Final L 34-36 vs MIA","261","4.3","201","888","8","84","-","619","4","-","-","-","-"
"26","T. Hill","T. Hill","WR","MIA","12","Ques","injury-status questionable","Final W 36-34 @ LAC","254","6.8","16","88","-","102","-","1424","9","-","-","-","-"
"27","K. Pickett","K. Pickett","QB","PIT","5","Ques","injury-status questionable","Final L 7-30 vs SF","251","184.0","63","303","3","-","-","-","-","324","511","3517","20"
"28","S. Howell","S. Howell","QB","WAS","12","","injury-status","Final W 20-16 vs ARI","251","228.7","65","267","3","-","-","-","-","316","504","3551","21"
"29","D. Carr","D. Carr","QB","NO","11","NA","injury-status na","Final W 16-15 vs TEN","249","195.0","13","62","1","-","-","-","-","351","529","3822","25"
"30","K. Murray","K. Murray","QB","ARI","8","","injury-status","Final L 16-20 @ WAS","244","196.1","56","315","3","-","-","-","-","300","455","3224","20"
"31","B. Young","B. Young","QB","CAR","14","","injury-status","Final L 10-24 @ ATL","243","176.0","66","271","2","-","-","-","-","321","525","3608","20"
"32","D. Adams","D. Adams","WR","LV","8","","injury-status","Final W 17-16 @ DEN","241","16.9","1","5","-","102","-","1292","10","-","-","-","-"
"33","S. Diggs","S. Diggs","WR","BUF","7","Ques","injury-status questionable","Final L 16-22 @ NYJ","241","11.4","2","12","-","108","-","1334","9","-","-","-","-"
"34","B. Mayfield","B. Mayfield","QB","TB","9","","injury-status","Final W 20-17 @ MIN","240","255.1","41","151","2","-","-","-","-","297","485","3453","23"
"35","M. Jones","M. Jones","QB","NE","14","Ques","injury-status questionable","Final L 20-25 vs PHI","240","260.4","42","141","1","-","-","-","-","330","521","3637","23"
"36","A. Brown","A. Brown","WR","PHI","9","Ques","injury-status questionable","Final W 25-20 @ NE","238","12.5","8","45","-","88","-","1350","9","-","-","-","-"
"37","B. Robinson","B. Robinson","RB","ATL","5","","injury-status","Final W 24-10 vs CAR","237","7.8","262","1178","9","44","-","334","2","-","-","-","-"
"38","R. Tannehill","R. Tannehill","QB","TEN","10","","injury-status","Final L 15-16 @ NO","235","252.0","49","181","2","-","-","-","-","294","456","3361","21"
"39","C. Lamb","C. Lamb","WR","DAL","10","","injury-status","Final W 40-0 @ NYG","233","15.0","13","71","-","96","-","1256","9","-","-","-","-"
"40","D. Henry","D. Henry","RB","TEN","10","","injury-status","Final L 15-16 @ NO","230","13.7","291","1278","11","25","-","181","1","-","-","-","-"
"41","S. Barkley","S. Barkley","RB","NYG","14","","injury-status","Final L 0-40 vs DAL","229","9.0","253","1103","7","50","-","392","2","-","-","-","-"
"42","D. Ridder","D. Ridder","QB","ATL","5","","injury-status","Final W 24-10 vs CAR","228","256.9","74","304","3","-","-","-","-","274","442","3019","19"
"43","J. Garoppolo","J. Garoppolo","QB","LV","8","","injury-status","Final W 17-16 @ DEN","223","230.3","7","22","1","-","-","-","-","345","519","3655","22"
"44","J. Jacobs","J. Jacobs","RB","LV","8","","injury-status","Final W 17-16 @ DEN","222","17.6","269","1164","8","41","-","306","1","-","-","-","-"
"45","T. Etienne","T. Etienne","RB","JAX","8","","injury-status","Final W 31-21 @ IND","217","29.4","265","1178","8","37","-","288","1","-","-","-","-"
"46","T. Pollard","T. Pollard","RB","DAL","10","","injury-status","Final W 40-0 @ NYG","213","19.6","217","971","7","50","-","388","2","-","-","-","-"
"47","A. St. Brown","A. St. Brown","WR","DET","8","","injury-status","Final W 21-20 @ KC","213","17.5","9","56","-","105","-","1148","7","-","-","-","-"
"48","D. Montgomery","D. Montgomery","RB","DET","8","","injury-status","Final W 21-20 @ KC","213","78.1","272","1142","10","28","-","205","1","-","-","-","-"
"49","T. Kelce","T. Kelce","TE","KC","10","","injury-status","Final L 20-21 vs DET","206","5.1","-","-","-","93","-","1119","8","-","-","-","-"
"50","J. Waddle","J. Waddle","WR","MIA","12","","injury-status","Final W 36-34 @ LAC","205","22.3","7","41","-","83","-","1194","7","-","-","-","-"
"51","R. Stevenson","R. Stevenson","RB","NE","14","Ques","injury-status questionable","Final L 20-25 vs PHI","204","31.8","239","1051","7","41","-","300","1","-","-","-","-"
"52","N. Harris","N. Harris","RB","PIT","5","Ques","injury-status questionable","Final L 7-30 vs SF","203","24.3","259","1052","7","41","-","292","1","-","-","-","-"
"53","J. Mixon","J. Mixon","RB","CIN","10","PUP","injury-status pup","Final L 3-24 @ CLE","202","33.8","239","990","7","44","-","327","1","-","-","-","-"
"54","G. Wilson","G. Wilson","WR","NYJ","9","","injury-status","Final W 22-16 vs BUF","201","21.7","7","45","-","91","-","1112","7","-","-","-","-"
"55","D. Pierce","D. Pierce","RB","HOU","6","","injury-status","Final L 9-25 @ BAL","201","47.0","260","1122","7","33","-","244","1","-","-","-","-"
"56","Z. Wilson","Z. Wilson","QB","NYJ","9","","injury-status","Final W 22-16 vs BUF","200","999.0","39","208","3","-","-","-","-","257","448","3073","14"
"57","C. Ridley","C. Ridley","WR","JAX","8","Ques","injury-status questionable","Final W 31-21 @ IND","198","38.1","-","-","-","82","-","1146","7","-","-","-","-"
"58","C. Olave","C. Olave","WR","NO","11","","injury-status","Final W 16-15 vs TEN","196","26.3","1","5","-","81","-","1152","7","-","-","-","-"
"59","D. Smith","D. Smith","WR","PHI","9","Ques","injury-status questionable","Final W 25-20 @ NE","196","30.7","1","7","-","84","-","1130","7","-","-","-","-"
"60","T. Higgins","T. Higgins","WR","CIN","10","","injury-status","Final L 3-24 @ CLE","195","28.7","1","5","-","83","-","1131","7","-","-","-","-"
"61","K. Walker","K. Walker","RB","SEA","8","","injury-status","Final L 13-30 vs LAR","195","42.4","240","1081","8","26","-","197","1","-","-","-","-"
"62","C. Kupp","C. Kupp","WR","LAR","8","","injury-status","Final W 30-13 @ SEA","192","16.5","4","18","-","89","-","1054","7","-","-","-","-"
"63","D. Samuel","D. Samuel","WR","SF","14","","injury-status","Final W 30-7 @ PIT","189","35.4","38","205","2","70","-","932","5","-","-","-","-"
"64","C. Godwin","C. Godwin","WR","TB","9","Doub","injury-status doubtful","Final W 20-17 @ MIN","188","65.9","2","10","-","91","-","1074","6","-","-","-","-"
"65","A. Jones","A. Jones","RB","GB","5","","injury-status","Final W 38-20 @ CHI","188","40.5","201","884","5","46","-","362","2","-","-","-","-"
"66","D. Metcalf","D. Metcalf","WR","SEA","8","","injury-status","Final L 13-30 vs LAR","187","35.9","3","19","-","79","-","1034","7","-","-","-","-"
"67","P. Nacua","P. Nacua","WR","LAR","8","","injury-status","Final W 30-13 @ SEA","186","248.5","-","-","-","87","-","1004","7","-","-","-","-"
"68","M. Evans","M. Evans","WR","TB","9","","injury-status","Final W 20-17 @ MIN","186","74.0","1","6","-","74","-","1079","7","-","-","-","-"
"69","D. Moore","D. Moore","WR","CHI","5","","injury-status","Final L 20-38 vs GB","185","50.9","13","68","-","77","-","1032","6","-","-","-","-"
"70","B. Hall","B. Hall","RB","NYJ","9","","injury-status","Final W 22-16 vs BUF","184","39.0","196","901","7","40","-","303","1","-","-","-","-"
"71","A. Cooper","A. Cooper","WR","CLE","9","","injury-status","Final W 24-3 vs CIN","184","43.2","-","-","-","79","-","1048","7","-","-","-","-"
"72","M. Sanders","M. Sanders","RB","CAR","14","Ques","injury-status questionable","Final L 10-24 @ ATL","182","52.2","251","1087","6","27","-","202","1","-","-","-","-"
"73","K. Allen","K. Allen","WR","LAC","12","","injury-status","Final L 34-36 vs MIA","182","41.6","2","11","-","91","-","1016","6","-","-","-","-"
"74","D. London","D. London","WR","ATL","5","","injury-status","Final W 24-10 vs CAR","182","56.4","-","-","-","87","-","1046","6","-","-","-","-"
"75","T. McLaurin","T. McLaurin","WR","WAS","12","","injury-status","Final W 20-16 vs ARI","182","53.6","6","31","-","78","-","1059","6","-","-","-","-"
"76","J. Williams","J. Williams","RB","DEN","12","","injury-status","Final L 16-17 vs LV","181","70.7","208","907","7","36","-","262","1","-","-","-","-"
"77","D. Swift","D. Swift","RB","PHI","9","","injury-status","Final W 25-20 @ NE","180","64.5","187","901","6","34","-","268","2","-","-","-","-"
"78","A. Mattison","A. Mattison","RB","MIN","6","IR","injury-status ir","Final L 17-20 vs TB","179","53.6","218","901","7","34","-","257","1","-","-","-","-"
"79","J. Taylor","J. Taylor","RB","IND","11","","injury-status","Final L 21-31 vs JAX","178","43.5","217","979","7","27","-","209","1","-","-","-","-"
"80","J. Conner","J. Conner","RB","ARI","8","","injury-status","Final L 16-20 @ WAS","178","62.6","199","831","6","42","-","321","1","-","-","-","-"
"81","D. Hopkins","D. Hopkins","WR","TEN","10","Ques","injury-status questionable","Final L 15-16 @ NO","178","49.8","-","-","-","86","-","1005","6","-","-","-","-"
"82","B. Aiyuk","B. Aiyuk","WR","SF","14","PUP","injury-status pup","Final W 30-7 @ PIT","176","66.2","7","39","-","70","-","974","7","-","-","-","-"
"83","T. Lockett","T. Lockett","WR","SEA","8","","injury-status","Final L 13-30 vs LAR","176","69.1","1","9","-","72","-","986","7","-","-","-","-"
"84","J. Jeudy","J. Jeudy","WR","DEN","12","","injury-status","Final L 16-17 vs LV","175","76.5","5","26","-","73","-","959","7","-","-","-","-"
"85","M. Williams","M. Williams","WR","LAC","12","DNR","injury-status dnr","Final L 34-36 vs MIA","174","68.9","1","7","-","68","-","996","7","-","-","-","-"
"86","A. Kamara","A. Kamara","RB","NO","11","","injury-status","Final W 16-15 vs TEN","174","67.8","185","760","4","47","-","385","2","-","-","-","-"
"87","R. White","R. White","RB","TB","9","Ques","injury-status questionable","Final W 20-17 @ MIN","172","73.9","201","849","6","36","-","272","1","-","-","-","-"
"88","J. Gibbs","J. Gibbs","RB","DET","8","","injury-status","Final W 21-20 @ KC","172","32.3","135","552","4","61","-","459","3","-","-","-","-"
"89","M. Andrews","M. Andrews","TE","BAL","7","","injury-status","Final W 25-9 vs HOU","170","26.0","-","-","-","75","-","908","7","-","-","-","-"
"90","J. Ford","J. Ford","RB","CLE","9","","injury-status","Final W 24-3 vs CIN","170","223.3","192","850","6","37","-","267","1","-","-","-","-"
"91","C. Kirk","C. Kirk","WR","JAX","8","","injury-status","Final W 31-21 @ IND","170","71.3","3","20","-","77","-","957","6","-","-","-","-"
"92","K. Williams","K. Williams","RB","LAR","8","","injury-status","Final W 30-13 @ SEA","169","999.0","167","691","5","48","-","341","2","-","-","-","-"
"93","M. Pittman","M. Pittman","WR","IND","11","","injury-status","Final L 21-31 vs JAX","168","80.8","6","30","-","85","-","944","5","-","-","-","-"
"94","A. Dillon","A. Dillon","RB","GB","5","","injury-status","Final W 38-20 @ CHI","167","87.4","203","849","7","28","-","202","1","-","-","-","-"
"95","I. Pacheco","I. Pacheco","RB","KC","10","","injury-status","Final L 20-21 vs DET","166","75.1","206","882","7","25","-","193","1","-","-","-","-"
"96","B. Robinson","B. Robinson","RB","WAS","12","","injury-status","Final W 20-16 vs ARI","166","100.3","207","877","7","26","-","188","1","-","-","-","-"
"97","G. Pickens","G. Pickens","WR","PIT","5","","injury-status","Final L 7-30 vs SF","165","76.9","2","13","-","68","-","939","6","-","-","-","-"
"98","J. Cook","J. Cook","RB","BUF","7","","injury-status","Final L 16-22 @ NYJ","165","77.3","180","771","6","38","-","289","1","-","-","-","-"
"99","N. Collins","N. Collins","WR","HOU","6","","injury-status","Final L 9-25 @ BAL","163","166.4","-","-","-","72","-","907","6","-","-","-","-"
"100","J. Dotson","J. Dotson","WR","WAS","12","","injury-status","Final W 20-16 vs ARI","160","85.1","-","-","-","66","-","932","6","-","-","-","-"
"101","H. Brown","H. Brown","WR","ARI","8","Ques","injury-status questionable","Final L 16-20 @ WAS","160","79.3","3","20","-","76","-","921","5","-","-","-","-"
"102","R. Mostert","R. Mostert","RB","MIA","12","","injury-status","Final W 36-34 @ LAC","156","130.4","187","844","6","25","-","193","1","-","-","-","-"
"103","J. Addison","J. Addison","WR","MIN","6","Sus","injury-status sus","Final L 17-20 vs TB","155","83.5","5","52","-","71","-","865","5","-","-","-","-"
"104","D. Cook","D. Cook","RB","BAL","7","","injury-status","Final W 25-9 vs HOU","152","71.2","177","756","6","29","-","218","1","-","-","-","-"
"105","C. Watson","C. Watson","WR","GB","5","PUP","injury-status pup","Final W 38-20 @ CHI","151","60.3","6","39","-","59","-","838","6","-","-","-","-"
"106","B. Cooks","B. Cooks","WR","DAL","10","","injury-status","Final W 40-0 @ NYG","151","93.7","2","12","-","66","-","885","5","-","-","-","-"
"107","T. Hockenson","T. Hockenson","TE","MIN","6","","injury-status","Final L 17-20 vs TB","148","48.4","-","-","-","72","-","759","6","-","-","-","-"
"108","G. Davis","G. Davis","WR","BUF","7","Ques","injury-status questionable","Final L 16-22 @ NYJ","147","94.3","2","13","-","52","-","795","7","-","-","-","-"
"109","K. Herbert","K. Herbert","RB","CHI","5","","injury-status","Final L 20-38 vs GB","147","96.8","189","829","5","23","-","181","1","-","-","-","-"
"110","G. Edwards","G. Edwards","RB","BAL","7","","injury-status","Final W 25-9 vs HOU","146","215.0","202","916","6","15","-","113","-","-","-","-","-"
"111","M. Thomas","M. Thomas","WR","NO","11","","injury-status","Final W 16-15 vs TEN","145","99.0","-","-","-","73","-","808","5","-","-","-","-"
"112","G. Kittle","G. Kittle","TE","SF","14","","injury-status","Final W 30-7 @ PIT","144","44.7","-","-","-","62","-","772","6","-","-","-","-"
"113","J. Dobbs","J. Dobbs","QB","MIN","6","","injury-status","Final L 17-20 vs TB","144","516.7","10","43","-","-","-","-","-","239","368","2560","12"
"114","D. Waller","D. Waller","TE","NYG","14","","injury-status","Final L 0-40 vs DAL","143","55.0","-","-","-","67","-","796","5","-","-","-","-"
"115","C. Sutton","C. Sutton","WR","DEN","12","","injury-status","Final L 16-17 vs LV","141","109.4","-","-","-","59","-","834","5","-","-","-","-"
"116","S. Moore","S. Moore","WR","KC","10","","injury-status","Final L 20-21 vs DET","141","124.8","11","61","-","65","-","719","5","-","-","-","-"
"117","Z. Charbonnet","Z. Charbonnet","RB","SEA","8","","injury-status","Final L 13-30 vs LAR","140","98.5","161","720","5","27","-","205","1","-","-","-","-"
"118","J. Williams","J. Williams","RB","NO","11","","injury-status","Final W 16-15 vs TEN","140","105.3","178","733","6","21","-","161","1","-","-","-","-"
"119","T. Burks","T. Burks","WR","TEN","10","IR","injury-status ir","Final L 15-16 @ NO","140","107.7","-","-","-","62","-","808","5","-","-","-","-"
"120","T. Atwell","T. Atwell","WR","LAR","8","","injury-status","Final W 30-13 @ SEA","140","999.0","7","39","-","56","-","776","5","-","-","-","-"
"121","J. Meyers","J. Meyers","WR","LV","8","","injury-status","Final W 17-16 @ DEN","140","154.6","1","7","-","67","-","773","5","-","-","-","-"
"122","D. Goedert","D. Goedert","TE","PHI","9","Ques","injury-status questionable","Final W 25-20 @ NE","138","62.6","-","-","-","62","-","714","6","-","-","-","-"
"123","Z. Flowers","Z. Flowers","WR","BAL","7","","injury-status","Final W 25-9 vs HOU","138","97.2","8","44","-","57","-","749","5","-","-","-","-"
"124","T. Dell","T. Dell","WR","HOU","6","PUP","injury-status pup","Final L 9-25 @ BAL","138","188.8","1","10","-","58","-","718","6","-","-","-","-"
"125","D. Johnson","D. Johnson","WR","PIT","5","","injury-status","Final L 7-30 vs SF","138","80.1","10","55","-","73","-","736","4","-","-","-","-"
"126","K. Pitts","K. Pitts","TE","ATL","5","","injury-status","Final W 24-10 vs CAR","137","61.5","-","-","-","63","-","756","5","-","-","-","-"
"127","A. Gibson","A. Gibson","RB","WAS","12","","injury-status","Final W 20-16 vs ARI","136","89.2","112","497","4","40","-","304","2","-","-","-","-"
"128","J. Smith-Schuster","J. Smith-Schuster","WR","NE","14","","injury-status","Final L 20-25 vs PHI","135","107.1","6","28","-","71","-","749","4","-","-","-","-"
"129","R. Bateman","R. Bateman","WR","BAL","7","","injury-status","Final W 25-9 vs HOU","135","125.2","-","-","-","57","-","780","5","-","-","-","-"
"130","D. Njoku","D. Njoku","TE","CLE","9","","injury-status","Final W 24-3 vs CIN","134","89.2","-","-","-","66","-","711","5","-","-","-","-"
"131","S. Perine","S. Perine","RB","DEN","12","","injury-status","Final L 16-17 vs LV","134","112.5","148","612","4","36","-","266","1","-","-","-","-"
"132","E. Engram","E. Engram","TE","JAX","8","","injury-status","Final W 31-21 @ IND","134","82.6","-","-","-","66","-","706","5","-","-","-","-"
"133","T. Boyd","T. Boyd","WR","CIN","10","","injury-status","Final L 3-24 @ CLE","133","148.9","2","16","-","60","-","736","5","-","-","-","-"
"134","P. Freiermuth","P. Freiermuth","TE","PIT","5","","injury-status","Final L 7-30 vs SF","133","88.3","-","-","-","65","-","704","5","-","-","-","-"
"135","O. Beckham","O. Beckham","WR","BAL","7","","injury-status","Final W 25-9 vs HOU","132","113.2","2","12","-","58","-","714","5","-","-","-","-"
"136","J. Williams","J. Williams","WR","DET","8","","injury-status","Final W 21-20 @ KC","132","134.4","5","29","1","45","-","681","5","-","-","-","-"
"137","J. Smith-Njigba","J. Smith-Njigba","WR","SEA","8","","injury-status","Final L 13-30 vs LAR","131","84.1","2","13","-","68","-","681","5","-","-","-","-"
"138","K. Toney","K. Toney","WR","KC","10","","injury-status","Final L 20-21 vs DET","131","101.9","13","80","1","54","-","621","5","-","-","-","-"
"139","E. Moore","E. Moore","WR","CLE","9","","injury-status","Final W 24-3 vs CIN","130","117.0","9","58","-","56","-","684","5","-","-","-","-"
"140","R. Woods","R. Woods","WR","HOU","6","","injury-status","Final L 9-25 @ BAL","130","239.6","7","42","-","66","-","688","4","-","-","-","-"
"141","P. Walker","P. Walker","QB","CLE","9","","injury-status","Final W 24-3 vs CIN","128","999.0","39","94","1","-","-","-","-","186","343","2186","11"
"142","T. Allgeier","T. Allgeier","RB","ATL","5","","injury-status","Final W 24-10 vs CAR","128","134.7","163","714","5","18","-","132","1","-","-","-","-"
"143","D. Mooney","D. Mooney","WR","CHI","5","Ques","injury-status questionable","Final L 20-38 vs GB","127","157.3","5","29","-","53","-","759","4","-","-","-","-"
"144","Z. Jones","Z. Jones","WR","JAX","8","","injury-status","Final W 31-21 @ IND","126","175.5","2","12","-","63","-","709","4","-","-","-","-"
"145","A. Lazard","A. Lazard","WR","NYJ","9","Ques","injury-status questionable","Final W 22-16 vs BUF","125","122.8","2","10","-","53","-","676","5","-","-","-","-"
"146","J. Kelley","J. Kelley","RB","LAC","12","","injury-status","Final L 34-36 vs MIA","125","227.0","136","563","6","22","-","158","1","-","-","-","-"
"147","A. Thielen","A. Thielen","WR","CAR","14","","injury-status","Final L 10-24 @ ATL","125","128.8","-","-","-","61","-","664","5","-","-","-","-"
"148","Q. Johnston","Q. Johnston","WR","LAC","12","Ques","injury-status questionable","Final L 34-36 vs MIA","121","102.8","1","5","-","51","-","672","5","-","-","-","-"
"149","W. Levis","W. Levis","QB","TEN","10","IR","injury-status ir","Final L 15-16 @ NO","121","999.0","23","59","1","-","-","-","-","185","320","2032","8"
"150","R. Rice","R. Rice","WR","KC","10","Sus","injury-status sus","Final L 20-21 vs DET","121","149.4","-","-","-","53","-","646","5","-","-","-","-"
"151","S. LaPorta","S. LaPorta","TE","DET","8","","injury-status","Final W 21-20 @ KC","120","155.1","-","-","-","57","-","618","5","-","-","-","-"
"152","M. Mims","M. Mims","WR","DEN","12","Ques","injury-status questionable","Final L 16-17 vs LV","120","179.5","1","13","-","50","-","694","4","-","-","-","-"
"153","D. Singletary","D. Singletary","RB","HOU","6","","injury-status","Final L 9-25 @ BAL","119","170.7","126","527","4","31","-","231","1","-","-","-","-"
"154","R. Doubs","R. Doubs","WR","GB","5","","injury-status","Final W 38-20 @ CHI","118","152.0","1","5","-","56","-","653","4","-","-","-","-"
"155","H. Henry","H. Henry","TE","NE","14","","injury-status","Final L 20-25 vs PHI","117","999.0","-","-","-","54","-","603","5","-","-","-","-"
"156","R. Shaheed","R. Shaheed","WR","NO","11","","injury-status","Final W 16-15 vs TEN","117","236.9","10","74","1","46","-","587","4","-","-","-","-"
"157","D. Peoples-Jones","D. Peoples-Jones","WR","DET","8","","injury-status","Final W 21-20 @ KC","117","216.0","2","10","-","46","-","689","4","-","-","-","-"
"158","D. Thompson-Robinson","D. Thompson-Robinson","QB","CLE","9","","injury-status","Final W 24-3 vs CIN","117","999.0","36","142","3","-","-","-","-","155","277","1639","9"
"159","J. Hill","J. Hill","RB","BAL","7","","injury-status","Final W 25-9 vs HOU","116","678.6","130","550","4","25","-","189","1","-","-","-","-"
"160","C. Samuel","C. Samuel","WR","WAS","12","Ques","injury-status questionable","Final W 20-16 vs ARI","116","233.5","21","117","1","53","-","542","3","-","-","-","-"
"161","K. Gainwell","K. Gainwell","RB","PHI","9","","injury-status","Final W 25-20 @ NE","116","164.8","115","521","4","28","-","201","1","-","-","-","-"
"162","M. Gallup","M. Gallup","WR","DAL","10","","injury-status","Final W 40-0 @ NYG","116","192.5","-","-","-","51","-","661","4","-","-","-","-"
"163","R. Moore","R. Moore","WR","ARI","8","IR","injury-status ir","Final L 16-20 @ WAS","115","194.5","32","177","1","51","-","499","3","-","-","-","-"
"164","San Francisco. 49ers","San Francisco. 49ers","DEF","SF","14","","injury-status","Final W 30-7 @ PIT","115","95.6","-","-","-","-","-","-","-","-","-","-","-"
"165","J. Hyatt","J. Hyatt","WR","NYG","14","","injury-status","Final L 0-40 vs DAL","115","165.9","1","10","-","48","-","657","4","-","-","-","-"
"166","J. Reed","J. Reed","WR","GB","5","Ques","injury-status questionable","Final W 38-20 @ CHI","113","212.8","-","-","-","57","-","609","4","-","-","-","-"
"167","D. Parker","D. Parker","WR","NE","14","","injury-status","Final L 20-25 vs PHI","113","231.8","-","-","-","48","-","653","4","-","-","-","-"
"168","D. Chark","D. Chark","WR","CAR","14","","injury-status","Final L 10-24 @ ATL","112","200.5","-","-","-","46","-","651","4","-","-","-","-"
"169","Dallas. Cowboys","Dallas. Cowboys","DEF","DAL","10","","injury-status","Final W 40-0 @ NYG","112","113.7","-","-","-","-","-","-","-","-","-","-","-"
"170","J. Warren","J. Warren","RB","PIT","5","","injury-status","Final L 7-30 vs SF","112","141.9","114","489","3","33","-","244","1","-","-","-","-"
"171","D. Harris","D. Harris","RB","BUF","7","","injury-status","Final L 16-22 @ NYJ","112","129.8","123","545","5","18","-","142","1","-","-","-","-"
"172","C. Kmet","C. Kmet","TE","CHI","5","","injury-status","Final L 20-38 vs GB","111","127.8","-","-","-","57","-","588","4","-","-","-","-"
"173","J. Tucker","J. Tucker","K","BAL","7","Sus","injury-status sus","Final W 25-9 vs HOU","111","136.4","-","-","-","-","-","-","-","-","-","-","-"
"174","A. Pierce","A. Pierce","WR","IND","11","","injury-status","Final L 21-31 vs JAX","110","214.0","1","6","-","46","-","627","4","-","-","-","-"
"175","J. Mingo","J. Mingo","WR","CAR","14","IR","injury-status ir","Final L 10-24 @ ATL","110","169.4","3","16","-","52","-","584","4","-","-","-","-"
"176","K. Osborn","K. Osborn","WR","MIN","6","","injury-status","Final L 17-20 vs TB","110","219.0","1","8","-","50","-","599","4","-","-","-","-"
"177","T. Bass","T. Bass","K","BUF","7","","injury-status","Final L 16-22 @ NYJ","109","140.7","-","-","-","-","-","-","-","-","-","-","-"
"178","Buffalo. Bills","Buffalo. Bills","DEF","BUF","7","","injury-status","Final L 16-22 @ NYJ","109","119.5","-","-","-","-","-","-","-","-","-","-","-"
"179","C. Hubbard","C. Hubbard","RB","CAR","14","","injury-status","Final L 10-24 @ ATL","109","197.7","122","511","4","24","-","177","1","-","-","-","-"
"180","E. Elliott","E. Elliott","RB","NE","14","","injury-status","Final L 20-25 vs PHI","109","120.1","136","554","5","14","-","104","1","-","-","-","-"
"181","E. McPherson","E. McPherson","K","CIN","10","","injury-status","Final L 3-24 @ CLE","107","137.4","-","-","-","-","-","-","-","-","-","-","-"
"182","D. Slayton","D. Slayton","WR","NYG","14","","injury-status","Final L 0-40 vs DAL","107","999.0","2","11","-","43","-","602","4","-","-","-","-"
"183","D. Schultz","D. Schultz","TE","HOU","6","","injury-status","Final L 9-25 @ BAL","106","118.1","-","-","-","54","-","553","4","-","-","-","-"
"184","D. Achane","D. Achane","RB","MIA","12","Ques","injury-status questionable","Final W 36-34 @ LAC","106","123.9","112","506","3","26","-","204","1","-","-","-","-"
"185","Philadelphia. Eagles","Philadelphia. Eagles","DEF","PHI","9","","injury-status","Final W 25-20 @ NE","106","106.4","-","-","-","-","-","-","-","-","-","-","-"
"186","Miami. Dolphins","Miami. Dolphins","DEF","MIA","12","","injury-status","Final W 36-34 @ LAC","106","157.8","-","-","-","-","-","-","-","-","-","-","-"
"187","M. Valdes-Scantling","M. Valdes-Scantling","WR","KC","10","","injury-status","Final L 20-21 vs DET","105","213.1","-","-","-","39","-","619","4","-","-","-","-"
"188","H. Butker","H. Butker","K","KC","10","","injury-status","Final L 20-21 vs DET","105","138.6","-","-","-","-","-","-","-","-","-","-","-"
"189","T. DeVito","T. DeVito","QB","NYG","14","","injury-status","Final L 0-40 vs DAL","105","647.8","36","126","2","-","-","-","-","129","215","1378","9"
"190","E. Mitchell","E. Mitchell","RB","SF","14","","injury-status","Final W 30-7 @ PIT","105","119.2","124","574","4","14","-","102","1","-","-","-","-"
"191","D. Kincaid","D. Kincaid","TE","BUF","7","","injury-status","Final L 16-22 @ NYJ","105","114.7","-","-","-","52","-","546","4","-","-","-","-"
"192","D. Carlson","D. Carlson","K","LV","8","","injury-status","Final W 17-16 @ DEN","104","139.5","-","-","-","-","-","-","-","-","-","-","-"
"193","J. Downs","J. Downs","WR","IND","11","Ques","injury-status questionable","Final L 21-31 vs JAX","104","238.3","6","29","-","50","-","577","3","-","-","-","-"
"194","Y. Koo","Y. Koo","K","ATL","5","","injury-status","Final W 24-10 vs CAR","103","145.8","-","-","-","-","-","-","-","-","-","-","-"
"195","T. Higbee","T. Higbee","TE","LAR","8","","injury-status","Final W 30-13 @ SEA","103","150.2","-","-","-","53","-","525","4","-","-","-","-"
"196","Seattle. Seahawks","Seattle. Seahawks","DEF","SEA","8","","injury-status","Final L 13-30 vs LAR","102","177.8","-","-","-","-","-","-","-","-","-","-","-"
"197","Pittsburgh. Steelers","Pittsburgh. Steelers","DEF","PIT","5","","injury-status","Final L 7-30 vs SF","102","161.4","-","-","-","-","-","-","-","-","-","-","-"
"198","New England. Patriots","New England. Patriots","DEF","NE","14","","injury-status","Final L 20-25 vs PHI","102","151.8","-","-","-","-","-","-","-","-","-","-","-"
"199","L. Musgrave","L. Musgrave","TE","GB","5","","injury-status","Final W 38-20 @ CHI","102","182.1","-","-","-","51","-","520","4","-","-","-","-"
"200","J. McKinnon","J. McKinnon","RB","KC","10","","injury-status","Final L 20-21 vs DET","101","125.3","48","201","2","44","-","313","3","-","-","-","-"
"201","New York. Jets","New York. Jets","DEF","NYJ","9","","injury-status","Final W 22-16 vs BUF","101","125.5","-","-","-","-","-","-","-","-","-","-","-"
"202","C. Okonkwo","C. Okonkwo","TE","TEN","10","","injury-status","Final L 15-16 @ NO","100","147.4","-","-","-","47","-","528","4","-","-","-","-"
"203","New Orleans. Saints","New Orleans. Saints","DEF","NO","11","","injury-status","Final W 16-15 vs TEN","100","149.9","-","-","-","-","-","-","-","-","-","-","-"
"204","Green Bay. Packers","Green Bay. Packers","DEF","GB","5","","injury-status","Final W 38-20 @ CHI","100","189.6","-","-","-","-","-","-","-","-","-","-","-"
"205","Cleveland. Browns","Cleveland. Browns","DEF","CLE","9","","injury-status","Final W 24-3 vs CIN","100","609.0","-","-","-","-","-","-","-","-","-","-","-"
"206","J. Sanders","J. Sanders","K","MIA","12","IR","injury-status ir","Final W 36-34 @ LAC","99","156.7","-","-","-","-","-","-","-","-","-","-","-"
"207","Cincinnati. Bengals","Cincinnati. Bengals","DEF","CIN","10","","injury-status","Final L 3-24 @ CLE","99","208.6","-","-","-","-","-","-","-","-","-","-","-"
"208","Z. Ertz","Z. Ertz","TE","","","","injury-status","BYE","99","232.2","-","-","-","55","-","533","3","-","-","-","-"
"209","T. Bigsby","T. Bigsby","RB","JAX","8","","injury-status","Final W 31-21 @ IND","99","131.1","113","475","4","19","-","137","1","-","-","-","-"
"210","I. Hodgins","I. Hodgins","WR","NYG","14","","injury-status","Final L 0-40 vs DAL","98","229.9","1","5","-","48","-","555","3","-","-","-","-"
"211","G. Gano","G. Gano","K","NYG","14","","injury-status","Final L 0-40 vs DAL","98","178.6","-","-","-","-","-","-","-","-","-","-","-"
"212","Tennessee. Titans","Tennessee. Titans","DEF","TEN","10","","injury-status","Final L 15-16 @ NO","98","223.1","-","-","-","-","-","-","-","-","-","-","-"
"213","G. Everett","G. Everett","TE","LAC","12","","injury-status","Final L 34-36 vs MIA","98","177.2","-","-","-","48","-","495","4","-","-","-","-"
"214","Washington. Commanders","Washington. Commanders","DEF","WAS","12","","injury-status","Final W 20-16 vs ARI","97","160.5","-","-","-","-","-","-","-","-","-","-","-"
"215","Los Angeles. Chargers","Los Angeles. Chargers","DEF","LAC","12","","injury-status","Final L 34-36 vs MIA","97","443.2","-","-","-","-","-","-","-","-","-","-","-"
"216","Denver. Broncos","Denver. Broncos","DEF","DEN","12","","injury-status","Final L 16-17 vs LV","97","182.1","-","-","-","-","-","-","-","-","-","-","-"
"217","Baltimore. Ravens","Baltimore. Ravens","DEF","BAL","7","","injury-status","Final W 25-9 vs HOU","97","143.6","-","-","-","-","-","-","-","-","-","-","-"
"218","C. Akers","C. Akers","RB","MIN","6","","injury-status","Final L 17-20 vs TB","96","58.1","128","528","4","13","-","91","1","-","-","-","-"
"219","Tampa Bay. Buccaneers","Tampa Bay. Buccaneers","DEF","TB","9","","injury-status","Final W 20-17 @ MIN","96","320.3","-","-","-","-","-","-","-","-","-","-","-"
"220","Jacksonville. Jaguars","Jacksonville. Jaguars","DEF","JAX","8","","injury-status","Final W 31-21 @ IND","96","205.2","-","-","-","-","-","-","-","-","-","-","-"
"221","Detroit. Lions","Detroit. Lions","DEF","DET","8","","injury-status","Final W 21-20 @ KC","96","554.3","-","-","-","-","-","-","-","-","-","-","-"
"222","R. Patterson","R. Patterson","K","CLE","9","","injury-status","Final W 24-3 vs CIN","95","681.9","-","-","-","-","-","-","-","-","-","-","-"
"223","New York. Giants","New York. Giants","DEF","NYG","14","","injury-status","Final L 0-40 vs DAL","95","359.4","-","-","-","-","-","-","-","-","-","-","-"
"224","Carolina. Panthers","Carolina. Panthers","DEF","CAR","14","","injury-status","Final L 10-24 @ ATL","95","999.0","-","-","-","-","-","-","-","-","-","-","-"
"225","M. Mayer","M. Mayer","TE","LV","8","","injury-status","Final W 17-16 @ DEN","95","197.6","-","-","-","45","-","483","4","-","-","-","-"
"226","M. Jones","M. Jones","WR","","","","injury-status","BYE","94","999.0","-","-","-","42","-","493","4","-","-","-","-"
"227","C. Otton","C. Otton","TE","TB","9","Ques","injury-status questionable","Final W 20-17 @ MIN","94","263.2","-","-","-","48","-","521","3","-","-","-","-"
"228","M. Gay","M. Gay","K","IND","11","","injury-status","Final L 21-31 vs JAX","94","206.7","-","-","-","-","-","-","-","-","-","-","-"
"229","Los Angeles. Rams","Los Angeles. Rams","DEF","LAR","8","","injury-status","Final W 30-13 @ SEA","94","340.1","-","-","-","-","-","-","-","-","-","-","-"
"230","Kansas City. Chiefs","Kansas City. Chiefs","DEF","KC","10","","injury-status","Final L 20-21 vs DET","94","203.3","-","-","-","-","-","-","-","-","-","-","-"
"231","P. Campbell","P. Campbell","WR","NYG","14","Ques","injury-status questionable","Final L 0-40 vs DAL","94","241.9","9","43","-","45","-","487","3","-","-","-","-"
"232","J. Elliott","J. Elliott","K","PHI","9","","injury-status","Final W 25-20 @ NE","93","144.0","-","-","-","-","-","-","-","-","-","-","-"
"233","C. Boswell","C. Boswell","K","PIT","5","","injury-status","Final L 7-30 vs SF","93","668.3","-","-","-","-","-","-","-","-","-","-","-"
"234","J. Johnson","J. Johnson","TE","NO","11","","injury-status","Final W 16-15 vs TEN","93","193.0","-","-","-","43","-","474","4","-","-","-","-"
"235","J. Browning","J. Browning","QB","CIN","10","","injury-status","Final L 3-24 @ CLE","93","999.0","26","103","1","-","-","-","-","141","231","1533","6"
"236","J. Ferguson","J. Ferguson","TE","DAL","10","","injury-status","Final W 40-0 @ NYG","92","206.3","-","-","-","45","-","459","4","-","-","-","-"
"237","J. Myers","J. Myers","K","SEA","8","","injury-status","Final L 13-30 vs LAR","92","168.0","-","-","-","-","-","-","-","-","-","-","-"
"238","R. Penny","R. Penny","RB","PHI","9","","injury-status","Final W 25-20 @ NE","92","106.5","103","503","4","9","-","67","1","-","-","-","-"
"239","G. Joseph","G. Joseph","K","MIN","6","","injury-status","Final L 17-20 vs TB","91","999.0","-","-","-","-","-","-","-","-","-","-","-"
"240","G. Zuerlein","G. Zuerlein","K","NYJ","9","Ques","injury-status questionable","Final W 22-16 vs BUF","91","672.9","-","-","-","-","-","-","-","-","-","-","-"
"241","G. Dulcich","G. Dulcich","TE","DEN","12","","injury-status","Final L 16-17 vs LV","91","174.1","-","-","-","48","-","489","3","-","-","-","-"
"242","C. Dicker","C. Dicker","K","LAC","12","","injury-status","Final L 34-36 vs MIA","90","181.7","-","-","-","-","-","-","-","-","-","-","-"
"243","W. Lutz","W. Lutz","K","DEN","12","","injury-status","Final L 16-17 vs LV","90","642.1","-","-","-","-","-","-","-","-","-","-","-"
"244","B. McManus","B. McManus","K","JAX","8","","injury-status","Final W 31-21 @ IND","90","167.6","-","-","-","-","-","-","-","-","-","-","-"
"245","H. Hurst","H. Hurst","TE","CAR","14","","injury-status","Final L 10-24 @ ATL","90","240.4","-","-","-","47","-","483","3","-","-","-","-"
"246","D. Knox","D. Knox","TE","BUF","7","","injury-status","Final L 16-22 @ NYJ","89","211.2","-","-","-","41","-","449","4","-","-","-","-"
"247","B. Aubrey","B. Aubrey","K","DAL","10","","injury-status","Final W 40-0 @ NYG","89","655.1","-","-","-","-","-","-","-","-","-","-","-"
"248","B. Grupe","B. Grupe","K","NO","11","","injury-status","Final W 16-15 vs TEN","89","437.8","-","-","-","-","-","-","-","-","-","-","-"
"249","I. Smith","I. Smith","TE","CIN","10","IR","injury-status ir","Final L 3-24 @ CLE","88","233.3","-","-","-","43","-","429","4","-","-","-","-"
"250","J. Moody","J. Moody","K","SF","14","","injury-status","Final W 30-7 @ PIT","88","226.3","-","-","-","-","-","-","-","-","-","-","-"
"251","Chicago. Bears","Chicago. Bears","DEF","CHI","5","","injury-status","Final L 20-38 vs GB","88","999.0","-","-","-","-","-","-","-","-","-","-","-"
"252","Atlanta. Falcons","Atlanta. Falcons","DEF","ATL","5","","injury-status","Final W 24-10 vs CAR","88","999.0","-","-","-","-","-","-","-","-","-","-","-"
"253","T. Hill","T. Hill","TE","NO","11","PUP","injury-status pup","Final W 16-15 vs TEN","87","199.9","77","391","4","7","-","70","1","16","27","121","1"
"254","Minnesota. Vikings","Minnesota. Vikings","DEF","MIN","6","","injury-status","Final L 17-20 vs TB","87","359.4","-","-","-","-","-","-","-","-","-","-","-"
"255","Indianapolis. Colts","Indianapolis. Colts","DEF","IND","11","","injury-status","Final L 21-31 vs JAX","87","352.4","-","-","-","-","-","-","-","-","-","-","-"
"256","M. Hardman","M. Hardman","WR","KC","10","","injury-status","Final L 20-21 vs DET","86","999.0","6","34","1","36","-","408","3","-","-","-","-"
"257","T. Conklin","T. Conklin","TE","NYJ","9","","injury-status","Final W 22-16 vs BUF","85","237.7","-","-","-","46","-","441","3","-","-","-","-"
"258","M. Prater","M. Prater","K","ARI","8","Ques","injury-status questionable","Final L 16-20 @ WAS","84","999.0","-","-","-","-","-","-","-","-","-","-","-"
"259","Las Vegas. Raiders","Las Vegas. Raiders","DEF","LV","8","","injury-status","Final W 17-16 @ DEN","84","341.5","-","-","-","-","-","-","-","-","-","-","-"
"260","K. Bourne","K. Bourne","WR","NE","14","Ques","injury-status questionable","Final L 20-25 vs PHI","83","999.0","6","33","-","36","-","441","3","-","-","-","-"
"261","V. Jefferson","V. Jefferson","WR","ATL","5","","injury-status","Final W 24-10 vs CAR","83","187.9","1","6","-","38","-","456","3","-","-","-","-"
"262","Houston. Texans","Houston. Texans","DEF","HOU","6","","injury-status","Final L 9-25 @ BAL","83","339.7","-","-","-","-","-","-","-","-","-","-","-"
"263","Arizona. Cardinals","Arizona. Cardinals","DEF","ARI","8","","injury-status","Final L 16-20 @ WAS","83","676.5","-","-","-","-","-","-","-","-","-","-","-"
"264","M. Wilson","M. Wilson","WR","ARI","8","","injury-status","Final L 16-20 @ WAS","82","251.0","-","-","-","37","-","457","3","-","-","-","-"
"265","J. Flacco","J. Flacco","QB","CLE","9","","injury-status","Final W 24-3 vs CIN","82","667.1","6","5","-","-","-","-","-","130","229","1388","8"
"266","C. McLaughlin","C. McLaughlin","K","TB","9","","injury-status","Final W 20-17 @ MIN","82","999.0","-","-","-","-","-","-","-","-","-","-","-"
"267","J. Slye","J. Slye","K","WAS","12","","injury-status","Final W 20-16 vs ARI","82","999.0","-","-","-","-","-","-","-","-","-","-","-"
"268","A. Robinson","A. Robinson","WR","PIT","5","","injury-status","Final L 7-30 vs SF","82","265.7","-","-","-","40","-","438","3","-","-","-","-"
"269","W. Robinson","W. Robinson","WR","NYG","14","","injury-status","Final L 0-40 vs DAL","82","240.4","6","29","-","37","-","421","3","-","-","-","-"
"270","L. Murray","L. Murray","RB","BUF","7","","injury-status","Final L 16-22 @ NYJ","81","999.0","112","461","4","9","-","66","-","-","-","-","-"
"271","K. Hunt","K. Hunt","RB","CLE","9","","injury-status","Final W 24-3 vs CIN","81","173.6","80","328","2","20","-","161","2","-","-","-","-"
"272","N. Folk","N. Folk","K","TEN","10","","injury-status","Final L 15-16 @ NO","80","999.0","-","-","-","-","-","-","-","-","-","-","-"
"273","D. Hopkins","D. Hopkins","K","CLE","9","","injury-status","Final W 24-3 vs CIN","80","999.0","-","-","-","-","-","-","-","-","-","-","-"
"274","T. Spears","T. Spears","RB","TEN","10","IR","injury-status ir","Final L 15-16 @ NO","80","186.7","79","338","2","23","-","166","1","-","-","-","-"
"275","K. Shakir","K. Shakir","WR","BUF","7","Ques","injury-status questionable","Final L 16-22 @ NYJ","79","260.8","2","9","-","35","-","429","3","-","-","-","-"
"276","K. Miller","K. Miller","RB","NO","11","","injury-status","Final W 16-15 vs TEN","79","158.1","84","354","3","15","-","121","1","-","-","-","-"
"277","T. McBride","T. McBride","TE","ARI","8","","injury-status","Final L 16-20 @ WAS","78","242.3","-","-","-","41","-","416","3","-","-","-","-"
"278","Z. Moss","Z. Moss","RB","IND","11","Ques","injury-status questionable","Final L 21-31 vs JAX","78","224.8","96","403","3","15","-","122","-","-","-","-","-"
"279","J. Metchie","J. Metchie","WR","HOU","6","","injury-status","Final L 9-25 @ BAL","77","222.9","-","-","-","35","-","418","3","-","-","-","-"
"280","B. Maher","B. Maher","K","LAR","8","","injury-status","Final W 30-13 @ SEA","77","999.0","-","-","-","-","-","-","-","-","-","-","-"
"281","K. Fairbairn","K. Fairbairn","K","HOU","6","","injury-status","Final L 9-25 @ BAL","77","999.0","-","-","-","-","-","-","-","-","-","-","-"
"282","C. Santos","C. Santos","K","CHI","5","","injury-status","Final L 20-38 vs GB","77","674.1","-","-","-","-","-","-","-","-","-","-","-"
"283","C. Ryland","C. Ryland","K","NE","14","","injury-status","Final L 20-25 vs PHI","77","602.9","-","-","-","-","-","-","-","-","-","-","-"
"284","C. Edwards-Helaire","C. Edwards-Helaire","RB","KC","10","","injury-status","Final L 20-21 vs DET","77","202.5","80","338","3","15","-","114","1","-","-","-","-"
"285","C. Brown","C. Brown","RB","CIN","10","","injury-status","Final L 3-24 @ CLE","77","201.5","83","353","3","15","-","118","1","-","-","-","-"
"286","N. Fant","N. Fant","TE","SEA","8","","injury-status","Final L 13-30 vs LAR","76","264.5","-","-","-","34","-","411","3","-","-","-","-"
"287","E. Pineiro","E. Pineiro","K","CAR","14","","injury-status","Final L 10-24 @ ATL","76","999.0","-","-","-","-","-","-","-","-","-","-","-"
"288","L. Thomas","L. Thomas","TE","WAS","12","","injury-status","Final W 20-16 vs ARI","76","999.0","-","-","-","39","-","384","3","-","-","-","-"
"289","T. Palmer","T. Palmer","WR","TB","9","","injury-status","Final W 20-17 @ MIN","75","999.0","-","-","-","32","-","413","3","-","-","-","-"
"290","A. Carlson","A. Carlson","K","GB","5","","injury-status","Final W 38-20 @ CHI","75","621.0","-","-","-","-","-","-","-","-","-","-","-"
"291","P. Strong","P. Strong","RB","CLE","9","IR","injury-status ir","Final W 24-3 vs CIN","75","268.6","82","344","2","20","-","142","1","-","-","-","-"
"292","R. Johnson","R. Johnson","RB","CHI","5","Ques","injury-status questionable","Final L 20-38 vs GB","74","172.9","73","306","3","17","-","127","1","-","-","-","-"
"293","H. Renfrow","H. Renfrow","WR","LV","8","","injury-status","Final W 17-16 @ DEN","73","220.0","3","14","-","39","-","403","2","-","-","-","-"
"294","Z. White","Z. White","RB","LV","8","","injury-status","Final W 17-16 @ DEN","73","210.8","96","393","3","13","-","91","-","-","-","-","-"
"295","M. Hollins","M. Hollins","WR","ATL","5","","injury-status","Final W 24-10 vs CAR","72","999.0","-","-","-","32","-","384","3","-","-","-","-"
"296","M. Gesicki","M. Gesicki","TE","NE","14","Ques","injury-status questionable","Final L 20-25 vs PHI","72","242.5","-","-","-","34","-","368","3","-","-","-","-"
"297","D. Vaughn","D. Vaughn","RB","DAL","10","","injury-status","Final W 40-0 @ NYG","72","163.8","59","266","2","23","-","176","1","-","-","-","-"
"298","T. Marshall","T. Marshall","WR","CAR","14","","injury-status","Final L 10-24 @ ATL","71","269.7","-","-","-","29","-","383","3","-","-","-","-"
"299","J. Palmer","J. Palmer","WR","LAC","12","","injury-status","Final L 34-36 vs MIA","70","999.0","1","6","-","29","-","373","3","-","-","-","-"
"300","K. Ingram","K. Ingram","RB","KC","10","IR","injury-status ir","Final L 20-21 vs DET","70","258.1","83","350","2","14","-","102","1","-","-","-","-"
"301","D. Jackson","D. Jackson","RB","NYG","14","","injury-status","Final L 0-40 vs DAL","69","203.3","59","235","2","22","-","161","1","-","-","-","-"
"302","C. Claypool","C. Claypool","WR","MIA","12","Ques","injury-status questionable","Final W 36-34 @ LAC","69","999.0","6","34","1","26","-","341","2","-","-","-","-"
"303","R. Cracraft","R. Cracraft","WR","MIA","12","","injury-status","Final W 36-34 @ LAC","68","528.4","-","-","-","36","-","377","2","-","-","-","-"
"304","S. Tucker","S. Tucker","RB","TB","9","","injury-status","Final W 20-17 @ MIN","67","999.0","81","324","2","14","-","96","1","-","-","-","-"
"305","T. Boyle","T. Boyle","QB","HOU","6","","injury-status","Final L 9-25 @ BAL","67","697.4","15","39","-","-","-","-","-","115","210","1225","6"
"306","J. Agnew","J. Agnew","WR","JAX","8","Ques","injury-status questionable","Final W 31-21 @ IND","67","999.0","16","88","1","27","-","265","2","-","-","-","-"
"307","J. Ross","J. Ross","WR","KC","10","","injury-status","Final L 20-21 vs DET","66","185.6","-","-","-","27","-","343","3","-","-","-","-"
"308","M. Gaskin","M. Gaskin","RB","MIN","6","","injury-status","Final L 17-20 vs TB","65","471.9","73","296","2","19","-","141","-","-","-","-","-"
"309","D. Foreman","D. Foreman","RB","CHI","5","","injury-status","Final L 20-38 vs GB","65","159.0","87","387","3","8","-","62","-","-","-","-","-"
"310","G. Dortch","G. Dortch","WR","ARI","8","","injury-status","Final L 16-20 @ WAS","65","999.0","3","11","-","34","-","345","2","-","-","-","-"
"311","I. Likely","I. Likely","TE","BAL","7","Ques","injury-status questionable","Final W 25-9 vs HOU","64","244.0","-","-","-","29","-","314","3","-","-","-","-"
"312","T. Chandler","T. Chandler","RB","MIN","6","","injury-status","Final L 17-20 vs TB","63","209.1","59","246","2","16","-","123","1","-","-","-","-"
"313","J. Wilson","J. Wilson","RB","MIA","12","","injury-status","Final W 36-34 @ LAC","63","999.0","70","295","2","14","-","103","1","-","-","-","-"
"314","B. Berrios","B. Berrios","WR","MIA","12","","injury-status","Final W 36-34 @ LAC","62","999.0","9","47","1","27","-","279","2","-","-","-","-"
"315","C. Patterson","C. Patterson","RB","ATL","5","","injury-status","Final W 24-10 vs CAR","62","221.3","62","265","2","15","-","118","1","-","-","-","-"
"316","N. Mullens","N. Mullens","QB","MIN","6","","injury-status","Final L 17-20 vs TB","61","999.0","7","13","-","-","-","-","-","93","139","1008","6"
"317","E. Gray","E. Gray","RB","NYG","14","PUP","injury-status pup","Final L 0-40 vs DAL","61","999.0","81","339","2","12","-","86","-","-","-","-","-"
"318","E. Stick","E. Stick","QB","LAC","12","","injury-status","Final L 34-36 vs MIA","59","598.3","24","105","1","-","-","-","-","88","149","849","4"
"319","J. Jennings","J. Jennings","WR","SF","14","Ques","injury-status questionable","Final W 30-7 @ PIT","59","999.0","-","-","-","30","-","320","2","-","-","-","-"
"320","K. Raymond","K. Raymond","WR","DET","8","","injury-status","Final W 21-20 @ KC","59","999.0","3","19","-","28","-","310","2","-","-","-","-"
"321","N. Agholor","N. Agholor","WR","BAL","7","","injury-status","Final W 25-9 vs HOU","58","999.0","2","18","-","23","-","331","2","-","-","-","-"
"322","X. Hutchinson","X. Hutchinson","WR","HOU","6","","injury-status","Final L 9-25 @ BAL","58","999.0","1","8","-","25","-","322","2","-","-","-","-"
"323","D. Douglas","D. Douglas","WR","NE","14","","injury-status","Final L 20-25 vs PHI","57","999.0","2","12","-","29","-","294","2","-","-","-","-"
"324","A. Hooper","A. Hooper","TE","LV","8","","injury-status","Final W 17-16 @ DEN","55","999.0","-","-","-","29","-","285","2","-","-","-","-"
"325","C. Tillman","C. Tillman","WR","CLE","9","","injury-status","Final W 24-3 vs CIN","55","999.0","1","7","-","27","-","284","2","-","-","-","-"
"326","S. Shepard","S. Shepard","WR","NYG","14","","injury-status","Final L 0-40 vs DAL","55","999.0","-","-","-","28","-","285","2","-","-","-","-"
"327","B. Scott","B. Scott","RB","PHI","9","","injury-status","Final W 25-20 @ NE","54","999.0","63","270","3","7","-","55","-","-","-","-","-"
"328","N. Westbrook-Ikhine","N. Westbrook-Ikhine","WR","TEN","10","","injury-status","Final L 15-16 @ NO","54","999.0","-","-","-","23","-","303","2","-","-","-","-"
"329","R. Dowdle","R. Dowdle","RB","DAL","10","","injury-status","Final W 40-0 @ NYG","54","676.7","72","313","2","8","-","62","-","-","-","-","-"
"330","S. Ahmed","S. Ahmed","RB","MIA","12","IR","injury-status ir","Final W 36-34 @ LAC","53","680.6","41","174","1","19","-","143","1","-","-","-","-"
"331","R. Cobb","R. Cobb","WR","NYJ","9","","injury-status","Final W 22-16 vs BUF","52","999.0","1","3","-","28","-","258","2","-","-","-","-"
"332","Q. Watkins","Q. Watkins","WR","PHI","9","Ques","injury-status questionable","Final W 25-20 @ NE","52","999.0","-","4","-","23","-","281","2","-","-","-","-"
"333","L. Fournette","L. Fournette","RB","BUF","7","","injury-status","Final L 16-22 @ NYJ","51","235.0","53","220","2","9","-","65","1","-","-","-","-"
"334","L. Humphrey","L. Humphrey","WR","DEN","12","","injury-status","Final L 16-17 vs LV","51","487.0","-","-","-","23","-","271","2","-","-","-","-"
"335","T. Thornton","T. Thornton","WR","NE","14","","injury-status","Final L 20-25 vs PHI","50","266.4","1","5","-","21","-","270","2","-","-","-","-"
"336","O. Zaccheaus","O. Zaccheaus","WR","PHI","9","","injury-status","Final W 25-20 @ NE","50","999.0","2","6","-","22","-","260","2","-","-","-","-"
"337","R. James","R. James","WR","KC","10","","injury-status","Final L 20-21 vs DET","49","999.0","1","2","-","23","-","257","2","-","-","-","-"
"338","C. Reynolds","C. Reynolds","RB","DET","8","","injury-status","Final W 21-20 @ KC","49","999.0","54","236","2","11","-","80","-","-","-","-","-"
"339","R. Jarrett","R. Jarrett","WR","TB","9","","injury-status","Final W 20-17 @ MIN","48","999.0","3","16","-","20","-","245","2","-","-","-","-"
"340","N. Brown","N. Brown","WR","HOU","6","Ques","injury-status questionable","Final L 9-25 @ BAL","48","999.0","2","6","-","21","-","247","2","-","-","-","-"
"341","K. Granson","K. Granson","TE","IND","11","","injury-status","Final L 21-31 vs JAX","48","520.7","-","-","-","24","-","238","2","-","-","-","-"
"342","M. Carter","M. Carter","RB","ARI","8","","injury-status","Final L 16-20 @ WAS","48","254.6","42","169","1","15","-","113","1","-","-","-","-"
"343","T. Scott","T. Scott","WR","CHI","5","","injury-status","Final L 20-38 vs GB","48","999.0","2","8","-","20","-","248","2","-","-","-","-"
"344","D. Washington","D. Washington","TE","PIT","5","","injury-status","Final L 7-30 vs SF","47","999.0","-","-","-","23","-","237","2","-","-","-","-"
"345","D. Brown","D. Brown","WR","WAS","12","","injury-status","Final W 20-16 vs ARI","47","999.0","-","-","-","19","-","257","2","-","-","-","-"
"346","C. Evans","C. Evans","RB","CIN","10","","injury-status","Final L 3-24 @ CLE","47","999.0","34","144","1","17","-","122","1","-","-","-","-"
"347","D. Gray","D. Gray","WR","SF","14","Ques","injury-status questionable","Final W 30-7 @ PIT","47","999.0","2","5","-","19","-","250","2","-","-","-","-"
"348","J. Reynolds","J. Reynolds","WR","DET","8","","injury-status","Final W 21-20 @ KC","47","999.0","1","5","-","20","-","245","2","-","-","-","-"
"349","M. Breida","M. Breida","RB","NYG","14","","injury-status","Final L 0-40 vs DAL","47","999.0","53","231","2","9","-","70","-","-","-","-","-"
"350","B. Zappe","B. Zappe","QB","NE","14","","injury-status","Final L 20-25 vs PHI","46","999.0","14","22","-","-","-","-","-","97","168","952","4"
"351","E. Hull","E. Hull","RB","IND","11","","injury-status","Final L 21-31 vs JAX","46","224.3","41","172","1","13","-","100","1","-","-","-","-"
"352","J. Chestnut","J. Chestnut","RB","TEN","10","","injury-status","Final L 15-16 @ NO","45","999.0","54","230","2","8","-","60","-","-","-","-","-"
"353","R. Rivers","R. Rivers","RB","LAR","8","","injury-status","Final W 30-13 @ SEA","44","999.0","52","212","2","9","-","65","-","-","-","-","-"
"354","C. Uzomah","C. Uzomah","TE","NYJ","9","Ques","injury-status questionable","Final W 22-16 vs BUF","44","999.0","-","-","-","21","-","215","2","-","-","-","-"
"355","J. Woods","J. Woods","TE","IND","11","","injury-status","Final L 21-31 vs JAX","43","259.1","-","-","-","20","-","214","2","-","-","-","-"
"356","L. Schoonmaker","L. Schoonmaker","TE","DAL","10","Ques","injury-status questionable","Final W 40-0 @ NYG","43","999.0","-","-","-","21","-","209","2","-","-","-","-"
"357","N. Gray","N. Gray","TE","KC","10","","injury-status","Final L 20-21 vs DET","43","999.0","-","-","-","21","-","207","2","-","-","-","-"
"358","L. Havrisik","L. Havrisik","K","","","","injury-status","BYE","43","999.0","-","-","-","-","-","-","-","-","-","-","-"
"359","P. Hendershot","P. Hendershot","TE","DAL","10","","injury-status","Final W 40-0 @ NYG","43","574.7","-","-","-","21","-","201","2","-","-","-","-"
"360","Z. Evans","Z. Evans","RB","LAR","8","","injury-status","Final W 30-13 @ SEA","42","241.5","53","218","2","7","-","51","-","-","-","-","-"
"361","K. Hamler","K. Hamler","WR","IND","11","","injury-status","Final L 21-31 vs JAX","42","999.0","-","-","-","16","-","224","2","-","-","-","-"
"362","D. Smythe","D. Smythe","TE","MIA","12","","injury-status","Final W 36-34 @ LAC","42","999.0","-","-","-","21","-","199","2","-","-","-","-"
"363","R. Blackshear","R. Blackshear","RB","CAR","14","Ques","injury-status questionable","Final L 10-24 @ ATL","42","999.0","44","181","1","14","-","107","-","-","-","-","-"
"364","J. Mason","J. Mason","RB","SF","14","","injury-status","Final W 30-7 @ PIT","42","999.0","48","221","2","6","-","46","-","-","-","-","-"
"365","J. Fortson","J. Fortson","TE","KC","10","Ques","injury-status questionable","Final L 20-21 vs DET","42","999.0","-","-","-","19","-","201","2","-","-","-","-"
"366","C. Edmonds","C. Edmonds","RB","TB","9","","injury-status","Final W 20-17 @ MIN","41","999.0","39","158","1","11","-","79","1","-","-","-","-"
"367","K. Juszczyk","K. Juszczyk","RB","SF","14","","injury-status","Final W 30-7 @ PIT","41","999.0","7","24","1","17","-","182","1","-","-","-","-"
"368","J. Akins","J. Akins","TE","CLE","9","","injury-status","Final W 24-3 vs CIN","40","512.7","-","-","-","18","-","191","2","-","-","-","-"
"369","I. McKenzie","I. McKenzie","WR","IND","11","","injury-status","Final L 21-31 vs JAX","40","999.0","5","25","1","17","-","169","1","-","-","-","-"
"370","D. Parham","D. Parham","TE","LAC","12","IR","injury-status ir","Final L 34-36 vs MIA","40","999.0","-","-","-","17","-","190","2","-","-","-","-"
"371","J. Jones","J. Jones","WR","PHI","9","","injury-status","Final W 25-20 @ NE","39","999.0","2","16","-","14","-","186","2","-","-","-","-"
"372","R. Jones","R. Jones","RB","","","","injury-status","BYE","38","999.0","47","202","2","5","-","37","-","-","-","-","-"
"373","K. Mitchell","K. Mitchell","RB","BAL","7","","injury-status","Final W 25-9 vs HOU","37","999.0","47","195","1","9","-","70","-","-","-","-","-"
"374","T. Heinicke","T. Heinicke","QB","ATL","5","","injury-status","Final W 24-10 vs CAR","37","999.0","7","34","1","-","-","-","-","40","64","439","3"
"375","M. Heath","M. Heath","WR","GB","5","","injury-status","Final W 38-20 @ CHI","37","552.2","-","-","-","18","-","215","1","-","-","-","-"
"376","T. Davis-Price","T. Davis-Price","RB","SF","14","","injury-status","Final W 30-7 @ PIT","36","999.0","41","180","2","5","-","39","-","-","-","-","-"
"377","K. Philips","K. Philips","WR","TEN","10","","injury-status","Final L 15-16 @ NO","36","999.0","-","-","-","20","-","202","1","-","-","-","-"
"378","B. Bolden","B. Bolden","RB","LV","8","","injury-status","Final W 17-16 @ DEN","36","999.0","18","70","1","14","-","98","1","-","-","-","-"
"379","A. Abdullah","A. Abdullah","RB","LV","8","Ques","injury-status questionable","Final W 17-16 @ DEN","36","999.0","19","81","1","13","-","90","1","-","-","-","-"
"380","D. Johnson","D. Johnson","RB","JAX","8","","injury-status","Final W 31-21 @ IND","35","999.0","42","180","1","9","-","67","-","-","-","-","-"
"381","P. Washington","P. Washington","WR","JAX","8","","injury-status","Final W 31-21 @ IND","34","999.0","1","3","-","16","-","199","1","-","-","-","-"
"382","J. Hasty","J. Hasty","RB","NE","14","","injury-status","Final L 20-25 vs PHI","34","999.0","25","104","1","14","-","105","-","-","-","-","-"
"383","E. St. Brown","E. St. Brown","WR","CHI","5","Ques","injury-status questionable","Final L 20-38 vs GB","34","670.5","3","24","-","14","-","184","1","-","-","-","-"
"384","T. Sherfield","T. Sherfield","WR","BUF","7","","injury-status","Final L 16-22 @ NYJ","34","999.0","2","6","-","17","-","187","1","-","-","-","-"
"385","D. Thompkins","D. Thompkins","WR","TB","9","","injury-status","Final W 20-17 @ MIN","34","999.0","-","-","-","16","-","198","1","-","-","-","-"
"386","B. Pringle","B. Pringle","WR","WAS","12","","injury-status","Final W 20-16 vs ARI","34","999.0","-","-","-","16","-","197","1","-","-","-","-"
"387","D. Dallas","D. Dallas","RB","SEA","8","","injury-status","Final L 13-30 vs LAR","34","999.0","23","94","1","14","-","112","-","-","-","-","-"
"388","D. Harty","D. Harty","WR","BUF","7","Ques","injury-status questionable","Final L 16-22 @ NYJ","33","999.0","6","36","-","13","-","191","1","-","-","-","-"
"389","S. Miller","S. Miller","WR","ATL","5","","injury-status","Final W 24-10 vs CAR","33","999.0","1","6","-","16","-","181","1","-","-","-","-"
"390","E. Ezukanma","E. Ezukanma","WR","MIA","12","","injury-status","Final W 36-34 @ LAC","32","999.0","6","31","-","15","-","155","1","-","-","-","-"
"391","T. Smith","T. Smith","WR","DEN","12","","injury-status","Final L 16-17 vs LV","32","572.8","-","-","-","17","-","170","1","-","-","-","-"
"392","C. Wilson","C. Wilson","WR","MIA","12","","injury-status","Final W 36-34 @ LAC","31","999.0","2","15","-","14","-","169","1","-","-","-","-"
"393","J. Tolbert","J. Tolbert","WR","DAL","10","","injury-status","Final W 40-0 @ NYG","31","999.0","-","-","-","15","-","178","1","-","-","-","-"
"394","C. Turner","C. Turner","TE","WAS","12","","injury-status","Final W 20-16 vs ARI","31","999.0","-","-","-","16","-","167","1","-","-","-","-"
"395","C. Heyward","C. Heyward","TE","PIT","5","","injury-status","Final L 7-30 vs SF","31","999.0","3","12","-","16","-","153","1","-","-","-","-"
"396","J. Landry","J. Landry","WR","","","","injury-status","BYE","30","663.0","2","8","1","12","-","115","1","-","-","-","-"
"397","R. McCloud","R. McCloud","WR","SF","14","","injury-status","Final W 30-7 @ PIT","30","999.0","2","12","-","15","-","153","1","-","-","-","-"
"398","C. Tune","C. Tune","QB","ARI","8","","injury-status","Final L 16-20 @ WAS","30","999.0","8","30","-","-","-","-","-","38","63","419","3"
"399","T. Irwin","T. Irwin","WR","CIN","10","","injury-status","Final L 3-24 @ CLE","30","999.0","-","-","-","15","-","162","1","-","-","-","-"
"400","T. Williams","T. Williams","RB","CIN","10","","injury-status","Final L 3-24 @ CLE","30","999.0","36","156","1","6","-","50","-","-","-","-","-"
"401","E. Dotson","E. Dotson","RB","LAC","12","","injury-status","Final L 34-36 vs MIA","29","999.0","34","145","1","7","-","53","-","-","-","-","-"
"402","L. Farrell","L. Farrell","TE","JAX","8","","injury-status","Final W 31-21 @ IND","29","521.0","-","-","-","14","-","160","1","-","-","-","-"
"403","B. Powell","B. Powell","WR","MIN","6","","injury-status","Final L 17-20 vs TB","29","999.0","9","70","-","13","-","93","1","-","-","-","-"
"404","J. Brissett","J. Brissett","QB","WAS","12","","injury-status","Final W 20-16 vs ARI","29","999.0","10","30","-","-","-","-","-","42","67","441","3"
"405","I. Spiller","I. Spiller","RB","LAC","12","","injury-status","Final L 34-36 vs MIA","29","999.0","36","151","1","6","-","45","-","-","-","-","-"
"406","B. Skowronek","B. Skowronek","WR","LAR","8","","injury-status","Final W 30-13 @ SEA","29","999.0","1","5","-","14","-","150","1","-","-","-","-"
"407","D. Carter","D. Carter","WR","LV","8","","injury-status","Final W 17-16 @ DEN","29","999.0","3","20","-","13","-","140","1","-","-","-","-"
"408","M. Pruitt","M. Pruitt","TE","ATL","5","","injury-status","Final W 24-10 vs CAR","28","999.0","-","-","-","11","-","108","2","-","-","-","-"
"409","J. McLaughlin","J. McLaughlin","RB","DEN","12","","injury-status","Final L 16-17 vs LV","28","601.3","29","124","1","8","-","59","-","-","-","-","-"
"410","J. Smith","J. Smith","TE","ATL","5","Ques","injury-status questionable","Final W 24-10 vs CAR","28","244.0","-","-","-","14","-","152","1","-","-","-","-"
"411","A. Okwuegbunam","A. Okwuegbunam","TE","PHI","9","","injury-status","Final W 25-20 @ NE","28","999.0","-","-","-","14","-","149","1","-","-","-","-"
"412","J. Graham","J. Graham","TE","NO","11","","injury-status","Final W 16-15 vs TEN","28","999.0","-","-","-","14","-","148","1","-","-","-","-"
"413","D. McBride","D. McBride","RB","MIN","6","","injury-status","Final L 17-20 vs TB","27","235.8","32","136","1","6","-","45","-","-","-","-","-"
"414","C. Parkinson","C. Parkinson","TE","SEA","8","","injury-status","Final L 13-30 vs LAR","27","999.0","-","-","-","14","-","141","1","-","-","-","-"
"415","W. Dissly","W. Dissly","TE","SEA","8","","injury-status","Final L 13-30 vs LAR","27","999.0","-","-","-","14","-","141","1","-","-","-","-"
"416","E. Wilson","E. Wilson","RB","GB","5","","injury-status","Final W 38-20 @ CHI","27","582.7","35","147","1","5","-","39","-","-","-","-","-"
"417","R. Tonyan","R. Tonyan","TE","CHI","5","","injury-status","Final L 20-38 vs GB","27","999.0","-","-","-","13","-","143","1","-","-","-","-"
"418","Z. Pascal","Z. Pascal","WR","ARI","8","","injury-status","Final L 16-20 @ WAS","27","999.0","2","7","-","12","-","141","1","-","-","-","-"
"419","K. Trask","K. Trask","QB","TB","9","","injury-status","Final W 20-17 @ MIN","27","999.0","7","21","-","-","-","-","-","37","60","415","3"
"420","Q. Morris","Q. Morris","TE","BUF","7","","injury-status","Final L 16-22 @ NYJ","27","999.0","-","-","-","14","-","136","1","-","-","-","-"
"421","T. Kraft","T. Kraft","TE","GB","5","","injury-status","Final W 38-20 @ CHI","26","999.0","-","-","-","13","-","139","1","-","-","-","-"
"422","J. Deguara","J. Deguara","TE","GB","5","","injury-status","Final W 38-20 @ CHI","26","999.0","-","-","-","13","-","139","1","-","-","-","-"
"423","F. Moreau","F. Moreau","TE","NO","11","PUP","injury-status pup","Final W 16-15 vs TEN","26","999.0","-","-","-","14","-","134","1","-","-","-","-"
"424","C. Rodriguez","C. Rodriguez","RB","WAS","12","","injury-status","Final W 20-16 vs ARI","26","999.0","34","143","1","5","-","36","-","-","-","-","-"
"425","D. Milne","D. Milne","WR","WAS","12","","injury-status","Final W 20-16 vs ARI","26","999.0","1","5","-","13","-","131","1","-","-","-","-"
"426","M. Wilcox","M. Wilcox","TE","CIN","10","","injury-status","Final L 3-24 @ CLE","26","999.0","-","-","-","16","-","121","1","-","-","-","-"
"427","J. Oliver","J. Oliver","TE","MIN","6","","injury-status","Final L 17-20 vs TB","26","595.9","-","-","-","13","-","136","1","-","-","-","-"
"428","A. Green","A. Green","WR","DET","8","Ques","injury-status questionable","Final W 21-20 @ KC","26","999.0","-","-","-","12","-","141","1","-","-","-","-"
"429","A. Perry","A. Perry","WR","NO","11","","injury-status","Final W 16-15 vs TEN","26","999.0","-","-","-","15","-","126","1","-","-","-","-"
"430","E. Demercado","E. Demercado","RB","ARI","8","","injury-status","Final L 16-20 @ WAS","26","999.0","29","125","1","6","-","45","-","-","-","-","-"
"431","S. Sullivan","S. Sullivan","TE","CAR","14","Out","injury-status out","Final L 10-24 @ ATL","26","999.0","-","-","-","13","-","134","1","-","-","-","-"
"432","M. Goodwin","M. Goodwin","WR","CLE","9","","injury-status","Final W 24-3 vs CIN","26","433.1","1","4","-","10","-","145","1","-","-","-","-"
"433","T. Tucker","T. Tucker","WR","LV","8","","injury-status","Final W 17-16 @ DEN","26","999.0","-","-","-","12","-","139","1","-","-","-","-"
"434","D. Duvernay","D. Duvernay","WR","BAL","7","","injury-status","Final W 25-9 vs HOU","26","999.0","4","22","-","12","-","136","1","-","-","-","-"
"435","J. Whyle","J. Whyle","TE","TEN","10","","injury-status","Final L 15-16 @ NO","26","999.0","-","-","-","13","-","133","1","-","-","-","-"
"436","I. Abanikanda","I. Abanikanda","RB","NYJ","9","","injury-status","Final W 22-16 vs BUF","26","242.1","34","144","1","4","-","32","-","-","-","-","-"
"437","A. Ingold","A. Ingold","RB","MIA","12","","injury-status","Final W 36-34 @ LAC","26","999.0","3","4","-","14","-","122","1","-","-","-","-"
"438","M. Alie-Cox","M. Alie-Cox","TE","IND","11","","injury-status","Final L 21-31 vs JAX","26","999.0","-","-","-","12","-","135","1","-","-","-","-"
"439","J. Bobo","J. Bobo","WR","SEA","8","Ques","injury-status questionable","Final L 13-30 vs LAR","25","544.9","-","-","-","11","-","139","1","-","-","-","-"
"440","S. Toure","S. Toure","WR","GB","5","","injury-status","Final W 38-20 @ CHI","25","999.0","-","-","-","12","-","131","1","-","-","-","-"
"441","A. Iosivas","A. Iosivas","WR","CIN","10","","injury-status","Final L 3-24 @ CLE","25","999.0","-","-","-","12","-","131","1","-","-","-","-"
"442","D. Wicks","D. Wicks","WR","GB","5","Ques","injury-status questionable","Final W 38-20 @ CHI","25","999.0","1","4","-","10","-","136","1","-","-","-","-"
"443","B. Wright","B. Wright","TE","DET","8","","injury-status","Final W 21-20 @ KC","25","999.0","-","-","-","12","-","130","1","-","-","-","-"
"444","D. Prince","D. Prince","RB","KC","10","IR","injury-status ir","Final L 20-21 vs DET","25","999.0","25","101","1","7","-","52","-","-","-","-","-"
"445","B. Strange","B. Strange","TE","JAX","8","","injury-status","Final W 31-21 @ IND","25","999.0","-","-","-","12","-","127","1","-","-","-","-"
"446","D. Bell","D. Bell","WR","CLE","9","PUP","injury-status pup","Final W 24-3 vs CIN","25","999.0","-","-","-","12","-","127","1","-","-","-","-"
"447","J. Ali","J. Ali","WR","ATL","5","","injury-status","Final W 24-10 vs CAR","25","564.3","-","-","-","11","-","131","1","-","-","-","-"
"448","B. Johnson","B. Johnson","WR","DEN","12","Ques","injury-status questionable","Final L 16-17 vs LV","25","395.7","-","-","-","11","-","131","1","-","-","-","-"
"449","A. Brown","A. Brown","WR","","","","injury-status","BYE","25","999.0","-","-","-","11","-","131","1","-","-","-","-"
"450","D. Bellinger","D. Bellinger","TE","NYG","14","","injury-status","Final L 0-40 vs DAL","24","999.0","-","-","-","12","-","124","1","-","-","-","-"
"451","T. Sermon","T. Sermon","RB","IND","11","","injury-status","Final L 21-31 vs JAX","24","999.0","30","134","1","4","-","30","-","-","-","-","-"
"452","J. Robinson","J. Robinson","RB","NO","11","","injury-status","Final W 16-15 vs TEN","24","999.0","31","126","1","5","-","32","-","-","-","-","-"
"453","J. Reagor","J. Reagor","WR","NE","14","Out","injury-status out","Final L 20-25 vs PHI","24","422.7","3","20","-","10","-","113","1","-","-","-","-"
"454","R. Griffin","R. Griffin","TE","","","","injury-status","BYE","24","999.0","-","-","-","12","-","122","1","-","-","-","-"
"455","A. Trautman","A. Trautman","TE","DEN","12","","injury-status","Final L 16-17 vs LV","24","999.0","-","-","-","12","-","121","1","-","-","-","-"
"456","C. Moore","C. Moore","WR","TEN","10","","injury-status","Final L 15-16 @ NO","24","530.7","1","7","-","11","-","118","1","-","-","-","-"
"457","L. Shenault","L. Shenault","WR","CAR","14","","injury-status","Final L 10-24 @ ATL","24","999.0","5","27","-","10","-","102","1","-","-","-","-"
"458","D. Ogletree","D. Ogletree","TE","IND","11","","injury-status","Final L 21-31 vs JAX","24","999.0","-","-","-","11","-","121","1","-","-","-","-"
"459","K. Nwangwu","K. Nwangwu","RB","MIN","6","","injury-status","Final L 17-20 vs TB","24","999.0","24","100","1","6","-","46","-","-","-","-","-"
"460","C. Latu","C. Latu","TE","SF","14","","injury-status","Final W 30-7 @ PIT","24","999.0","-","-","-","11","-","121","1","-","-","-","-"
"461","K. Boutte","K. Boutte","WR","NE","14","","injury-status","Final L 20-25 vs PHI","24","999.0","1","2","-","11","-","119","1","-","-","-","-"
"462","D. Pettis","D. Pettis","WR","","","","injury-status","BYE","24","999.0","2","8","-","9","-","122","1","-","-","-","-"
"463","C. Clement","C. Clement","RB","ARI","8","","injury-status","Final L 16-20 @ WAS","24","561.3","31","126","1","4","-","29","-","-","-","-","-"
"464","C. Austin","C. Austin","WR","PIT","5","Ques","injury-status questionable","Final L 7-30 vs SF","23","999.0","-","-","-","11","-","119","1","-","-","-","-"
"465","K. Hodge","K. Hodge","WR","ATL","5","","injury-status","Final W 24-10 vs CAR","23","999.0","-","-","-","10","-","124","1","-","-","-","-"
"466","J. Crowder","J. Crowder","WR","WAS","12","","injury-status","Final W 20-16 vs ARI","23","999.0","-","-","-","11","-","119","1","-","-","-","-"
"467","D. Davis","D. Davis","WR","LAC","12","","injury-status","Final L 34-36 vs MIA","23","999.0","1","5","-","11","-","113","1","-","-","-","-"
"468","W. Mallory","W. Mallory","TE","IND","11","","injury-status","Final L 21-31 vs JAX","23","999.0","-","-","-","11","-","118","1","-","-","-","-"
"469","R. Chosen","R. Chosen","WR","MIA","12","","injury-status","Final W 36-34 @ LAC","23","999.0","3","14","-","9","-","114","1","-","-","-","-"
"470","D. Williams","D. Williams","RB","","","","injury-status","BYE","23","999.0","24","96","1","6","-","46","-","-","-","-","-"
"471","C. Conley","C. Conley","WR","SF","14","","injury-status","Final W 30-7 @ PIT","23","999.0","-","-","-","10","-","122","1","-","-","-","-"
"472","M. Davis","M. Davis","RB","DAL","10","","injury-status","Final W 40-0 @ NYG","23","999.0","28","120","1","4","-","31","-","-","-","-","-"
"473","M. Badgley","M. Badgley","K","DET","8","","injury-status","Final W 21-20 @ KC","23","999.0","-","-","-","-","-","-","-","-","-","-","-"
"474","C. Jones","C. Jones","WR","CIN","10","","injury-status","Final L 3-24 @ CLE","23","999.0","-","-","-","10","-","119","1","-","-","-","-"
"475","C. Kolar","C. Kolar","TE","BAL","7","","injury-status","Final W 25-9 vs HOU","23","999.0","-","-","-","11","-","113","1","-","-","-","-"
"476","J. Funk","J. Funk","RB","BAL","7","","injury-status","Final W 25-9 vs HOU","23","999.0","17","69","1","7","-","64","-","-","-","-","-"
"477","J. Patterson","J. Patterson","RB","WAS","12","Ques","injury-status questionable","Final W 20-16 vs ARI","23","999.0","25","105","1","5","-","38","-","-","-","-","-"
"478","B. Hopkins","B. Hopkins","TE","LAR","8","","injury-status","Final W 30-13 @ SEA","23","999.0","-","-","-","11","-","112","1","-","-","-","-"
"479","J. Watson","J. Watson","WR","KC","10","","injury-status","Final L 20-21 vs DET","23","530.1","-","-","-","10","-","117","1","-","-","-","-"
"480","D. Eskridge","D. Eskridge","WR","SEA","8","Ques","injury-status questionable","Final L 13-30 vs LAR","23","999.0","2","12","-","9","-","110","1","-","-","-","-"
"481","P. Hesse","P. Hesse","TE","ATL","5","","injury-status","Final W 24-10 vs CAR","23","443.3","-","-","-","11","-","111","1","-","-","-","-"
"482","K. Harris","K. Harris","RB","NE","14","","injury-status","Final L 20-25 vs PHI","23","999.0","27","113","1","4","-","32","-","-","-","-","-"
"483","K. Vaughn","K. Vaughn","RB","NE","14","","injury-status","Final L 20-25 vs PHI","23","999.0","23","94","1","6","-","41","-","-","-","-","-"
"484","T. Tremble","T. Tremble","TE","CAR","14","Ques","injury-status questionable","Final L 10-24 @ ATL","22","999.0","-","-","-","11","-","109","1","-","-","-","-"
"485","D. Robinson","D. Robinson","WR","LAR","8","Sus","injury-status sus","Final W 30-13 @ SEA","22","999.0","-","-","-","10","-","114","1","-","-","-","-"
"486","E. Benjamin","E. Benjamin","RB","NO","11","","injury-status","Final W 16-15 vs TEN","22","412.9","25","106","1","5","-","32","-","-","-","-","-"
"487","P. Brown","P. Brown","TE","NE","14","","injury-status","Final L 20-25 vs PHI","22","999.0","-","-","-","11","-","108","1","-","-","-","-"
"488","M. Williams","M. Williams","TE","","","","injury-status","BYE","22","999.0","-","-","-","11","-","108","1","-","-","-","-"
"489","A. Wesley","A. Wesley","WR","","","","injury-status","BYE","22","999.0","-","-","-","10","-","112","1","-","-","-","-"
"490","T. Hudson","T. Hudson","TE","CIN","10","","injury-status","Final L 3-24 @ CLE","22","999.0","-","-","-","10","-","112","1","-","-","-","-"
"491","C. Beasley","C. Beasley","WR","","","","injury-status","BYE","22","999.0","-","-","-","11","-","107","1","-","-","-","-"
"492","P. Romo","P. Romo","K","","","","injury-status","BYE","22","537.0","-","-","-","-","-","-","-","-","-","-","-"
"493","C. York","C. York","K","NYG","14","","injury-status","Final L 0-40 vs DAL","22","999.0","-","-","-","-","-","-","-","-","-","-","-"
"494","R. Gronkowski","R. Gronkowski","TE","","","","injury-status","BYE","22","698.5","-","-","-","9","-","115","1","-","-","-","-"
"495","R. Gould","R. Gould","K","","","","injury-status","BYE","22","999.0","-","-","-","-","-","-","-","-","-","-","-"
"496","D. Moore","D. Moore","WR","TB","9","","injury-status","Final W 20-17 @ MIN","22","999.0","-","-","-","9","-","115","1","-","-","-","-"
"497","T. Brown","T. Brown","K","","","","injury-status","BYE","22","999.0","-","-","-","-","-","-","-","-","-","-","-"
"498","M. Callaway","M. Callaway","WR","NO","11","","injury-status","Final W 16-15 vs TEN","22","999.0","-","-","-","9","-","114","1","-","-","-","-"
"499","D. Mims","D. Mims","WR","PIT","5","","injury-status","Final L 7-30 vs SF","22","999.0","-","-","-","10","-","109","1","-","-","-","-"
"500","T. Badie","T. Badie","RB","DEN","12","","injury-status","Final L 16-17 vs LV","22","692.5","26","113","1","4","-","25","-","-","-","-","-"
"501","T. Homer","T. Homer","RB","CHI","5","IR","injury-status ir","Final L 20-38 vs GB","22","999.0","17","69","-","12","-","89","-","-","-","-","-"
"502","M. Ingram","M. Ingram","RB","","","","injury-status","BYE","22","687.2","26","107","1","4","-","30","-","-","-","-","-"
"503","Z. Kuntz","Z. Kuntz","TE","NYJ","9","","injury-status","Final W 22-16 vs BUF","22","999.0","-","-","-","10","-","107","1","-","-","-","-"
"504","T. Huntley","T. Huntley","QB","BAL","7","","injury-status","Final W 25-9 vs HOU","22","999.0","10","46","1","-","-","-","-","23","36","248","1"
"505","J. Guyton","J. Guyton","WR","LAC","12","","injury-status","Final L 34-36 vs MIA","22","999.0","1","3","-","8","-","112","1","-","-","-","-"
"506","R. Freeman","R. Freeman","RB","LAR","8","","injury-status","Final W 30-13 @ SEA","22","999.0","26","105","1","4","-","30","-","-","-","-","-"
"507","H. Bryant","H. Bryant","TE","CLE","9","","injury-status","Final W 24-3 vs CIN","21","999.0","-","-","-","10","-","104","1","-","-","-","-"
"508","D. Sample","D. Sample","TE","CIN","10","Ques","injury-status questionable","Final L 3-24 @ CLE","21","499.3","-","-","-","10","-","103","1","-","-","-","-"
"509","S. Conner","S. Conner","RB","JAX","8","","injury-status","Final W 31-21 @ IND","21","999.0","19","79","1","6","-","42","-","-","-","-","-"
"510","S. Fehoko","S. Fehoko","WR","LAC","12","","injury-status","Final L 34-36 vs MIA","21","999.0","-","-","-","11","-","95","1","-","-","-","-"
"511","E. Fry","E. Fry","K","","","","injury-status","BYE","21","304.8","-","-","-","-","-","-","-","-","-","-","-"
"512","Z. Gonzalez","Z. Gonzalez","K","","","","injury-status","BYE","21","999.0","-","-","-","-","-","-","-","-","-","-","-"
"513","R. Succop","R. Succop","K","","","","injury-status","BYE","21","616.9","-","-","-","-","-","-","-","-","-","-","-"
"514","J. Bates","J. Bates","TE","WAS","12","","injury-status","Final W 20-16 vs ARI","21","999.0","-","-","-","10","-","99","1","-","-","-","-"
"515","O. Howard","O. Howard","TE","","","","injury-status","BYE","21","999.0","-","-","-","9","-","103","1","-","-","-","-"
"516","T. Lance","T. Lance","QB","DAL","10","","injury-status","Final W 40-0 @ NYG","21","262.6","5","39","1","-","-","-","-","17","28","196","1"
"517","D. Arnold","D. Arnold","TE","","","","injury-status","BYE","21","686.0","-","-","-","9","-","101","1","-","-","-","-"
"518","M. Mariota","M. Mariota","QB","PHI","9","Ques","injury-status questionable","Final W 25-20 @ NE","21","999.0","7","40","1","-","-","-","-","19","32","239","1"
"519","B. Knight","B. Knight","RB","DET","8","","injury-status","Final W 21-20 @ KC","20","999.0","26","106","1","3","-","23","-","-","-","-","-"
"520","S. Smith","S. Smith","WR","TEN","10","Sus","injury-status sus","Final L 15-16 @ NO","20","999.0","1","3","-","9","-","96","1","-","-","-","-"
"521","D. Henderson","D. Henderson","RB","","","","injury-status","BYE","20","999.0","26","98","1","4","-","26","-","-","-","-","-"
"522","L. Treadwell","L. Treadwell","WR","BAL","7","","injury-status","Final W 25-9 vs HOU","20","515.3","-","-","-","9","-","97","1","-","-","-","-"
"523","K. McIntosh","K. McIntosh","RB","SEA","8","IR","injury-status ir","Final L 13-30 vs LAR","20","999.0","24","103","1","3","-","23","-","-","-","-","-"
"524","R. Bullock","R. Bullock","K","NYG","14","","injury-status","Final L 0-40 vs DAL","20","999.0","-","-","-","-","-","-","-","-","-","-","-"
"525","J. Winston","J. Winston","QB","NO","11","","injury-status","Final W 16-15 vs TEN","20","999.0","3","20","-","-","-","-","-","23","37","274","2"
"526","T. Hilton","T. Hilton","WR","","","","injury-status","BYE","20","999.0","-","-","-","7","-","103","1","-","-","-","-"
"527","N. Harry","N. Harry","TE","MIN","6","","injury-status","Final L 17-20 vs TB","20","999.0","-","-","-","8","-","97","1","-","-","-","-"
"528","T. Goodson","T. Goodson","RB","IND","11","Ques","injury-status questionable","Final L 21-31 vs JAX","20","999.0","17","81","1","6","-","26","-","-","-","-","-"
"529","I. Smith-Marsette","I. Smith-Marsette","WR","CAR","14","","injury-status","Final L 10-24 @ ATL","20","999.0","9","90","1","5","-","42","-","-","-","-","-"
"530","G. Brightwell","G. Brightwell","RB","NYG","14","","injury-status","Final L 0-40 vs DAL","20","999.0","23","88","1","4","-","28","-","-","-","-","-"
"531","G. Swaim","G. Swaim","TE","ARI","8","Ques","injury-status questionable","Final L 16-20 @ WAS","19","999.0","-","-","-","11","-","77","1","-","-","-","-"
"532","T. Taylor","T. Taylor","QB","NYG","14","Ques","injury-status questionable","Final L 0-40 vs DAL","19","999.0","7","37","1","-","-","-","-","19","31","207","1"
"533","L. Rountree","L. Rountree","RB","","","","injury-status","BYE","19","999.0","22","92","1","3","-","21","-","-","-","-","-"
"534","S. Darnold","S. Darnold","QB","SF","14","","injury-status","Final W 30-7 @ PIT","19","999.0","4","20","1","-","-","-","-","21","34","243","1"
"535","D. Felton","D. Felton","RB","CIN","10","","injury-status","Final L 3-24 @ CLE","19","999.0","6","23","-","8","-","64","1","-","-","-","-"
"536","T. Montgomery","T. Montgomery","RB","","","","injury-status","BYE","18","999.0","13","55","-","11","-","74","-","-","-","-","-"
"537","M. Willis","M. Willis","QB","TEN","10","","injury-status","Final L 15-16 @ NO","18","999.0","9","43","1","-","-","-","-","15","26","176","1"
"538","T. Bridgewater","T. Bridgewater","QB","DET","8","","injury-status","Final W 21-20 @ KC","18","999.0","2","13","-","-","-","-","-","24","36","251","2"
"539","T. Jones","T. Jones","WR","JAX","8","","injury-status","Final W 31-21 @ IND","18","999.0","-","-","-","11","-","126","-","-","-","-","-"
"540","C. Brooks","C. Brooks","RB","MIA","12","","injury-status","Final W 36-34 @ LAC","18","452.6","20","82","1","3","-","22","-","-","-","-","-"
"541","J. Taylor","J. Taylor","RB","HOU","6","","injury-status","Final L 9-25 @ BAL","17","461.5","18","77","1","3","-","22","-","-","-","-","-"
"542","P. Cooper","P. Cooper","WR","","","","injury-status","BYE","17","999.0","1","9","-","8","-","85","1","-","-","-","-"
"543","H. Haskins","H. Haskins","RB","TEN","10","","injury-status","Final L 15-16 @ NO","17","999.0","16","68","1","3","-","23","-","-","-","-","-"
"544","E. Higgins","E. Higgins","TE","ARI","8","","injury-status","Final L 16-20 @ WAS","17","999.0","-","-","-","8","-","66","1","-","-","-","-"
"545","B. Gabbert","B. Gabbert","QB","KC","10","","injury-status","Final L 20-21 vs DET","17","999.0","3","9","-","-","-","-","-","19","31","217","2"
"546","M. Trubisky","M. Trubisky","QB","PIT","5","","injury-status","Final L 7-30 vs SF","16","999.0","4","17","-","-","-","-","-","22","35","243","2"
"547","J. Stidham","J. Stidham","QB","DEN","12","","injury-status","Final L 16-17 vs LV","16","999.0","2","13","-","-","-","-","-","22","35","252","2"
"548","R. Gilliam","R. Gilliam","RB","BUF","7","","injury-status","Final L 16-22 @ NYJ","16","999.0","2","7","-","7","-","60","1","-","-","-","-"
"549","S. Bennett","S. Bennett","QB","LAR","8","","injury-status","Final W 30-13 @ SEA","16","999.0","8","38","-","-","-","-","-","22","35","232","1"
"550","C. Shudak","C. Shudak","K","","","","injury-status","BYE","16","999.0","-","-","-","-","-","-","-","-","-","-","-"
"551","M. Cunningham","M. Cunningham","WR","BAL","7","","injury-status","Final W 25-9 vs HOU","16","999.0","11","48","1","1","-","8","-","5","10","46","-"
"552","J. Howard","J. Howard","RB","","","","injury-status","BYE","16","999.0","20","86","1","1","-","8","-","-","-","-","-"
"553","D. Williams","D. Williams","RB","","","Ques","injury-status questionable","BYE","16","999.0","12","51","-","9","-","61","-","-","-","-","-"
"554","M. White","M. White","QB","MIA","12","","injury-status","Final W 36-34 @ LAC","16","999.0","2","10","-","-","-","-","-","21","34","238","2"
"555","R. Burkhead","R. Burkhead","RB","","","","injury-status","BYE","15","632.7","7","27","1","6","-","37","-","-","-","-","-"
"556","A. Dalton","A. Dalton","QB","CAR","14","Ques","injury-status questionable","Final L 10-24 @ ATL","15","999.0","2","11","-","-","-","-","-","20","32","230","2"
"557","K. Drake","K. Drake","RB","GB","5","","injury-status","Final W 38-20 @ CHI","15","999.0","15","59","1","3","-","19","-","-","-","-","-"
"558","D. Hilliard","D. Hilliard","RB","","","Ques","injury-status questionable","BYE","15","999.0","13","60","-","8","-","51","-","-","-","-","-"
"559","M. Gordon","M. Gordon","RB","BAL","7","","injury-status","Final W 25-9 vs HOU","15","999.0","14","55","1","3","-","19","-","-","-","-","-"
"560","L. Cager","L. Cager","TE","NYG","14","","injury-status","Final L 0-40 vs DAL","14","693.0","-","-","-","7","-","47","1","-","-","-","-"
"561","I. Thomas","I. Thomas","TE","CAR","14","","injury-status","Final L 10-24 @ ATL","14","999.0","-","-","-","9","-","93","-","-","-","-","-"
"562","J. McKissic","J. McKissic","RB","","","Ques","injury-status questionable","BYE","14","460.1","8","33","-","9","-","60","-","-","-","-","-"
"563","T. Quitoriano","T. Quitoriano","TE","HOU","6","","injury-status","Final L 9-25 @ BAL","14","999.0","-","-","-","9","-","91","-","-","-","-","-"
"564","D. Lock","D. Lock","QB","SEA","8","","injury-status","Final L 13-30 vs LAR","14","999.0","2","9","-","-","-","-","-","20","34","242","1"
"565","D. Mills","D. Mills","QB","HOU","6","","injury-status","Final L 9-25 @ BAL","13","999.0","2","9","-","-","-","-","-","22","35","228","1"
"566","G. Minshew","G. Minshew","QB","IND","11","","injury-status","Final L 21-31 vs JAX","13","999.0","2","14","-","-","-","-","-","23","37","262","1"
"567","M. Corral","M. Corral","QB","NE","14","","injury-status","Final L 20-25 vs PHI","13","999.0","5","18","-","-","-","-","-","18","29","198","1"
"568","Z. Gentry","Z. Gentry","TE","LV","8","","injury-status","Final W 17-16 @ DEN","13","999.0","-","-","-","8","-","87","-","-","-","-","-"
"569","D. Evans","D. Evans","RB","MIA","12","Ques","injury-status questionable","Final W 36-34 @ LAC","13","673.3","21","75","-","5","-","27","-","-","-","-","-"
"570","M. Taylor","M. Taylor","WR","NYJ","9","","injury-status","Final W 22-16 vs BUF","12","999.0","-","-","-","10","-","73","-","-","-","-","-"
"571","D. Ogunbowale","D. Ogunbowale","RB","HOU","6","","injury-status","Final L 9-25 @ BAL","12","496.5","9","37","-","7","-","51","-","-","-","-","-"
"572","C. Beathard","C. Beathard","QB","JAX","8","","injury-status","Final W 31-21 @ IND","12","999.0","3","8","-","-","-","-","-","19","31","212","1"
"573","B. Rypien","B. Rypien","QB","NYJ","9","","injury-status","Final W 22-16 vs BUF","12","439.3","2","2","-","-","-","-","-","26","43","227","1"
"574","K. Allen","K. Allen","QB","BUF","7","","injury-status","Final L 16-22 @ NYJ","12","999.0","-","-","-","-","-","-","-","20","34","232","1"
"575","G. Igwebuike","G. Igwebuike","RB","PIT","5","","injury-status","Final L 7-30 vs SF","12","999.0","21","62","1","-","-","-","-","-","-","-","-"
"576","T. Bagent","T. Bagent","QB","CHI","5","","injury-status","Final L 20-38 vs GB","12","449.8","4","15","-","-","-","-","-","17","28","189","1"
"577","X. Gipson","X. Gipson","WR","NYJ","9","Ques","injury-status questionable","Final W 22-16 vs BUF","12","395.8","7","43","-","9","-","72","-","-","-","-","-"
"578","S. Clifford","S. Clifford","QB","GB","5","","injury-status","Final W 38-20 @ CHI","12","641.6","4","13","-","-","-","-","-","18","30","191","1"
"579","A. O'Connell","A. O'Connell","QB","LV","8","IR","injury-status ir","Final W 17-16 @ DEN","12","999.0","4","12","-","-","-","-","-","17","29","192","1"
"580","B. Hoyer","B. Hoyer","QB","LV","8","","injury-status","Final W 17-16 @ DEN","12","999.0","2","2","-","-","-","-","-","21","32","212","1"
"581","A. Beck","A. Beck","RB","HOU","6","","injury-status","Final L 9-25 @ BAL","12","593.1","6","6","1","7","-","34","-","-","-","-","-"
"582","C. Rush","C. Rush","QB","DAL","10","","injury-status","Final W 40-0 @ NYG","11","999.0","2","10","-","-","-","-","-","16","26","185","1"
"583","J. Driskel","J. Driskel","QB","CLE","9","","injury-status","Final W 24-3 vs CIN","11","999.0","-","-","-","-","-","-","-","21","35","208","1"
"584","P. Taylor","P. Taylor","RB","GB","5","IR","injury-status ir","Final W 38-20 @ CHI","11","482.7","23","87","-","2","-","15","-","-","-","-","-"
"585","A. Erickson","A. Erickson","WR","LAC","12","","injury-status","Final L 34-36 vs MIA","11","999.0","-","-","-","7","-","76","-","-","-","-","-"
"586","M. Rudolph","M. Rudolph","QB","PIT","5","","injury-status","Final L 7-30 vs SF","11","463.8","3","15","-","-","-","-","-","14","22","154","1"
"587","C. Wentz","C. Wentz","QB","LAR","8","","injury-status","Final W 30-13 @ SEA","11","999.0","2","9","-","-","-","-","-","15","24","165","1"
"588","J. Jefferson","J. Jefferson","RB","DET","8","","injury-status","Final W 21-20 @ KC","11","999.0","13","56","-","4","-","29","-","-","-","-","-"
"589","J. Johnson","J. Johnson","QB","BAL","7","","injury-status","Final W 25-9 vs HOU","10","999.0","-","-","-","-","-","-","-","15","26","182","1"
"590","M. Duggan","M. Duggan","QB","LAC","12","","injury-status","Final L 34-36 vs MIA","10","606.4","3","14","-","-","-","-","-","13","22","143","1"
"591","C. Keenum","C. Keenum","QB","HOU","6","Ques","injury-status questionable","Final L 9-25 @ BAL","10","526.9","2","11","-","-","-","-","-","14","23","149","1"
"592","S. Watkins","S. Watkins","WR","","","","injury-status","BYE","10","999.0","-","-","-","6","-","69","-","-","-","-","-"
"593","H. Hooker","H. Hooker","QB","DET","8","","injury-status","Final W 21-20 @ KC","10","999.0","5","26","-","-","-","-","-","14","22","153","1"
"594","A. Prentice","A. Prentice","RB","NO","11","","injury-status","Final W 16-15 vs TEN","10","999.0","5","12","1","3","-","10","-","-","-","-","-"
"595","C. McCoy","C. McCoy","QB","","","","injury-status","BYE","10","999.0","2","6","-","-","-","-","-","14","22","152","1"
"596","A. Firkser","A. Firkser","TE","DET","8","","injury-status","Final W 21-20 @ KC","10","999.0","-","-","-","6","-","66","-","-","-","-","-"
"597","B. Sims","B. Sims","TE","GB","5","","injury-status","Final W 38-20 @ CHI","10","999.0","-","-","-","8","-","56","-","-","-","-","-"
"598","J. Washington","J. Washington","WR","","","","injury-status","BYE","9","442.3","-","-","-","5","-","69","-","-","-","-","-"
"599","S. Smartt","S. Smartt","TE","LAC","12","","injury-status","Final L 34-36 vs MIA","9","999.0","-","-","-","7","-","58","-","-","-","-","-"
"600","J. Hill","J. Hill","TE","MIA","12","","injury-status","Final W 36-34 @ LAC","9","410.5","-","-","-","7","-","58","-","-","-","-","-"
"601","L. Krull","L. Krull","TE","DEN","12","","injury-status","Final L 16-17 vs LV","9","571.8","-","-","-","5","-","67","-","-","-","-","-"
"602","P. Durham","P. Durham","TE","TB","9","","injury-status","Final W 20-17 @ MIN","9","503.5","-","-","-","6","-","62","-","-","-","-","-"
"603","J. McCourt","J. McCourt","K","","","","injury-status","BYE","9","999.0","-","-","-","-","-","-","-","-","-","-","-"
"604","T. Ebner","T. Ebner","RB","","","Ques","injury-status questionable","BYE","9","999.0","9","38","-","4","-","32","-","-","-","-","-"
"605","R. Blankenship","R. Blankenship","K","","","","injury-status","BYE","9","534.6","-","-","-","-","-","-","-","-","-","-","-"
"606","T. Wolff","T. Wolff","K","","","","injury-status","BYE","9","999.0","-","-","-","-","-","-","-","-","-","-","-"
"607","S. Thompson","S. Thompson","QB","MIA","12","","injury-status","Final W 36-34 @ LAC","9","999.0","3","12","-","-","-","-","-","14","23","162","1"
"608","D. Young","D. Young","WR","SEA","8","","injury-status","Final L 13-30 vs LAR","8","999.0","-","-","-","5","-","59","-","-","-","-","-"
"609","J. Brownlee","J. Brownlee","WR","NYJ","9","","injury-status","Final W 22-16 vs BUF","8","999.0","-","-","-","5","-","59","-","-","-","-","-"
"610","K. Wilkerson","K. Wilkerson","WR","LV","8","","injury-status","Final W 17-16 @ DEN","8","388.0","-","-","-","5","-","58","-","-","-","-","-"
"611","D. Ozigbo","D. Ozigbo","RB","","","","injury-status","BYE","8","999.0","12","39","-","4","-","24","-","-","-","-","-"
"612","M. Wright","M. Wright","K","CAR","14","","injury-status","Final L 10-24 @ ATL","8","578.6","-","-","-","-","-","-","-","-","-","-","-"
"613","D. Montgomery","D. Montgomery","WR","IND","11","IR","injury-status ir","Final L 21-31 vs JAX","8","273.8","-","-","-","8","-","39","-","-","-","-","-"
"614","E. Saubert","E. Saubert","TE","HOU","6","","injury-status","Final L 9-25 @ BAL","8","999.0","-","-","-","5","-","52","-","-","-","-","-"
"615","K. Kieft","K. Kieft","TE","TB","9","","injury-status","Final W 20-17 @ MIN","7","999.0","-","-","-","5","-","47","-","-","-","-","-"
"616","G. Ricci","G. Ricci","TE","CAR","14","","injury-status","Final L 10-24 @ ATL","7","999.0","-","-","-","5","-","47","-","-","-","-","-"
"617","A. McFarland","A. McFarland","RB","PIT","5","","injury-status","Final L 7-30 vs SF","7","999.0","11","47","-","2","-","15","-","-","-","-","-"
"618","M. Boykin","M. Boykin","WR","PIT","5","","injury-status","Final L 7-30 vs SF","7","543.4","-","-","-","6","-","40","-","-","-","-","-"
"619","T. Wallace","T. Wallace","WR","BAL","7","","injury-status","Final W 25-9 vs HOU","7","999.0","-","-","-","4","-","48","-","-","-","-","-"
"620","C. Huntley","C. Huntley","RB","","","","injury-status","BYE","6","291.0","10","42","-","2","-","12","-","-","-","-","-"
"621","A. Rodgers","A. Rodgers","WR","","","","injury-status","BYE","6","999.0","-","3","-","4","-","41","-","-","-","-","-"
"622","T. Jackson","T. Jackson","WR","MIN","6","IR","injury-status ir","Final L 17-20 vs TB","6","999.0","-","-","-","5","-","39","-","-","-","-","-"
"623","C. Brate","C. Brate","TE","","","","injury-status","BYE","6","999.0","-","-","-","4","-","44","-","-","-","-","-"
"624","S. Ehlinger","S. Ehlinger","QB","IND","11","","injury-status","Final L 21-31 vs JAX","6","618.4","3","12","-","-","-","-","-","9","15","101","1"
"625","R. Dwelley","R. Dwelley","TE","SF","14","","injury-status","Final W 30-7 @ PIT","6","999.0","-","-","-","4","-","42","-","-","-","-","-"
"626","T. McKitty","T. McKitty","TE","BUF","7","","injury-status","Final L 16-22 @ NYJ","6","999.0","-","-","-","4","-","41","-","-","-","-","-"
"627","D. Allen","D. Allen","TE","LAR","8","","injury-status","Final W 30-13 @ SEA","6","688.4","-","-","-","4","-","41","-","-","-","-","-"
"628","Q. Nordin","Q. Nordin","K","","","Ques","injury-status questionable","BYE","6","393.8","-","-","-","-","-","-","-","-","-","-","-"
"629","M. Ammendola","M. Ammendola","K, P","","","","injury-status","BYE","6","999.0","-","-","-","-","-","-","-","-","-","-","-"
"630","S. Sloman","S. Sloman","K","","","","injury-status","BYE","6","999.0","-","-","-","-","-","-","-","-","-","-","-"
"631","S. Sims","S. Sims","WR","HOU","6","Ques","injury-status questionable","Final L 9-25 @ BAL","6","999.0","1","5","-","4","-","35","-","-","-","-","-"
"632","A. Seibert","A. Seibert","K","NYJ","9","Ques","injury-status questionable","Final W 22-16 vs BUF","6","999.0","-","-","-","-","-","-","-","-","-","-","-"
"633","M. Crosby","M. Crosby","K","NYG","14","","injury-status","Final L 0-40 vs DAL","6","644.5","-","-","-","-","-","-","-","-","-","-","-"
"634","T. Vizcaino","T. Vizcaino","K","","","","injury-status","BYE","6","295.8","-","-","-","-","-","-","-","-","-","-","-"
"635","R. Santoso","R. Santoso","K, P","","","","injury-status","BYE","6","602.7","-","-","-","-","-","-","-","-","-","-","-"
"636","S. Ficken","S. Ficken","K","","","","injury-status","BYE","6","651.8","-","-","-","-","-","-","-","-","-","-","-"
"637","C. Dunn","C. Dunn","K","","","","injury-status","BYE","6","689.5","-","-","-","-","-","-","-","-","-","-","-"
"638","J. Stoll","J. Stoll","TE","PHI","9","","injury-status","Final W 25-20 @ NE","6","390.2","-","-","-","4","-","39","-","-","-","-","-"
"639","K. Hinton","K. Hinton","WR","","","","injury-status","BYE","6","999.0","-","2","-","4","-","37","-","-","-","-","-"
"640","L. Bowden","L. Bowden","WR","NO","11","","injury-status","Final W 16-15 vs TEN","6","999.0","1","6","-","5","-","28","-","-","-","-","-"
"641","J. Mundt","J. Mundt","TE","MIN","6","","injury-status","Final L 17-20 vs TB","6","413.0","-","-","-","4","-","39","-","-","-","-","-"
"642","T. Coleman","T. Coleman","RB","","","","injury-status","BYE","6","999.0","11","44","-","1","-","10","-","-","-","-","-"
"643","T. Johnson","T. Johnson","RB","BUF","7","","injury-status","Final L 16-22 @ NYJ","6","999.0","13","37","-","2","-","11","-","-","-","-","-"
"644","A. Schwartz","A. Schwartz","WR","MIA","12","Ques","injury-status questionable","Final W 36-34 @ LAC","6","999.0","1","4","-","3","-","38","-","-","-","-","-"
"645","B. Jordan","B. Jordan","TE","HOU","6","IR","injury-status ir","Final L 9-25 @ BAL","6","509.1","-","-","-","4","-","37","-","-","-","-","-"
"646","G. Ward","G. Ward","WR","PHI","9","","injury-status","Final W 25-20 @ NE","6","999.0","-","-","-","4","-","37","-","-","-","-","-"
"647","T. Taylor","T. Taylor","WR","CHI","5","IR","injury-status ir","Final L 20-38 vs GB","6","999.0","-","-","-","3","-","40","-","-","-","-","-"
"648","V. Jones","V. Jones","WR","CHI","5","","injury-status","Final L 20-38 vs GB","5","999.0","-","-","-","3","-","39","-","-","-","-","-"
"649","J. Nailor","J. Nailor","WR","MIN","6","Ques","injury-status questionable","Final L 17-20 vs TB","5","999.0","-","-","-","3","-","39","-","-","-","-","-"
"650","H. Long","H. Long","TE","LAR","8","","injury-status","Final W 30-13 @ SEA","5","999.0","-","-","-","4","-","33","-","-","-","-","-"
"651","M. Woods","M. Woods","WR","CLE","9","Ques","injury-status questionable","Final W 24-3 vs CIN","5","999.0","1","4","-","3","-","33","-","-","-","-","-"
"652","K. Coutee","K. Coutee","WR","","","","injury-status","BYE","5","999.0","-","-","-","3","-","37","-","-","-","-","-"
"653","M. Brown","M. Brown","RB","","","","injury-status","BYE","5","492.6","10","40","-","1","-","7","-","-","-","-","-"
"654","B. Perriman","B. Perriman","WR","","","","injury-status","BYE","5","999.0","-","-","-","3","-","37","-","-","-","-","-"
"655","M. Washington","M. Washington","WR","KC","10","","injury-status","Final L 20-21 vs DET","5","501.3","-","-","-","3","-","35","-","-","-","-","-"
"656","R. Higgins","R. Higgins","WR","","","","injury-status","BYE","5","999.0","-","-","-","3","-","35","-","-","-","-","-"
"657","K. Cole","K. Cole","WR","LV","8","","injury-status","Final W 17-16 @ DEN","5","494.4","-","1","-","3","-","33","-","-","-","-","-"
"658","R. Seals-Jones","R. Seals-Jones","TE","","","Ques","injury-status questionable","BYE","5","999.0","-","-","-","3","-","34","-","-","-","-","-"
"659","J. Ruckert","J. Ruckert","TE","NYJ","9","","injury-status","Final W 22-16 vs BUF","5","999.0","-","-","-","3","-","33","-","-","-","-","-"
"660","G. Olszewski","G. Olszewski","WR","NYG","14","","injury-status","Final L 0-40 vs DAL","5","533.3","-","-","-","3","-","33","-","-","-","-","-"
"661","L. Nichols","L. Nichols","RB","PHI","9","","injury-status","Final W 25-20 @ NE","5","999.0","5","22","-","2","-","15","-","-","-","-","-"
"662","M. Boone","M. Boone","RB","CAR","14","","injury-status","Final L 10-24 @ ATL","5","615.5","5","22","-","2","-","15","-","-","-","-","-"
"663","B. Bell","B. Bell","TE","KC","10","","injury-status","Final L 20-21 vs DET","5","555.8","-","-","-","3","-","32","-","-","-","-","-"
"664","T. Kroft","T. Kroft","TE","MIA","12","","injury-status","Final W 36-34 @ LAC","5","999.0","-","-","-","3","-","32","-","-","-","-","-"
"665","J. Cropper","J. Cropper","WR","DAL","10","","injury-status","Final W 40-0 @ NYG","5","416.5","-","-","-","3","-","32","-","-","-","-","-"
"666","B. Covey","B. Covey","WR","PHI","9","","injury-status","Final W 25-20 @ NE","5","999.0","-","-","-","3","-","31","-","-","-","-","-"
"667","M. Kemp","M. Kemp","WR","","","","injury-status","BYE","5","999.0","-","-","-","3","-","31","-","-","-","-","-"
"668","L. Perine","L. Perine","RB","KC","10","","injury-status","Final L 20-21 vs DET","4","551.1","6","23","-","2","-","11","-","-","-","-","-"
"669","K. Blasingame","K. Blasingame","RB","CHI","5","","injury-status","Final L 20-38 vs GB","4","999.0","11","34","-","1","-","4","-","-","-","-","-"
"670","J. Jackson","J. Jackson","RB","","","","injury-status","BYE","4","408.0","5","21","-","2","-","11","-","-","-","-","-"
"671","J. Byrd","J. Byrd","WR","","","","injury-status","BYE","4","999.0","-","-","-","3","-","27","-","-","-","-","-"
"672","K. Turpin","K. Turpin","WR","DAL","10","","injury-status","Final W 40-0 @ NYG","4","999.0","-","-","-","3","-","26","-","-","-","-","-"
"673","J. Hall","J. Hall","QB","MIN","6","","injury-status","Final L 17-20 vs TB","4","999.0","2","10","-","-","-","-","-","7","12","76","-"
"674","B. Edwards","B. Edwards","WR","","","","injury-status","BYE","4","510.3","-","-","-","2","-","30","-","-","-","-","-"
"675","E. Cooks","E. Cooks","WR","JAX","8","","injury-status","Final W 31-21 @ IND","4","569.5","-","-","-","3","-","25","-","-","-","-","-"
"676","R. Bell","R. Bell","WR","SF","14","","injury-status","Final W 30-7 @ PIT","4","999.0","-","-","-","3","-","25","-","-","-","-","-"
"677","T. Siemian","T. Siemian","QB","NYJ","9","","injury-status","Final W 22-16 vs BUF","4","999.0","1","2","-","-","-","-","-","8","12","88","-"
"678","T. Jones","T. Jones","RB","ARI","8","","injury-status","Final L 16-20 @ WAS","4","629.6","3","12","-","2","-","15","-","-","-","-","-"
"679","B. Melton","B. Melton","WR","GB","5","","injury-status","Final W 38-20 @ CHI","4","999.0","-","-","-","3","-","21","-","-","-","-","-"
"680","J. Proche","J. Proche","WR","CLE","9","","injury-status","Final W 24-3 vs CIN","3","999.0","-","-","-","2","-","24","-","-","-","-","-"
"681","K. Golladay","K. Golladay","WR","","","","injury-status","BYE","3","999.0","-","-","-","2","-","23","-","-","-","-","-"
"682","K. Kirkwood","K. Kirkwood","WR","NO","11","","injury-status","Final W 16-15 vs TEN","3","368.0","-","-","-","3","-","17","-","-","-","-","-"
"683","J. Haener","J. Haener","QB","NO","11","","injury-status","Final W 16-15 vs TEN","3","999.0","1","2","-","-","-","-","-","7","11","75","-"
"684","M. Bushman","M. Bushman","TE","KC","10","","injury-status","Final L 20-21 vs DET","3","999.0","-","-","-","3","-","14","-","-","-","-","-"
"685","K. Yeboah","K. Yeboah","TE","NYJ","9","IR","injury-status ir","Final W 22-16 vs BUF","3","999.0","-","-","-","2","-","17","-","-","-","-","-"
"686","J. Wolford","J. Wolford","QB","TB","9","","injury-status","Final W 20-17 @ MIN","2","999.0","1","1","-","-","-","-","-","5","8","57","-"
"687","D. Washington","D. Washington","RB","DEN","12","Ques","injury-status questionable","Final L 16-17 vs LV","2","999.0","4","15","-","-","-","-","-","-","-","-","-"
"688","T. McKee","T. McKee","QB","PHI","9","Ques","injury-status questionable","Final W 25-20 @ NE","1","999.0","-","-","-","-","-","-","-","3","5","35","-"
"689","K. Mond","K. Mond","QB","IND","11","","injury-status","Final L 21-31 vs JAX","1","385.0","-","-","-","-","-","-","-","3","5","35","-"
"690","B. Miller","B. Miller","RB","","","","injury-status","BYE","-","391.2","-","-","-","-","-","-","-","-","-","-","-"
"691","C. Johnson","C. Johnson","WR","","","","injury-status","BYE","-","999.0","-","-","-","-","-","-","-","-","-","-","-"
"692","P. Invalid","P. Invalid","RB","","","","injury-status","BYE","-","999.0","-","-","-","-","-","-","-","-","-","-","-"
"693","A. Sherman","A. Sherman","RB","","","","injury-status","BYE","-","999.0","-","-","-","-","-","-","-","-","-","-","-"
"694","L. Kendricks","L. Kendricks","TE","","","","injury-status","BYE","-","398.0","-","-","-","-","-","-","-","-","-","-","-"
"695","L. Stocker","L. Stocker","TE","","","","injury-status","BYE","-","384.0","-","-","-","-","-","-","-","-","-","-","-"
"696","A. Rodgers","A. Rodgers","QB","NYJ","9","","injury-status","Final W 22-16 vs BUF","-","103.3","-","-","-","-","-","-","-","-","-","-","-"
"697","C. Newton","C. Newton","QB","","","","injury-status","BYE","-","999.0","-","-","-","-","-","-","-","-","-","-","-"
"698","T. Swen","T. Swen","RB","","","","injury-status","BYE","-","999.0","-","-","-","-","-","-","-","-","-","-","-"
"699","J. Copeland","J. Copeland","WR","","","","injury-status","BYE","-","999.0","-","-","-","-","-","-","-","-","-","-","-"
"700","B. Ford-Wheaton","B. Ford-Wheaton","WR","NYG","14","IR","injury-status ir","Final L 0-40 vs DAL","-","999.0","-","-","-","-","-","-","-","-","-","-","-"
"701","J. Haselwood","J. Haselwood","WR","","","","injury-status","BYE","-","999.0","-","-","-","-","-","-","-","-","-","-","-"
"702","S. James","S. James","WR","","","","injury-status","BYE","-","999.0","-","-","-","-","-","-","-","-","-","-","-"
"703","T. Scott","T. Scott","WR","","","","injury-status","BYE","-","999.0","-","-","-","-","-","-","-","-","-","-","-"
"704","J. Shorter","J. Shorter","WR","BUF","7","","injury-status","Final L 16-22 @ NYJ","-","999.0","-","-","-","-","-","-","-","-","-","-","-"
"705","P. Invalid","P. Invalid","TE","","","","injury-status","BYE","-","999.0","-","-","-","-","-","-","-","-","-","-","-"
"706","K. Rudolph","K. Rudolph","TE","","","","injury-status","BYE","-","999.0","-","-","-","-","-","-","-","-","-","-","-"
"707","T. Evans","T. Evans","RB","","","","injury-status","BYE","-","999.0","-","-","-","-","-","-","-","-","-","-","-"
"708","D. Harris","D. Harris","WR","","","Ques","injury-status questionable","BYE","-","333.0","-","-","-","-","-","-","-","-","-","-","-"
"709","D. Bailey","D. Bailey","K","","","","injury-status","BYE","-","999.0","-","-","-","-","-","-","-","-","-","-","-"
"710","N. Rourke","N. Rourke","QB","NE","14","","injury-status","Final L 20-25 vs PHI","-","623.6","-","-","-","-","-","-","-","-","-","-","-"
"711","P. White","P. White","K","","","","injury-status","BYE","-","372.0","-","-","-","-","-","-","-","-","-","-","-"
"712","C. Ratkovich","C. Ratkovich","RB","","","","injury-status","BYE","-","999.0","-","-","-","-","-","-","-","-","-","-","-"
"713","D. Baldwin","D. Baldwin","WR","","","","injury-status","BYE","-","999.0","-","-","-","-","-","-","-","-","-","-","-"
"714","T. Odukoya","T. Odukoya","TE","TEN","10","","injury-status","Final L 15-16 @ NO","-","409.1","-","-","-","-","-","-","-","-","-","-","-"
"715","M. Alexander","M. Alexander","WR","DET","8","","injury-status","Final W 21-20 @ KC","-","999.0","-","-","-","-","-","-","-","-","-","-","-"
"716","D. Plitt","D. Plitt","QB","CIN","10","","injury-status","Final L 3-24 @ CLE","-","683.4","-","-","-","-","-","-","-","-","-","-","-"
"717","B. Lewis","B. Lewis","WR","","","","injury-status","BYE","-","999.0","-","-","-","-","-","-","-","-","-","-","-"
"718","T. Koontz","T. Koontz","TE","","","","injury-status","BYE","-","999.0","-","-","-","-","-","-","-","-","-","-","-"
"719","C. Henne","C. Henne","QB","","","","injury-status","BYE","-","573.4","-","-","-","-","-","-","-","-","-","-","-"
"720","N. Sciba","N. Sciba","K","","","","injury-status","BYE","-","377.7","-","-","-","-","-","-","-","-","-","-","-"
"721","K. Wheatfall","K. Wheatfall","WR","","","","injury-status","BYE","-","999.0","-","-","-","-","-","-","-","-","-","-","-"
"722","R. McDaniel","R. McDaniel","WR","","","","injury-status","BYE","-","275.7","-","-","-","-","-","-","-","-","-","-","-"
"723","N. Bohannon","N. Bohannon","TE","","","","injury-status","BYE","-","999.0","-","-","-","-","-","-","-","-","-","-","-"
"724","K. Brown","K. Brown","WR","","","","injury-status","BYE","-","999.0","-","-","-","-","-","-","-","-","-","-","-"
"725","T. Fisk","T. Fisk","TE","ATL","5","","injury-status","Final W 24-10 vs CAR","-","999.0","-","-","-","-","-","-","-","-","-","-","-"
"726","J. Howland","J. Howland","TE","","","","injury-status","BYE","-","999.0","-","-","-","-","-","-","-","-","-","-","-"
"727","W. Johnson","W. Johnson","WR","","","Ques","injury-status questionable","BYE","-","430.8","-","-","-","-","-","-","-","-","-","-","-"
"728","J. Scott","J. Scott","TE","","","","injury-status","BYE","-","243.0","-","-","-","-","-","-","-","-","-","-","-"
"729","K. Kassis","K. Kassis","WR","","","","injury-status","BYE","-","999.0","-","-","-","-","-","-","-","-","-","-","-"
"730","B. Beise","B. Beise","TE","","","","injury-status","BYE","-","999.0","-","-","-","-","-","-","-","-","-","-","-"
"731","K. Geiger","K. Geiger","WR","","","","injury-status","BYE","-","999.0","-","-","-","-","-","-","-","-","-","-","-"
"732","I. Charles","I. Charles","WR","NYJ","9","PUP","injury-status pup","Final W 22-16 vs BUF","-","458.0","-","-","-","-","-","-","-","-","-","-","-"
"733","T. Jones","T. Jones","RB","","","","injury-status","BYE","-","999.0","-","-","-","-","-","-","-","-","-","-","-"
"734","K. Abram","K. Abram","WR","","","","injury-status","BYE","-","293.0","-","-","-","-","-","-","-","-","-","-","-"
"735","T. Conner","T. Conner","TE","MIA","12","","injury-status","Final W 36-34 @ LAC","-","466.5","-","-","-","-","-","-","-","-","-","-","-"
"736","C. Fotheringham","C. Fotheringham","TE","LV","8","","injury-status","Final W 17-16 @ DEN","-","999.0","-","-","-","-","-","-","-","-","-","-","-"
"737","E. Fernea","E. Fernea","WR","IND","11","","injury-status","Final L 21-31 vs JAX","-","999.0","-","-","-","-","-","-","-","-","-","-","-"
"738","M. Young","M. Young","WR","","","","injury-status","BYE","-","999.0","-","-","-","-","-","-","-","-","-","-","-"
"739","K. Crawford","K. Crawford","WR","","","Ques","injury-status questionable","BYE","-","999.0","-","-","-","-","-","-","-","-","-","-","-"
"740","S. Nacua","S. Nacua","WR","","","","injury-status","BYE","-","999.0","-","-","-","-","-","-","-","-","-","-","-"
"741","T. Hairston","T. Hairston","RB","HOU","6","","injury-status","Final L 9-25 @ BAL","-","999.0","-","-","-","-","-","-","-","-","-","-","-"
"742","N. Givan","N. Givan","TE","","","","injury-status","BYE","-","503.3","-","-","-","-","-","-","-","-","-","-","-"
"743","A. Turner","A. Turner","WR","","","","injury-status","BYE","-","429.5","-","-","-","-","-","-","-","-","-","-","-"
"744","J. Garibay","J. Garibay","K","","","","injury-status","BYE","-","999.0","-","-","-","-","-","-","-","-","-","-","-"
"745","A. Shampklin","A. Shampklin","RB","","","","injury-status","BYE","-","999.0","-","-","-","-","-","-","-","-","-","-","-"
"746","D. Houston","D. Houston","WR","NYG","14","","injury-status","Final L 0-40 vs DAL","-","999.0","-","-","-","-","-","-","-","-","-","-","-"
"747","Z. Mitchell-Paden","Z. Mitchell-Paden","TE","CLE","9","","injury-status","Final W 24-3 vs CIN","-","999.0","-","-","-","-","-","-","-","-","-","-","-"
"748","F. Harper","F. Harper","QB","","","","injury-status","BYE","-","999.0","-","-","-","-","-","-","-","-","-","-","-"
"749","K. Pryor","K. Pryor","WR","CIN","10","","injury-status","Final L 3-24 @ CLE","-","999.0","-","-","-","-","-","-","-","-","-","-","-"
"750","J. Rigg","J. Rigg","TE","","","","injury-status","BYE","-","999.0","-","-","-","-","-","-","-","-","-","-","-"
"751","A. Mevis","A. Mevis","K","","","","injury-status","BYE","-","402.0","-","-","-","-","-","-","-","-","-","-","-"
"752","M. Williams","M. Williams","WR","","","","injury-status","BYE","-","999.0","-","-","-","-","-","-","-","-","-","-","-"
"753","J. Bist","J. Bist","TE","","","","injury-status","BYE","-","999.0","-","-","-","-","-","-","-","-","-","-","-"
"754","D. Miller","D. Miller","TE","","","","injury-status","BYE","-","999.0","-","-","-","-","-","-","-","-","-","-","-"
"755","R. Williams","R. Williams","TE","PIT","5","","injury-status","Final L 7-30 vs SF","-","305.0","-","-","-","-","-","-","-","-","-","-","-"
"756","K. Davis","K. Davis","WR","ARI","8","","injury-status","Final L 16-20 @ WAS","-","999.0","-","-","-","-","-","-","-","-","-","-","-"
"757","D. Parham","D. Parham","TE","","","","injury-status","BYE","-","999.0","-","-","-","-","-","-","-","-","-","-","-"
"758","T. McAllister","T. McAllister","RB","","","","injury-status","BYE","-","382.7","-","-","-","-","-","-","-","-","-","-","-"
"759","R. Carter","R. Carter","TE","","","","injury-status","BYE","-","999.0","-","-","-","-","-","-","-","-","-","-","-"
"760","L. McCutcheon","L. McCutcheon","WR","NYJ","9","","injury-status","Final W 22-16 vs BUF","-","999.0","-","-","-","-","-","-","-","-","-","-","-"
"761","J. Pettigrew","J. Pettigrew","TE","","","","injury-status","BYE","-","999.0","-","-","-","-","-","-","-","-","-","-","-"
"762","R. Webb","R. Webb","WR","TB","9","","injury-status","Final W 20-17 @ MIN","-","999.0","-","-","-","-","-","-","-","-","-","-","-"
"763","S. Bridges","S. Bridges","WR","","","","injury-status","BYE","-","999.0","-","-","-","-","-","-","-","-","-","-","-"
"764","D. Tuggle","D. Tuggle","RB","","","","injury-status","BYE","-","999.0","-","-","-","-","-","-","-","-","-","-","-"
"765","T. Fleet-Davis","T. Fleet-Davis","RB","","","","injury-status","BYE","-","568.4","-","-","-","-","-","-","-","-","-","-","-"
"766","K. Oginni","K. Oginni","TE","","","","injury-status","BYE","-","999.0","-","-","-","-","-","-","-","-","-","-","-"
"767","L. Lenoir","L. Lenoir","WR","","","","injury-status","BYE","-","999.0","-","-","-","-","-","-","-","-","-","-","-"
"768","S. Scarver","S. Scarver","WR","","","","injury-status","BYE","-","999.0","-","-","-","-","-","-","-","-","-","-","-"
"769","C. Holder","C. Holder","WR","","","","injury-status","BYE","-","331.0","-","-","-","-","-","-","-","-","-","-","-"
"770","J. Tonges","J. Tonges","TE","SF","14","","injury-status","Final W 30-7 @ PIT","-","999.0","-","-","-","-","-","-","-","-","-","-","-"
"771","K. Shaa","K. Shaa","WR","","","","injury-status","BYE","-","999.0","-","-","-","-","-","-","-","-","-","-","-"
"772","H. Litwin","H. Litwin","WR","","","","injury-status","BYE","-","296.5","-","-","-","-","-","-","-","-","-","-","-"
"773","J. Herslow","J. Herslow","WR","","","","injury-status","BYE","-","999.0","-","-","-","-","-","-","-","-","-","-","-"
"774","J. Mitchell","J. Mitchell","TE","","","","injury-status","BYE","-","999.0","-","-","-","-","-","-","-","-","-","-","-"
"775","V. Green","V. Green","TE","","","Ques","injury-status questionable","BYE","-","999.0","-","-","-","-","-","-","-","-","-","-","-"
"776","A. Rogers","A. Rogers","TE","WAS","12","Ques","injury-status questionable","Final W 20-16 vs ARI","-","999.0","-","-","-","-","-","-","-","-","-","-","-"
"777","J. Bernhardt","J. Bernhardt","WR","","","","injury-status","BYE","-","999.0","-","-","-","-","-","-","-","-","-","-","-"
"778","L. Watson","L. Watson","TE","CLE","9","","injury-status","Final W 24-3 vs CIN","-","691.3","-","-","-","-","-","-","-","-","-","-","-"
"779","T. James","T. James","WR","","","","injury-status","BYE","-","999.0","-","-","-","-","-","-","-","-","-","-","-"
"780","L. Winningham","L. Winningham","WR","","","","injury-status","BYE","-","999.0","-","-","-","-","-","-","-","-","-","-","-"
"781","G. Gunter","G. Gunter","TE","","","","injury-status","BYE","-","557.4","-","-","-","-","-","-","-","-","-","-","-"
"782","C. Pierce","C. Pierce","TE","CAR","14","","injury-status","Final L 10-24 @ ATL","-","999.0","-","-","-","-","-","-","-","-","-","-","-"
"783","S. Robinson","S. Robinson","WR","","","","injury-status","BYE","-","999.0","-","-","-","-","-","-","-","-","-","-","-"
"784","J. Payton","J. Payton","WR","","","","injury-status","BYE","-","999.0","-","-","-","-","-","-","-","-","-","-","-"
"785","J. Kirklin","J. Kirklin","WR","","","","injury-status","BYE","-","999.0","-","-","-","-","-","-","-","-","-","-","-"
"786","C. Hodge","C. Hodge","WR","","","","injury-status","BYE","-","999.0","-","-","-","-","-","-","-","-","-","-","-"
"787","G. Walston","G. Walston","TE","","","","injury-status","BYE","-","999.0","-","-","-","-","-","-","-","-","-","-","-"
"788","T. Mack","T. Mack","WR","","","","injury-status","BYE","-","999.0","-","-","-","-","-","-","-","-","-","-","-"
"789","D. Davis","D. Davis","WR","","","","injury-status","BYE","-","999.0","-","-","-","-","-","-","-","-","-","-","-"
"790","K. McGowan","K. McGowan","WR","","","","injury-status","BYE","-","999.0","-","-","-","-","-","-","-","-","-","-","-"
"791","M. Santos-Silva","M. Santos-Silva","TE","","","","injury-status","BYE","-","999.0","-","-","-","-","-","-","-","-","-","-","-"
"792","T. Bradford","T. Bradford","WR","","","","injury-status","BYE","-","248.0","-","-","-","-","-","-","-","-","-","-","-"
"793","B. Peters","B. Peters","QB","","","","injury-status","BYE","-","245.0","-","-","-","-","-","-","-","-","-","-","-"
"794","E. Krommenhoek","E. Krommenhoek","TE","","","","injury-status","BYE","-","999.0","-","-","-","-","-","-","-","-","-","-","-"
"795","T. Limi-Jones","T. Limi-Jones","WR","","","","injury-status","BYE","-","999.0","-","-","-","-","-","-","-","-","-","-","-"
"796","A. Parchment","A. Parchment","WR","","","Ques","injury-status questionable","BYE","-","999.0","-","-","-","-","-","-","-","-","-","-","-"
"797","R. Henry","R. Henry","WR","","","Ques","injury-status questionable","BYE","-","999.0","-","-","-","-","-","-","-","-","-","-","-"
"798","D. Wright","D. Wright","WR","CAR","14","Ques","injury-status questionable","Final L 10-24 @ ATL","-","249.0","-","-","-","-","-","-","-","-","-","-","-"
"799","J. Lovett","J. Lovett","RB","","","","injury-status","BYE","-","999.0","-","-","-","-","-","-","-","-","-","-","-"
"800","D. Cheek","D. Cheek","QB","","","","injury-status","BYE","-","498.0","-","-","-","-","-","-","-","-","-","-","-"
"801","J. Babicz","J. Babicz","TE","","","","injury-status","BYE","-","255.0","-","-","-","-","-","-","-","-","-","-","-"
"802","T. Ford","T. Ford","QB","","","","injury-status","BYE","-","999.0","-","-","-","-","-","-","-","-","-","-","-"
"803","T. Clark","T. Clark","WR","","","","injury-status","BYE","-","253.0","-","-","-","-","-","-","-","-","-","-","-"
"804","D. Estrada","D. Estrada","WR","","","Ques","injury-status questionable","BYE","-","999.0","-","-","-","-","-","-","-","-","-","-","-"
"805","S. Green","S. Green","TE","","","","injury-status","BYE","-","999.0","-","-","-","-","-","-","-","-","-","-","-"
"806","N. Muse","N. Muse","TE","MIN","6","","injury-status","Final L 17-20 vs TB","-","256.0","-","-","-","-","-","-","-","-","-","-","-"
"807","J. FitzPatrick","J. FitzPatrick","TE","ATL","5","","injury-status","Final W 24-10 vs CAR","-","999.0","-","-","-","-","-","-","-","-","-","-","-"
"808","J. Guarantano","J. Guarantano","QB","","","","injury-status","BYE","-","999.0","-","-","-","-","-","-","-","-","-","-","-"
"809","J. Hall","J. Hall","WR","","","","injury-status","BYE","-","581.0","-","-","-","-","-","-","-","-","-","-","-"
"810","D. Robertson","D. Robertson","WR","","","","injury-status","BYE","-","254.0","-","-","-","-","-","-","-","-","-","-","-"
"811","C. Sutton","C. Sutton","WR","","","","injury-status","BYE","-","999.0","-","-","-","-","-","-","-","-","-","-","-"
"812","T. Hennigan","T. Hennigan","WR","","","","injury-status","BYE","-","270.0","-","-","-","-","-","-","-","-","-","-","-"
"813","N. Pau'u","N. Pau'u","WR","","","","injury-status","BYE","-","999.0","-","-","-","-","-","-","-","-","-","-","-"
"814","K. Lassiter","K. Lassiter","WR","CIN","10","","injury-status","Final L 3-24 @ CLE","-","999.0","-","-","-","-","-","-","-","-","-","-","-"
"815","C. Brewer","C. Brewer","TE","","","","injury-status","BYE","-","523.9","-","-","-","-","-","-","-","-","-","-","-"
"816","C. Garbers","C. Garbers","QB","","","","injury-status","BYE","-","392.8","-","-","-","-","-","-","-","-","-","-","-"
"817","L. Lewis","L. Lewis","QB","","","","injury-status","BYE","-","999.0","-","-","-","-","-","-","-","-","-","-","-"
"818","Z. Horvath","Z. Horvath","RB","","","","injury-status","BYE","-","444.0","-","-","-","-","-","-","-","-","-","-","-"
"819","K. Marks","K. Marks","RB","","","","injury-status","BYE","-","999.0","-","-","-","-","-","-","-","-","-","-","-"
"820","B. Brown","B. Brown","RB","LV","8","","injury-status","Final W 17-16 @ DEN","-","999.0","-","-","-","-","-","-","-","-","-","-","-"
"821","M. Harley","M. Harley","WR","","","","injury-status","BYE","-","999.0","-","-","-","-","-","-","-","-","-","-","-"
"822","J. Sorenson","J. Sorenson","WR","","","","injury-status","BYE","-","999.0","-","-","-","-","-","-","-","-","-","-","-"
"823","S. Berryhill","S. Berryhill","WR","","","","injury-status","BYE","-","999.0","-","-","-","-","-","-","-","-","-","-","-"
"824","J. Smart","J. Smart","WR","","","","injury-status","BYE","-","999.0","-","-","-","-","-","-","-","-","-","-","-"
"825","J. Virgil","J. Virgil","WR","DEN","12","Ques","injury-status questionable","Final L 16-17 vs LV","-","999.0","-","-","-","-","-","-","-","-","-","-","-"
"826","C. Oladokun","C. Oladokun","QB","KC","10","","injury-status","Final L 20-21 vs DET","-","999.0","-","-","-","-","-","-","-","-","-","-","-"
"827","D. Allen","D. Allen","WR","PHI","9","","injury-status","Final W 25-20 @ NE","-","490.0","-","-","-","-","-","-","-","-","-","-","-"
"828","J. Ezzard","J. Ezzard","WR","","","Ques","injury-status questionable","BYE","-","369.0","-","-","-","-","-","-","-","-","-","-","-"
"829","T. Snead","T. Snead","WR","","","","injury-status","BYE","-","327.0","-","-","-","-","-","-","-","-","-","-","-"
"830","T. Pledger","T. Pledger","RB","","","","injury-status","BYE","-","999.0","-","-","-","-","-","-","-","-","-","-","-"
"831","A. Green","A. Green","WR","","","","injury-status","BYE","-","999.0","-","-","-","-","-","-","-","-","-","-","-"
"832","G. Brkic","G. Brkic","K","","","","injury-status","BYE","-","999.0","-","-","-","-","-","-","-","-","-","-","-"
"833","T. Harris","T. Harris","WR","","","","injury-status","BYE","-","999.0","-","-","-","-","-","-","-","-","-","-","-"
"834","C. Jackson","C. Jackson","WR","","","","injury-status","BYE","-","999.0","-","-","-","-","-","-","-","-","-","-","-"
"835","T. Martin","T. Martin","WR","SF","14","","injury-status","Final W 30-7 @ PIT","-","999.0","-","-","-","-","-","-","-","-","-","-","-"
"836","K. Pimpleton","K. Pimpleton","WR","","","","injury-status","BYE","-","999.0","-","-","-","-","-","-","-","-","-","-","-"
"837","G. Prince","G. Prince","TE","KC","10","","injury-status","Final L 20-21 vs DET","-","999.0","-","-","-","-","-","-","-","-","-","-","-"
"838","B. Koback","B. Koback","RB","SEA","8","","injury-status","Final L 13-30 vs LAR","-","999.0","-","-","-","-","-","-","-","-","-","-","-"
"839","D. Deese","D. Deese","TE","","","","injury-status","BYE","-","999.0","-","-","-","-","-","-","-","-","-","-","-"
"840","D. Torrey","D. Torrey","RB","","","","injury-status","BYE","-","381.6","-","-","-","-","-","-","-","-","-","-","-"
"841","S. Jones","S. Jones","RB","","","","injury-status","BYE","-","457.7","-","-","-","-","-","-","-","-","-","-","-"
"842","A. Brown","A. Brown","QB","","","","injury-status","BYE","-","353.8","-","-","-","-","-","-","-","-","-","-","-"
"843","B. Baylor","B. Baylor","RB","","","","injury-status","BYE","-","462.5","-","-","-","-","-","-","-","-","-","-","-"
"844","R. Person","R. Person","RB","","","","injury-status","BYE","-","999.0","-","-","-","-","-","-","-","-","-","-","-"
"845","E. Emezie","E. Emezie","WR","","","","injury-status","BYE","-","999.0","-","-","-","-","-","-","-","-","-","-","-"
"846","J. Sterns","J. Sterns","WR","","","","injury-status","BYE","-","999.0","-","-","-","-","-","-","-","-","-","-","-"
"847","J. Heiligh","J. Heiligh","WR","","","","injury-status","BYE","-","999.0","-","-","-","-","-","-","-","-","-","-","-"
"848","M. Durant","M. Durant","RB","","","","injury-status","BYE","-","485.9","-","-","-","-","-","-","-","-","-","-","-"
"849","J. Roberson","J. Roberson","WR","","","","injury-status","BYE","-","999.0","-","-","-","-","-","-","-","-","-","-","-"
"850","I. Weston","I. Weston","WR","","","","injury-status","BYE","-","999.0","-","-","-","-","-","-","-","-","-","-","-"
"851","G. Bell","G. Bell","RB","","","","injury-status","BYE","-","999.0","-","-","-","-","-","-","-","-","-","-","-"
"852","C. Kelley","C. Kelley","QB","","","","injury-status","BYE","-","999.0","-","-","-","-","-","-","-","-","-","-","-"
"853","J. Johnson","J. Johnson","WR","","","","injury-status","BYE","-","999.0","-","-","-","-","-","-","-","-","-","-","-"
"854","S. McCormick","S. McCormick","RB","LV","8","","injury-status","Final W 17-16 @ DEN","-","483.4","-","-","-","-","-","-","-","-","-","-","-"
"855","M. Borghi","M. Borghi","RB","","","","injury-status","BYE","-","999.0","-","-","-","-","-","-","-","-","-","-","-"
"856","L. Brown","L. Brown","RB","","","","injury-status","BYE","-","999.0","-","-","-","-","-","-","-","-","-","-","-"
"857","A. Allen","A. Allen","TE","","","","injury-status","BYE","-","999.0","-","-","-","-","-","-","-","-","-","-","-"
"858","D. Dixon","D. Dixon","WR","","","","injury-status","BYE","-","366.5","-","-","-","-","-","-","-","-","-","-","-"
"859","D. Crum","D. Crum","QB","","","","injury-status","BYE","-","252.0","-","-","-","-","-","-","-","-","-","-","-"
"860","M. Polk","M. Polk","WR","","","","injury-status","BYE","-","999.0","-","-","-","-","-","-","-","-","-","-","-"
"861","J. Hall","J. Hall","TE","","","","injury-status","BYE","-","999.0","-","-","-","-","-","-","-","-","-","-","-"
"862","J. Coan","J. Coan","QB","","","","injury-status","BYE","-","999.0","-","-","-","-","-","-","-","-","-","-","-"
"863","K. Austin","K. Austin","WR","","","","injury-status","BYE","-","999.0","-","-","-","-","-","-","-","-","-","-","-"
"864","D. King","D. King","QB","","","","injury-status","BYE","-","999.0","-","-","-","-","-","-","-","-","-","-","-"
"865","C. Rambo","C. Rambo","WR","","","Ques","injury-status questionable","BYE","-","999.0","-","-","-","-","-","-","-","-","-","-","-"
"866","T. Fryfogle","T. Fryfogle","WR","","","","injury-status","BYE","-","999.0","-","-","-","-","-","-","-","-","-","-","-"
"867","J. Corbin","J. Corbin","RB","NYG","14","","injury-status","Final L 0-40 vs DAL","-","999.0","-","-","-","-","-","-","-","-","-","-","-"
"868","E. Perry","E. Perry","QB","JAX","8","","injury-status","Final W 31-21 @ IND","-","999.0","-","-","-","-","-","-","-","-","-","-","-"
"869","C. Hodges","C. Hodges","TE","WAS","12","Ques","injury-status questionable","Final W 20-16 vs ARI","-","999.0","-","-","-","-","-","-","-","-","-","-","-"
"870","S. Bolden","S. Bolden","WR","","","","injury-status","BYE","-","999.0","-","-","-","-","-","-","-","-","-","-","-"
"871","A. Smith","A. Smith","RB","","","","injury-status","BYE","-","999.0","-","-","-","-","-","-","-","-","-","-","-"
"872","C. Verdell","C. Verdell","RB","","","","injury-status","BYE","-","489.8","-","-","-","-","-","-","-","-","-","-","-"
"873","D. Williams","D. Williams","WR","","","","injury-status","BYE","-","999.0","-","-","-","-","-","-","-","-","-","-","-"
"874","J. Johnson","J. Johnson","WR","HOU","6","Ques","injury-status questionable","Final L 9-25 @ BAL","-","999.0","-","-","-","-","-","-","-","-","-","-","-"
"875","D. Price","D. Price","RB","","","","injury-status","BYE","-","317.8","-","-","-","-","-","-","-","-","-","-","-"
"876","C. Allen","C. Allen","TE","","","","injury-status","BYE","-","407.5","-","-","-","-","-","-","-","-","-","-","-"
"877","B. Powell","B. Powell","RB","","","","injury-status","BYE","-","999.0","-","-","-","-","-","-","-","-","-","-","-"
"878","B. Sanders","B. Sanders","WR","MIA","12","","injury-status","Final W 36-34 @ LAC","-","508.8","-","-","-","-","-","-","-","-","-","-","-"
"879","G. Calcaterra","G. Calcaterra","TE","PHI","9","","injury-status","Final W 25-20 @ NE","-","303.7","-","-","-","-","-","-","-","-","-","-","-"
"880","R. Roberson","R. Roberson","WR","","","","injury-status","BYE","-","999.0","-","-","-","-","-","-","-","-","-","-","-"
"881","Z. White","Z. White","RB","","","","injury-status","BYE","-","999.0","-","-","-","-","-","-","-","-","-","-","-"
"882","J. Mitchell","J. Mitchell","TE","DET","8","","injury-status","Final W 21-20 @ KC","-","999.0","-","-","-","-","-","-","-","-","-","-","-"
"883","T. Turner","T. Turner","WR","","","","injury-status","BYE","-","999.0","-","-","-","-","-","-","-","-","-","-","-"
"884","D. Drummond","D. Drummond","WR","","","","injury-status","BYE","-","999.0","-","-","-","-","-","-","-","-","-","-","-"
"885","C. Strong","C. Strong","QB","","","","injury-status","BYE","-","999.0","-","-","-","-","-","-","-","-","-","-","-"
"886","K. Brooks","K. Brooks","RB","","","","injury-status","BYE","-","557.5","-","-","-","-","-","-","-","-","-","-","-"
"887","M. Teague","M. Teague","RB","","","","injury-status","BYE","-","476.5","-","-","-","-","-","-","-","-","-","-","-"
"888","J. Ealy","J. Ealy","RB","","","","injury-status","BYE","-","999.0","-","-","-","-","-","-","-","-","-","-","-"
"889","L. Smith","L. Smith","TE","ATL","5","","injury-status","Final W 24-10 vs CAR","-","999.0","-","-","-","-","-","-","-","-","-","-","-"
"890","J. Wydermyer","J. Wydermyer","TE","","","","injury-status","BYE","-","999.0","-","-","-","-","-","-","-","-","-","-","-"
"891","D. Dedmon","D. Dedmon","WR","","","","injury-status","BYE","-","999.0","-","-","-","-","-","-","-","-","-","-","-"
"892","N. Kalinic","N. Kalinic","TE","LAR","8","","injury-status","Final W 30-13 @ SEA","-","999.0","-","-","-","-","-","-","-","-","-","-","-"
"893","B. Lenius","B. Lenius","TE","","","","injury-status","BYE","-","999.0","-","-","-","-","-","-","-","-","-","-","-"
"894","R. Willis","R. Willis","QB","","","","injury-status","BYE","-","999.0","-","-","-","-","-","-","-","-","-","-","-"
"895","D. Williams","D. Williams","TE","","","","injury-status","BYE","-","999.0","-","-","-","-","-","-","-","-","-","-","-"
"896","M. Vital","M. Vital","TE","","","","injury-status","BYE","-","999.0","-","-","-","-","-","-","-","-","-","-","-"
"897","G. Adomitis","G. Adomitis","TE","","","","injury-status","BYE","-","999.0","-","-","-","-","-","-","-","-","-","-","-"
"898","M. Jacobson","M. Jacobson","TE","NO","11","","injury-status","Final W 16-15 vs TEN","-","999.0","-","-","-","-","-","-","-","-","-","-","-"
"899","C. Taylor","C. Taylor","RB","","","","injury-status","BYE","-","999.0","-","-","-","-","-","-","-","-","-","-","-"
"900","D. Crawford","D. Crawford","TE","","","","injury-status","BYE","-","325.0","-","-","-","-","-","-","-","-","-","-","-"
"901","S. Cannella","S. Cannella","TE","","","","injury-status","BYE","-","999.0","-","-","-","-","-","-","-","-","-","-","-"
"902","K. Jackson","K. Jackson","TE","MIA","12","","injury-status","Final W 36-34 @ LAC","-","999.0","-","-","-","-","-","-","-","-","-","-","-"
"903","K. Costello","K. Costello","QB","","","","injury-status","BYE","-","596.0","-","-","-","-","-","-","-","-","-","-","-"
"904","M. Sargent","M. Sargent","RB","","","","injury-status","BYE","-","999.0","-","-","-","-","-","-","-","-","-","-","-"
"905","O. Anderson","O. Anderson","RB","","","","injury-status","BYE","-","660.7","-","-","-","-","-","-","-","-","-","-","-"
"906","M. Bandy","M. Bandy","WR","DEN","12","","injury-status","Final L 16-17 vs LV","-","999.0","-","-","-","-","-","-","-","-","-","-","-"
"907","M. Seybert","M. Seybert","TE","","","","injury-status","BYE","-","999.0","-","-","-","-","-","-","-","-","-","-","-"
"908","T. Toivonen","T. Toivonen","WR","","","","injury-status","BYE","-","999.0","-","-","-","-","-","-","-","-","-","-","-"
"909","C. Saunders","C. Saunders","WR","","","","injury-status","BYE","-","999.0","-","-","-","-","-","-","-","-","-","-","-"
"910","J. Hausmann","J. Hausmann","TE","","","","injury-status","BYE","-","999.0","-","-","-","-","-","-","-","-","-","-","-"
"911","N. McCrary","N. McCrary","RB","","","Ques","injury-status questionable","BYE","-","474.3","-","-","-","-","-","-","-","-","-","-","-"
"912","K. Bahar","K. Bahar","QB","","","","injury-status","BYE","-","309.3","-","-","-","-","-","-","-","-","-","-","-"
"913","J. Verity","J. Verity","K","","","","injury-status","BYE","-","321.0","-","-","-","-","-","-","-","-","-","-","-"
"914","B. Johnson","B. Johnson","K","","","","injury-status","BYE","-","658.1","-","-","-","-","-","-","-","-","-","-","-"
"915","D. Sylencieux","D. Sylencieux","WR","","","Ques","injury-status questionable","BYE","-","999.0","-","-","-","-","-","-","-","-","-","-","-"
"916","J. Johnson","J. Johnson","RB","","","Ques","injury-status questionable","BYE","-","565.4","-","-","-","-","-","-","-","-","-","-","-"
"917","C. Naggar","C. Naggar","K","","","","injury-status","BYE","-","999.0","-","-","-","-","-","-","-","-","-","-","-"
"918","S. Zylstra","S. Zylstra","TE","DET","8","","injury-status","Final W 21-20 @ KC","-","999.0","-","-","-","-","-","-","-","-","-","-","-"
"919","J. Blount","J. Blount","TE","","","","injury-status","BYE","-","999.0","-","-","-","-","-","-","-","-","-","-","-"
"920","N. Guggemos","N. Guggemos","TE","","","","injury-status","BYE","-","999.0","-","-","-","-","-","-","-","-","-","-","-"
"921","B. Seikovits","B. Seikovits","TE","ARI","8","","injury-status","Final L 16-20 @ WAS","-","999.0","-","-","-","-","-","-","-","-","-","-","-"
"922","T. Harbison","T. Harbison","RB","","","Ques","injury-status questionable","BYE","-","999.0","-","-","-","-","-","-","-","-","-","-","-"
"923","L. Rice","L. Rice","TE","","","","injury-status","BYE","-","999.0","-","-","-","-","-","-","-","-","-","-","-"
"924","B. Mack","B. Mack","WR","","","","injury-status","BYE","-","999.0","-","-","-","-","-","-","-","-","-","-","-"
"925","D. Dukes","D. Dukes","WR","","","","injury-status","BYE","-","999.0","-","-","-","-","-","-","-","-","-","-","-"
"926","S. Beyer","S. Beyer","TE","","","","injury-status","BYE","-","999.0","-","-","-","-","-","-","-","-","-","-","-"
"927","C. Clay","C. Clay","TE","","","","injury-status","BYE","-","999.0","-","-","-","-","-","-","-","-","-","-","-"
"928","J. Imatorbhebhe","J. Imatorbhebhe","WR","","","","injury-status","BYE","-","413.9","-","-","-","-","-","-","-","-","-","-","-"
"929","T. Black","T. Black","WR","BAL","7","","injury-status","Final W 25-9 vs HOU","-","584.4","-","-","-","-","-","-","-","-","-","-","-"
"930","S. Buechele","S. Buechele","QB","BUF","7","","injury-status","Final L 16-22 @ NYJ","-","999.0","-","-","-","-","-","-","-","-","-","-","-"
"931","D. Stoner","D. Stoner","WR","","","","injury-status","BYE","-","999.0","-","-","-","-","-","-","-","-","-","-","-"
"932","T. Ragas","T. Ragas","RB","","","Ques","injury-status questionable","BYE","-","999.0","-","-","-","-","-","-","-","-","-","-","-"
"933","G. Groshek","G. Groshek","RB","","","","injury-status","BYE","-","999.0","-","-","-","-","-","-","-","-","-","-","-"
"934","D. Turner","D. Turner","WR","LV","8","Ques","injury-status questionable","Final W 17-16 @ DEN","-","999.0","-","-","-","-","-","-","-","-","-","-","-"
"935","R. Lees","R. Lees","WR","","","","injury-status","BYE","-","999.0","-","-","-","-","-","-","-","-","-","-","-"
"936","P. Wells","P. Wells","TE","","","","injury-status","BYE","-","999.0","-","-","-","-","-","-","-","-","-","-","-"
"937","C. Hill","C. Hill","QB","","","","injury-status","BYE","-","999.0","-","-","-","-","-","-","-","-","-","-","-"
"938","J. Raine","J. Raine","TE","","","","injury-status","BYE","-","999.0","-","-","-","-","-","-","-","-","-","-","-"
"939","T. Walker","T. Walker","WR","","","","injury-status","BYE","-","999.0","-","-","-","-","-","-","-","-","-","-","-"
"940","T. Poljan","T. Poljan","TE","","","","injury-status","BYE","-","999.0","-","-","-","-","-","-","-","-","-","-","-"
"941","J. Borregales","J. Borregales","K","","","","injury-status","BYE","-","328.0","-","-","-","-","-","-","-","-","-","-","-"
"942","T. Simmons","T. Simmons","WR","","","","injury-status","BYE","-","999.0","-","-","-","-","-","-","-","-","-","-","-"
"943","C. Johnson","C. Johnson","WR","SEA","8","","injury-status","Final L 13-30 vs LAR","-","999.0","-","-","-","-","-","-","-","-","-","-","-"
"944","C. Wedington","C. Wedington","WR","","","","injury-status","BYE","-","999.0","-","-","-","-","-","-","-","-","-","-","-"
"945","B. Emmons","B. Emmons","RB","","","","injury-status","BYE","-","269.0","-","-","-","-","-","-","-","-","-","-","-"
"946","T. Grimes","T. Grimes","WR","","","Ques","injury-status questionable","BYE","-","999.0","-","-","-","-","-","-","-","-","-","-","-"
"947","M. Strachan","M. Strachan","WR","CAR","14","","injury-status","Final L 10-24 @ ATL","-","519.0","-","-","-","-","-","-","-","-","-","-","-"
"948","Z. Davidson","Z. Davidson","TE","BUF","7","","injury-status","Final L 16-22 @ NYJ","-","342.0","-","-","-","-","-","-","-","-","-","-","-"
"949","N. Ralston","N. Ralston","RB","","","","injury-status","BYE","-","428.0","-","-","-","-","-","-","-","-","-","-","-"
"950","H. Kampmoyer","H. Kampmoyer","TE","LAC","12","","injury-status","Final L 34-36 vs MIA","-","999.0","-","-","-","-","-","-","-","-","-","-","-"
"951","E. Stove","E. Stove","WR","","","","injury-status","BYE","-","404.7","-","-","-","-","-","-","-","-","-","-","-"
"952","A. Kessman","A. Kessman","K","CAR","14","","injury-status","Final L 10-24 @ ATL","-","999.0","-","-","-","-","-","-","-","-","-","-","-"
"953","C. Tucker","C. Tucker","TE","","","","injury-status","BYE","-","250.7","-","-","-","-","-","-","-","-","-","-","-"
"954","A. Rose","A. Rose","RB","","","","injury-status","BYE","-","999.0","-","-","-","-","-","-","-","-","-","-","-"
"955","L. Akers","L. Akers","WR","","","","injury-status","BYE","-","421.6","-","-","-","-","-","-","-","-","-","-","-"
"956","D. Soehner","D. Soehner","TE","","","Ques","injury-status questionable","BYE","-","999.0","-","-","-","-","-","-","-","-","-","-","-"
"957","S. Scott","S. Scott","RB","","","","injury-status","BYE","-","529.5","-","-","-","-","-","-","-","-","-","-","-"
"958","B. Moore","B. Moore","TE","","","","injury-status","BYE","-","999.0","-","-","-","-","-","-","-","-","-","-","-"
"959","R. Bussey","R. Bussey","WR","","","","injury-status","BYE","-","999.0","-","-","-","-","-","-","-","-","-","-","-"
"960","I. McKoy","I. McKoy","WR","","","","injury-status","BYE","-","545.0","-","-","-","-","-","-","-","-","-","-","-"
"961","R. Rivers","R. Rivers","QB","","","","injury-status","BYE","-","476.2","-","-","-","-","-","-","-","-","-","-","-"
"962","D. Mills","D. Mills","RB","","","","injury-status","BYE","-","999.0","-","-","-","-","-","-","-","-","-","-","-"
"963","J. McKinley","J. McKinley","WR","","","","injury-status","BYE","-","999.0","-","-","-","-","-","-","-","-","-","-","-"
"964","B. Gaither","B. Gaither","WR","","","","injury-status","BYE","-","999.0","-","-","-","-","-","-","-","-","-","-","-"
"965","D. Lewis","D. Lewis","RB","","","","injury-status","BYE","-","999.0","-","-","-","-","-","-","-","-","-","-","-"
"966","J. Haydel","J. Haydel","WR","","","","injury-status","BYE","-","999.0","-","-","-","-","-","-","-","-","-","-","-"
"967","M. Stokke","M. Stokke","RB","CAR","14","","injury-status","Final L 10-24 @ ATL","-","999.0","-","-","-","-","-","-","-","-","-","-","-"
"968","S. Brown","S. Brown","RB","CAR","14","","injury-status","Final L 10-24 @ ATL","-","999.0","-","-","-","-","-","-","-","-","-","-","-"
"969","B. Smith","B. Smith","WR","","","","injury-status","BYE","-","278.5","-","-","-","-","-","-","-","-","-","-","-"
"970","A. Lynn","A. Lynn","TE","","","","injury-status","BYE","-","999.0","-","-","-","-","-","-","-","-","-","-","-"
"971","J. Hardy","J. Hardy","RB","","","","injury-status","BYE","-","999.0","-","-","-","-","-","-","-","-","-","-","-"
"972","T. Vasher","T. Vasher","WR","","","","injury-status","BYE","-","454.8","-","-","-","-","-","-","-","-","-","-","-"
"973","O. Mitchell","O. Mitchell","WR","","","Ques","injury-status questionable","BYE","-","345.0","-","-","-","-","-","-","-","-","-","-","-"
"974","N. Eubanks","N. Eubanks","TE","","","","injury-status","BYE","-","999.0","-","-","-","-","-","-","-","-","-","-","-"
"975","B. Knox","B. Knox","RB","","","","injury-status","BYE","-","999.0","-","-","-","-","-","-","-","-","-","-","-"
"976","B. Haubeil","B. Haubeil","K","","","","injury-status","BYE","-","318.0","-","-","-","-","-","-","-","-","-","-","-"
"977","M. Forristall","M. Forristall","TE","LAR","8","Ques","injury-status questionable","Final W 30-13 @ SEA","-","261.0","-","-","-","-","-","-","-","-","-","-","-"
"978","T. Carter","T. Carter","RB","","","","injury-status","BYE","-","999.0","-","-","-","-","-","-","-","-","-","-","-"
"979","S. Harrington","S. Harrington","TE","","","","injury-status","BYE","-","310.5","-","-","-","-","-","-","-","-","-","-","-"
"980","A. Williams","A. Williams","RB","ATL","5","","injury-status","Final W 24-10 vs CAR","-","999.0","-","-","-","-","-","-","-","-","-","-","-"
"981","B. Mason","B. Mason","TE","BAL","7","Ques","injury-status questionable","Final W 25-9 vs HOU","-","999.0","-","-","-","-","-","-","-","-","-","-","-"
"982","R. McMath","R. McMath","WR","DAL","10","","injury-status","Final W 40-0 @ NYG","-","999.0","-","-","-","-","-","-","-","-","-","-","-"
"983","J. Camp","J. Camp","WR","CAR","14","","injury-status","Final L 10-24 @ ATL","-","999.0","-","-","-","-","-","-","-","-","-","-","-"
"984","K. Baker","K. Baker","WR","","","","injury-status","BYE","-","999.0","-","-","-","-","-","-","-","-","-","-","-"
"985","S. Hauschka","S. Hauschka","K","","","","injury-status","BYE","-","307.3","-","-","-","-","-","-","-","-","-","-","-"
"986","A. Trammell","A. Trammell","WR","LAR","8","","injury-status","Final W 30-13 @ SEA","-","999.0","-","-","-","-","-","-","-","-","-","-","-"
"987","A. Nunn","A. Nunn","WR","","","","injury-status","BYE","-","999.0","-","-","-","-","-","-","-","-","-","-","-"
"988","C. Angeline","C. Angeline","TE","","","","injury-status","BYE","-","341.0","-","-","-","-","-","-","-","-","-","-","-"
"989","B. Labelle","B. Labelle","TE","","","Ques","injury-status questionable","BYE","-","999.0","-","-","-","-","-","-","-","-","-","-","-"
"990","J. Pederson","J. Pederson","TE","JAX","8","Ques","injury-status questionable","Final W 31-21 @ IND","-","380.0","-","-","-","-","-","-","-","-","-","-","-"
"991","D. Fitzpatrick","D. Fitzpatrick","WR","PIT","5","Ques","injury-status questionable","Final L 7-30 vs SF","-","575.3","-","-","-","-","-","-","-","-","-","-","-"
"992","J. Darden","J. Darden","WR","CLE","9","","injury-status","Final W 24-3 vs CIN","-","999.0","-","-","-","-","-","-","-","-","-","-","-"
"993","J. Harris","J. Harris","WR","JAX","8","","injury-status","Final W 31-21 @ IND","-","251.0","-","-","-","-","-","-","-","-","-","-","-"
"994","C. Williams","C. Williams","TE","","","","injury-status","BYE","-","999.0","-","-","-","-","-","-","-","-","-","-","-"
"995","D. Roberson","D. Roberson","WR","","","","injury-status","BYE","-","999.0","-","-","-","-","-","-","-","-","-","-","-"
"996","S. Reyes","S. Reyes","TE","","","","injury-status","BYE","-","999.0","-","-","-","-","-","-","-","-","-","-","-"
"997","M. Sexton","M. Sexton","WR","","","","injury-status","BYE","-","608.5","-","-","-","-","-","-","-","-","-","-","-"
"998","M. Simon","M. Simon","WR","CAR","14","","injury-status","Final L 10-24 @ ATL","-","999.0","-","-","-","-","-","-","-","-","-","-","-"
"999","K. Locksley","K. Locksley","WR","","","","injury-status","BYE","-","999.0","-","-","-","-","-","-","-","-","-","-","-"
"1000","D. Clark","D. Clark","RB","","","Ques","injury-status questionable","BYE","-","999.0","-","-","-","-","-","-","-","-","-","-","-"
"1001","J. Adams","J. Adams","WR","","","","injury-status","BYE","-","999.0","-","-","-","-","-","-","-","-","-","-","-"
"1002","I. Book","I. Book","QB","","","","injury-status","BYE","-","999.0","-","-","-","-","-","-","-","-","-","-","-"
"1003","D. Newsome","D. Newsome","WR","","","","injury-status","BYE","-","999.0","-","-","-","-","-","-","-","-","-","-","-"
"1004","B. Eagles","B. Eagles","WR","","","","injury-status","BYE","-","592.0","-","-","-","-","-","-","-","-","-","-","-"
"1005","J. Ausbon","J. Ausbon","WR","","","","injury-status","BYE","-","422.2","-","-","-","-","-","-","-","-","-","-","-"
"1006","K. McClain","K. McClain","WR","","","","injury-status","BYE","-","999.0","-","-","-","-","-","-","-","-","-","-","-"
"1007","A. Watkins","A. Watkins","WR","CLE","9","","injury-status","Final W 24-3 vs CIN","-","999.0","-","-","-","-","-","-","-","-","-","-","-"
"1008","M. Mitchell","M. Mitchell","WR","","","","injury-status","BYE","-","999.0","-","-","-","-","-","-","-","-","-","-","-"
"1009","S. Surratt","S. Surratt","TE","","","Ques","injury-status questionable","BYE","-","999.0","-","-","-","-","-","-","-","-","-","-","-"
"1010","D. Hazelton","D. Hazelton","WR","","","","injury-status","BYE","-","999.0","-","-","-","-","-","-","-","-","-","-","-"
"1011","K. Hill","K. Hill","RB","","","","injury-status","BYE","-","999.0","-","-","-","-","-","-","-","-","-","-","-"
"1012","J. Hawkins","J. Hawkins","RB","","","","injury-status","BYE","-","999.0","-","-","-","-","-","-","-","-","-","-","-"
"1013","P. Williams","P. Williams","RB","","","","injury-status","BYE","-","999.0","-","-","-","-","-","-","-","-","-","-","-"
"1014","W. Philyor","W. Philyor","WR","","","","injury-status","BYE","-","999.0","-","-","-","-","-","-","-","-","-","-","-"
"1015","M. Stevenson","M. Stevenson","WR","","","","injury-status","BYE","-","999.0","-","-","-","-","-","-","-","-","-","-","-"
"1016","J. Newman","J. Newman","QB","","","","injury-status","BYE","-","999.0","-","-","-","-","-","-","-","-","-","-","-"
"1017","B. Proehl","B. Proehl","WR","","","","injury-status","BYE","-","999.0","-","-","-","-","-","-","-","-","-","-","-"
"1018","W. Jackson","W. Jackson","WR","","","Ques","injury-status questionable","BYE","-","683.5","-","-","-","-","-","-","-","-","-","-","-"
"1019","C. Marable","C. Marable","RB","","","","injury-status","BYE","-","999.0","-","-","-","-","-","-","-","-","-","-","-"
"1020","T. Vaughns","T. Vaughns","WR","","","","injury-status","BYE","-","999.0","-","-","-","-","-","-","-","-","-","-","-"
"1021","T. Nixon","T. Nixon","WR","NE","14","","injury-status","Final L 20-25 vs PHI","-","999.0","-","-","-","-","-","-","-","-","-","-","-"
"1022","M. Williams","M. Williams","WR","","","","injury-status","BYE","-","436.2","-","-","-","-","-","-","-","-","-","-","-"
"1023","C. Powell","C. Powell","WR","KC","10","","injury-status","Final L 20-21 vs DET","-","999.0","-","-","-","-","-","-","-","-","-","-","-"
"1024","G. Doaks","G. Doaks","RB","","","","injury-status","BYE","-","447.3","-","-","-","-","-","-","-","-","-","-","-"
"1025","S. Williams","S. Williams","WR","JAX","8","Ques","injury-status questionable","Final W 31-21 @ IND","-","999.0","-","-","-","-","-","-","-","-","-","-","-"
"1026","R. Boyd","R. Boyd","RB","","","","injury-status","BYE","-","346.0","-","-","-","-","-","-","-","-","-","-","-"
"1027","F. Franks","F. Franks","TE","ATL","5","","injury-status","Final W 24-10 vs CAR","-","999.0","-","-","-","-","-","-","-","-","-","-","-"
"1028","F. Darby","F. Darby","WR","ATL","5","","injury-status","Final W 24-10 vs CAR","-","440.0","-","-","-","-","-","-","-","-","-","-","-"
"1029","H. Thedford","H. Thedford","TE","","","","injury-status","BYE","-","999.0","-","-","-","-","-","-","-","-","-","-","-"
"1030","C. Blair","C. Blair","WR","ATL","5","","injury-status","Final W 24-10 vs CAR","-","999.0","-","-","-","-","-","-","-","-","-","-","-"
"1031","T. Russolino","T. Russolino","K","","","","injury-status","BYE","-","339.0","-","-","-","-","-","-","-","-","-","-","-"
"1032","S. Castillo","S. Castillo","K","","","","injury-status","BYE","-","340.0","-","-","-","-","-","-","-","-","-","-","-"
"1033","C. Davis","C. Davis","TE","","","","injury-status","BYE","-","999.0","-","-","-","-","-","-","-","-","-","-","-"
"1034","D. Dafney","D. Dafney","TE","","","","injury-status","BYE","-","999.0","-","-","-","-","-","-","-","-","-","-","-"
"1035","P. Quessenberry","P. Quessenberry","TE","","","","injury-status","BYE","-","999.0","-","-","-","-","-","-","-","-","-","-","-"
"1036","F. Green","F. Green","TE","","","","injury-status","BYE","-","999.0","-","-","-","-","-","-","-","-","-","-","-"
"1037","C. Harrell","C. Harrell","TE","","","","injury-status","BYE","-","465.0","-","-","-","-","-","-","-","-","-","-","-"
"1038","N. Maxwell","N. Maxwell","RB","","","","injury-status","BYE","-","473.0","-","-","-","-","-","-","-","-","-","-","-"
"1039","N. Cottrell","N. Cottrell","RB","","","Ques","injury-status questionable","BYE","-","999.0","-","-","-","-","-","-","-","-","-","-","-"
"1040","N. Tiano","N. Tiano","QB","","","","injury-status","BYE","-","999.0","-","-","-","-","-","-","-","-","-","-","-"
"1041","C. Slomka","C. Slomka","RB","","","","injury-status","BYE","-","294.5","-","-","-","-","-","-","-","-","-","-","-"
"1042","S. Guidry","S. Guidry","WR","","","","injury-status","BYE","-","999.0","-","-","-","-","-","-","-","-","-","-","-"
"1043","J. Burt","J. Burt","TE","","","","injury-status","BYE","-","999.0","-","-","-","-","-","-","-","-","-","-","-"
"1044","I. Zuber","I. Zuber","WR","","","Ques","injury-status questionable","BYE","-","999.0","-","-","-","-","-","-","-","-","-","-","-"
"1045","M. Dereus","M. Dereus","WR","","","","injury-status","BYE","-","999.0","-","-","-","-","-","-","-","-","-","-","-"
"1046","J. Hurst","J. Hurst","WR","","","Ques","injury-status questionable","BYE","-","999.0","-","-","-","-","-","-","-","-","-","-","-"
"1047","T. Jonsen","T. Jonsen","WR","","","","injury-status","BYE","-","999.0","-","-","-","-","-","-","-","-","-","-","-"
"1048","J. Pearson","J. Pearson","WR","","","","injury-status","BYE","-","999.0","-","-","-","-","-","-","-","-","-","-","-"
"1049","M. Lynch","M. Lynch","RB","","","","injury-status","BYE","-","999.0","-","-","-","-","-","-","-","-","-","-","-"
"1050","T. McCann","T. McCann","K","","","","injury-status","BYE","-","999.0","-","-","-","-","-","-","-","-","-","-","-"
"1051","T. Hudson","T. Hudson","TE","NO","11","Ques","injury-status questionable","Final W 16-15 vs TEN","-","999.0","-","-","-","-","-","-","-","-","-","-","-"
"1052","K. Williams","K. Williams","WR","","","","injury-status","BYE","-","313.0","-","-","-","-","-","-","-","-","-","-","-"
"1053","M. Kinsey","M. Kinsey","WR","TEN","10","","injury-status","Final L 15-16 @ NO","-","999.0","-","-","-","-","-","-","-","-","-","-","-"
"1054","C. Scarlett","C. Scarlett","RB","","","","injury-status","BYE","-","999.0","-","-","-","-","-","-","-","-","-","-","-"
"1055","T. Mabry","T. Mabry","TE","SEA","8","Ques","injury-status questionable","Final L 13-30 vs LAR","-","999.0","-","-","-","-","-","-","-","-","-","-","-"
"1056","S. Dawkins","S. Dawkins","WR","","","","injury-status","BYE","-","999.0","-","-","-","-","-","-","-","-","-","-","-"
"1057","P. Carr","P. Carr","RB","","","Ques","injury-status questionable","BYE","-","999.0","-","-","-","-","-","-","-","-","-","-","-"
"1058","A. Jones","A. Jones","RB","","","","injury-status","BYE","-","999.0","-","-","-","-","-","-","-","-","-","-","-"
"1059","J. Hokit","J. Hokit","RB","","","","injury-status","BYE","-","999.0","-","-","-","-","-","-","-","-","-","-","-"
"1060","B. Rutter","B. Rutter","QB","","","","injury-status","BYE","-","999.0","-","-","-","-","-","-","-","-","-","-","-"
"1061","J. Johnson","J. Johnson","WR","","","","injury-status","BYE","-","999.0","-","-","-","-","-","-","-","-","-","-","-"
"1062","S. Platzgummer","S. Platzgummer","RB","","","","injury-status","BYE","-","999.0","-","-","-","-","-","-","-","-","-","-","-"
"1063","I. Wright","I. Wright","WR","","","","injury-status","BYE","-","272.0","-","-","-","-","-","-","-","-","-","-","-"
"1064","N. Togiai","N. Togiai","TE","PHI","9","","injury-status","Final W 25-20 @ NE","-","468.0","-","-","-","-","-","-","-","-","-","-","-"
"1065","K. Tate","K. Tate","WR","","","","injury-status","BYE","-","271.0","-","-","-","-","-","-","-","-","-","-","-"
"1066","M. Bailey","M. Bailey","WR","","","","injury-status","BYE","-","999.0","-","-","-","-","-","-","-","-","-","-","-"
"1067","P. Houston","P. Houston","TE","","","","injury-status","BYE","-","338.0","-","-","-","-","-","-","-","-","-","-","-"
"1068","D. Phelps","D. Phelps","WR","","","","injury-status","BYE","-","394.7","-","-","-","-","-","-","-","-","-","-","-"
"1069","R. Medaris","R. Medaris","WR","","","","injury-status","BYE","-","426.0","-","-","-","-","-","-","-","-","-","-","-"
"1070","J. Braswell","J. Braswell","WR","","","","injury-status","BYE","-","524.6","-","-","-","-","-","-","-","-","-","-","-"
"1071","G. Campbell","G. Campbell","WR","","","","injury-status","BYE","-","999.0","-","-","-","-","-","-","-","-","-","-","-"
"1072","R. John","R. John","TE","","","","injury-status","BYE","-","999.0","-","-","-","-","-","-","-","-","-","-","-"
"1073","K. Markway","K. Markway","TE","","","","injury-status","BYE","-","308.0","-","-","-","-","-","-","-","-","-","-","-"
"1074","C. Cookus","C. Cookus","QB","","","","injury-status","BYE","-","359.2","-","-","-","-","-","-","-","-","-","-","-"
"1075","J. Ward","J. Ward","WR","","","","injury-status","BYE","-","999.0","-","-","-","-","-","-","-","-","-","-","-"
"1076","S. Riley","S. Riley","WR","","","","injury-status","BYE","-","370.0","-","-","-","-","-","-","-","-","-","-","-"
"1077","W. Hastings","W. Hastings","WR","","","","injury-status","BYE","-","999.0","-","-","-","-","-","-","-","-","-","-","-"
"1078","N. Griffin-Stewart","N. Griffin-Stewart","TE","","","","injury-status","BYE","-","999.0","-","-","-","-","-","-","-","-","-","-","-"
"1079","J. Bargas","J. Bargas","RB","","","","injury-status","BYE","-","999.0","-","-","-","-","-","-","-","-","-","-","-"
"1080","D. Chisena","D. Chisena","WR","ARI","8","Ques","injury-status questionable","Final L 16-20 @ WAS","-","637.0","-","-","-","-","-","-","-","-","-","-","-"
"1081","M. Cole","M. Cole","WR","","","","injury-status","BYE","-","999.0","-","-","-","-","-","-","-","-","-","-","-"
"1082","K. Merritt","K. Merritt","WR","","","","injury-status","BYE","-","999.0","-","-","-","-","-","-","-","-","-","-","-"
"1083","B. Polk","B. Polk","WR","","","","injury-status","BYE","-","999.0","-","-","-","-","-","-","-","-","-","-","-"
"1084","J. Koski","J. Koski","WR","","","","injury-status","BYE","-","999.0","-","-","-","-","-","-","-","-","-","-","-"
"1085","E. Winston","E. Winston","WR","SEA","8","","injury-status","Final L 13-30 vs LAR","-","999.0","-","-","-","-","-","-","-","-","-","-","-"
"1086","J. Gilbert","J. Gilbert","RB","","","","injury-status","BYE","-","999.0","-","-","-","-","-","-","-","-","-","-","-"
"1087","B. Perkins","B. Perkins","QB","","","","injury-status","BYE","-","285.0","-","-","-","-","-","-","-","-","-","-","-"
"1088","E. Edwards","E. Edwards","WR","","","","injury-status","BYE","-","999.0","-","-","-","-","-","-","-","-","-","-","-"
"1089","D. Schoen","D. Schoen","WR","","","","injury-status","BYE","-","999.0","-","-","-","-","-","-","-","-","-","-","-"
"1090","J. Cotton","J. Cotton","WR","","","Ques","injury-status questionable","BYE","-","999.0","-","-","-","-","-","-","-","-","-","-","-"
"1091","G. Nabers","G. Nabers","RB","","","","injury-status","BYE","-","999.0","-","-","-","-","-","-","-","-","-","-","-"
"1092","J. Rice","J. Rice","TE","","","","injury-status","BYE","-","611.3","-","-","-","-","-","-","-","-","-","-","-"
"1093","D. Bradwell","D. Bradwell","RB","","","","injury-status","BYE","-","999.0","-","-","-","-","-","-","-","-","-","-","-"
"1094","B. Holly","B. Holly","RB","","","","injury-status","BYE","-","999.0","-","-","-","-","-","-","-","-","-","-","-"
"1095","D. Eberle","D. Eberle","K","","","","injury-status","BYE","-","427.0","-","-","-","-","-","-","-","-","-","-","-"
"1096","S. Mariner","S. Mariner","WR","","","","injury-status","BYE","-","999.0","-","-","-","-","-","-","-","-","-","-","-"
"1097","N. Bowers","N. Bowers","TE","MIA","12","","injury-status","Final W 36-34 @ LAC","-","546.0","-","-","-","-","-","-","-","-","-","-","-"
"1098","J. Shelton-Mosley","J. Shelton-Mosley","WR","","","","injury-status","BYE","-","999.0","-","-","-","-","-","-","-","-","-","-","-"
"1099","B. Wright","B. Wright","P, K","","","","injury-status","BYE","-","999.0","-","-","-","-","-","-","-","-","-","-","-"
"1100","B. Ellefson","B. Ellefson","TE","","","","injury-status","BYE","-","434.3","-","-","-","-","-","-","-","-","-","-","-"
"1101","J. Hammond","J. Hammond","WR","","","","injury-status","BYE","-","999.0","-","-","-","-","-","-","-","-","-","-","-"
"1102","M. Ross","M. Ross","WR","","","","injury-status","BYE","-","999.0","-","-","-","-","-","-","-","-","-","-","-"
"1103","D. Harris","D. Harris","WR","","","","injury-status","BYE","-","999.0","-","-","-","-","-","-","-","-","-","-","-"
"1104","T. Simmons","T. Simmons","WR","","","","injury-status","BYE","-","999.0","-","-","-","-","-","-","-","-","-","-","-"
"1105","D. Stapleton","D. Stapleton","TE","","","","injury-status","BYE","-","999.0","-","-","-","-","-","-","-","-","-","-","-"
"1106","J. Jones","J. Jones","RB","","","","injury-status","BYE","-","999.0","-","-","-","-","-","-","-","-","-","-","-"
"1107","J. Morton","J. Morton","QB","IND","11","","injury-status","Final L 21-31 vs JAX","-","999.0","-","-","-","-","-","-","-","-","-","-","-"
"1108","L. Sellers","L. Sellers","RB","","","","injury-status","BYE","-","999.0","-","-","-","-","-","-","-","-","-","-","-"
"1109","N. Wieting","N. Wieting","TE","","","","injury-status","BYE","-","999.0","-","-","-","-","-","-","-","-","-","-","-"
"1110","J. Bradley","J. Bradley","WR","","","","injury-status","BYE","-","999.0","-","-","-","-","-","-","-","-","-","-","-"
"1111","K. Davidson","K. Davidson","QB","","","","injury-status","BYE","-","999.0","-","-","-","-","-","-","-","-","-","-","-"
"1112","S. Washington","S. Washington","WR","BAL","7","","injury-status","Final W 25-9 vs HOU","-","999.0","-","-","-","-","-","-","-","-","-","-","-"
"1113","D. Whaley","D. Whaley","RB","","","","injury-status","BYE","-","999.0","-","-","-","-","-","-","-","-","-","-","-"
"1114","A. Hifo","A. Hifo","WR","","","","injury-status","BYE","-","613.2","-","-","-","-","-","-","-","-","-","-","-"
"1115","M. Ffrench","M. Ffrench","WR","","","","injury-status","BYE","-","999.0","-","-","-","-","-","-","-","-","-","-","-"
"1116","A. Baccellia","A. Baccellia","WR","ARI","8","","injury-status","Final L 16-20 @ WAS","-","999.0","-","-","-","-","-","-","-","-","-","-","-"
"1117","A. Wagner","A. Wagner","WR","","","","injury-status","BYE","-","518.0","-","-","-","-","-","-","-","-","-","-","-"
"1118","A. Pierce","A. Pierce","RB","","","","injury-status","BYE","-","999.0","-","-","-","-","-","-","-","-","-","-","-"
"1119","C. Sutton","C. Sutton","TE","","","","injury-status","BYE","-","289.5","-","-","-","-","-","-","-","-","-","-","-"
"1120","T. Hights","T. Hights","WR","","","","injury-status","BYE","-","999.0","-","-","-","-","-","-","-","-","-","-","-"
"1121","S. Nigh","S. Nigh","RB","","","","injury-status","BYE","-","999.0","-","-","-","-","-","-","-","-","-","-","-"
"1122","Z. Manning","Z. Manning","WR","","","","injury-status","BYE","-","999.0","-","-","-","-","-","-","-","-","-","-","-"
"1123","A. Williams","A. Williams","RB","","","","injury-status","BYE","-","306.0","-","-","-","-","-","-","-","-","-","-","-"
"1124","N. Vogel","N. Vogel","K","","","","injury-status","BYE","-","431.0","-","-","-","-","-","-","-","-","-","-","-"
"1125","J. Moore","J. Moore","WR","JAX","8","Ques","injury-status questionable","Final W 31-21 @ IND","-","999.0","-","-","-","-","-","-","-","-","-","-","-"
"1126","B. Rechsteiner","B. Rechsteiner","RB","","","","injury-status","BYE","-","999.0","-","-","-","-","-","-","-","-","-","-","-"
"1127","C. Repp","C. Repp","TE","","","","injury-status","BYE","-","999.0","-","-","-","-","-","-","-","-","-","-","-"
"1128","C. Rowland","C. Rowland","WR","","","","injury-status","BYE","-","999.0","-","-","-","-","-","-","-","-","-","-","-"
"1129","J. Green","J. Green","WR","","","","injury-status","BYE","-","999.0","-","-","-","-","-","-","-","-","-","-","-"
"1130","J. McCleskey","J. McCleskey","WR","","","","injury-status","BYE","-","999.0","-","-","-","-","-","-","-","-","-","-","-"
"1131","M. Daniel","M. Daniel","RB","","","","injury-status","BYE","-","999.0","-","-","-","-","-","-","-","-","-","-","-"
"1132","R. Becker","R. Becker","TE","","","","injury-status","BYE","-","999.0","-","-","-","-","-","-","-","-","-","-","-"
"1133","S. Leatherbury","S. Leatherbury","WR","","","","injury-status","BYE","-","999.0","-","-","-","-","-","-","-","-","-","-","-"
"1134","R. Sinnett","R. Sinnett","QB","","","","injury-status","BYE","-","999.0","-","-","-","-","-","-","-","-","-","-","-"
"1135","R. Neal","R. Neal","QB","","","","injury-status","BYE","-","999.0","-","-","-","-","-","-","-","-","-","-","-"
"1136","J. Love","J. Love","QB","","","","injury-status","BYE","-","375.3","-","-","-","-","-","-","-","-","-","-","-"
"1137","J. Smith","J. Smith","QB","","","","injury-status","BYE","-","999.0","-","-","-","-","-","-","-","-","-","-","-"
"1138","T. Stevens","T. Stevens","QB","NYG","14","","injury-status","Final L 0-40 vs DAL","-","999.0","-","-","-","-","-","-","-","-","-","-","-"
"1139","B. DiNucci","B. DiNucci","QB","DEN","12","","injury-status","Final L 16-17 vs LV","-","661.6","-","-","-","-","-","-","-","-","-","-","-"
"1140","F. Swain","F. Swain","WR","MIA","12","Ques","injury-status questionable","Final W 36-34 @ LAC","-","999.0","-","-","-","-","-","-","-","-","-","-","-"
"1141","T. Davis","T. Davis","TE","GB","5","","injury-status","Final W 38-20 @ CHI","-","999.0","-","-","-","-","-","-","-","-","-","-","-"
"1142","J. Rohrwasser","J. Rohrwasser","K","","","","injury-status","BYE","-","334.3","-","-","-","-","-","-","-","-","-","-","-"
"1143","M. Perry","M. Perry","WR","","","","injury-status","BYE","-","999.0","-","-","-","-","-","-","-","-","-","-","-"
"1144","J. Huntley","J. Huntley","RB","","","","injury-status","BYE","-","999.0","-","-","-","-","-","-","-","-","-","-","-"
"1145","R. Ahmed","R. Ahmed","K","","","","injury-status","BYE","-","999.0","-","-","-","-","-","-","-","-","-","-","-"
"1146","T. Feaster","T. Feaster","RB","ARI","8","","injury-status","Final L 16-20 @ WAS","-","999.0","-","-","-","-","-","-","-","-","-","-","-"
"1147","R. Smith","R. Smith","RB","","","","injury-status","BYE","-","999.0","-","-","-","-","-","-","-","-","-","-","-"
"1148","D. Dillon","D. Dillon","WR","","","","injury-status","BYE","-","999.0","-","-","-","-","-","-","-","-","-","-","-"
"1149","T. Williams","T. Williams","RB","","","","injury-status","BYE","-","999.0","-","-","-","-","-","-","-","-","-","-","-"
"1150","A. MacGinnis","A. MacGinnis","K","","","","injury-status","BYE","-","999.0","-","-","-","-","-","-","-","-","-","-","-"
"1151","L. Hajrullahu","L. Hajrullahu","K","","","","injury-status","BYE","-","599.5","-","-","-","-","-","-","-","-","-","-","-"
"1152","A. Killins","A. Killins","RB","DEN","12","","injury-status","Final L 16-17 vs LV","-","999.0","-","-","-","-","-","-","-","-","-","-","-"
"1153","C. Finke","C. Finke","WR","","","","injury-status","BYE","-","999.0","-","-","-","-","-","-","-","-","-","-","-"
"1154","A. Parker","A. Parker","WR","","","","injury-status","BYE","-","999.0","-","-","-","-","-","-","-","-","-","-","-"
"1155","X. Jones","X. Jones","RB","","","Ques","injury-status questionable","BYE","-","999.0","-","-","-","-","-","-","-","-","-","-","-"
"1156","J. Ward","J. Ward","RB","TEN","10","","injury-status","Final L 15-16 @ NO","-","999.0","-","-","-","-","-","-","-","-","-","-","-"
"1157","J. Hightower","J. Hightower","WR","","","","injury-status","BYE","-","999.0","-","-","-","-","-","-","-","-","-","-","-"
"1158","I. Coulter","I. Coulter","WR","","","","injury-status","BYE","-","999.0","-","-","-","-","-","-","-","-","-","-","-"
"1159","J. Luton","J. Luton","QB","","","","injury-status","BYE","-","314.5","-","-","-","-","-","-","-","-","-","-","-"
"1160","D. Keene","D. Keene","TE","HOU","6","Ques","injury-status questionable","Final L 9-25 @ BAL","-","335.0","-","-","-","-","-","-","-","-","-","-","-"
"1161","J. Morgan","J. Morgan","QB","","","","injury-status","BYE","-","446.3","-","-","-","-","-","-","-","-","-","-","-"
"1162","O. Bayless","O. Bayless","WR","","","","injury-status","BYE","-","500.3","-","-","-","-","-","-","-","-","-","-","-"
"1163","P. Guerriero","P. Guerriero","RB","","","","injury-status","BYE","-","999.0","-","-","-","-","-","-","-","-","-","-","-"
"1164","T. Brown","T. Brown","WR","","","","injury-status","BYE","-","507.8","-","-","-","-","-","-","-","-","-","-","-"
"1165","J. Thomas","J. Thomas","WR","","","","injury-status","BYE","-","999.0","-","-","-","-","-","-","-","-","-","-","-"
"1166","C. Woerner","C. Woerner","TE","SF","14","","injury-status","Final W 30-7 @ PIT","-","999.0","-","-","-","-","-","-","-","-","-","-","-"
"1167","J. Molson","J. Molson","K","","","","injury-status","BYE","-","400.9","-","-","-","-","-","-","-","-","-","-","-"
"1168","E. Wolf","E. Wolf","TE","","","","injury-status","BYE","-","999.0","-","-","-","-","-","-","-","-","-","-","-"
"1169","S. Patterson","S. Patterson","QB","","","","injury-status","BYE","-","999.0","-","-","-","-","-","-","-","-","-","-","-"
"1170","D. Stewart","D. Stewart","WR","","","","injury-status","BYE","-","999.0","-","-","-","-","-","-","-","-","-","-","-"
"1171","S. Olonilua","S. Olonilua","RB","","","Ques","injury-status questionable","BYE","-","999.0","-","-","-","-","-","-","-","-","-","-","-"
"1172","B. LeMay","B. LeMay","RB","CLE","9","","injury-status","Final W 24-3 vs CIN","-","514.2","-","-","-","-","-","-","-","-","-","-","-"
"1173","C. White","C. White","WR","SEA","8","","injury-status","Final L 13-30 vs LAR","-","614.9","-","-","-","-","-","-","-","-","-","-","-"
"1174","D. Anderson","D. Anderson","RB","","","","injury-status","BYE","-","455.3","-","-","-","-","-","-","-","-","-","-","-"
"1175","K. Rogers","K. Rogers","WR","","","","injury-status","BYE","-","511.5","-","-","-","-","-","-","-","-","-","-","-"
"1176","T. Cleveland","T. Cleveland","WR","IND","11","","injury-status","Final L 21-31 vs JAX","-","999.0","-","-","-","-","-","-","-","-","-","-","-"
"1177","J. Breeland","J. Breeland","TE","","","","injury-status","BYE","-","999.0","-","-","-","-","-","-","-","-","-","-","-"
"1178","S. Montez","S. Montez","QB","","","","injury-status","BYE","-","999.0","-","-","-","-","-","-","-","-","-","-","-"
"1179","B. Lewerke","B. Lewerke","QB","","","","injury-status","BYE","-","263.5","-","-","-","-","-","-","-","-","-","-","-"
"1180","S. Phillips","S. Phillips","RB","","","","injury-status","BYE","-","999.0","-","-","-","-","-","-","-","-","-","-","-"
"1181","B. Herrien","B. Herrien","RB","","","","injury-status","BYE","-","999.0","-","-","-","-","-","-","-","-","-","-","-"
"1182","D. Wood-Anderson","D. Wood-Anderson","TE","","","","injury-status","BYE","-","383.0","-","-","-","-","-","-","-","-","-","-","-"
"1183","M. Warren","M. Warren","RB","DET","8","","injury-status","Final W 21-20 @ KC","-","488.7","-","-","-","-","-","-","-","-","-","-","-"
"1184","R. Calais","R. Calais","RB","","","","injury-status","BYE","-","999.0","-","-","-","-","-","-","-","-","-","-","-"
"1185","D. Patmon","D. Patmon","WR","","","","injury-status","BYE","-","999.0","-","-","-","-","-","-","-","-","-","-","-"
"1186","C. O'Grady","C. O'Grady","TE","","","","injury-status","BYE","-","999.0","-","-","-","-","-","-","-","-","-","-","-"
"1187","A. Fuller","A. Fuller","WR","","","","injury-status","BYE","-","999.0","-","-","-","-","-","-","-","-","-","-","-"
"1188","J. Leake","J. Leake","RB","","","","injury-status","BYE","-","999.0","-","-","-","-","-","-","-","-","-","-","-"
"1189","S. McKeon","S. McKeon","TE","DAL","10","","injury-status","Final W 40-0 @ NYG","-","459.0","-","-","-","-","-","-","-","-","-","-","-"
"1190","T. Johnson","T. Johnson","WR","LAR","8","","injury-status","Final W 30-13 @ SEA","-","999.0","-","-","-","-","-","-","-","-","-","-","-"
"1191","L. Bellamy","L. Bellamy","RB","","","","injury-status","BYE","-","999.0","-","-","-","-","-","-","-","-","-","-","-"
"1192","D. Asiasi","D. Asiasi","TE","TEN","10","","injury-status","Final L 15-16 @ NO","-","999.0","-","-","-","-","-","-","-","-","-","-","-"
"1193","C. McDonald","C. McDonald","QB","","","","injury-status","BYE","-","999.0","-","-","-","-","-","-","-","-","-","-","-"
"1194","T. Ginn","T. Ginn","WR","","","","injury-status","BYE","-","999.0","-","-","-","-","-","-","-","-","-","-","-"
"1195","B. Victor","B. Victor","WR","","","","injury-status","BYE","-","999.0","-","-","-","-","-","-","-","-","-","-","-"
"1196","C. Taumoepeau","C. Taumoepeau","TE","","","","injury-status","BYE","-","999.0","-","-","-","-","-","-","-","-","-","-","-"
"1197","T. Moss","T. Moss","TE","","","","injury-status","BYE","-","999.0","-","-","-","-","-","-","-","-","-","-","-"
"1198","J. Reed","J. Reed","WR","","","Ques","injury-status questionable","BYE","-","999.0","-","-","-","-","-","-","-","-","-","-","-"
"1199","A. Gandy-Golden","A. Gandy-Golden","TE","","","","injury-status","BYE","-","999.0","-","-","-","-","-","-","-","-","-","-","-"
"1200","A. Gordon","A. Gordon","QB","","","","injury-status","BYE","-","999.0","-","-","-","-","-","-","-","-","-","-","-"
"1201","Q. Cephus","Q. Cephus","WR","","","","injury-status","BYE","-","999.0","-","-","-","-","-","-","-","-","-","-","-"
"1202","N. Stanley","N. Stanley","QB","","","","injury-status","BYE","-","999.0","-","-","-","-","-","-","-","-","-","-","-"
"1203","Q. Davis","Q. Davis","WR","","","Ques","injury-status questionable","BYE","-","999.0","-","-","-","-","-","-","-","-","-","-","-"
"1204","A. Mack","A. Mack","WR","","","","injury-status","BYE","-","999.0","-","-","-","-","-","-","-","-","-","-","-"
"1205","K. Hill","K. Hill","WR","LAC","12","","injury-status","Final L 34-36 vs MIA","-","999.0","-","-","-","-","-","-","-","-","-","-","-"
"1206","C. Johnson","C. Johnson","WR","CHI","5","","injury-status","Final L 20-38 vs GB","-","542.8","-","-","-","-","-","-","-","-","-","-","-"
"1207","H. Bryant","H. Bryant","TE","","","Ques","injury-status questionable","BYE","-","999.0","-","-","-","-","-","-","-","-","-","-","-"
"1208","J. Pinkney","J. Pinkney","TE","","","Ques","injury-status questionable","BYE","-","999.0","-","-","-","-","-","-","-","-","-","-","-"
"1209","K. Lipscomb","K. Lipscomb","WR","","","","injury-status","BYE","-","999.0","-","-","-","-","-","-","-","-","-","-","-"
"1210","J. Eason","J. Eason","QB","NYG","14","","injury-status","Final L 0-40 vs DAL","-","999.0","-","-","-","-","-","-","-","-","-","-","-"
"1211","J. Fromm","J. Fromm","QB","WAS","12","","injury-status","Final W 20-16 vs ARI","-","406.3","-","-","-","-","-","-","-","-","-","-","-"
"1212","J. Dobbins","J. Dobbins","RB","BAL","7","","injury-status","Final W 25-9 vs HOU","-","51.3","-","-","-","-","-","-","-","-","-","-","-"
"1213","H. Ruggs","H. Ruggs","WR","","","","injury-status","BYE","-","999.0","-","-","-","-","-","-","-","-","-","-","-"
"1214","C. Streveler","C. Streveler","QB","","","","injury-status","BYE","-","287.5","-","-","-","-","-","-","-","-","-","-","-"
"1215","R. Begelton","R. Begelton","WR","","","","injury-status","BYE","-","288.0","-","-","-","-","-","-","-","-","-","-","-"
"1216","D. Clark","D. Clark","TE","","","","injury-status","BYE","-","373.0","-","-","-","-","-","-","-","-","-","-","-"
"1217","L. McCoy","L. McCoy","RB","","","","injury-status","BYE","-","999.0","-","-","-","-","-","-","-","-","-","-","-"
"1218","T. Salter","T. Salter","WR","","","NA","injury-status na","BYE","-","451.0","-","-","-","-","-","-","-","-","-","-","-"
"1219","D. Gore","D. Gore","RB","WAS","12","","injury-status","Final W 20-16 vs ARI","-","999.0","-","-","-","-","-","-","-","-","-","-","-"
"1220","M. Young","M. Young","RB","","","","injury-status","BYE","-","999.0","-","-","-","-","-","-","-","-","-","-","-"
"1221","M. Crum","M. Crum","TE","","","","injury-status","BYE","-","999.0","-","-","-","-","-","-","-","-","-","-","-"
"1222","J. Ta'amu","J. Ta'amu","QB","","","","injury-status","BYE","-","999.0","-","-","-","-","-","-","-","-","-","-","-"
"1223","J. Harris","J. Harris","TE","","","","injury-status","BYE","-","999.0","-","-","-","-","-","-","-","-","-","-","-"
"1224","J. Walker","J. Walker","WR","","","","injury-status","BYE","-","999.0","-","-","-","-","-","-","-","-","-","-","-"
"1225","V. Testaverde","V. Testaverde","QB","","","","injury-status","BYE","-","575.2","-","-","-","-","-","-","-","-","-","-","-"
"1226","J. Way","J. Way","WR","","","","injury-status","BYE","-","999.0","-","-","-","-","-","-","-","-","-","-","-"
"1227","M. Simms","M. Simms","WR","","","Ques","injury-status questionable","BYE","-","999.0","-","-","-","-","-","-","-","-","-","-","-"
"1228","J. Caldwell","J. Caldwell","RB","","","","injury-status","BYE","-","999.0","-","-","-","-","-","-","-","-","-","-","-"
"1229","T. McGowan","T. McGowan","RB","","","","injury-status","BYE","-","999.0","-","-","-","-","-","-","-","-","-","-","-"
"1230","F. Trevillion","F. Trevillion","WR","","","","injury-status","BYE","-","999.0","-","-","-","-","-","-","-","-","-","-","-"
"1231","M. Sutton","M. Sutton","RB","","","","injury-status","BYE","-","999.0","-","-","-","-","-","-","-","-","-","-","-"
"1232","F. Allen","F. Allen","WR","","","","injury-status","BYE","-","999.0","-","-","-","-","-","-","-","-","-","-","-"
"1233","J. Horn","J. Horn","WR","","","","injury-status","BYE","-","999.0","-","-","-","-","-","-","-","-","-","-","-"
"1234","J. Horn","J. Horn","WR","","","","injury-status","BYE","-","999.0","-","-","-","-","-","-","-","-","-","-","-"
"1235","J. Greene","J. Greene","WR","","","","injury-status","BYE","-","999.0","-","-","-","-","-","-","-","-","-","-","-"
"1236","A. Ouellette","A. Ouellette","RB","","","","injury-status","BYE","-","999.0","-","-","-","-","-","-","-","-","-","-","-"
"1237","M. Wright","M. Wright","WR","","","","injury-status","BYE","-","999.0","-","-","-","-","-","-","-","-","-","-","-"
"1238","J. Parker","J. Parker","WR","","","","injury-status","BYE","-","999.0","-","-","-","-","-","-","-","-","-","-","-"
"1239","N. Evans","N. Evans","RB","","","","injury-status","BYE","-","999.0","-","-","-","-","-","-","-","-","-","-","-"
"1240","B. Watson","B. Watson","TE","","","","injury-status","BYE","-","415.0","-","-","-","-","-","-","-","-","-","-","-"
"1241","B. Burt","B. Burt","WR","","","","injury-status","BYE","-","999.0","-","-","-","-","-","-","-","-","-","-","-"
"1242","V. Bryant","V. Bryant","WR","","","","injury-status","BYE","-","999.0","-","-","-","-","-","-","-","-","-","-","-"
"1243","I. Zico","I. Zico","WR","","","","injury-status","BYE","-","999.0","-","-","-","-","-","-","-","-","-","-","-"
"1244","C. Hatfield","C. Hatfield","K","","","","injury-status","BYE","-","999.0","-","-","-","-","-","-","-","-","-","-","-"
"1245","J. Baron","J. Baron","K","","","","injury-status","BYE","-","312.3","-","-","-","-","-","-","-","-","-","-","-"
"1246","I. Searight","I. Searight","TE","","","","injury-status","BYE","-","999.0","-","-","-","-","-","-","-","-","-","-","-"
"1247","A. Lindsey","A. Lindsey","WR","","","","injury-status","BYE","-","999.0","-","-","-","-","-","-","-","-","-","-","-"
"1248","N. Fitzgerald","N. Fitzgerald","QB","","","","injury-status","BYE","-","999.0","-","-","-","-","-","-","-","-","-","-","-"
"1249","C. Simpson","C. Simpson","WR","","","","injury-status","BYE","-","999.0","-","-","-","-","-","-","-","-","-","-","-"
"1250","J. McClendon","J. McClendon","QB","","","","injury-status","BYE","-","319.0","-","-","-","-","-","-","-","-","-","-","-"
"1251","D. Hodges","D. Hodges","QB","","","","injury-status","BYE","-","999.0","-","-","-","-","-","-","-","-","-","-","-"
"1252","S. Schnell","S. Schnell","WR","","","","injury-status","BYE","-","999.0","-","-","-","-","-","-","-","-","-","-","-"
"1253","D. Strickland","D. Strickland","RB","","","","injury-status","BYE","-","999.0","-","-","-","-","-","-","-","-","-","-","-"
"1254","C. Jones","C. Jones","TE","","","","injury-status","BYE","-","999.0","-","-","-","-","-","-","-","-","-","-","-"
"1255","M. Colubiale","M. Colubiale","TE","","","","injury-status","BYE","-","999.0","-","-","-","-","-","-","-","-","-","-","-"
"1256","T. Kennedy","T. Kennedy","WR","DET","8","","injury-status","Final W 21-20 @ KC","-","316.5","-","-","-","-","-","-","-","-","-","-","-"
"1257","M. Stephens","M. Stephens","TE","","","","injury-status","BYE","-","999.0","-","-","-","-","-","-","-","-","-","-","-"
"1258","T. Brooks-James","T. Brooks-James","RB","","","","injury-status","BYE","-","999.0","-","-","-","-","-","-","-","-","-","-","-"
"1259","M. Nugent","M. Nugent","K","","","","injury-status","BYE","-","700.3","-","-","-","-","-","-","-","-","-","-","-"
"1260","J. Smith","J. Smith","WR","ARI","8","Ques","injury-status questionable","Final L 16-20 @ WAS","-","999.0","-","-","-","-","-","-","-","-","-","-","-"
"1261","S. Poindexter","S. Poindexter","WR","","","","injury-status","BYE","-","999.0","-","-","-","-","-","-","-","-","-","-","-"
"1262","A. Walter","A. Walter","RB","LV","8","Ques","injury-status questionable","Final W 17-16 @ DEN","-","999.0","-","-","-","-","-","-","-","-","-","-","-"
"1263","M. Henry","M. Henry","WR","","","","injury-status","BYE","-","999.0","-","-","-","-","-","-","-","-","-","-","-"
"1264","D. Willis","D. Willis","WR","","","","injury-status","BYE","-","999.0","-","-","-","-","-","-","-","-","-","-","-"
"1265","M. Marshall","M. Marshall","RB","","","","injury-status","BYE","-","999.0","-","-","-","-","-","-","-","-","-","-","-"
"1266","D. Thompkins","D. Thompkins","WR","GB","5","Ques","injury-status questionable","Final W 38-20 @ CHI","-","441.0","-","-","-","-","-","-","-","-","-","-","-"
"1267","D. Jackson","D. Jackson","RB","","","","injury-status","BYE","-","329.6","-","-","-","-","-","-","-","-","-","-","-"
"1268","N. Becker","N. Becker","TE","","","Ques","injury-status questionable","BYE","-","999.0","-","-","-","-","-","-","-","-","-","-","-"
"1269","C. Myarick","C. Myarick","TE","","","","injury-status","BYE","-","999.0","-","-","-","-","-","-","-","-","-","-","-"
"1270","J. Jordan","J. Jordan","WR","","","","injury-status","BYE","-","999.0","-","-","-","-","-","-","-","-","-","-","-"
"1271","T. Linta","T. Linta","QB","","","","injury-status","BYE","-","999.0","-","-","-","-","-","-","-","-","-","-","-"
"1272","D. Shepherd","D. Shepherd","WR","","","Ques","injury-status questionable","BYE","-","999.0","-","-","-","-","-","-","-","-","-","-","-"
"1273","T. Gray","T. Gray","RB","","","","injury-status","BYE","-","527.1","-","-","-","-","-","-","-","-","-","-","-"
"1274","C. Conrad","C. Conrad","TE","","","","injury-status","BYE","-","999.0","-","-","-","-","-","-","-","-","-","-","-"
"1275","C. Hedlund","C. Hedlund","K","","","","injury-status","BYE","-","999.0","-","-","-","-","-","-","-","-","-","-","-"
"1276","J. Johnson","J. Johnson","TE","","","","injury-status","BYE","-","999.0","-","-","-","-","-","-","-","-","-","-","-"
"1277","T. Wright","T. Wright","WR","","","","injury-status","BYE","-","999.0","-","-","-","-","-","-","-","-","-","-","-"
"1278","A. Choice","A. Choice","RB","","","","injury-status","BYE","-","999.0","-","-","-","-","-","-","-","-","-","-","-"
"1279","M. Deane","M. Deane","TE","","","","injury-status","BYE","-","999.0","-","-","-","-","-","-","-","-","-","-","-"
"1280","T. Christion","T. Christion","QB","","","","injury-status","BYE","-","999.0","-","-","-","-","-","-","-","-","-","-","-"
"1281","C. Scarff","C. Scarff","TE","","","","injury-status","BYE","-","999.0","-","-","-","-","-","-","-","-","-","-","-"
"1282","D. Koppenhaver","D. Koppenhaver","TE","","","","injury-status","BYE","-","999.0","-","-","-","-","-","-","-","-","-","-","-"
"1283","M. Eaton","M. Eaton","WR","","","","injury-status","BYE","-","361.7","-","-","-","-","-","-","-","-","-","-","-"
"1284","T. Ives","T. Ives","WR","CHI","5","Ques","injury-status questionable","Final L 20-38 vs GB","-","999.0","-","-","-","-","-","-","-","-","-","-","-"
"1285","E. Richardson","E. Richardson","TE","","","","injury-status","BYE","-","274.3","-","-","-","-","-","-","-","-","-","-","-"
"1286","C. Herdman","C. Herdman","TE","","","","injury-status","BYE","-","999.0","-","-","-","-","-","-","-","-","-","-","-"
"1287","S. Modster","S. Modster","WR","","","","injury-status","BYE","-","999.0","-","-","-","-","-","-","-","-","-","-","-"
"1288","S. Carlson","S. Carlson","TE","CHI","5","","injury-status","Final L 20-38 vs GB","-","999.0","-","-","-","-","-","-","-","-","-","-","-"
"1289","D. Blough","D. Blough","QB","DET","8","","injury-status","Final W 21-20 @ KC","-","350.8","-","-","-","-","-","-","-","-","-","-","-"
"1290","D. Baker","D. Baker","WR","","","","injury-status","BYE","-","999.0","-","-","-","-","-","-","-","-","-","-","-"
"1291","D. Hall","D. Hall","RB","","","","injury-status","BYE","-","999.0","-","-","-","-","-","-","-","-","-","-","-"
"1292","J. Hilliman","J. Hilliman","RB","","","","injury-status","BYE","-","610.5","-","-","-","-","-","-","-","-","-","-","-"
"1293","E. Dungey","E. Dungey","QB","","","","injury-status","BYE","-","494.5","-","-","-","-","-","-","-","-","-","-","-"
"1294","H. Hentges","H. Hentges","TE","","","","injury-status","BYE","-","999.0","-","-","-","-","-","-","-","-","-","-","-"
"1295","K. McKnight","K. McKnight","WR","","","","injury-status","BYE","-","999.0","-","-","-","-","-","-","-","-","-","-","-"
"1296","G. Aston","G. Aston","RB","","","","injury-status","BYE","-","999.0","-","-","-","-","-","-","-","-","-","-","-"
"1297","A. Dulin","A. Dulin","WR","IND","11","Ques","injury-status questionable","Final L 21-31 vs JAX","-","363.0","-","-","-","-","-","-","-","-","-","-","-"
"1298","J. Johnson","J. Johnson","WR","","","","injury-status","BYE","-","999.0","-","-","-","-","-","-","-","-","-","-","-"
"1299","G. Tate","G. Tate","WR","","","","injury-status","BYE","-","999.0","-","-","-","-","-","-","-","-","-","-","-"
"1300","T. Rahming","T. Rahming","WR","","","","injury-status","BYE","-","999.0","-","-","-","-","-","-","-","-","-","-","-"
"1301","K. Dillon","K. Dillon","TE","","","","injury-status","BYE","-","999.0","-","-","-","-","-","-","-","-","-","-","-"
"1302","A. Fort","A. Fort","TE","","","","injury-status","BYE","-","999.0","-","-","-","-","-","-","-","-","-","-","-"
"1303","T. Benson","T. Benson","WR","","","","injury-status","BYE","-","999.0","-","-","-","-","-","-","-","-","-","-","-"
"1304","R. Guerrier","R. Guerrier","WR","","","","injury-status","BYE","-","999.0","-","-","-","-","-","-","-","-","-","-","-"
"1305","J. Lloyd","J. Lloyd","WR","","","","injury-status","BYE","-","999.0","-","-","-","-","-","-","-","-","-","-","-"
"1306","K. Brown","K. Brown","TE","","","","injury-status","BYE","-","999.0","-","-","-","-","-","-","-","-","-","-","-"
"1307","R. Brooker","R. Brooker","TE","","","","injury-status","BYE","-","999.0","-","-","-","-","-","-","-","-","-","-","-"
"1308","N. Webster","N. Webster","WR","CHI","5","","injury-status","Final L 20-38 vs GB","-","999.0","-","-","-","-","-","-","-","-","-","-","-"
"1309","A. Bachman","A. Bachman","WR","HOU","6","","injury-status","Final L 9-25 @ BAL","-","999.0","-","-","-","-","-","-","-","-","-","-","-"
"1310","M. Colburn","M. Colburn","RB","","","","injury-status","BYE","-","999.0","-","-","-","-","-","-","-","-","-","-","-"
"1311","J. Sumpter","J. Sumpter","WR","","","","injury-status","BYE","-","999.0","-","-","-","-","-","-","-","-","-","-","-"
"1312","A. Hollins","A. Hollins","WR","","","","injury-status","BYE","-","999.0","-","-","-","-","-","-","-","-","-","-","-"
"1313","D. Davis","D. Davis","WR","WAS","12","","injury-status","Final W 20-16 vs ARI","-","450.0","-","-","-","-","-","-","-","-","-","-","-"
"1314","J. Washington","J. Washington","TE","","","","injury-status","BYE","-","999.0","-","-","-","-","-","-","-","-","-","-","-"
"1315","D. Belcher","D. Belcher","TE","","","","injury-status","BYE","-","371.0","-","-","-","-","-","-","-","-","-","-","-"
"1316","A. Richardson","A. Richardson","WR","","","","injury-status","BYE","-","999.0","-","-","-","-","-","-","-","-","-","-","-"
"1317","X. Turner","X. Turner","RB","","","","injury-status","BYE","-","999.0","-","-","-","-","-","-","-","-","-","-","-"
"1318","D. Anderson","D. Anderson","QB","","","","injury-status","BYE","-","246.0","-","-","-","-","-","-","-","-","-","-","-"
"1319","D. Jeanpiere","D. Jeanpiere","WR","","","","injury-status","BYE","-","999.0","-","-","-","-","-","-","-","-","-","-","-"
"1320","C. Meier","C. Meier","TE","","","","injury-status","BYE","-","999.0","-","-","-","-","-","-","-","-","-","-","-"
"1321","P. White","P. White","WR","","","","injury-status","BYE","-","999.0","-","-","-","-","-","-","-","-","-","-","-"
"1322","M. Walker","M. Walker","WR","","","Ques","injury-status questionable","BYE","-","999.0","-","-","-","-","-","-","-","-","-","-","-"
"1323","D. Snelson","D. Snelson","WR","","","","injury-status","BYE","-","999.0","-","-","-","-","-","-","-","-","-","-","-"
"1324","R. Leonard","R. Leonard","WR","","","","injury-status","BYE","-","999.0","-","-","-","-","-","-","-","-","-","-","-"
"1325","C. Worton","C. Worton","WR","","","","injury-status","BYE","-","999.0","-","-","-","-","-","-","-","-","-","-","-"
"1326","K. Lewis","K. Lewis","WR","","","","injury-status","BYE","-","999.0","-","-","-","-","-","-","-","-","-","-","-"
"1327","S. Bane","S. Bane","WR","","","","injury-status","BYE","-","999.0","-","-","-","-","-","-","-","-","-","-","-"
"1328","M. Wilkins","M. Wilkins","QB","","","","injury-status","BYE","-","999.0","-","-","-","-","-","-","-","-","-","-","-"
"1329","S. Louis","S. Louis","WR","","","","injury-status","BYE","-","999.0","-","-","-","-","-","-","-","-","-","-","-"
"1330","D. Crockett","D. Crockett","RB","","","","injury-status","BYE","-","999.0","-","-","-","-","-","-","-","-","-","-","-"
"1331","X. Ubosi","X. Ubosi","WR","","","","injury-status","BYE","-","999.0","-","-","-","-","-","-","-","-","-","-","-"
"1332","J. Duhart","J. Duhart","WR","","","","injury-status","BYE","-","485.8","-","-","-","-","-","-","-","-","-","-","-"
"1333","J. Ellis","J. Ellis","RB","","","","injury-status","BYE","-","999.0","-","-","-","-","-","-","-","-","-","-","-"
"1334","J. Dolegala","J. Dolegala","QB","","","","injury-status","BYE","-","999.0","-","-","-","-","-","-","-","-","-","-","-"
"1335","P. Laird","P. Laird","RB","TB","9","","injury-status","Final W 20-17 @ MIN","-","999.0","-","-","-","-","-","-","-","-","-","-","-"
"1336","I. Bunting","I. Bunting","TE","","","Ques","injury-status questionable","BYE","-","999.0","-","-","-","-","-","-","-","-","-","-","-"
"1337","C. Cox","C. Cox","RB","","","","injury-status","BYE","-","999.0","-","-","-","-","-","-","-","-","-","-","-"
"1338","C. Gillaspia","C. Gillaspia","RB","","","Ques","injury-status questionable","BYE","-","999.0","-","-","-","-","-","-","-","-","-","-","-"
"1339","M. Green","M. Green","WR","","","","injury-status","BYE","-","653.3","-","-","-","-","-","-","-","-","-","-","-"
"1340","B. Dillon","B. Dillon","TE","","","Ques","injury-status questionable","BYE","-","999.0","-","-","-","-","-","-","-","-","-","-","-"
"1341","A. Roberts","A. Roberts","WR","","","","injury-status","BYE","-","999.0","-","-","-","-","-","-","-","-","-","-","-"
"1342","K. Shurmur","K. Shurmur","QB","","","","injury-status","BYE","-","999.0","-","-","-","-","-","-","-","-","-","-","-"
"1343","T. Wood","T. Wood","TE","","","","injury-status","BYE","-","999.0","-","-","-","-","-","-","-","-","-","-","-"
"1344","R. White","R. White","WR","","","","injury-status","BYE","-","999.0","-","-","-","-","-","-","-","-","-","-","-"
"1345","J. Powell","J. Powell","TE","","","","injury-status","BYE","-","999.0","-","-","-","-","-","-","-","-","-","-","-"
"1346","D. Holland","D. Holland","RB","","","","injury-status","BYE","-","425.0","-","-","-","-","-","-","-","-","-","-","-"
"1347","T. Thompson","T. Thompson","WR","","","","injury-status","BYE","-","999.0","-","-","-","-","-","-","-","-","-","-","-"
"1348","J. Moore","J. Moore","WR","","","","injury-status","BYE","-","999.0","-","-","-","-","-","-","-","-","-","-","-"
"1349","J. Cox","J. Cox","RB","","","","injury-status","BYE","-","999.0","-","-","-","-","-","-","-","-","-","-","-"
"1350","T. Mayfield","T. Mayfield","TE","","","","injury-status","BYE","-","999.0","-","-","-","-","-","-","-","-","-","-","-"
"1351","W. Speight","W. Speight","QB","","","","injury-status","BYE","-","999.0","-","-","-","-","-","-","-","-","-","-","-"
"1352","T. McMillian","T. McMillian","RB","","","","injury-status","BYE","-","999.0","-","-","-","-","-","-","-","-","-","-","-"
"1353","M. Sokol","M. Sokol","TE","NE","14","","injury-status","Final L 20-25 vs PHI","-","512.3","-","-","-","-","-","-","-","-","-","-","-"
"1354","J. Lovett","J. Lovett","RB","","","Ques","injury-status questionable","BYE","-","999.0","-","-","-","-","-","-","-","-","-","-","-"
"1355","N. Easley","N. Easley","WR","","","","injury-status","BYE","-","999.0","-","-","-","-","-","-","-","-","-","-","-"
"1356","J. Winfree","J. Winfree","WR","IND","11","Ques","injury-status questionable","Final L 21-31 vs JAX","-","999.0","-","-","-","-","-","-","-","-","-","-","-"
"1357","I. Hyman","I. Hyman","WR","","","Ques","injury-status questionable","BYE","-","999.0","-","-","-","-","-","-","-","-","-","-","-"
"1358","B. Silvers","B. Silvers","QB","","","","injury-status","BYE","-","999.0","-","-","-","-","-","-","-","-","-","-","-"
"1359","V. Holmes","V. Holmes","RB","","","","injury-status","BYE","-","344.0","-","-","-","-","-","-","-","-","-","-","-"
"1360","J. Johnson","J. Johnson","RB","LV","8","","injury-status","Final W 17-16 @ DEN","-","631.0","-","-","-","-","-","-","-","-","-","-","-"
"1361","C. Wade","C. Wade","RB","","","","injury-status","BYE","-","999.0","-","-","-","-","-","-","-","-","-","-","-"
"1362","D. Sheehy-Guiseppi","D. Sheehy-Guiseppi","WR","","","","injury-status","BYE","-","999.0","-","-","-","-","-","-","-","-","-","-","-"
"1363","C. Murphy","C. Murphy","K","","","","injury-status","BYE","-","999.0","-","-","-","-","-","-","-","-","-","-","-"
"1364","C. Blewitt","C. Blewitt","K","","","","injury-status","BYE","-","999.0","-","-","-","-","-","-","-","-","-","-","-"
"1365","S. Smith","S. Smith","RB","","","","injury-status","BYE","-","999.0","-","-","-","-","-","-","-","-","-","-","-"
"1366","A. Ware","A. Ware","RB","","","","injury-status","BYE","-","999.0","-","-","-","-","-","-","-","-","-","-","-"
"1367","T. Wesco","T. Wesco","TE","TEN","10","","injury-status","Final L 15-16 @ NO","-","999.0","-","-","-","-","-","-","-","-","-","-","-"
"1368","D. Thompson","D. Thompson","RB","","","","injury-status","BYE","-","999.0","-","-","-","-","-","-","-","-","-","-","-"
"1369","K. Whyte","K. Whyte","RB","GB","5","","injury-status","Final W 38-20 @ CHI","-","999.0","-","-","-","-","-","-","-","-","-","-","-"
"1370","C. Thompson","C. Thompson","WR","SEA","8","","injury-status","Final L 13-30 vs LAR","-","999.0","-","-","-","-","-","-","-","-","-","-","-"
"1371","J. Williams","J. Williams","RB","","","","injury-status","BYE","-","424.5","-","-","-","-","-","-","-","-","-","-","-"
"1372","J. Ursua","J. Ursua","WR","","","","injury-status","BYE","-","999.0","-","-","-","-","-","-","-","-","-","-","-"
"1373","J. Scarlett","J. Scarlett","RB","MIA","12","","injury-status","Final W 36-34 @ LAC","-","999.0","-","-","-","-","-","-","-","-","-","-","-"
"1374","K. Warring","K. Warring","TE","","","","injury-status","BYE","-","999.0","-","-","-","-","-","-","-","-","-","-","-"
"1375","A. Wesley","A. Wesley","WR","","","","injury-status","BYE","-","999.0","-","-","-","-","-","-","-","-","-","-","-"
"1376","L. Scott","L. Scott","RB","","","","injury-status","BYE","-","505.5","-","-","-","-","-","-","-","-","-","-","-"
"1377","M. Weber","M. Weber","RB","","","","injury-status","BYE","-","517.8","-","-","-","-","-","-","-","-","-","-","-"
"1378","B. Snell","B. Snell","RB","","","","injury-status","BYE","-","597.9","-","-","-","-","-","-","-","-","-","-","-"
"1379","J. Smith","J. Smith","WR","","","","injury-status","BYE","-","999.0","-","-","-","-","-","-","-","-","-","-","-"
"1380","D. Sills","D. Sills","WR","DEN","12","","injury-status","Final L 16-17 vs LV","-","685.9","-","-","-","-","-","-","-","-","-","-","-"
"1381","D. Williams","D. Williams","RB","","","","injury-status","BYE","-","999.0","-","-","-","-","-","-","-","-","-","-","-"
"1382","P. Williams","P. Williams","WR","","","","injury-status","BYE","-","999.0","-","-","-","-","-","-","-","-","-","-","-"
"1383","C. Thorson","C. Thorson","QB","NYG","14","","injury-status","Final L 0-40 vs DAL","-","999.0","-","-","-","-","-","-","-","-","-","-","-"
"1384","K. Smith","K. Smith","TE","","","","injury-status","BYE","-","999.0","-","-","-","-","-","-","-","-","-","-","-"
"1385","C. Wilson","C. Wilson","TE","","","","injury-status","BYE","-","999.0","-","-","-","-","-","-","-","-","-","-","-"
"1386","J. Sternberger","J. Sternberger","TE","","","","injury-status","BYE","-","999.0","-","-","-","-","-","-","-","-","-","-","-"
"1387","T. Sweeney","T. Sweeney","TE","","","Out","injury-status out","BYE","-","999.0","-","-","-","-","-","-","-","-","-","-","-"
"1388","W. Hills","W. Hills","RB","","","","injury-status","BYE","-","999.0","-","-","-","-","-","-","-","-","-","-","-"
"1389","J. Patrick","J. Patrick","RB","NYJ","9","","injury-status","Final W 22-16 vs BUF","-","999.0","-","-","-","-","-","-","-","-","-","-","-"
"1390","E. Butler","E. Butler","WR","","","","injury-status","BYE","-","999.0","-","-","-","-","-","-","-","-","-","-","-"
"1391","J. Custis","J. Custis","WR","","","","injury-status","BYE","-","999.0","-","-","-","-","-","-","-","-","-","-","-"
"1392","D. Helm","D. Helm","TE","","","","injury-status","BYE","-","999.0","-","-","-","-","-","-","-","-","-","-","-"
"1393","B. Johnson","B. Johnson","WR","","","Ques","injury-status questionable","BYE","-","999.0","-","-","-","-","-","-","-","-","-","-","-"
"1394","K. Blanton","K. Blanton","TE","","","","injury-status","BYE","-","640.3","-","-","-","-","-","-","-","-","-","-","-"
"1395","J. Horsted","J. Horsted","TE","LV","8","","injury-status","Final W 17-16 @ DEN","-","999.0","-","-","-","-","-","-","-","-","-","-","-"
"1396","B. Anderson","B. Anderson","RB","","","","injury-status","BYE","-","999.0","-","-","-","-","-","-","-","-","-","-","-"
"1397","S. Morgan","S. Morgan","WR","CIN","10","","injury-status","Final L 3-24 @ CLE","-","562.7","-","-","-","-","-","-","-","-","-","-","-"
"1398","T. Billy-Johnson","T. Billy-Johnson","WR","","","","injury-status","BYE","-","999.0","-","-","-","-","-","-","-","-","-","-","-"
"1399","J. Webb","J. Webb","QB","","","","injury-status","BYE","-","634.8","-","-","-","-","-","-","-","-","-","-","-"
"1400","T. Fulgham","T. Fulgham","WR","","","","injury-status","BYE","-","999.0","-","-","-","-","-","-","-","-","-","-","-"
"1401","T. Brady","T. Brady","WR","","","","injury-status","BYE","-","999.0","-","-","-","-","-","-","-","-","-","-","-"
"1402","D. Mitchell","D. Mitchell","WR","","","","injury-status","BYE","-","999.0","-","-","-","-","-","-","-","-","-","-","-"
"1403","G. Jennings","G. Jennings","WR","","","","injury-status","BYE","-","999.0","-","-","-","-","-","-","-","-","-","-","-"
"1404","T. Jackson","T. Jackson","TE","NYG","14","IR","injury-status ir","Final L 0-40 vs DAL","-","999.0","-","-","-","-","-","-","-","-","-","-","-"
"1405","R. Davis","R. Davis","WR","","","","injury-status","BYE","-","999.0","-","-","-","-","-","-","-","-","-","-","-"
"1406","K. Doss","K. Doss","WR","LAC","12","Ques","injury-status questionable","Final L 34-36 vs MIA","-","999.0","-","-","-","-","-","-","-","-","-","-","-"
"1407","A. Barnes","A. Barnes","RB","","","","injury-status","BYE","-","999.0","-","-","-","-","-","-","-","-","-","-","-"
"1408","N. Brossette","N. Brossette","RB","","","","injury-status","BYE","-","323.3","-","-","-","-","-","-","-","-","-","-","-"
"1409","J. Dixon","J. Dixon","WR","","","","injury-status","BYE","-","999.0","-","-","-","-","-","-","-","-","-","-","-"
"1410","D. Lodge","D. Lodge","WR","","","","injury-status","BYE","-","999.0","-","-","-","-","-","-","-","-","-","-","-"
"1411","D. Raymond","D. Raymond","TE","PIT","5","","injury-status","Final L 7-30 vs SF","-","999.0","-","-","-","-","-","-","-","-","-","-","-"
"1412","R. Armstead","R. Armstead","RB","","","","injury-status","BYE","-","999.0","-","-","-","-","-","-","-","-","-","-","-"
"1413","Q. Ollison","Q. Ollison","RB","","","","injury-status","BYE","-","999.0","-","-","-","-","-","-","-","-","-","-","-"
"1414","J. Ferguson","J. Ferguson","WR","","","","injury-status","BYE","-","999.0","-","-","-","-","-","-","-","-","-","-","-"
"1415","A. Ratliff-Williams","A. Ratliff-Williams","WR","","","","injury-status","BYE","-","347.0","-","-","-","-","-","-","-","-","-","-","-"
"1416","T. Godwin","T. Godwin","WR","","","","injury-status","BYE","-","999.0","-","-","-","-","-","-","-","-","-","-","-"
"1417","K. Higdon","K. Higdon","RB","","","","injury-status","BYE","-","999.0","-","-","-","-","-","-","-","-","-","-","-"
"1418","A. Mack","A. Mack","TE","","","Ques","injury-status questionable","BYE","-","999.0","-","-","-","-","-","-","-","-","-","-","-"
"1419","T. McSorley","T. McSorley","QB","PIT","5","","injury-status","Final L 7-30 vs SF","-","336.5","-","-","-","-","-","-","-","-","-","-","-"
"1420","K. Johnson","K. Johnson","WR","","","","injury-status","BYE","-","999.0","-","-","-","-","-","-","-","-","-","-","-"
"1421","J. Moore","J. Moore","RB","","","","injury-status","BYE","-","999.0","-","-","-","-","-","-","-","-","-","-","-"
"1422","I. Nauta","I. Nauta","TE","GB","5","Ques","injury-status questionable","Final W 38-20 @ CHI","-","999.0","-","-","-","-","-","-","-","-","-","-","-"
"1423","N. Murray","N. Murray","WR","","","","injury-status","BYE","-","999.0","-","-","-","-","-","-","-","-","-","-","-"
"1424","F. Davis","F. Davis","WR","","","","injury-status","BYE","-","999.0","-","-","-","-","-","-","-","-","-","-","-"
"1425","A. Johnson","A. Johnson","WR","","","","injury-status","BYE","-","999.0","-","-","-","-","-","-","-","-","-","-","-"
"1426","E. Hall","E. Hall","WR","","","Ques","injury-status questionable","BYE","-","999.0","-","-","-","-","-","-","-","-","-","-","-"
"1427","E. Holyfield","E. Holyfield","RB","","","","injury-status","BYE","-","999.0","-","-","-","-","-","-","-","-","-","-","-"
"1428","R. Anderson","R. Anderson","RB","","","","injury-status","BYE","-","999.0","-","-","-","-","-","-","-","-","-","-","-"
"1429","A. Isabella","A. Isabella","WR","BUF","7","Ques","injury-status questionable","Final L 16-22 @ NYJ","-","999.0","-","-","-","-","-","-","-","-","-","-","-"
"1430","J. Hurd","J. Hurd","WR","","","","injury-status","BYE","-","999.0","-","-","-","-","-","-","-","-","-","-","-"
"1431","W. Grier","W. Grier","QB","LAC","12","","injury-status","Final L 34-36 vs MIA","-","591.6","-","-","-","-","-","-","-","-","-","-","-"
"1432","P. Hart","P. Hart","WR","","","Ques","injury-status questionable","BYE","-","999.0","-","-","-","-","-","-","-","-","-","-","-"
"1433","B. Love","B. Love","RB","","","Ques","injury-status questionable","BYE","-","376.5","-","-","-","-","-","-","-","-","-","-","-"
"1434","H. Butler","H. Butler","TE","","","","injury-status","BYE","-","999.0","-","-","-","-","-","-","-","-","-","-","-"
"1435","R. Finley","R. Finley","QB","","","","injury-status","BYE","-","999.0","-","-","-","-","-","-","-","-","-","-","-"
"1436","K. Harmon","K. Harmon","WR","","","","injury-status","BYE","-","999.0","-","-","-","-","-","-","-","-","-","-","-"
"1437","R. Ridley","R. Ridley","WR","","","","injury-status","BYE","-","999.0","-","-","-","-","-","-","-","-","-","-","-"
"1438","L. Paulsen","L. Paulsen","TE","","","","injury-status","BYE","-","999.0","-","-","-","-","-","-","-","-","-","-","-"
"1439","J. Arcega-Whiteside","J. Arcega-Whiteside","TE","","","","injury-status","BYE","-","467.0","-","-","-","-","-","-","-","-","-","-","-"
"1440","P. Andersen","P. Andersen","K","","","","injury-status","BYE","-","286.5","-","-","-","-","-","-","-","-","-","-","-"
"1441","R. Jones","R. Jones","K","","","","injury-status","BYE","-","298.9","-","-","-","-","-","-","-","-","-","-","-"
"1442","B. Mitchell","B. Mitchell","WR","","","","injury-status","BYE","-","999.0","-","-","-","-","-","-","-","-","-","-","-"
"1443","D. Spencer","D. Spencer","WR","","","","injury-status","BYE","-","999.0","-","-","-","-","-","-","-","-","-","-","-"
"1444","J. Gardner","J. Gardner","RB","","","","injury-status","BYE","-","267.0","-","-","-","-","-","-","-","-","-","-","-"
"1445","C. Jessop","C. Jessop","QB","","","","injury-status","BYE","-","999.0","-","-","-","-","-","-","-","-","-","-","-"
"1446","J. Williams","J. Williams","WR","","","","injury-status","BYE","-","999.0","-","-","-","-","-","-","-","-","-","-","-"
"1447","K. McCrary","K. McCrary","RB","","","","injury-status","BYE","-","999.0","-","-","-","-","-","-","-","-","-","-","-"
"1448","J. Stockton","J. Stockton","RB","","","","injury-status","BYE","-","999.0","-","-","-","-","-","-","-","-","-","-","-"
"1449","D. Prince","D. Prince","WR","","","","injury-status","BYE","-","999.0","-","-","-","-","-","-","-","-","-","-","-"
"1450","D. Carrington","D. Carrington","WR","","","NA","injury-status na","BYE","-","999.0","-","-","-","-","-","-","-","-","-","-","-"
"1451","A. Wolf","A. Wolf","WR","","","","injury-status","BYE","-","999.0","-","-","-","-","-","-","-","-","-","-","-"
"1452","G. Holmes","G. Holmes","RB","","","","injury-status","BYE","-","999.0","-","-","-","-","-","-","-","-","-","-","-"
"1453","B. Bobo","B. Bobo","WR","","","","injury-status","BYE","-","999.0","-","-","-","-","-","-","-","-","-","-","-"
"1454","M. Peterson","M. Peterson","WR","","","","injury-status","BYE","-","999.0","-","-","-","-","-","-","-","-","-","-","-"
"1455","J. Butler","J. Butler","RB","","","","injury-status","BYE","-","999.0","-","-","-","-","-","-","-","-","-","-","-"
"1456","M. Turner","M. Turner","WR","","","","injury-status","BYE","-","999.0","-","-","-","-","-","-","-","-","-","-","-"
"1457","M. Jones","M. Jones","WR","","","","injury-status","BYE","-","999.0","-","-","-","-","-","-","-","-","-","-","-"
"1458","M. Chapman","M. Chapman","WR","","","","injury-status","BYE","-","999.0","-","-","-","-","-","-","-","-","-","-","-"
"1459","J. Murphy","J. Murphy","WR","","","","injury-status","BYE","-","999.0","-","-","-","-","-","-","-","-","-","-","-"
"1460","C. Serigne","C. Serigne","TE","","","","injury-status","BYE","-","999.0","-","-","-","-","-","-","-","-","-","-","-"
"1461","A. Lacombe","A. Lacombe","WR","","","","injury-status","BYE","-","999.0","-","-","-","-","-","-","-","-","-","-","-"
"1462","J. Smith","J. Smith","WR","","","","injury-status","BYE","-","999.0","-","-","-","-","-","-","-","-","-","-","-"
"1463","J. Crockett","J. Crockett","WR","","","","injury-status","BYE","-","999.0","-","-","-","-","-","-","-","-","-","-","-"
"1464","G. Dickerson","G. Dickerson","TE","","","","injury-status","BYE","-","999.0","-","-","-","-","-","-","-","-","-","-","-"
"1465","J. Graham","J. Graham","TE","","","Ques","injury-status questionable","BYE","-","999.0","-","-","-","-","-","-","-","-","-","-","-"
"1466","S. Badie","S. Badie","RB","","","","injury-status","BYE","-","999.0","-","-","-","-","-","-","-","-","-","-","-"
"1467","A. Roberts","A. Roberts","TE","","","","injury-status","BYE","-","999.0","-","-","-","-","-","-","-","-","-","-","-"
"1468","G. Hudson","G. Hudson","TE","","","","injury-status","BYE","-","999.0","-","-","-","-","-","-","-","-","-","-","-"
"1469","K. Ross","K. Ross","WR","","","","injury-status","BYE","-","999.0","-","-","-","-","-","-","-","-","-","-","-"
"1470","N. Stevens","N. Stevens","QB","","","","injury-status","BYE","-","999.0","-","-","-","-","-","-","-","-","-","-","-"
"1471","E. Massington","E. Massington","WR","NO","11","","injury-status","Final W 16-15 vs TEN","-","999.0","-","-","-","-","-","-","-","-","-","-","-"
"1472","D. Bryant","D. Bryant","WR","","","","injury-status","BYE","-","999.0","-","-","-","-","-","-","-","-","-","-","-"
"1473","C. Duncan","C. Duncan","WR","","","","injury-status","BYE","-","999.0","-","-","-","-","-","-","-","-","-","-","-"
"1474","C. Wilson","C. Wilson","TE","","","","injury-status","BYE","-","999.0","-","-","-","-","-","-","-","-","-","-","-"
"1475","D. Kidsy","D. Kidsy","WR","","","","injury-status","BYE","-","999.0","-","-","-","-","-","-","-","-","-","-","-"
"1476","R. Yurachek","R. Yurachek","TE","","","","injury-status","BYE","-","617.0","-","-","-","-","-","-","-","-","-","-","-"
"1477","T. Wilson","T. Wilson","WR","","","","injury-status","BYE","-","999.0","-","-","-","-","-","-","-","-","-","-","-"
"1478","N. Holley","N. Holley","WR","","","","injury-status","BYE","-","999.0","-","-","-","-","-","-","-","-","-","-","-"
"1479","L. Perez","L. Perez","QB","","","","injury-status","BYE","-","417.7","-","-","-","-","-","-","-","-","-","-","-"
"1480","J. Franklin","J. Franklin","WR","","","Ques","injury-status questionable","BYE","-","999.0","-","-","-","-","-","-","-","-","-","-","-"
"1481","D. Alexander","D. Alexander","WR","","","","injury-status","BYE","-","999.0","-","-","-","-","-","-","-","-","-","-","-"
"1482","R. Martin","R. Martin","RB","","","","injury-status","BYE","-","999.0","-","-","-","-","-","-","-","-","-","-","-"
"1483","M. Fleming","M. Fleming","WR","","","","injury-status","BYE","-","999.0","-","-","-","-","-","-","-","-","-","-","-"
"1484","Z. Olstad","Z. Olstad","RB","","","","injury-status","BYE","-","999.0","-","-","-","-","-","-","-","-","-","-","-"
"1485","S. Wimann","S. Wimann","RB","","","","injury-status","BYE","-","999.0","-","-","-","-","-","-","-","-","-","-","-"
"1486","C. Lacy","C. Lacy","WR","","","Ques","injury-status questionable","BYE","-","999.0","-","-","-","-","-","-","-","-","-","-","-"
"1487","S. Roland","S. Roland","WR","CHI","5","","injury-status","Final L 20-38 vs GB","-","999.0","-","-","-","-","-","-","-","-","-","-","-"
"1488","G. Johnson","G. Johnson","WR","","","","injury-status","BYE","-","999.0","-","-","-","-","-","-","-","-","-","-","-"
"1489","D. Dawkins","D. Dawkins","RB","","","","injury-status","BYE","-","999.0","-","-","-","-","-","-","-","-","-","-","-"
"1490","L. Rose","L. Rose","RB","","","NA","injury-status na","BYE","-","999.0","-","-","-","-","-","-","-","-","-","-","-"
"1491","A. Mahoungou","A. Mahoungou","WR","","","","injury-status","BYE","-","999.0","-","-","-","-","-","-","-","-","-","-","-"
"1492","S. Baggett","S. Baggett","TE","","","","injury-status","BYE","-","999.0","-","-","-","-","-","-","-","-","-","-","-"
"1493","D. Boyd","D. Boyd","WR","","","","injury-status","BYE","-","999.0","-","-","-","-","-","-","-","-","-","-","-"
"1494","B. Roback","B. Roback","QB","","","","injury-status","BYE","-","999.0","-","-","-","-","-","-","-","-","-","-","-"
"1495","J. Smallwood","J. Smallwood","WR","","","","injury-status","BYE","-","364.3","-","-","-","-","-","-","-","-","-","-","-"
"1496","T. Tebow","T. Tebow","TE","","","","injury-status","BYE","-","643.5","-","-","-","-","-","-","-","-","-","-","-"
"1497","C. Warren","C. Warren","RB","","","","injury-status","BYE","-","999.0","-","-","-","-","-","-","-","-","-","-","-"
"1498","H. Poggi","H. Poggi","RB","","","","injury-status","BYE","-","553.4","-","-","-","-","-","-","-","-","-","-","-"
"1499","C. Beebe","C. Beebe","WR","","","","injury-status","BYE","-","265.0","-","-","-","-","-","-","-","-","-","-","-"
"1500","J. Stanton","J. Stanton","RB","","","","injury-status","BYE","-","999.0","-","-","-","-","-","-","-","-","-","-","-"
"1501","J. Allen","J. Allen","RB","","","","injury-status","BYE","-","999.0","-","-","-","-","-","-","-","-","-","-","-"
"1502","J. Cabinda","J. Cabinda","RB","DET","8","","injury-status","Final W 21-20 @ KC","-","567.0","-","-","-","-","-","-","-","-","-","-","-"
"1503","K. Hill","K. Hill","RB","","","","injury-status","BYE","-","999.0","-","-","-","-","-","-","-","-","-","-","-"
"1504","M. Martin","M. Martin","RB","","","","injury-status","BYE","-","999.0","-","-","-","-","-","-","-","-","-","-","-"
"1505","J. Moore","J. Moore","RB","","","","injury-status","BYE","-","999.0","-","-","-","-","-","-","-","-","-","-","-"
"1506","E. Marks","E. Marks","WR","","","","injury-status","BYE","-","999.0","-","-","-","-","-","-","-","-","-","-","-"
"1507","R. Smith","R. Smith","TE","","","","injury-status","BYE","-","999.0","-","-","-","-","-","-","-","-","-","-","-"
"1508","D. Willies","D. Willies","WR","","","","injury-status","BYE","-","999.0","-","-","-","-","-","-","-","-","-","-","-"
"1509","E. Berry","E. Berry","WR","","","","injury-status","BYE","-","999.0","-","-","-","-","-","-","-","-","-","-","-"
"1510","C. Scotland-Williamson","C. Scotland-Williamson","TE","","","","injury-status","BYE","-","999.0","-","-","-","-","-","-","-","-","-","-","-"
"1511","N. Keizer","N. Keizer","TE","","","","injury-status","BYE","-","999.0","-","-","-","-","-","-","-","-","-","-","-"
"1512","D. Turner","D. Turner","RB","","","","injury-status","BYE","-","999.0","-","-","-","-","-","-","-","-","-","-","-"
"1513","M. Thompson","M. Thompson","RB","","","","injury-status","BYE","-","999.0","-","-","-","-","-","-","-","-","-","-","-"
"1514","C. Ezeala","C. Ezeala","RB","","","","injury-status","BYE","-","999.0","-","-","-","-","-","-","-","-","-","-","-"
"1515","K. Vedvik","K. Vedvik","K, P","","","","injury-status","BYE","-","535.6","-","-","-","-","-","-","-","-","-","-","-"
"1516","C. Sims","C. Sims","WR","CAR","14","Ques","injury-status questionable","Final L 10-24 @ ATL","-","999.0","-","-","-","-","-","-","-","-","-","-","-"
"1517","S. Fields","S. Fields","WR","","","","injury-status","BYE","-","999.0","-","-","-","-","-","-","-","-","-","-","-"
"1518","R. Jeune","R. Jeune","WR","","","","injury-status","BYE","-","999.0","-","-","-","-","-","-","-","-","-","-","-"
"1519","L. Gonzalez","L. Gonzalez","WR","","","","injury-status","BYE","-","320.7","-","-","-","-","-","-","-","-","-","-","-"
"1520","J. Diarse","J. Diarse","WR","","","","injury-status","BYE","-","999.0","-","-","-","-","-","-","-","-","-","-","-"
"1521","S. Bailey","S. Bailey","WR","","","","injury-status","BYE","-","999.0","-","-","-","-","-","-","-","-","-","-","-"
"1522","E. Philips","E. Philips","RB","","","","injury-status","BYE","-","999.0","-","-","-","-","-","-","-","-","-","-","-"
"1523","P. Pujals","P. Pujals","QB","","","","injury-status","BYE","-","367.0","-","-","-","-","-","-","-","-","-","-","-"
"1524","A. Foreman","A. Foreman","WR","","","","injury-status","BYE","-","999.0","-","-","-","-","-","-","-","-","-","-","-"
"1525","J. Crawford","J. Crawford","RB","","","","injury-status","BYE","-","999.0","-","-","-","-","-","-","-","-","-","-","-"
"1526","T. Moore","T. Moore","K","","","","injury-status","BYE","-","999.0","-","-","-","-","-","-","-","-","-","-","-"
"1527","S. Wilson","S. Wilson","RB","","","","injury-status","BYE","-","999.0","-","-","-","-","-","-","-","-","-","-","-"
"1528","J. Heneghan","J. Heneghan","QB","","","","injury-status","BYE","-","999.0","-","-","-","-","-","-","-","-","-","-","-"
"1529","M. McCrane","M. McCrane","K","","","","injury-status","BYE","-","999.0","-","-","-","-","-","-","-","-","-","-","-"
"1530","A. Bloom","A. Bloom","TE","","","","injury-status","BYE","-","999.0","-","-","-","-","-","-","-","-","-","-","-"
"1531","J. Trinnaman","J. Trinnaman","WR","","","","injury-status","BYE","-","999.0","-","-","-","-","-","-","-","-","-","-","-"
"1532","E. Sanders","E. Sanders","WR","","","","injury-status","BYE","-","277.0","-","-","-","-","-","-","-","-","-","-","-"
"1533","D. Miller","D. Miller","WR","","","","injury-status","BYE","-","999.0","-","-","-","-","-","-","-","-","-","-","-"
"1534","A. Manzo-Lewis","A. Manzo-Lewis","TE","","","","injury-status","BYE","-","999.0","-","-","-","-","-","-","-","-","-","-","-"
"1535","N. Sharga","N. Sharga","RB","","","","injury-status","BYE","-","999.0","-","-","-","-","-","-","-","-","-","-","-"
"1536","N. Miller-Hines","N. Miller-Hines","RB","BUF","7","","injury-status","Final L 16-22 @ NYJ","-","999.0","-","-","-","-","-","-","-","-","-","-","-"
"1537","J. Looney","J. Looney","TE","","","","injury-status","BYE","-","999.0","-","-","-","-","-","-","-","-","-","-","-"
"1538","A. Callaway","A. Callaway","WR","","","","injury-status","BYE","-","484.9","-","-","-","-","-","-","-","-","-","-","-"
"1539","E. Wellman","E. Wellman","TE","","","","injury-status","BYE","-","999.0","-","-","-","-","-","-","-","-","-","-","-"
"1540","D. Pierson-El","D. Pierson-El","WR","","","","injury-status","BYE","-","999.0","-","-","-","-","-","-","-","-","-","-","-"
"1541","M. Holder","M. Holder","WR","","","","injury-status","BYE","-","999.0","-","-","-","-","-","-","-","-","-","-","-"
"1542","J. Veasy","J. Veasy","WR","","","","injury-status","BYE","-","999.0","-","-","-","-","-","-","-","-","-","-","-"
"1543","D. Ross","D. Ross","WR","","","","injury-status","BYE","-","999.0","-","-","-","-","-","-","-","-","-","-","-"
"1544","D. Burnett","D. Burnett","WR","","","","injury-status","BYE","-","999.0","-","-","-","-","-","-","-","-","-","-","-"
"1545","C. Batson","C. Batson","WR","","","","injury-status","BYE","-","999.0","-","-","-","-","-","-","-","-","-","-","-"
"1546","A. Allen","A. Allen","QB","","","","injury-status","BYE","-","590.5","-","-","-","-","-","-","-","-","-","-","-"
"1547","K. White","K. White","WR","","","","injury-status","BYE","-","999.0","-","-","-","-","-","-","-","-","-","-","-"
"1548","J. Franklin","J. Franklin","RB","","","","injury-status","BYE","-","999.0","-","-","-","-","-","-","-","-","-","-","-"
"1549","D. Yelder","D. Yelder","TE","","","","injury-status","BYE","-","999.0","-","-","-","-","-","-","-","-","-","-","-"
"1550","T. Hoppes","T. Hoppes","TE","","","","injury-status","BYE","-","374.7","-","-","-","-","-","-","-","-","-","-","-"
"1551","J. Badet","J. Badet","WR","","","","injury-status","BYE","-","999.0","-","-","-","-","-","-","-","-","-","-","-"
"1552","K. Pettway","K. Pettway","RB","","","","injury-status","BYE","-","999.0","-","-","-","-","-","-","-","-","-","-","-"
"1553","B. Howell","B. Howell","RB","","","","injury-status","BYE","-","999.0","-","-","-","-","-","-","-","-","-","-","-"
"1554","C. McElroy","C. McElroy","TE","","","Ques","injury-status questionable","BYE","-","999.0","-","-","-","-","-","-","-","-","-","-","-"
"1555","B. Johnson","B. Johnson","TE","","","","injury-status","BYE","-","999.0","-","-","-","-","-","-","-","-","-","-","-"
"1556","N. Shimonek","N. Shimonek","QB","","","","injury-status","BYE","-","999.0","-","-","-","-","-","-","-","-","-","-","-"
"1557","B. Mack","B. Mack","TE","","","","injury-status","BYE","-","999.0","-","-","-","-","-","-","-","-","-","-","-"
"1558","C. Litton","C. Litton","QB","","","","injury-status","BYE","-","999.0","-","-","-","-","-","-","-","-","-","-","-"
"1559","J. Weah","J. Weah","WR","","","","injury-status","BYE","-","405.0","-","-","-","-","-","-","-","-","-","-","-"
"1560","V. Smith","V. Smith","WR","","","","injury-status","BYE","-","379.0","-","-","-","-","-","-","-","-","-","-","-"
"1561","T. Redding","T. Redding","WR","","","","injury-status","BYE","-","999.0","-","-","-","-","-","-","-","-","-","-","-"
"1562","J. Williams","J. Williams","WR","","","","injury-status","BYE","-","999.0","-","-","-","-","-","-","-","-","-","-","-"
"1563","J. Franks","J. Franks","TE","","","","injury-status","BYE","-","999.0","-","-","-","-","-","-","-","-","-","-","-"
"1564","R. Lawry","R. Lawry","RB","","","","injury-status","BYE","-","999.0","-","-","-","-","-","-","-","-","-","-","-"
"1565","T. Davis","T. Davis","K","","","","injury-status","BYE","-","282.2","-","-","-","-","-","-","-","-","-","-","-"
"1566","R. Foster","R. Foster","WR","","","","injury-status","BYE","-","999.0","-","-","-","-","-","-","-","-","-","-","-"
"1567","A. Levrone","A. Levrone","WR","","","","injury-status","BYE","-","999.0","-","-","-","-","-","-","-","-","-","-","-"
"1568","D. Marvin","D. Marvin","K","","","","injury-status","BYE","-","281.7","-","-","-","-","-","-","-","-","-","-","-"
"1569","J. Roh","J. Roh","TE","","","","injury-status","BYE","-","290.0","-","-","-","-","-","-","-","-","-","-","-"
"1570","T. Mangen","T. Mangen","TE","","","","injury-status","BYE","-","359.5","-","-","-","-","-","-","-","-","-","-","-"
"1571","D. Gray","D. Gray","WR","","","","injury-status","BYE","-","999.0","-","-","-","-","-","-","-","-","-","-","-"
"1572","D. Clark","D. Clark","WR","","","","injury-status","BYE","-","999.0","-","-","-","-","-","-","-","-","-","-","-"
"1573","D. Byrd","D. Byrd","WR","","","","injury-status","BYE","-","999.0","-","-","-","-","-","-","-","-","-","-","-"
"1574","C. Blake","C. Blake","WR","","","","injury-status","BYE","-","999.0","-","-","-","-","-","-","-","-","-","-","-"
"1575","D. Marx","D. Marx","RB","","","","injury-status","BYE","-","999.0","-","-","-","-","-","-","-","-","-","-","-"
"1576","L. Jordan","L. Jordan","QB","","","","injury-status","BYE","-","625.7","-","-","-","-","-","-","-","-","-","-","-"
"1577","A. Ramesh","A. Ramesh","RB","","","","injury-status","BYE","-","999.0","-","-","-","-","-","-","-","-","-","-","-"
"1578","K. Lewis","K. Lewis","WR","","","","injury-status","BYE","-","259.0","-","-","-","-","-","-","-","-","-","-","-"
"1579","D. Wells","D. Wells","TE","TB","9","","injury-status","Final W 20-17 @ MIN","-","999.0","-","-","-","-","-","-","-","-","-","-","-"
"1580","M. Baugh","M. Baugh","TE","","","","injury-status","BYE","-","999.0","-","-","-","-","-","-","-","-","-","-","-"
"1581","C. Hunt","C. Hunt","TE","","","","injury-status","BYE","-","999.0","-","-","-","-","-","-","-","-","-","-","-"
"1582","J. Barrett","J. Barrett","QB","","","","injury-status","BYE","-","999.0","-","-","-","-","-","-","-","-","-","-","-"
"1583","T. Williams","T. Williams","WR","","","","injury-status","BYE","-","999.0","-","-","-","-","-","-","-","-","-","-","-"
"1584","C. Scott","C. Scott","WR","TEN","10","","injury-status","Final L 15-16 @ NO","-","999.0","-","-","-","-","-","-","-","-","-","-","-"
"1585","J. Reese","J. Reese","TE","","","","injury-status","BYE","-","999.0","-","-","-","-","-","-","-","-","-","-","-"
"1586","J. Wieneke","J. Wieneke","WR","","","","injury-status","BYE","-","999.0","-","-","-","-","-","-","-","-","-","-","-"
"1587","K. Robertson","K. Robertson","WR","","","","injury-status","BYE","-","999.0","-","-","-","-","-","-","-","-","-","-","-"
"1588","M. Murdock","M. Murdock","WR","","","","injury-status","BYE","-","999.0","-","-","-","-","-","-","-","-","-","-","-"
"1589","T. Swanson","T. Swanson","RB","","","","injury-status","BYE","-","999.0","-","-","-","-","-","-","-","-","-","-","-"
"1590","R. Gafford","R. Gafford","WR","","","","injury-status","BYE","-","999.0","-","-","-","-","-","-","-","-","-","-","-"
"1591","E. Wolf","E. Wolf","TE","","","","injury-status","BYE","-","525.3","-","-","-","-","-","-","-","-","-","-","-"
"1592","A. Wadley","A. Wadley","RB","","","","injury-status","BYE","-","999.0","-","-","-","-","-","-","-","-","-","-","-"
"1593","D. Grayson","D. Grayson","WR","","","","injury-status","BYE","-","999.0","-","-","-","-","-","-","-","-","-","-","-"
"1594","K. Rader","K. Rader","TE","TEN","10","Ques","injury-status questionable","Final L 15-16 @ NO","-","354.0","-","-","-","-","-","-","-","-","-","-","-"
"1595","P. Lindsay","P. Lindsay","RB","","","","injury-status","BYE","-","357.5","-","-","-","-","-","-","-","-","-","-","-"
"1596","M. Earl","M. Earl","WR","","","","injury-status","BYE","-","999.0","-","-","-","-","-","-","-","-","-","-","-"
"1597","J. Chunn","J. Chunn","RB","","","","injury-status","BYE","-","999.0","-","-","-","-","-","-","-","-","-","-","-"
"1598","D. Sturm","D. Sturm","QB","","","","injury-status","BYE","-","399.0","-","-","-","-","-","-","-","-","-","-","-"
"1599","D. Scott","D. Scott","WR","","","","injury-status","BYE","-","999.0","-","-","-","-","-","-","-","-","-","-","-"
"1600","R. Nall","R. Nall","RB","","","","injury-status","BYE","-","999.0","-","-","-","-","-","-","-","-","-","-","-"
"1601","R. Bonnafon","R. Bonnafon","RB","","","","injury-status","BYE","-","999.0","-","-","-","-","-","-","-","-","-","-","-"
"1602","A. Vollert","A. Vollert","TE","","","","injury-status","BYE","-","999.0","-","-","-","-","-","-","-","-","-","-","-"
"1603","C. Willis","C. Willis","WR","","","","injury-status","BYE","-","999.0","-","-","-","-","-","-","-","-","-","-","-"
"1604","L. McNitt","L. McNitt","RB","","","","injury-status","BYE","-","999.0","-","-","-","-","-","-","-","-","-","-","-"
"1605","M. Williams","M. Williams","RB","","","","injury-status","BYE","-","999.0","-","-","-","-","-","-","-","-","-","-","-"
"1606","D. Richard","D. Richard","RB","","","","injury-status","BYE","-","999.0","-","-","-","-","-","-","-","-","-","-","-"
"1607","K. Benkert","K. Benkert","QB","","","","injury-status","BYE","-","999.0","-","-","-","-","-","-","-","-","-","-","-"
"1608","J. Acklin","J. Acklin","WR","","","","injury-status","BYE","-","999.0","-","-","-","-","-","-","-","-","-","-","-"
"1609","T. Quinn","T. Quinn","WR","","","","injury-status","BYE","-","999.0","-","-","-","-","-","-","-","-","-","-","-"
"1610","M. Carter","M. Carter","RB","","","","injury-status","BYE","-","999.0","-","-","-","-","-","-","-","-","-","-","-"
"1611","J. Adams","J. Adams","RB","","","","injury-status","BYE","-","999.0","-","-","-","-","-","-","-","-","-","-","-"
"1612","S. Mitchell","S. Mitchell","WR","","","","injury-status","BYE","-","999.0","-","-","-","-","-","-","-","-","-","-","-"
"1613","A. Tate","A. Tate","WR","","","","injury-status","BYE","-","999.0","-","-","-","-","-","-","-","-","-","-","-"
"1614","A. Jennings","A. Jennings","WR","","","","injury-status","BYE","-","999.0","-","-","-","-","-","-","-","-","-","-","-"
"1615","L. Woodside","L. Woodside","QB","ATL","5","","injury-status","Final W 24-10 vs CAR","-","264.0","-","-","-","-","-","-","-","-","-","-","-"
"1616","A. Proehl","A. Proehl","WR","","","Ques","injury-status questionable","BYE","-","999.0","-","-","-","-","-","-","-","-","-","-","-"
"1617","D. Patterson","D. Patterson","WR","","","","injury-status","BYE","-","999.0","-","-","-","-","-","-","-","-","-","-","-"
"1618","A. McGough","A. McGough","QB","GB","5","","injury-status","Final W 38-20 @ CHI","-","999.0","-","-","-","-","-","-","-","-","-","-","-"
"1619","T. Cannon","T. Cannon","RB","","","","injury-status","BYE","-","999.0","-","-","-","-","-","-","-","-","-","-","-"
"1620","D. Etling","D. Etling","QB","","","","injury-status","BYE","-","300.3","-","-","-","-","-","-","-","-","-","-","-"
"1621","J. Thomas","J. Thomas","TE","","","","injury-status","BYE","-","999.0","-","-","-","-","-","-","-","-","-","-","-"
"1622","N. Bawden","N. Bawden","RB","NYJ","9","","injury-status","Final W 22-16 vs BUF","-","999.0","-","-","-","-","-","-","-","-","-","-","-"
"1623","B. Scarbrough","B. Scarbrough","RB","","","","injury-status","BYE","-","418.8","-","-","-","-","-","-","-","-","-","-","-"
"1624","J. Wims","J. Wims","WR","","","","injury-status","BYE","-","999.0","-","-","-","-","-","-","-","-","-","-","-"
"1625","R. Gage","R. Gage","WR","TB","9","Ques","injury-status questionable","Final W 20-17 @ MIN","-","999.0","-","-","-","-","-","-","-","-","-","-","-"
"1626","L. Falk","L. Falk","QB","","","","injury-status","BYE","-","536.0","-","-","-","-","-","-","-","-","-","-","-"
"1627","J. Samuels","J. Samuels","RB","","","","injury-status","BYE","-","280.0","-","-","-","-","-","-","-","-","-","-","-"
"1628","D. Cantrell","D. Cantrell","TE","","","Ques","injury-status questionable","BYE","-","999.0","-","-","-","-","-","-","-","-","-","-","-"
"1629","D. Fountain","D. Fountain","WR","DET","8","","injury-status","Final W 21-20 @ KC","-","999.0","-","-","-","-","-","-","-","-","-","-","-"
"1630","D. Cain","D. Cain","WR","","","","injury-status","BYE","-","999.0","-","-","-","-","-","-","-","-","-","-","-"
"1631","J. Wilkins","J. Wilkins","RB","","","","injury-status","BYE","-","999.0","-","-","-","-","-","-","-","-","-","-","-"
"1632","R. Izzo","R. Izzo","TE","","","","injury-status","BYE","-","999.0","-","-","-","-","-","-","-","-","-","-","-"
"1633","T. Fumagalli","T. Fumagalli","TE","MIN","6","","injury-status","Final L 17-20 vs TB","-","654.0","-","-","-","-","-","-","-","-","-","-","-"
"1634","D. Ratley","D. Ratley","WR","","","","injury-status","BYE","-","999.0","-","-","-","-","-","-","-","-","-","-","-"
"1635","J. Kelly","J. Kelly","RB","CLE","9","","injury-status","Final W 24-3 vs CIN","-","999.0","-","-","-","-","-","-","-","-","-","-","-"
"1636","K. Johnson","K. Johnson","RB","","","","injury-status","BYE","-","268.0","-","-","-","-","-","-","-","-","-","-","-"
"1637","A. Miller","A. Miller","WR","","","","injury-status","BYE","-","999.0","-","-","-","-","-","-","-","-","-","-","-"
"1638","C. Herndon","C. Herndon","TE","","","","injury-status","BYE","-","999.0","-","-","-","-","-","-","-","-","-","-","-"
"1639","J. Scott","J. Scott","WR","","","","injury-status","BYE","-","999.0","-","-","-","-","-","-","-","-","-","-","-"
"1640","I. Smith","I. Smith","RB","DAL","10","","injury-status","Final W 40-0 @ NYG","-","999.0","-","-","-","-","-","-","-","-","-","-","-"
"1641","D. Hamilton","D. Hamilton","WR","","","","injury-status","BYE","-","999.0","-","-","-","-","-","-","-","-","-","-","-"
"1642","M. Walton","M. Walton","RB","","","","injury-status","BYE","-","999.0","-","-","-","-","-","-","-","-","-","-","-"
"1643","K. Lauletta","K. Lauletta","QB","","","","injury-status","BYE","-","506.5","-","-","-","-","-","-","-","-","-","-","-"
"1644","K. Ballage","K. Ballage","RB","","","","injury-status","BYE","-","999.0","-","-","-","-","-","-","-","-","-","-","-"
"1645","N. Chubb","N. Chubb","RB","CLE","9","","injury-status","Final W 24-3 vs CIN","-","10.6","-","-","-","-","-","-","-","-","-","-","-"
"1646","S. Michel","S. Michel","RB","","","","injury-status","BYE","-","999.0","-","-","-","-","-","-","-","-","-","-","-"
"1647","D. Guice","D. Guice","RB","","","","injury-status","BYE","-","999.0","-","-","-","-","-","-","-","-","-","-","-"
"1648","M. Ateman","M. Ateman","WR","","","","injury-status","BYE","-","999.0","-","-","-","-","-","-","-","-","-","-","-"
"1649","D. Smith","D. Smith","TE","","","","injury-status","BYE","-","999.0","-","-","-","-","-","-","-","-","-","-","-"
"1650","S. Noil","S. Noil","WR","","","","injury-status","BYE","-","999.0","-","-","-","-","-","-","-","-","-","-","-"
"1651","A. Riles","A. Riles","WR","IND","11","","injury-status","Final L 21-31 vs JAX","-","999.0","-","-","-","-","-","-","-","-","-","-","-"
"1652","S. Howard","S. Howard","QB","SEA","8","","injury-status","Final L 13-30 vs LAR","-","999.0","-","-","-","-","-","-","-","-","-","-","-"
"1653","J. Williams","J. Williams","WR","","","","injury-status","BYE","-","999.0","-","-","-","-","-","-","-","-","-","-","-"
"1654","A. Appleby","A. Appleby","QB","","","","injury-status","BYE","-","411.0","-","-","-","-","-","-","-","-","-","-","-"
"1655","F. House","F. House","TE","CHI","5","","injury-status","Final L 20-38 vs GB","-","999.0","-","-","-","-","-","-","-","-","-","-","-"
"1656","A. Fulwood","A. Fulwood","WR","","","","injury-status","BYE","-","999.0","-","-","-","-","-","-","-","-","-","-","-"
"1657","N. Schuessler","N. Schuessler","QB","PIT","5","","injury-status","Final L 7-30 vs SF","-","999.0","-","-","-","-","-","-","-","-","-","-","-"
"1658","Z. Terrell","Z. Terrell","QB","BAL","7","","injury-status","Final W 25-9 vs HOU","-","999.0","-","-","-","-","-","-","-","-","-","-","-"
"1659","R. Shell","R. Shell","RB","","","","injury-status","BYE","-","999.0","-","-","-","-","-","-","-","-","-","-","-"
"1660","G. Scantling","G. Scantling","WR","ATL","5","","injury-status","Final W 24-10 vs CAR","-","999.0","-","-","-","-","-","-","-","-","-","-","-"
"1661","D. Virgies","D. Virgies","RB","","","","injury-status","BYE","-","999.0","-","-","-","-","-","-","-","-","-","-","-"
"1662","Q. McDuffie","Q. McDuffie","WR","","","","injury-status","BYE","-","999.0","-","-","-","-","-","-","-","-","-","-","-"
"1663","D. Amendola","D. Amendola","WR","","","","injury-status","BYE","-","999.0","-","-","-","-","-","-","-","-","-","-","-"
"1664","C. Daniel","C. Daniel","QB","","","","injury-status","BYE","-","389.0","-","-","-","-","-","-","-","-","-","-","-"
"1665","L. Atkins","L. Atkins","WR","","","","injury-status","BYE","-","323.2","-","-","-","-","-","-","-","-","-","-","-"
"1666","B. Zylstra","B. Zylstra","WR","","","","injury-status","BYE","-","999.0","-","-","-","-","-","-","-","-","-","-","-"
"1667","C. Bazile","C. Bazile","TE","","","","injury-status","BYE","-","999.0","-","-","-","-","-","-","-","-","-","-","-"
"1668","J. Robinson","J. Robinson","TE","","","","injury-status","BYE","-","999.0","-","-","-","-","-","-","-","-","-","-","-"
"1669","J. Rosen","J. Rosen","QB","","","","injury-status","BYE","-","999.0","-","-","-","-","-","-","-","-","-","-","-"
"1670","K. Taylor","K. Taylor","TE","","","","injury-status","BYE","-","999.0","-","-","-","-","-","-","-","-","-","-","-"
"1671","J. Evans","J. Evans","QB","","","","injury-status","BYE","-","999.0","-","-","-","-","-","-","-","-","-","-","-"
"1672","M. Leidner","M. Leidner","QB","","","","injury-status","BYE","-","999.0","-","-","-","-","-","-","-","-","-","-","-"
"1673","D. Sims","D. Sims","RB","","","","injury-status","BYE","-","999.0","-","-","-","-","-","-","-","-","-","-","-"
"1674","A. Price","A. Price","TE","","","","injury-status","BYE","-","999.0","-","-","-","-","-","-","-","-","-","-","-"
"1675","J. Liggins","J. Liggins","WR","","","","injury-status","BYE","-","999.0","-","-","-","-","-","-","-","-","-","-","-"
"1676","D. Williams","D. Williams","WR","","","","injury-status","BYE","-","999.0","-","-","-","-","-","-","-","-","-","-","-"
"1677","R. Davis","R. Davis","WR","","","","injury-status","BYE","-","999.0","-","-","-","-","-","-","-","-","-","-","-"
"1678","G. Hopper","G. Hopper","WR","","","","injury-status","BYE","-","999.0","-","-","-","-","-","-","-","-","-","-","-"
"1679","K. Lucas","K. Lucas","WR","","","","injury-status","BYE","-","999.0","-","-","-","-","-","-","-","-","-","-","-"
"1680","J. Staples","J. Staples","WR","","","","injury-status","BYE","-","999.0","-","-","-","-","-","-","-","-","-","-","-"
"1681","B. Riley","B. Riley","WR","","","","injury-status","BYE","-","999.0","-","-","-","-","-","-","-","-","-","-","-"
"1682","D. Hampton","D. Hampton","WR","","","","injury-status","BYE","-","999.0","-","-","-","-","-","-","-","-","-","-","-"
"1683","M. Bracy","M. Bracy","WR","","","","injury-status","BYE","-","999.0","-","-","-","-","-","-","-","-","-","-","-"
"1684","M. Estes","M. Estes","TE","","","","injury-status","BYE","-","999.0","-","-","-","-","-","-","-","-","-","-","-"
"1685","B. Radcliff","B. Radcliff","RB","","","","injury-status","BYE","-","999.0","-","-","-","-","-","-","-","-","-","-","-"
"1686","P. Howard","P. Howard","WR","","","","injury-status","BYE","-","999.0","-","-","-","-","-","-","-","-","-","-","-"
"1687","N. Iese","N. Iese","TE","","","","injury-status","BYE","-","999.0","-","-","-","-","-","-","-","-","-","-","-"
"1688","C. Germany","C. Germany","WR","","","","injury-status","BYE","-","999.0","-","-","-","-","-","-","-","-","-","-","-"
"1689","J. Rounds","J. Rounds","RB","","","","injury-status","BYE","-","999.0","-","-","-","-","-","-","-","-","-","-","-"
"1690","T. Armstrong Jr.","T. Armstrong Jr.","QB","","","","injury-status","BYE","-","999.0","-","-","-","-","-","-","-","-","-","-","-"
"1691","D. Victor","D. Victor","RB","","","","injury-status","BYE","-","999.0","-","-","-","-","-","-","-","-","-","-","-"
"1692","R. Wheelwright","R. Wheelwright","WR","","","","injury-status","BYE","-","999.0","-","-","-","-","-","-","-","-","-","-","-"
"1693","J. Westerkamp","J. Westerkamp","WR","","","","injury-status","BYE","-","999.0","-","-","-","-","-","-","-","-","-","-","-"
"1694","J. Seales","J. Seales","WR","","","","injury-status","BYE","-","999.0","-","-","-","-","-","-","-","-","-","-","-"
"1695","K. Whitfield","K. Whitfield","WR","","","","injury-status","BYE","-","999.0","-","-","-","-","-","-","-","-","-","-","-"
"1696","B. Cherry","B. Cherry","WR","","","","injury-status","BYE","-","438.0","-","-","-","-","-","-","-","-","-","-","-"
"1697","D. Hayes","D. Hayes","RB","","","","injury-status","BYE","-","999.0","-","-","-","-","-","-","-","-","-","-","-"
"1698","D. Olson","D. Olson","QB","","","","injury-status","BYE","-","999.0","-","-","-","-","-","-","-","-","-","-","-"
"1699","D. Llorens","D. Llorens","RB","","","","injury-status","BYE","-","999.0","-","-","-","-","-","-","-","-","-","-","-"
"1700","A. Zaruba","A. Zaruba","TE","","","","injury-status","BYE","-","999.0","-","-","-","-","-","-","-","-","-","-","-"
"1701","F. Brown","F. Brown","WR","","","","injury-status","BYE","-","600.0","-","-","-","-","-","-","-","-","-","-","-"
"1702","L. Lenoir","L. Lenoir","WR","","","","injury-status","BYE","-","999.0","-","-","-","-","-","-","-","-","-","-","-"
"1703","C. Posey","C. Posey","WR","","","","injury-status","BYE","-","999.0","-","-","-","-","-","-","-","-","-","-","-"
"1704","S. Donatell","S. Donatell","TE","","","","injury-status","BYE","-","448.5","-","-","-","-","-","-","-","-","-","-","-"
"1705","B. Burns","B. Burns","TE","BAL","7","","injury-status","Final W 25-9 vs HOU","-","999.0","-","-","-","-","-","-","-","-","-","-","-"
"1706","C. Pearson","C. Pearson","WR","","","","injury-status","BYE","-","999.0","-","-","-","-","-","-","-","-","-","-","-"
"1707","A. Gray","A. Gray","TE","","","","injury-status","BYE","-","999.0","-","-","-","-","-","-","-","-","-","-","-"
"1708","J. Bacci","J. Bacci","RB","","","","injury-status","BYE","-","999.0","-","-","-","-","-","-","-","-","-","-","-"
"1709","S. Cotton","S. Cotton","TE","","","","injury-status","BYE","-","593.7","-","-","-","-","-","-","-","-","-","-","-"
"1710","B. Houston","B. Houston","QB","","","","injury-status","BYE","-","999.0","-","-","-","-","-","-","-","-","-","-","-"
"1711","M. Paige","M. Paige","WR","","","","injury-status","BYE","-","999.0","-","-","-","-","-","-","-","-","-","-","-"
"1712","P. Odom","P. Odom","TE","","","","injury-status","BYE","-","999.0","-","-","-","-","-","-","-","-","-","-","-"
"1713","S. Ryan","S. Ryan","WR","","","","injury-status","BYE","-","999.0","-","-","-","-","-","-","-","-","-","-","-"
"1714","G. Pascascio","G. Pascascio","WR","","","","injury-status","BYE","-","999.0","-","-","-","-","-","-","-","-","-","-","-"
"1715","K. Mabon","K. Mabon","WR","","","","injury-status","BYE","-","999.0","-","-","-","-","-","-","-","-","-","-","-"
"1716","T. Ferguson","T. Ferguson","QB","","","","injury-status","BYE","-","999.0","-","-","-","-","-","-","-","-","-","-","-"
"1717","K. Snead","K. Snead","WR","","","","injury-status","BYE","-","999.0","-","-","-","-","-","-","-","-","-","-","-"
"1718","K. Abdullah","K. Abdullah","RB","","","","injury-status","BYE","-","999.0","-","-","-","-","-","-","-","-","-","-","-"
"1719","T. Edmunds","T. Edmunds","RB","","","","injury-status","BYE","-","999.0","-","-","-","-","-","-","-","-","-","-","-"
"1720","A. Bailey","A. Bailey","QB","BAL","7","","injury-status","Final W 25-9 vs HOU","-","999.0","-","-","-","-","-","-","-","-","-","-","-"
"1721","L. Clark","L. Clark","WR","","","","injury-status","BYE","-","999.0","-","-","-","-","-","-","-","-","-","-","-"
"1722","T. Swoopes","T. Swoopes","TE","","","","injury-status","BYE","-","999.0","-","-","-","-","-","-","-","-","-","-","-"
"1723","D. Rogers","D. Rogers","WR","","","","injury-status","BYE","-","999.0","-","-","-","-","-","-","-","-","-","-","-"
"1724","A. Brown","A. Brown","RB","","","","injury-status","BYE","-","337.0","-","-","-","-","-","-","-","-","-","-","-"
"1725","A. Scott","A. Scott","WR","","","","injury-status","BYE","-","999.0","-","-","-","-","-","-","-","-","-","-","-"
"1726","A. Patton","A. Patton","WR","","","","injury-status","BYE","-","999.0","-","-","-","-","-","-","-","-","-","-","-"
"1727","E. Jenkins","E. Jenkins","QB","","","","injury-status","BYE","-","999.0","-","-","-","-","-","-","-","-","-","-","-"
"1728","S. Culkin","S. Culkin","TE","","","","injury-status","BYE","-","999.0","-","-","-","-","-","-","-","-","-","-","-"
"1729","B. Brown","B. Brown","TE","","","","injury-status","BYE","-","999.0","-","-","-","-","-","-","-","-","-","-","-"
"1730","C. Thompson","C. Thompson","TE","","","","injury-status","BYE","-","999.0","-","-","-","-","-","-","-","-","-","-","-"
"1731","K. Johnson","K. Johnson","WR","","","","injury-status","BYE","-","999.0","-","-","-","-","-","-","-","-","-","-","-"
"1732","L. Tillery","L. Tillery","RB","","","","injury-status","BYE","-","999.0","-","-","-","-","-","-","-","-","-","-","-"
"1733","I. Mathers","I. Mathers","RB","","","","injury-status","BYE","-","999.0","-","-","-","-","-","-","-","-","-","-","-"
"1734","A. Etta-Tawo","A. Etta-Tawo","WR","","","","injury-status","BYE","-","999.0","-","-","-","-","-","-","-","-","-","-","-"
"1735","T. Cook","T. Cook","RB","","","","injury-status","BYE","-","470.5","-","-","-","-","-","-","-","-","-","-","-"
"1736","C. Bluiett","C. Bluiett","TE","","","","injury-status","BYE","-","999.0","-","-","-","-","-","-","-","-","-","-","-"
"1737","S. Hill","S. Hill","WR","","","","injury-status","BYE","-","999.0","-","-","-","-","-","-","-","-","-","-","-"
"1738","D. Gray","D. Gray","WR","","","","injury-status","BYE","-","999.0","-","-","-","-","-","-","-","-","-","-","-"
"1739","Z. Conque","Z. Conque","QB","","","","injury-status","BYE","-","999.0","-","-","-","-","-","-","-","-","-","-","-"
"1740","E. Baylis","E. Baylis","TE","","","Ques","injury-status questionable","BYE","-","999.0","-","-","-","-","-","-","-","-","-","-","-"
"1741","N. Thomas","N. Thomas","WR","","","","injury-status","BYE","-","999.0","-","-","-","-","-","-","-","-","-","-","-"
"1742","M. Rector","M. Rector","WR","","","","injury-status","BYE","-","999.0","-","-","-","-","-","-","-","-","-","-","-"
"1743","D. Ford","D. Ford","WR","","","","injury-status","BYE","-","999.0","-","-","-","-","-","-","-","-","-","-","-"
"1744","B. Barnes","B. Barnes","TE","","","","injury-status","BYE","-","999.0","-","-","-","-","-","-","-","-","-","-","-"
"1745","K. Sloter","K. Sloter","QB","","","","injury-status","BYE","-","314.0","-","-","-","-","-","-","-","-","-","-","-"
"1746","A. Nash","A. Nash","WR","","","","injury-status","BYE","-","999.0","-","-","-","-","-","-","-","-","-","-","-"
"1747","B. Jarwin","B. Jarwin","TE","","","","injury-status","BYE","-","999.0","-","-","-","-","-","-","-","-","-","-","-"
"1748","B. Brown","B. Brown","WR","","","","injury-status","BYE","-","999.0","-","-","-","-","-","-","-","-","-","-","-"
"1749","T. McNamara","T. McNamara","TE","","","","injury-status","BYE","-","999.0","-","-","-","-","-","-","-","-","-","-","-"
"1750","F. Stevenson","F. Stevenson","RB","","","","injury-status","BYE","-","999.0","-","-","-","-","-","-","-","-","-","-","-"
"1751","A. Phillips","A. Phillips","K","","","","injury-status","BYE","-","276.8","-","-","-","-","-","-","-","-","-","-","-"
"1752","T. Gentry","T. Gentry","WR","","","","injury-status","BYE","-","260.0","-","-","-","-","-","-","-","-","-","-","-"
"1753","M. Crabtree","M. Crabtree","WR","","","","injury-status","BYE","-","579.8","-","-","-","-","-","-","-","-","-","-","-"
"1754","J. Bouagnon","J. Bouagnon","RB","","","","injury-status","BYE","-","999.0","-","-","-","-","-","-","-","-","-","-","-"
"1755","K. Towbridge","K. Towbridge","TE","","","","injury-status","BYE","-","999.0","-","-","-","-","-","-","-","-","-","-","-"
"1756","D. Shorts","D. Shorts","WR","","","","injury-status","BYE","-","999.0","-","-","-","-","-","-","-","-","-","-","-"
"1757","J. Johnson","J. Johnson","RB","","","","injury-status","BYE","-","999.0","-","-","-","-","-","-","-","-","-","-","-"
"1758","J. Croom","J. Croom","TE","","","","injury-status","BYE","-","999.0","-","-","-","-","-","-","-","-","-","-","-"
"1759","S. Wroblewski","S. Wroblewski","TE","","","","injury-status","BYE","-","999.0","-","-","-","-","-","-","-","-","-","-","-"
"1760","J. Summers","J. Summers","RB","","","","injury-status","BYE","-","999.0","-","-","-","-","-","-","-","-","-","-","-"
"1761","T. Knight","T. Knight","QB","","","","injury-status","BYE","-","999.0","-","-","-","-","-","-","-","-","-","-","-"
"1762","K. Hogan","K. Hogan","WR","","","","injury-status","BYE","-","999.0","-","-","-","-","-","-","-","-","-","-","-"
"1763","T. Dural","T. Dural","WR","","","","injury-status","BYE","-","266.5","-","-","-","-","-","-","-","-","-","-","-"
"1764","D. Redding","D. Redding","RB","","","","injury-status","BYE","-","999.0","-","-","-","-","-","-","-","-","-","-","-"
"1765","B. Johnson","B. Johnson","WR","","","","injury-status","BYE","-","999.0","-","-","-","-","-","-","-","-","-","-","-"
"1766","G. Marks","G. Marks","WR","","","","injury-status","BYE","-","999.0","-","-","-","-","-","-","-","-","-","-","-"
"1767","J. Robinson-Woodgett","J. Robinson-Woodgett","RB","","","","injury-status","BYE","-","999.0","-","-","-","-","-","-","-","-","-","-","-"
"1768","T. Stevens","T. Stevens","WR","","","","injury-status","BYE","-","999.0","-","-","-","-","-","-","-","-","-","-","-"
"1769","A. Moore","A. Moore","WR","","","","injury-status","BYE","-","479.3","-","-","-","-","-","-","-","-","-","-","-"
"1770","W. Houston","W. Houston","TE","CAR","14","","injury-status","Final L 10-24 @ ATL","-","999.0","-","-","-","-","-","-","-","-","-","-","-"
"1771","G. Dieter","G. Dieter","WR","","","","injury-status","BYE","-","999.0","-","-","-","-","-","-","-","-","-","-","-"
"1772","W. Stanback","W. Stanback","RB","","","","injury-status","BYE","-","999.0","-","-","-","-","-","-","-","-","-","-","-"
"1773","B. Wilson","B. Wilson","WR","","","","injury-status","BYE","-","999.0","-","-","-","-","-","-","-","-","-","-","-"
"1774","T. Sperbeck","T. Sperbeck","WR","","","","injury-status","BYE","-","999.0","-","-","-","-","-","-","-","-","-","-","-"
"1775","S. Liufau","S. Liufau","QB","","","","injury-status","BYE","-","638.0","-","-","-","-","-","-","-","-","-","-","-"
"1776","A. Auclair","A. Auclair","TE","","","","injury-status","BYE","-","999.0","-","-","-","-","-","-","-","-","-","-","-"
"1777","T. McCloskey","T. McCloskey","RB","","","","injury-status","BYE","-","999.0","-","-","-","-","-","-","-","-","-","-","-"
"1778","K. Cannon","K. Cannon","WR","","","","injury-status","BYE","-","999.0","-","-","-","-","-","-","-","-","-","-","-"
"1779","V. Bolden","V. Bolden","WR","","","","injury-status","BYE","-","999.0","-","-","-","-","-","-","-","-","-","-","-"
"1780","K. Hatcher","K. Hatcher","WR","","","","injury-status","BYE","-","999.0","-","-","-","-","-","-","-","-","-","-","-"
"1781","C. Harris","C. Harris","RB","","","","injury-status","BYE","-","999.0","-","-","-","-","-","-","-","-","-","-","-"
"1782","B. Estime","B. Estime","WR","","","","injury-status","BYE","-","999.0","-","-","-","-","-","-","-","-","-","-","-"
"1783","J. Hollister","J. Hollister","TE","","","","injury-status","BYE","-","999.0","-","-","-","-","-","-","-","-","-","-","-"
"1784","C. Hollister","C. Hollister","WR","","","Ques","injury-status questionable","BYE","-","999.0","-","-","-","-","-","-","-","-","-","-","-"
"1785","A. Carr","A. Carr","WR","","","","injury-status","BYE","-","999.0","-","-","-","-","-","-","-","-","-","-","-"
"1786","R. Shelton","R. Shelton","WR","","","","injury-status","BYE","-","999.0","-","-","-","-","-","-","-","-","-","-","-"
"1787","J. Price","J. Price","TE","","","","injury-status","BYE","-","999.0","-","-","-","-","-","-","-","-","-","-","-"
"1788","T. Newby","T. Newby","RB","","","","injury-status","BYE","-","999.0","-","-","-","-","-","-","-","-","-","-","-"
"1789","W. Lunt","W. Lunt","QB","","","","injury-status","BYE","-","650.0","-","-","-","-","-","-","-","-","-","-","-"
"1790","D. Stringfellow","D. Stringfellow","WR","","","","injury-status","BYE","-","999.0","-","-","-","-","-","-","-","-","-","-","-"
"1791","D. Morgan","D. Morgan","WR","","","","injury-status","BYE","-","999.0","-","-","-","-","-","-","-","-","-","-","-"
"1792","M. Lewis","M. Lewis","WR","","","","injury-status","BYE","-","999.0","-","-","-","-","-","-","-","-","-","-","-"
"1793","K. Phillips","K. Phillips","RB","","","","injury-status","BYE","-","999.0","-","-","-","-","-","-","-","-","-","-","-"
"1794","A. Peck","A. Peck","TE","","","","injury-status","BYE","-","611.6","-","-","-","-","-","-","-","-","-","-","-"
"1795","S. Williams","S. Williams","RB","","","","injury-status","BYE","-","999.0","-","-","-","-","-","-","-","-","-","-","-"
"1796","M. Madaris","M. Madaris","WR","","","","injury-status","BYE","-","999.0","-","-","-","-","-","-","-","-","-","-","-"
"1797","D. Laufasa","D. Laufasa","RB","","","","injury-status","BYE","-","999.0","-","-","-","-","-","-","-","-","-","-","-"
"1798","K. Hamilton","K. Hamilton","WR","","","","injury-status","BYE","-","999.0","-","-","-","-","-","-","-","-","-","-","-"
"1799","C. Carter","C. Carter","TE","","","","injury-status","BYE","-","999.0","-","-","-","-","-","-","-","-","-","-","-"
"1800","F. Ross","F. Ross","WR","","","","injury-status","BYE","-","999.0","-","-","-","-","-","-","-","-","-","-","-"
"1801","A. Duke","A. Duke","WR","","","","injury-status","BYE","-","999.0","-","-","-","-","-","-","-","-","-","-","-"
"1802","P. Ricard","P. Ricard","RB","BAL","7","Ques","injury-status questionable","Final W 25-9 vs HOU","-","999.0","-","-","-","-","-","-","-","-","-","-","-"
"1803","T. Patrick","T. Patrick","WR","DEN","12","","injury-status","Final L 16-17 vs LV","-","999.0","-","-","-","-","-","-","-","-","-","-","-"
"1804","R. Ortiz","R. Ortiz","RB","","","","injury-status","BYE","-","999.0","-","-","-","-","-","-","-","-","-","-","-"
"1805","T. Mizzell","T. Mizzell","RB","NYG","14","Ques","injury-status questionable","Final L 0-40 vs DAL","-","999.0","-","-","-","-","-","-","-","-","-","-","-"
"1806","C. Board","C. Board","WR","","","Ques","injury-status questionable","BYE","-","999.0","-","-","-","-","-","-","-","-","-","-","-"
"1807","L. Jacobs","L. Jacobs","WR","","","","injury-status","BYE","-","999.0","-","-","-","-","-","-","-","-","-","-","-"
"1808","J. Natson","J. Natson","WR","","","","injury-status","BYE","-","999.0","-","-","-","-","-","-","-","-","-","-","-"
"1809","J. Lane","J. Lane","WR","","","","injury-status","BYE","-","999.0","-","-","-","-","-","-","-","-","-","-","-"
"1810","C. Jeter","C. Jeter","TE","","","","injury-status","BYE","-","626.6","-","-","-","-","-","-","-","-","-","-","-"
"1811","B. Howard","B. Howard","TE","","","","injury-status","BYE","-","999.0","-","-","-","-","-","-","-","-","-","-","-"
"1812","T. Griffey","T. Griffey","WR","","","","injury-status","BYE","-","999.0","-","-","-","-","-","-","-","-","-","-","-"
"1813","D. Daniels","D. Daniels","TE","","","","injury-status","BYE","-","999.0","-","-","-","-","-","-","-","-","-","-","-"
"1814","D. Crossan","D. Crossan","RB","","","","injury-status","BYE","-","999.0","-","-","-","-","-","-","-","-","-","-","-"
"1815","J. Quick","J. Quick","WR","","","","injury-status","BYE","-","999.0","-","-","-","-","-","-","-","-","-","-","-"
"1816","S. Orndoff","S. Orndoff","TE","","","","injury-status","BYE","-","999.0","-","-","-","-","-","-","-","-","-","-","-"
"1817","T. Renew","T. Renew","RB","","","","injury-status","BYE","-","999.0","-","-","-","-","-","-","-","-","-","-","-"
"1818","J. Magee","J. Magee","WR","","","","injury-status","BYE","-","999.0","-","-","-","-","-","-","-","-","-","-","-"
"1819","I. Zamora","I. Zamora","WR","","","","injury-status","BYE","-","999.0","-","-","-","-","-","-","-","-","-","-","-"
"1820","R. Davis","R. Davis","WR","","","","injury-status","BYE","-","999.0","-","-","-","-","-","-","-","-","-","-","-"
"1821","K. Muhammad","K. Muhammad","RB","","","","injury-status","BYE","-","999.0","-","-","-","-","-","-","-","-","-","-","-"
"1822","C. Carson","C. Carson","RB","","","","injury-status","BYE","-","999.0","-","-","-","-","-","-","-","-","-","-","-"
"1823","E. McGuire","E. McGuire","RB","KC","10","","injury-status","Final L 20-21 vs DET","-","999.0","-","-","-","-","-","-","-","-","-","-","-"
"1824","I. Ford","I. Ford","WR","","","","injury-status","BYE","-","999.0","-","-","-","-","-","-","-","-","-","-","-"
"1825","S. Rogers","S. Rogers","RB","","","","injury-status","BYE","-","999.0","-","-","-","-","-","-","-","-","-","-","-"
"1826","M. Schreck","M. Schreck","TE","","","","injury-status","BYE","-","999.0","-","-","-","-","-","-","-","-","-","-","-"
"1827","A. Armah","A. Armah","RB","WAS","12","","injury-status","Final W 20-16 vs ARI","-","999.0","-","-","-","-","-","-","-","-","-","-","-"
"1828","J. Sprinkle","J. Sprinkle","TE","","","Ques","injury-status questionable","BYE","-","999.0","-","-","-","-","-","-","-","-","-","-","-"
"1829","J. McNichols","J. McNichols","RB","SF","14","","injury-status","Final W 30-7 @ PIT","-","999.0","-","-","-","-","-","-","-","-","-","-","-"
"1830","S. Gibson","S. Gibson","WR","","","","injury-status","BYE","-","999.0","-","-","-","-","-","-","-","-","-","-","-"
"1831","R. Adams","R. Adams","WR","","","","injury-status","BYE","-","999.0","-","-","-","-","-","-","-","-","-","-","-"
"1832","D. Yancey","D. Yancey","WR","","","","injury-status","BYE","-","999.0","-","-","-","-","-","-","-","-","-","-","-"
"1833","B. Hill","B. Hill","RB","","","","injury-status","BYE","-","999.0","-","-","-","-","-","-","-","-","-","-","-"
"1834","T. Logan","T. Logan","RB","","","","injury-status","BYE","-","999.0","-","-","-","-","-","-","-","-","-","-","-"
"1835","B. Hodges","B. Hodges","TE","","","","injury-status","BYE","-","999.0","-","-","-","-","-","-","-","-","-","-","-"
"1836","N. Peterman","N. Peterman","QB","CHI","5","","injury-status","Final L 20-38 vs GB","-","999.0","-","-","-","-","-","-","-","-","-","-","-"
"1837","C. Hansen","C. Hansen","WR","","","","injury-status","BYE","-","999.0","-","-","-","-","-","-","-","-","-","-","-"
"1838","J. Chesson","J. Chesson","WR","","","","injury-status","BYE","-","999.0","-","-","-","-","-","-","-","-","-","-","-"
"1839","R. Switzer","R. Switzer","WR","","","","injury-status","BYE","-","999.0","-","-","-","-","-","-","-","-","-","-","-"
"1840","J. Malone","J. Malone","WR","","","","injury-status","BYE","-","999.0","-","-","-","-","-","-","-","-","-","-","-"
"1841","T. Cohen","T. Cohen","RB","CAR","14","","injury-status","Final L 10-24 @ ATL","-","999.0","-","-","-","-","-","-","-","-","-","-","-"
"1842","J. Leggett","J. Leggett","TE","","","","injury-status","BYE","-","999.0","-","-","-","-","-","-","-","-","-","-","-"
"1843","M. Mack","M. Mack","RB","ARI","8","Ques","injury-status questionable","Final L 16-20 @ WAS","-","999.0","-","-","-","-","-","-","-","-","-","-","-"
"1844","J. Butt","J. Butt","TE","","","","injury-status","BYE","-","999.0","-","-","-","-","-","-","-","-","-","-","-"
"1845","W. Gallman","W. Gallman","RB","","","","injury-status","BYE","-","999.0","-","-","-","-","-","-","-","-","-","-","-"
"1846","D. Westbrook","D. Westbrook","WR","","","","injury-status","BYE","-","999.0","-","-","-","-","-","-","-","-","-","-","-"
"1847","A. Darboh","A. Darboh","WR","","","","injury-status","BYE","-","999.0","-","-","-","-","-","-","-","-","-","-","-"
"1848","C. Williams","C. Williams","WR","","","Ques","injury-status questionable","BYE","-","469.0","-","-","-","-","-","-","-","-","-","-","-"
"1849","T. Taylor","T. Taylor","WR","","","","injury-status","BYE","-","999.0","-","-","-","-","-","-","-","-","-","-","-"
"1850","C. Henderson","C. Henderson","WR","","","","injury-status","BYE","-","999.0","-","-","-","-","-","-","-","-","-","-","-"
"1851","A. Shaheen","A. Shaheen","TE","","","","injury-status","BYE","-","356.0","-","-","-","-","-","-","-","-","-","-","-"
"1852","D. Webb","D. Webb","QB","","","","injury-status","BYE","-","636.0","-","-","-","-","-","-","-","-","-","-","-"
"1853","C. Kelly","C. Kelly","QB","","","","injury-status","BYE","-","999.0","-","-","-","-","-","-","-","-","-","-","-"
"1854","C. Grayson","C. Grayson","WR","","","","injury-status","BYE","-","999.0","-","-","-","-","-","-","-","-","-","-","-"
"1855","J. Williams","J. Williams","RB","","","","injury-status","BYE","-","999.0","-","-","-","-","-","-","-","-","-","-","-"
"1856","J. Ross","J. Ross","WR","","","Ques","injury-status questionable","BYE","-","999.0","-","-","-","-","-","-","-","-","-","-","-"
"1857","C. Davis","C. Davis","WR","","","","injury-status","BYE","-","999.0","-","-","-","-","-","-","-","-","-","-","-"
"1858","T. Wilson","T. Wilson","TE","","","","injury-status","BYE","-","999.0","-","-","-","-","-","-","-","-","-","-","-"
"1859","D. Kizer","D. Kizer","QB","","","","injury-status","BYE","-","999.0","-","-","-","-","-","-","-","-","-","-","-"
"1860","C. Briggs","C. Briggs","TE","","","","injury-status","BYE","-","999.0","-","-","-","-","-","-","-","-","-","-","-"
"1861","J. Huesman","J. Huesman","QB","","","","injury-status","BYE","-","999.0","-","-","-","-","-","-","-","-","-","-","-"
"1862","B. Sims","B. Sims","QB","","","","injury-status","BYE","-","999.0","-","-","-","-","-","-","-","-","-","-","-"
"1863","T. Pope","T. Pope","RB","","","Ques","injury-status questionable","BYE","-","999.0","-","-","-","-","-","-","-","-","-","-","-"
"1864","N. Truesdell","N. Truesdell","TE","","","","injury-status","BYE","-","999.0","-","-","-","-","-","-","-","-","-","-","-"
"1865","H. Binford","H. Binford","WR","","","","injury-status","BYE","-","999.0","-","-","-","-","-","-","-","-","-","-","-"
"1866","K. Thompson","K. Thompson","WR","","","","injury-status","BYE","-","999.0","-","-","-","-","-","-","-","-","-","-","-"
"1867","D. Watford","D. Watford","WR","","","","injury-status","BYE","-","999.0","-","-","-","-","-","-","-","-","-","-","-"
"1868","E. Wallace","E. Wallace","TE","","","","injury-status","BYE","-","999.0","-","-","-","-","-","-","-","-","-","-","-"
"1869","M. Hall","M. Hall","WR","","","","injury-status","BYE","-","999.0","-","-","-","-","-","-","-","-","-","-","-"
"1870","G. Griffin","G. Griffin","TE","","","","injury-status","BYE","-","999.0","-","-","-","-","-","-","-","-","-","-","-"
"1871","R. Horn","R. Horn","WR","","","","injury-status","BYE","-","999.0","-","-","-","-","-","-","-","-","-","-","-"
"1872","K. Coleman","K. Coleman","RB","","","","injury-status","BYE","-","999.0","-","-","-","-","-","-","-","-","-","-","-"
"1873","R. Morris","R. Morris","RB","","","","injury-status","BYE","-","999.0","-","-","-","-","-","-","-","-","-","-","-"
"1874","M. McFarland","M. McFarland","TE","","","","injury-status","BYE","-","999.0","-","-","-","-","-","-","-","-","-","-","-"
"1875","J. Richard","J. Richard","RB","LV","8","","injury-status","Final W 17-16 @ DEN","-","999.0","-","-","-","-","-","-","-","-","-","-","-"
"1876","J. Simmons","J. Simmons","RB","","","","injury-status","BYE","-","999.0","-","-","-","-","-","-","-","-","-","-","-"
"1877","J. Mickens","J. Mickens","WR","IND","11","","injury-status","Final L 21-31 vs JAX","-","999.0","-","-","-","-","-","-","-","-","-","-","-"
"1878","D. Williams","D. Williams","WR","","","Ques","injury-status questionable","BYE","-","999.0","-","-","-","-","-","-","-","-","-","-","-"
"1879","C. Ham","C. Ham","RB","MIN","6","IR","injury-status ir","Final L 17-20 vs TB","-","620.8","-","-","-","-","-","-","-","-","-","-","-"
"1880","A. Rosas","A. Rosas","K","","","Ques","injury-status questionable","BYE","-","296.0","-","-","-","-","-","-","-","-","-","-","-"
"1881","A. Ellis","A. Ellis","TE","","","","injury-status","BYE","-","999.0","-","-","-","-","-","-","-","-","-","-","-"
"1882","M. Tucker","M. Tucker","WR","","","","injury-status","BYE","-","999.0","-","-","-","-","-","-","-","-","-","-","-"
"1883","B. Brown-Dukes","B. Brown-Dukes","RB","","","","injury-status","BYE","-","999.0","-","-","-","-","-","-","-","-","-","-","-"
"1884","J. Brown","J. Brown","K","","","","injury-status","BYE","-","999.0","-","-","-","-","-","-","-","-","-","-","-"
"1885","E. Penny","E. Penny","RB","","","","injury-status","BYE","-","999.0","-","-","-","-","-","-","-","-","-","-","-"
"1886","C. O'Neal","C. O'Neal","RB","","","","injury-status","BYE","-","999.0","-","-","-","-","-","-","-","-","-","-","-"
"1887","J. Vander Laan","J. Vander Laan","TE","","","","injury-status","BYE","-","999.0","-","-","-","-","-","-","-","-","-","-","-"
"1888","B. Shippen","B. Shippen","WR","","","","injury-status","BYE","-","999.0","-","-","-","-","-","-","-","-","-","-","-"
"1889","R. Mullaney","R. Mullaney","WR","","","","injury-status","BYE","-","999.0","-","-","-","-","-","-","-","-","-","-","-"
"1890","T. Jones","T. Jones","WR","","","","injury-status","BYE","-","999.0","-","-","-","-","-","-","-","-","-","-","-"
"1891","J. Holtz","J. Holtz","TE","","","","injury-status","BYE","-","355.0","-","-","-","-","-","-","-","-","-","-","-"
"1892","T. Carson","T. Carson","RB","","","","injury-status","BYE","-","999.0","-","-","-","-","-","-","-","-","-","-","-"
"1893","W. Ratelle","W. Ratelle","RB","","","","injury-status","BYE","-","999.0","-","-","-","-","-","-","-","-","-","-","-"
"1894","J. Cook","J. Cook","TE","","","","injury-status","BYE","-","999.0","-","-","-","-","-","-","-","-","-","-","-"
"1895","J. Perkins","J. Perkins","TE","NYJ","9","","injury-status","Final W 22-16 vs BUF","-","999.0","-","-","-","-","-","-","-","-","-","-","-"
"1896","V. Showers","V. Showers","WR","","","","injury-status","BYE","-","999.0","-","-","-","-","-","-","-","-","-","-","-"
"1897","R. Diggs","R. Diggs","WR","","","","injury-status","BYE","-","999.0","-","-","-","-","-","-","-","-","-","-","-"
"1898","M. Thomas","M. Thomas","WR","","","Ques","injury-status questionable","BYE","-","330.9","-","-","-","-","-","-","-","-","-","-","-"
"1899","M. Weiser","M. Weiser","TE","","","","injury-status","BYE","-","999.0","-","-","-","-","-","-","-","-","-","-","-"
"1900","Q. Hicks","Q. Hicks","RB","","","","injury-status","BYE","-","999.0","-","-","-","-","-","-","-","-","-","-","-"
"1901","S. Vainuku","S. Vainuku","RB","","","","injury-status","BYE","-","999.0","-","-","-","-","-","-","-","-","-","-","-"
"1902","J. Williams-Lambert","J. Williams-Lambert","WR","","","","injury-status","BYE","-","999.0","-","-","-","-","-","-","-","-","-","-","-"
"1903","T. Lewis","T. Lewis","WR","","","Ques","injury-status questionable","BYE","-","999.0","-","-","-","-","-","-","-","-","-","-","-"
"1904","D. Stewart","D. Stewart","WR","","","","injury-status","BYE","-","999.0","-","-","-","-","-","-","-","-","-","-","-"
"1905","K. Cartwright","K. Cartwright","TE","","","","injury-status","BYE","-","999.0","-","-","-","-","-","-","-","-","-","-","-"
"1906","P. Barber","P. Barber","RB","","","","injury-status","BYE","-","278.2","-","-","-","-","-","-","-","-","-","-","-"
"1907","M. Leak","M. Leak","WR","","","","injury-status","BYE","-","999.0","-","-","-","-","-","-","-","-","-","-","-"
"1908","C. Rogers","C. Rogers","WR","","","","injury-status","BYE","-","999.0","-","-","-","-","-","-","-","-","-","-","-"
"1909","A. Bonnet","A. Bonnet","RB","","","","injury-status","BYE","-","999.0","-","-","-","-","-","-","-","-","-","-","-"
"1910","M. Michel","M. Michel","WR","","","","injury-status","BYE","-","999.0","-","-","-","-","-","-","-","-","-","-","-"
"1911","B. Williams","B. Williams","TE","","","","injury-status","BYE","-","999.0","-","-","-","-","-","-","-","-","-","-","-"
"1912","C. Severin","C. Severin","WR","","","","injury-status","BYE","-","999.0","-","-","-","-","-","-","-","-","-","-","-"
"1913","J. Robinson","J. Robinson","WR","","","","injury-status","BYE","-","999.0","-","-","-","-","-","-","-","-","-","-","-"
"1914","J. Jones","J. Jones","WR","","","","injury-status","BYE","-","999.0","-","-","-","-","-","-","-","-","-","-","-"
"1915","M. Mathews","M. Mathews","WR","","","","injury-status","BYE","-","999.0","-","-","-","-","-","-","-","-","-","-","-"
"1916","K. Maye","K. Maye","WR","","","","injury-status","BYE","-","999.0","-","-","-","-","-","-","-","-","-","-","-"
"1917","J. McGee","J. McGee","TE","","","","injury-status","BYE","-","999.0","-","-","-","-","-","-","-","-","-","-","-"
"1918","D. Williams","D. Williams","WR","","","","injury-status","BYE","-","999.0","-","-","-","-","-","-","-","-","-","-","-"
"1919","S. Scheu","S. Scheu","TE","","","","injury-status","BYE","-","999.0","-","-","-","-","-","-","-","-","-","-","-"
"1920","G. Allison","G. Allison","WR","","","","injury-status","BYE","-","999.0","-","-","-","-","-","-","-","-","-","-","-"
"1921","D. Cajuste","D. Cajuste","WR","","","","injury-status","BYE","-","999.0","-","-","-","-","-","-","-","-","-","-","-"
"1922","D. Griswold","D. Griswold","TE","","","","injury-status","BYE","-","999.0","-","-","-","-","-","-","-","-","-","-","-"
"1923","S. Anderson","S. Anderson","TE","LAC","12","","injury-status","Final L 34-36 vs MIA","-","999.0","-","-","-","-","-","-","-","-","-","-","-"
"1924","M. Bercovici","M. Bercovici","QB","","","","injury-status","BYE","-","999.0","-","-","-","-","-","-","-","-","-","-","-"
"1925","D. Foster","D. Foster","RB","","","","injury-status","BYE","-","999.0","-","-","-","-","-","-","-","-","-","-","-"
"1926","C. Brown","C. Brown","WR","","","","injury-status","BYE","-","999.0","-","-","-","-","-","-","-","-","-","-","-"
"1927","J. Holton","J. Holton","WR","","","","injury-status","BYE","-","999.0","-","-","-","-","-","-","-","-","-","-","-"
"1928","K. Garrett","K. Garrett","WR","","","","injury-status","BYE","-","999.0","-","-","-","-","-","-","-","-","-","-","-"
"1929","T. Bertolet","T. Bertolet","K","","","","injury-status","BYE","-","541.2","-","-","-","-","-","-","-","-","-","-","-"
"1930","B. Braunecker","B. Braunecker","TE","","","","injury-status","BYE","-","999.0","-","-","-","-","-","-","-","-","-","-","-"
"1931","M. North","M. North","WR","","","","injury-status","BYE","-","999.0","-","-","-","-","-","-","-","-","-","-","-"
"1932","R. Martin","R. Martin","K","","","","injury-status","BYE","-","629.5","-","-","-","-","-","-","-","-","-","-","-"
"1933","J. Stave","J. Stave","QB","","","","injury-status","BYE","-","656.5","-","-","-","-","-","-","-","-","-","-","-"
"1934","J. Ferguson","J. Ferguson","RB","","","","injury-status","BYE","-","999.0","-","-","-","-","-","-","-","-","-","-","-"
"1935","C. Jones","C. Jones","WR","","","","injury-status","BYE","-","999.0","-","-","-","-","-","-","-","-","-","-","-"
"1936","M. Johnson","M. Johnson","WR","","","","injury-status","BYE","-","999.0","-","-","-","-","-","-","-","-","-","-","-"
"1937","C. Swain","C. Swain","RB","","","","injury-status","BYE","-","999.0","-","-","-","-","-","-","-","-","-","-","-"
"1938","J. Woodrum","J. Woodrum","QB","","","","injury-status","BYE","-","999.0","-","-","-","-","-","-","-","-","-","-","-"
"1939","J. Edelman","J. Edelman","WR","","","","injury-status","BYE","-","580.9","-","-","-","-","-","-","-","-","-","-","-"
"1940","M. McKay","M. McKay","WR","","","","injury-status","BYE","-","999.0","-","-","-","-","-","-","-","-","-","-","-"
"1941","D. Johnson","D. Johnson","RB","","","","injury-status","BYE","-","999.0","-","-","-","-","-","-","-","-","-","-","-"
"1942","B. Sandland","B. Sandland","TE","","","","injury-status","BYE","-","999.0","-","-","-","-","-","-","-","-","-","-","-"
"1943","K. Lawler","K. Lawler","WR","","","","injury-status","BYE","-","999.0","-","-","-","-","-","-","-","-","-","-","-"
"1944","K. Marshall","K. Marshall","RB","","","","injury-status","BYE","-","999.0","-","-","-","-","-","-","-","-","-","-","-"
"1945","D. Fuller","D. Fuller","WR","","","","injury-status","BYE","-","999.0","-","-","-","-","-","-","-","-","-","-","-"
"1946","D. Lucien","D. Lucien","WR","","","","injury-status","BYE","-","999.0","-","-","-","-","-","-","-","-","-","-","-"
"1947","D. Jackson","D. Jackson","RB","","","","injury-status","BYE","-","999.0","-","-","-","-","-","-","-","-","-","-","-"
"1948","B. Allen","B. Allen","QB","SF","14","","injury-status","Final W 30-7 @ PIT","-","358.0","-","-","-","-","-","-","-","-","-","-","-"
"1949","C. Core","C. Core","WR","","","Ques","injury-status questionable","BYE","-","999.0","-","-","-","-","-","-","-","-","-","-","-"
"1950","D. Watt","D. Watt","RB","","","","injury-status","BYE","-","999.0","-","-","-","-","-","-","-","-","-","-","-"
"1951","D. Vitale","D. Vitale","RB","","","","injury-status","BYE","-","999.0","-","-","-","-","-","-","-","-","-","-","-"
"1952","K. Listenbee","K. Listenbee","WR","","","","injury-status","BYE","-","999.0","-","-","-","-","-","-","-","-","-","-","-"
"1953","J. Rudock","J. Rudock","QB","","","","injury-status","BYE","-","999.0","-","-","-","-","-","-","-","-","-","-","-"
"1954","N. Sudfeld","N. Sudfeld","QB","DET","8","","injury-status","Final W 21-20 @ KC","-","999.0","-","-","-","-","-","-","-","-","-","-","-"
"1955","J. Grant","J. Grant","WR","CLE","9","","injury-status","Final W 24-3 vs CIN","-","999.0","-","-","-","-","-","-","-","-","-","-","-"
"1956","J. Adams","J. Adams","TE","","","","injury-status","BYE","-","999.0","-","-","-","-","-","-","-","-","-","-","-"
"1957","M. Bohringer","M. Bohringer","TE","","","","injury-status","BYE","-","548.5","-","-","-","-","-","-","-","-","-","-","-"
"1958","T. Hemingway","T. Hemingway","TE","WAS","12","","injury-status","Final W 20-16 vs ARI","-","999.0","-","-","-","-","-","-","-","-","-","-","-"
"1959","A. Janovich","A. Janovich","RB","","","","injury-status","BYE","-","999.0","-","-","-","-","-","-","-","-","-","-","-"
"1960","R. Fitzpatrick","R. Fitzpatrick","QB","","","","injury-status","BYE","-","502.4","-","-","-","-","-","-","-","-","-","-","-"
"1961","A. Collins","A. Collins","RB","","","","injury-status","BYE","-","635.5","-","-","-","-","-","-","-","-","-","-","-"
"1962","T. Davis","T. Davis","WR","","","","injury-status","BYE","-","999.0","-","-","-","-","-","-","-","-","-","-","-"
"1963","K. Hogan","K. Hogan","QB","","","","injury-status","BYE","-","999.0","-","-","-","-","-","-","-","-","-","-","-"
"1964","J. Williams","J. Williams","RB","WAS","12","Ques","injury-status questionable","Final W 20-16 vs ARI","-","664.0","-","-","-","-","-","-","-","-","-","-","-"
"1965","P. Rivers","P. Rivers","QB","","","","injury-status","BYE","-","999.0","-","-","-","-","-","-","-","-","-","-","-"
"1966","W. Smallwood","W. Smallwood","RB","WAS","12","","injury-status","Final W 20-16 vs ARI","-","999.0","-","-","-","-","-","-","-","-","-","-","-"
"1967","D. Washington","D. Washington","RB","","","","injury-status","BYE","-","999.0","-","-","-","-","-","-","-","-","-","-","-"
"1968","T. Sharpe","T. Sharpe","WR","","","Ques","injury-status questionable","BYE","-","999.0","-","-","-","-","-","-","-","-","-","-","-"
"1969","S. DeValve","S. DeValve","TE","","","","injury-status","BYE","-","999.0","-","-","-","-","-","-","-","-","-","-","-"
"1970","T. Ervin","T. Ervin","RB","","","Ques","injury-status questionable","BYE","-","999.0","-","-","-","-","-","-","-","-","-","-","-"
"1971","N. Vannett","N. Vannett","TE","LAC","12","","injury-status","Final L 34-36 vs MIA","-","999.0","-","-","-","-","-","-","-","-","-","-","-"
"1972","B. Kaufusi","B. Kaufusi","TE","GB","5","","injury-status","Final W 38-20 @ CHI","-","453.7","-","-","-","-","-","-","-","-","-","-","-"
"1973","P. Perkins","P. Perkins","RB","","","","injury-status","BYE","-","493.3","-","-","-","-","-","-","-","-","-","-","-"
"1974","D. Booker","D. Booker","RB","","","","injury-status","BYE","-","532.3","-","-","-","-","-","-","-","-","-","-","-"
"1975","K. Dixon","K. Dixon","RB","","","","injury-status","BYE","-","999.0","-","-","-","-","-","-","-","-","-","-","-"
"1976","C. Kessler","C. Kessler","QB","","","","injury-status","BYE","-","999.0","-","-","-","-","-","-","-","-","-","-","-"
"1977","C. Prosise","C. Prosise","RB","","","","injury-status","BYE","-","999.0","-","-","-","-","-","-","-","-","-","-","-"
"1978","J. Doctson","J. Doctson","WR","","","","injury-status","BYE","-","999.0","-","-","-","-","-","-","-","-","-","-","-"
"1979","C. Coleman","C. Coleman","WR","","","","injury-status","BYE","-","999.0","-","-","-","-","-","-","-","-","-","-","-"
"1980","P. Lynch","P. Lynch","QB","","","","injury-status","BYE","-","999.0","-","-","-","-","-","-","-","-","-","-","-"
"1981","W. Fuller","W. Fuller","WR","","","Ques","injury-status questionable","BYE","-","999.0","-","-","-","-","-","-","-","-","-","-","-"
"1982","X. Rush","X. Rush","WR","","","","injury-status","BYE","-","999.0","-","-","-","-","-","-","-","-","-","-","-"
"1983","A. Dable","A. Dable","WR","","","","injury-status","BYE","-","999.0","-","-","-","-","-","-","-","-","-","-","-"
"1984","M. Slater","M. Slater","WR","NE","14","","injury-status","Final L 20-25 vs PHI","-","999.0","-","-","-","-","-","-","-","-","-","-","-"
"1985","J. Johnson","J. Johnson","WR","","","","injury-status","BYE","-","999.0","-","-","-","-","-","-","-","-","-","-","-"
"1986","C. Manhertz","C. Manhertz","TE","DEN","12","","injury-status","Final L 16-17 vs LV","-","999.0","-","-","-","-","-","-","-","-","-","-","-"
"1987","G. Sinclair","G. Sinclair","TE","","","","injury-status","BYE","-","999.0","-","-","-","-","-","-","-","-","-","-","-"
"1988","R. Travis","R. Travis","TE","","","","injury-status","BYE","-","999.0","-","-","-","-","-","-","-","-","-","-","-"
"1989","M. Lengel","M. Lengel","TE","","","","injury-status","BYE","-","999.0","-","-","-","-","-","-","-","-","-","-","-"
"1990","M. Wile","M. Wile","P, K","","","","injury-status","BYE","-","999.0","-","-","-","-","-","-","-","-","-","-","-"
"1991","B. Cottom","B. Cottom","RB","","","","injury-status","BYE","-","999.0","-","-","-","-","-","-","-","-","-","-","-"
"1992","M. LaCosse","M. LaCosse","TE","NE","14","","injury-status","Final L 20-25 vs PHI","-","999.0","-","-","-","-","-","-","-","-","-","-","-"
"1993","D. Lawrence","D. Lawrence","WR","","","","injury-status","BYE","-","999.0","-","-","-","-","-","-","-","-","-","-","-"
"1994","D. Foxx","D. Foxx","WR","","","","injury-status","BYE","-","999.0","-","-","-","-","-","-","-","-","-","-","-"
"1995","B. Vogler","B. Vogler","TE","","","","injury-status","BYE","-","999.0","-","-","-","-","-","-","-","-","-","-","-"
"1996","R. Smith","R. Smith","RB","","","","injury-status","BYE","-","999.0","-","-","-","-","-","-","-","-","-","-","-"
"1997","D. Brees","D. Brees","QB","","","","injury-status","BYE","-","649.3","-","-","-","-","-","-","-","-","-","-","-"
"1998","Z. Laskey","Z. Laskey","RB","","","","injury-status","BYE","-","999.0","-","-","-","-","-","-","-","-","-","-","-"
"1999","D. Walker","D. Walker","TE","","","","injury-status","BYE","-","999.0","-","-","-","-","-","-","-","-","-","-","-"
"2000","K. Cook","K. Cook","WR","","","","injury-status","BYE","-","999.0","-","-","-","-","-","-","-","-","-","-","-"
"2001","A. Humphries","A. Humphries","WR","","","","injury-status","BYE","-","999.0","-","-","-","-","-","-","-","-","-","-","-"
"2002","J. Kumerow","J. Kumerow","WR","","","Ques","injury-status questionable","BYE","-","999.0","-","-","-","-","-","-","-","-","-","-","-"
"2003","M. Meyer","M. Meyer","K","","","","injury-status","BYE","-","554.4","-","-","-","-","-","-","-","-","-","-","-"
"2004","M. Palardy","M. Palardy","P, K","","","","injury-status","BYE","-","999.0","-","-","-","-","-","-","-","-","-","-","-"
"2005","D. White","D. White","WR","","","Ques","injury-status questionable","BYE","-","999.0","-","-","-","-","-","-","-","-","-","-","-"
"2006","G. Johnson","G. Johnson","RB","","","","injury-status","BYE","-","999.0","-","-","-","-","-","-","-","-","-","-","-"
"2007","E. Tomlinson","E. Tomlinson","TE","IND","11","","injury-status","Final L 21-31 vs JAX","-","299.0","-","-","-","-","-","-","-","-","-","-","-"
"2008","R. Bailey","R. Bailey","WR","","","","injury-status","BYE","-","999.0","-","-","-","-","-","-","-","-","-","-","-"
"2009","D. Brown","D. Brown","TE","","","Ques","injury-status questionable","BYE","-","999.0","-","-","-","-","-","-","-","-","-","-","-"
"2010","A. Smith","A. Smith","QB","","","","injury-status","BYE","-","607.3","-","-","-","-","-","-","-","-","-","-","-"
"2011","D. Byrd","D. Byrd","WR","","","","injury-status","BYE","-","999.0","-","-","-","-","-","-","-","-","-","-","-"
"2012","J. Lambo","J. Lambo","K","","","","injury-status","BYE","-","665.7","-","-","-","-","-","-","-","-","-","-","-"
"2013","T. Long","T. Long","P, K","","","","injury-status","BYE","-","999.0","-","-","-","-","-","-","-","-","-","-","-"
"2014","J. Heaps","J. Heaps","QB","","","","injury-status","BYE","-","659.5","-","-","-","-","-","-","-","-","-","-","-"
"2015","D. Jennings","D. Jennings","WR","","","","injury-status","BYE","-","999.0","-","-","-","-","-","-","-","-","-","-","-"
"2016","T. Semisch","T. Semisch","TE","","","","injury-status","BYE","-","999.0","-","-","-","-","-","-","-","-","-","-","-"
"2017","A. Goodley","A. Goodley","WR","","","","injury-status","BYE","-","999.0","-","-","-","-","-","-","-","-","-","-","-"
"2018","D. Anderson","D. Anderson","WR","","","","injury-status","BYE","-","999.0","-","-","-","-","-","-","-","-","-","-","-"
"2019","T. Williams","T. Williams","WR","","","Ques","injury-status questionable","BYE","-","999.0","-","-","-","-","-","-","-","-","-","-","-"
"2020","T. Davis","T. Davis","WR","","","","injury-status","BYE","-","999.0","-","-","-","-","-","-","-","-","-","-","-"
"2021","Z. Zenner","Z. Zenner","RB","","","","injury-status","BYE","-","247.0","-","-","-","-","-","-","-","-","-","-","-"
"2022","R. Anderson","R. Anderson","TE","","","","injury-status","BYE","-","999.0","-","-","-","-","-","-","-","-","-","-","-"
"2023","D. Brown","D. Brown","WR","","","","injury-status","BYE","-","999.0","-","-","-","-","-","-","-","-","-","-","-"
"2024","B. Koyack","B. Koyack","TE","","","","injury-status","BYE","-","999.0","-","-","-","-","-","-","-","-","-","-","-"
"2025","M. Johnson","M. Johnson","RB","","","","injury-status","BYE","-","999.0","-","-","-","-","-","-","-","-","-","-","-"
"2026","N. O'Leary","N. O'Leary","TE","","","Ques","injury-status questionable","BYE","-","999.0","-","-","-","-","-","-","-","-","-","-","-"
"2027","G. Davis","G. Davis","WR","","","","injury-status","BYE","-","302.7","-","-","-","-","-","-","-","-","-","-","-"
"2028","J. O'Shaughnessy","J. O'Shaughnessy","TE","","","","injury-status","BYE","-","999.0","-","-","-","-","-","-","-","-","-","-","-"
"2029","N. Boyle","N. Boyle","TE","","","","injury-status","BYE","-","690.0","-","-","-","-","-","-","-","-","-","-","-"
"2030","M. Burton","M. Burton","RB","DEN","12","IR","injury-status ir","Final L 16-17 vs LV","-","999.0","-","-","-","-","-","-","-","-","-","-","-"
"2031","K. Bell","K. Bell","WR","","","","injury-status","BYE","-","999.0","-","-","-","-","-","-","-","-","-","-","-"
"2032","J. James","J. James","TE","","","","injury-status","BYE","-","999.0","-","-","-","-","-","-","-","-","-","-","-"
"2033","J. Nelson","J. Nelson","WR","","","","injury-status","BYE","-","999.0","-","-","-","-","-","-","-","-","-","-","-"
"2034","D. Sproles","D. Sproles","RB","","","","injury-status","BYE","-","999.0","-","-","-","-","-","-","-","-","-","-","-"
"2035","J. Ajayi","J. Ajayi","RB","","","","injury-status","BYE","-","999.0","-","-","-","-","-","-","-","-","-","-","-"
"2036","B. Hundley","B. Hundley","QB","","","","injury-status","BYE","-","999.0","-","-","-","-","-","-","-","-","-","-","-"
"2037","M. Davis","M. Davis","RB","","","","injury-status","BYE","-","560.1","-","-","-","-","-","-","-","-","-","-","-"
"2038","J. Allen","J. Allen","RB","","","","injury-status","BYE","-","349.4","-","-","-","-","-","-","-","-","-","-","-"
"2039","J. Hardy","J. Hardy","WR","","","","injury-status","BYE","-","435.8","-","-","-","-","-","-","-","-","-","-","-"
"2040","M. Ryan","M. Ryan","QB","","","","injury-status","BYE","-","665.1","-","-","-","-","-","-","-","-","-","-","-"
"2041","J. Heuerman","J. Heuerman","TE","","","","injury-status","BYE","-","999.0","-","-","-","-","-","-","-","-","-","-","-"
"2042","S. Mannion","S. Mannion","QB","SEA","8","","injury-status","Final L 13-30 vs LAR","-","343.3","-","-","-","-","-","-","-","-","-","-","-"
"2043","D. Johnson","D. Johnson","RB","","","","injury-status","BYE","-","999.0","-","-","-","-","-","-","-","-","-","-","-"
"2044","D. Johnson","D. Johnson","RB","","","","injury-status","BYE","-","999.0","-","-","-","-","-","-","-","-","-","-","-"
"2045","C. Walford","C. Walford","TE","","","","injury-status","BYE","-","999.0","-","-","-","-","-","-","-","-","-","-","-"
"2046","D. Funchess","D. Funchess","TE","","","","injury-status","BYE","-","999.0","-","-","-","-","-","-","-","-","-","-","-"
"2047","D. Smith","D. Smith","WR","","","","injury-status","BYE","-","378.0","-","-","-","-","-","-","-","-","-","-","-"
"2048","T. Yeldon","T. Yeldon","RB","","","","injury-status","BYE","-","999.0","-","-","-","-","-","-","-","-","-","-","-"
"2049","P. Dorsett","P. Dorsett","WR","DEN","12","","injury-status","Final L 16-17 vs LV","-","999.0","-","-","-","-","-","-","-","-","-","-","-"
"2050","M. Moore","M. Moore","QB","","","","injury-status","BYE","-","999.0","-","-","-","-","-","-","-","-","-","-","-"
"2051","F. Gore","F. Gore","RB","","","","injury-status","BYE","-","999.0","-","-","-","-","-","-","-","-","-","-","-"
"2052","T. Gurley","T. Gurley","RB","","","","injury-status","BYE","-","999.0","-","-","-","-","-","-","-","-","-","-","-"
"2053","K. White","K. White","WR","","","","injury-status","BYE","-","540.0","-","-","-","-","-","-","-","-","-","-","-"
"2054","J. Cunningham","J. Cunningham","TE","","","","injury-status","BYE","-","999.0","-","-","-","-","-","-","-","-","-","-","-"
"2055","J. Witten","J. Witten","TE","","","","injury-status","BYE","-","999.0","-","-","-","-","-","-","-","-","-","-","-"
"2056","D. Inman","D. Inman","WR","","","","injury-status","BYE","-","521.4","-","-","-","-","-","-","-","-","-","-","-"
"2057","P. Richardson","P. Richardson","WR","","","","injury-status","BYE","-","999.0","-","-","-","-","-","-","-","-","-","-","-"
"2058","T. Millard","T. Millard","RB","","","","injury-status","BYE","-","999.0","-","-","-","-","-","-","-","-","-","-","-"
"2059","C. Hyde","C. Hyde","RB","","","","injury-status","BYE","-","999.0","-","-","-","-","-","-","-","-","-","-","-"
"2060","J. Brown","J. Brown","WR","","","","injury-status","BYE","-","999.0","-","-","-","-","-","-","-","-","-","-","-"
"2061","L. Fitzgerald","L. Fitzgerald","WR","","","","injury-status","BYE","-","999.0","-","-","-","-","-","-","-","-","-","-","-"
"2062","G. Gilbert","G. Gilbert","QB","","","","injury-status","BYE","-","322.3","-","-","-","-","-","-","-","-","-","-","-"
"2063","M. Lucas","M. Lucas","WR","","","","injury-status","BYE","-","547.5","-","-","-","-","-","-","-","-","-","-","-"
"2064","R. Nix","R. Nix","RB","","","","injury-status","BYE","-","999.0","-","-","-","-","-","-","-","-","-","-","-"
"2065","D. Freeman","D. Freeman","RB","","","","injury-status","BYE","-","999.0","-","-","-","-","-","-","-","-","-","-","-"
"2066","R. Rodgers","R. Rodgers","TE","","","Ques","injury-status questionable","BYE","-","999.0","-","-","-","-","-","-","-","-","-","-","-"
"2067","R. Neal","R. Neal","RB","","","","injury-status","BYE","-","999.0","-","-","-","-","-","-","-","-","-","-","-"
"2068","T. Jones","T. Jones","WR","","","","injury-status","BYE","-","999.0","-","-","-","-","-","-","-","-","-","-","-"
"2069","E. Ebron","E. Ebron","TE","PIT","5","","injury-status","Final L 7-30 vs SF","-","652.0","-","-","-","-","-","-","-","-","-","-","-"
"2070","S. Perry","S. Perry","RB","","","","injury-status","BYE","-","999.0","-","-","-","-","-","-","-","-","-","-","-"
"2071","D. Fales","D. Fales","QB","","","","injury-status","BYE","-","999.0","-","-","-","-","-","-","-","-","-","-","-"
"2072","R. Grant","R. Grant","WR","","","","injury-status","BYE","-","999.0","-","-","-","-","-","-","-","-","-","-","-"
"2073","X. Grimble","X. Grimble","TE","","","","injury-status","BYE","-","999.0","-","-","-","-","-","-","-","-","-","-","-"
"2074","J. McCown","J. McCown","QB","","","","injury-status","BYE","-","674.7","-","-","-","-","-","-","-","-","-","-","-"
"2075","K. Smith","K. Smith","RB","ATL","5","Ques","injury-status questionable","Final W 24-10 vs CAR","-","999.0","-","-","-","-","-","-","-","-","-","-","-"
"2076","S. Simonson","S. Simonson","TE","","","","injury-status","BYE","-","999.0","-","-","-","-","-","-","-","-","-","-","-"
"2077","S. Roberts","S. Roberts","WR","","","","injury-status","BYE","-","999.0","-","-","-","-","-","-","-","-","-","-","-"
"2078","A. Wilson","A. Wilson","WR","","","","injury-status","BYE","-","999.0","-","-","-","-","-","-","-","-","-","-","-"
"2079","D. Thomas","D. Thomas","WR","","","","injury-status","BYE","-","999.0","-","-","-","-","-","-","-","-","-","-","-"
"2080","C. Latimer","C. Latimer","WR","","","","injury-status","BYE","-","999.0","-","-","-","-","-","-","-","-","-","-","-"
"2081","B. Fowler","B. Fowler","WR","","","","injury-status","BYE","-","999.0","-","-","-","-","-","-","-","-","-","-","-"
"2082","V. Davis","V. Davis","TE","","","","injury-status","BYE","-","481.6","-","-","-","-","-","-","-","-","-","-","-"
"2083","M. Lee","M. Lee","WR","","","","injury-status","BYE","-","999.0","-","-","-","-","-","-","-","-","-","-","-"
"2084","A. Hurns","A. Hurns","WR","MIA","12","Ques","injury-status questionable","Final W 36-34 @ LAC","-","999.0","-","-","-","-","-","-","-","-","-","-","-"
"2085","B. Bortles","B. Bortles","QB","NO","11","","injury-status","Final W 16-15 vs TEN","-","999.0","-","-","-","-","-","-","-","-","-","-","-"
"2086","C. Parkey","C. Parkey","K","","","","injury-status","BYE","-","587.0","-","-","-","-","-","-","-","-","-","-","-"
"2087","D. Moncrief","D. Moncrief","WR","","","Ques","injury-status questionable","BYE","-","999.0","-","-","-","-","-","-","-","-","-","-","-"
"2088","D. Walker","D. Walker","WR","","","","injury-status","BYE","-","999.0","-","-","-","-","-","-","-","-","-","-","-"
"2089","M. Bryant","M. Bryant","WR","","","","injury-status","BYE","-","999.0","-","-","-","-","-","-","-","-","-","-","-"
"2090","W. Snead","W. Snead","WR","SF","14","","injury-status","Final W 30-7 @ PIT","-","656.2","-","-","-","-","-","-","-","-","-","-","-"
"2091","T. Gabriel","T. Gabriel","WR","","","","injury-status","BYE","-","999.0","-","-","-","-","-","-","-","-","-","-","-"
"2092","A. McCarron","A. McCarron","QB","CIN","10","","injury-status","Final L 3-24 @ CLE","-","999.0","-","-","-","-","-","-","-","-","-","-","-"
"2093","S. Evans","S. Evans","WR","","","","injury-status","BYE","-","999.0","-","-","-","-","-","-","-","-","-","-","-"
"2094","Q. Enunwa","Q. Enunwa","WR","","","","injury-status","BYE","-","999.0","-","-","-","-","-","-","-","-","-","-","-"
"2095","J. White","J. White","RB","","","","injury-status","BYE","-","999.0","-","-","-","-","-","-","-","-","-","-","-"
"2096","S. Houston","S. Houston","RB","","","","injury-status","BYE","-","999.0","-","-","-","-","-","-","-","-","-","-","-"
"2097","A. Peterson","A. Peterson","RB","","","","injury-status","BYE","-","999.0","-","-","-","-","-","-","-","-","-","-","-"
"2098","D. Stanton","D. Stanton","QB","","","","injury-status","BYE","-","999.0","-","-","-","-","-","-","-","-","-","-","-"
"2099","J. Matthews","J. Matthews","TE","CAR","14","","injury-status","Final L 10-24 @ ATL","-","386.5","-","-","-","-","-","-","-","-","-","-","-"
"2100","D. Fluellen","D. Fluellen","RB","","","","injury-status","BYE","-","999.0","-","-","-","-","-","-","-","-","-","-","-"
"2101","T. Burton","T. Burton","TE","","","","injury-status","BYE","-","262.3","-","-","-","-","-","-","-","-","-","-","-"
"2102","M. Schaub","M. Schaub","QB","","","","injury-status","BYE","-","999.0","-","-","-","-","-","-","-","-","-","-","-"
"2103","J. Hill","J. Hill","TE","","","","injury-status","BYE","-","283.4","-","-","-","-","-","-","-","-","-","-","-"
"2104","D. Carrier","D. Carrier","TE","","","","injury-status","BYE","-","292.5","-","-","-","-","-","-","-","-","-","-","-"
"2105","J. Doyle","J. Doyle","TE","IND","11","","injury-status","Final L 21-31 vs JAX","-","559.9","-","-","-","-","-","-","-","-","-","-","-"
"2106","E. Rogers","E. Rogers","WR","","","","injury-status","BYE","-","999.0","-","-","-","-","-","-","-","-","-","-","-"
"2107","B. Williams","B. Williams","TE","","","","injury-status","BYE","-","999.0","-","-","-","-","-","-","-","-","-","-","-"
"2108","Z. Line","Z. Line","RB","","","","injury-status","BYE","-","548.5","-","-","-","-","-","-","-","-","-","-","-"
"2109","J. Brown","J. Brown","WR","","","","injury-status","BYE","-","999.0","-","-","-","-","-","-","-","-","-","-","-"
"2110","U. Nwachukwu","U. Nwachukwu","WR","","","","injury-status","BYE","-","386.4","-","-","-","-","-","-","-","-","-","-","-"
"2111","T. Brady","T. Brady","QB","","","","injury-status","BYE","-","999.0","-","-","-","-","-","-","-","-","-","-","-"
"2112","T. Sinkfield","T. Sinkfield","WR","","","","injury-status","BYE","-","999.0","-","-","-","-","-","-","-","-","-","-","-"
"2113","L. Toilolo","L. Toilolo","TE","NYG","14","Ques","injury-status questionable","Final L 0-40 vs DAL","-","999.0","-","-","-","-","-","-","-","-","-","-","-"
"2114","D. Harris","D. Harris","TE","","","","injury-status","BYE","-","326.0","-","-","-","-","-","-","-","-","-","-","-"
"2115","T. Bray","T. Bray","QB","","","","injury-status","BYE","-","999.0","-","-","-","-","-","-","-","-","-","-","-"
"2116","N. Williams","N. Williams","WR","DEN","12","","injury-status","Final L 16-17 vs LV","-","999.0","-","-","-","-","-","-","-","-","-","-","-"
"2117","L. Willson","L. Willson","TE","","","","injury-status","BYE","-","401.0","-","-","-","-","-","-","-","-","-","-","-"
"2118","S. Ware","S. Ware","RB","","","","injury-status","BYE","-","332.0","-","-","-","-","-","-","-","-","-","-","-"
"2119","D. Fells","D. Fells","TE","TB","9","","injury-status","Final W 20-17 @ MIN","-","999.0","-","-","-","-","-","-","-","-","-","-","-"
"2120","V. McDonald","V. McDonald","TE","","","","injury-status","BYE","-","999.0","-","-","-","-","-","-","-","-","-","-","-"
"2121","T. Austin","T. Austin","WR","","","","injury-status","BYE","-","472.6","-","-","-","-","-","-","-","-","-","-","-"
"2122","M. Glennon","M. Glennon","QB","","","","injury-status","BYE","-","999.0","-","-","-","-","-","-","-","-","-","-","-"
"2123","K. Stills","K. Stills","WR","","","","injury-status","BYE","-","301.4","-","-","-","-","-","-","-","-","-","-","-"
"2124","R. Griffin","R. Griffin","QB","","","","injury-status","BYE","-","999.0","-","-","-","-","-","-","-","-","-","-","-"
"2125","K. Barner","K. Barner","RB","","","","injury-status","BYE","-","999.0","-","-","-","-","-","-","-","-","-","-","-"
"2126","T. Riddick","T. Riddick","RB","","","","injury-status","BYE","-","491.4","-","-","-","-","-","-","-","-","-","-","-"
"2127","C. Thompson","C. Thompson","RB","","","","injury-status","BYE","-","475.3","-","-","-","-","-","-","-","-","-","-","-"
"2128","J. Reed","J. Reed","TE","","","","injury-status","BYE","-","350.8","-","-","-","-","-","-","-","-","-","-","-"
"2129","D. Jackson","D. Jackson","WR","","","","injury-status","BYE","-","999.0","-","-","-","-","-","-","-","-","-","-","-"
"2130","C. Anderson","C. Anderson","RB","","","","injury-status","BYE","-","999.0","-","-","-","-","-","-","-","-","-","-","-"
"2131","L. Bell","L. Bell","RB","TB","9","","injury-status","Final W 20-17 @ MIN","-","999.0","-","-","-","-","-","-","-","-","-","-","-"
"2132","T. Eifert","T. Eifert","TE","","","","injury-status","BYE","-","420.0","-","-","-","-","-","-","-","-","-","-","-"
"2133","G. Bernard","G. Bernard","RB","","","","injury-status","BYE","-","999.0","-","-","-","-","-","-","-","-","-","-","-"
"2134","B. Roethlisberger","B. Roethlisberger","QB","PIT","5","","injury-status","Final L 7-30 vs SF","-","550.9","-","-","-","-","-","-","-","-","-","-","-"
"2135","M. Barkley","M. Barkley","QB","JAX","8","","injury-status","Final W 31-21 @ IND","-","563.7","-","-","-","-","-","-","-","-","-","-","-"
"2136","R. Shepard","R. Shepard","WR","","","","injury-status","BYE","-","999.0","-","-","-","-","-","-","-","-","-","-","-"
"2137","C. Hogan","C. Hogan","WR","","","","injury-status","BYE","-","999.0","-","-","-","-","-","-","-","-","-","-","-"
"2138","J. Bellamy","J. Bellamy","WR","","","","injury-status","BYE","-","999.0","-","-","-","-","-","-","-","-","-","-","-"
"2139","J. Olawale","J. Olawale","RB","","","","injury-status","BYE","-","999.0","-","-","-","-","-","-","-","-","-","-","-"
"2140","P. DiMarco","P. DiMarco","RB","","","","injury-status","BYE","-","999.0","-","-","-","-","-","-","-","-","-","-","-"
"2141","J. Develin","J. Develin","RB","","","","injury-status","BYE","-","999.0","-","-","-","-","-","-","-","-","-","-","-"
"2142","J. Kearse","J. Kearse","WR","","","","injury-status","BYE","-","999.0","-","-","-","-","-","-","-","-","-","-","-"
"2143","K. Forbath","K. Forbath","K","","","","injury-status","BYE","-","539.0","-","-","-","-","-","-","-","-","-","-","-"
"2144","F. Owusu","F. Owusu","WR","","","","injury-status","BYE","-","999.0","-","-","-","-","-","-","-","-","-","-","-"
"2145","M. Bryant","M. Bryant","K","","","","injury-status","BYE","-","609.5","-","-","-","-","-","-","-","-","-","-","-"
"2146","A. Tanney","A. Tanney","QB","","","","injury-status","BYE","-","999.0","-","-","-","-","-","-","-","-","-","-","-"
"2147","J. Gordon","J. Gordon","WR","","","","injury-status","BYE","-","456.4","-","-","-","-","-","-","-","-","-","-","-"
"2148","R. Turbin","R. Turbin","RB","","","","injury-status","BYE","-","999.0","-","-","-","-","-","-","-","-","-","-","-"
"2149","G. Celek","G. Celek","TE","","","","injury-status","BYE","-","999.0","-","-","-","-","-","-","-","-","-","-","-"
"2150","J. Wright","J. Wright","WR","","","","injury-status","BYE","-","999.0","-","-","-","-","-","-","-","-","-","-","-"
"2151","R. Ellison","R. Ellison","TE","","","","injury-status","BYE","-","999.0","-","-","-","-","-","-","-","-","-","-","-"
"2152","A. Vinatieri","A. Vinatieri","K","","","","injury-status","BYE","-","999.0","-","-","-","-","-","-","-","-","-","-","-"
"2153","A. Morris","A. Morris","RB","","","","injury-status","BYE","-","999.0","-","-","-","-","-","-","-","-","-","-","-"
"2154","R. Griffin","R. Griffin","QB","","","","injury-status","BYE","-","619.6","-","-","-","-","-","-","-","-","-","-","-"
"2155","C. Cota","C. Cota","WR","","","","injury-status","BYE","-","999.0","-","-","-","-","-","-","-","-","-","-","-"
"2156","A. Dykes","A. Dykes","RB","","","","injury-status","BYE","-","478.3","-","-","-","-","-","-","-","-","-","-","-"
"2157","A. Davis","A. Davis","WR","","","","injury-status","BYE","-","999.0","-","-","-","-","-","-","-","-","-","-","-"
"2158","L. Pitts","L. Pitts","TE","","","","injury-status","BYE","-","999.0","-","-","-","-","-","-","-","-","-","-","-"
"2159","L. Pettway","L. Pettway","TE","NE","14","","injury-status","Final L 20-25 vs PHI","-","584.0","-","-","-","-","-","-","-","-","-","-","-"
"2160","J. Bates","J. Bates","K","","","","injury-status","BYE","-","999.0","-","-","-","-","-","-","-","-","-","-","-"
"2161","T. Clinton","T. Clinton","RB","","","","injury-status","BYE","-","999.0","-","-","-","-","-","-","-","-","-","-","-"
"2162","W. Taulapapa","W. Taulapapa","RB","","","","injury-status","BYE","-","624.4","-","-","-","-","-","-","-","-","-","-","-"
"2163","M. Wright","M. Wright","WR","","","Ques","injury-status questionable","BYE","-","999.0","-","-","-","-","-","-","-","-","-","-","-"
"2164","M. Trickett","M. Trickett","K","","","","injury-status","BYE","-","622.0","-","-","-","-","-","-","-","-","-","-","-"
"2165","N. Williams","N. Williams","WR","","","","injury-status","BYE","-","999.0","-","-","-","-","-","-","-","-","-","-","-"
"2166","E. Lee","E. Lee","WR","","","","injury-status","BYE","-","999.0","-","-","-","-","-","-","-","-","-","-","-"
"2167","G. Maag","G. Maag","WR","","","","injury-status","BYE","-","999.0","-","-","-","-","-","-","-","-","-","-","-"
"2168","M. Carter","M. Carter","WR","","","","injury-status","BYE","-","566.4","-","-","-","-","-","-","-","-","-","-","-"
"2169","I. Gathings","I. Gathings","TE","KC","10","Ques","injury-status questionable","Final L 20-21 vs DET","-","999.0","-","-","-","-","-","-","-","-","-","-","-"
"2170","C. Chrest","C. Chrest","WR","","","","injury-status","BYE","-","999.0","-","-","-","-","-","-","-","-","-","-","-"
"2171","J. Kapp","J. Kapp","WR","","","","injury-status","BYE","-","258.5","-","-","-","-","-","-","-","-","-","-","-"
"2172","J. Bonds","J. Bonds","WR","","","","injury-status","BYE","-","999.0","-","-","-","-","-","-","-","-","-","-","-"
"2173","L. Jackson","L. Jackson","WR","MIN","6","","injury-status","Final L 17-20 vs TB","-","480.4","-","-","-","-","-","-","-","-","-","-","-"
"2174","J. Stephens","J. Stephens","TE","DAL","10","IR","injury-status ir","Final W 40-0 @ NYG","-","999.0","-","-","-","-","-","-","-","-","-","-","-"
"2175","H. Luepke","H. Luepke","RB","DAL","10","","injury-status","Final W 40-0 @ NYG","-","696.4","-","-","-","-","-","-","-","-","-","-","-"
"2176","P. Fant","P. Fant","TE","DAL","10","","injury-status","Final W 40-0 @ NYG","-","999.0","-","-","-","-","-","-","-","-","-","-","-"
"2177","D. Durden","D. Durden","WR","DAL","10","Ques","injury-status questionable","Final W 40-0 @ NYG","-","999.0","-","-","-","-","-","-","-","-","-","-","-"
"2178","J. Barbon","J. Barbon","WR","","","","injury-status","BYE","-","445.1","-","-","-","-","-","-","-","-","-","-","-"
"2179","B. Cobbs","B. Cobbs","WR","","","","injury-status","BYE","-","464.0","-","-","-","-","-","-","-","-","-","-","-"
"2180","B. Johnson","B. Johnson","WR","","","","injury-status","BYE","-","999.0","-","-","-","-","-","-","-","-","-","-","-"
"2181","B. Thompson","B. Thompson","WR","BUF","7","","injury-status","Final L 16-22 @ NYJ","-","999.0","-","-","-","-","-","-","-","-","-","-","-"
"2182","J. Murray","J. Murray","TE","IND","11","Ques","injury-status questionable","Final L 21-31 vs JAX","-","999.0","-","-","-","-","-","-","-","-","-","-","-"
"2183","A. Aune","A. Aune","QB","","","","injury-status","BYE","-","999.0","-","-","-","-","-","-","-","-","-","-","-"
"2184","A. Jeffery","A. Jeffery","WR","","","","injury-status","BYE","-","999.0","-","-","-","-","-","-","-","-","-","-","-"
"2185","Z. Ojile","Z. Ojile","RB","","","","injury-status","BYE","-","999.0","-","-","-","-","-","-","-","-","-","-","-"
"2186","E. Merriweather","E. Merriweather","RB","GB","5","Out","injury-status out","Final W 38-20 @ CHI","-","999.0","-","-","-","-","-","-","-","-","-","-","-"
"2187","G. Holmes","G. Holmes","WR","","","","injury-status","BYE","-","583.7","-","-","-","-","-","-","-","-","-","-","-"
"2188","D. Drummond","D. Drummond","WR","NYG","14","","injury-status","Final L 0-40 vs DAL","-","999.0","-","-","-","-","-","-","-","-","-","-","-"
"2189","A. Graham","A. Graham","RB","","","","injury-status","BYE","-","633.3","-","-","-","-","-","-","-","-","-","-","-"
"2190","J. Shenker","J. Shenker","TE","LV","8","","injury-status","Final W 17-16 @ DEN","-","671.7","-","-","-","-","-","-","-","-","-","-","-"
"2191","T. Harrison","T. Harrison","WR","TEN","10","","injury-status","Final L 15-16 @ NO","-","999.0","-","-","-","-","-","-","-","-","-","-","-"
"2192","J. Matthews","J. Matthews","WR","HOU","6","","injury-status","Final L 9-25 @ BAL","-","999.0","-","-","-","-","-","-","-","-","-","-","-"
"2193","K. Leach","K. Leach","TE","","","","injury-status","BYE","-","348.3","-","-","-","-","-","-","-","-","-","-","-"
"2194","T. Grimes","T. Grimes","WR","","","","injury-status","BYE","-","999.0","-","-","-","-","-","-","-","-","-","-","-"
"2195","D. Daniels","D. Daniels","WR","","","","injury-status","BYE","-","999.0","-","-","-","-","-","-","-","-","-","-","-"
"2196","N. Adkins","N. Adkins","TE","DEN","12","Out","injury-status out","Final L 16-17 vs LV","-","999.0","-","-","-","-","-","-","-","-","-","-","-"
"2197","I. Bowser","I. Bowser","RB","","","","injury-status","BYE","-","999.0","-","-","-","-","-","-","-","-","-","-","-"
"2198","R. Miller","R. Miller","WR","TB","9","","injury-status","Final W 20-17 @ MIN","-","999.0","-","-","-","-","-","-","-","-","-","-","-"
"2199","K. Warner","K. Warner","WR","","","","injury-status","BYE","-","999.0","-","-","-","-","-","-","-","-","-","-","-"
"2200","T. Barber","T. Barber","WR","","","","injury-status","BYE","-","999.0","-","-","-","-","-","-","-","-","-","-","-"
"2201","T. Taula","T. Taula","TE","TB","9","","injury-status","Final W 20-17 @ MIN","-","999.0","-","-","-","-","-","-","-","-","-","-","-"
"2202","R. Brown","R. Brown","RB","","","","injury-status","BYE","-","999.0","-","-","-","-","-","-","-","-","-","-","-"
"2203","B. Burmeister","B. Burmeister","WR","","","","injury-status","BYE","-","999.0","-","-","-","-","-","-","-","-","-","-","-"
"2204","N. Henderson","N. Henderson","QB","","","","injury-status","BYE","-","999.0","-","-","-","-","-","-","-","-","-","-","-"
"2205","S. Ryan","S. Ryan","WR","BAL","7","","injury-status","Final W 25-9 vs HOU","-","999.0","-","-","-","-","-","-","-","-","-","-","-"
"2206","B. Walker","B. Walker","TE","","","","injury-status","BYE","-","999.0","-","-","-","-","-","-","-","-","-","-","-"
"2207","O. Wright","O. Wright","RB","BAL","7","","injury-status","Final W 25-9 vs HOU","-","999.0","-","-","-","-","-","-","-","-","-","-","-"
"2208","D. Demus","D. Demus","WR","","","","injury-status","BYE","-","999.0","-","-","-","-","-","-","-","-","-","-","-"
"2209","T. Vokolek","T. Vokolek","TE","ARI","8","","injury-status","Final L 16-20 @ WAS","-","999.0","-","-","-","-","-","-","-","-","-","-","-"
"2210","J. Lumpkin","J. Lumpkin","TE","DEN","12","","injury-status","Final L 16-17 vs LV","-","999.0","-","-","-","-","-","-","-","-","-","-","-"
"2211","J. Mims","J. Mims","RB","NO","11","","injury-status","Final W 16-15 vs TEN","-","419.9","-","-","-","-","-","-","-","-","-","-","-"
"2212","T. Shavers","T. Shavers","WR","BUF","7","","injury-status","Final L 16-22 @ NYJ","-","999.0","-","-","-","-","-","-","-","-","-","-","-"
"2213","J. Blackman","J. Blackman","QB","","","","injury-status","BYE","-","647.0","-","-","-","-","-","-","-","-","-","-","-"
"2214","D. Davis","D. Davis","WR","","","Ques","injury-status questionable","BYE","-","999.0","-","-","-","-","-","-","-","-","-","-","-"
"2215","C. Coleman","C. Coleman","WR","","","","injury-status","BYE","-","999.0","-","-","-","-","-","-","-","-","-","-","-"
"2216","K. Case","K. Case","WR","","","","injury-status","BYE","-","588.0","-","-","-","-","-","-","-","-","-","-","-"
"2217","T. Adams","T. Adams","WR","","","","injury-status","BYE","-","999.0","-","-","-","-","-","-","-","-","-","-","-"
"2218","T. Greaney","T. Greaney","TE","","","","injury-status","BYE","-","999.0","-","-","-","-","-","-","-","-","-","-","-"
"2219","C. Cota","C. Cota","WR","HOU","6","","injury-status","Final L 9-25 @ BAL","-","999.0","-","-","-","-","-","-","-","-","-","-","-"
"2220","K. Thompson","K. Thompson","WR","","","","injury-status","BYE","-","999.0","-","-","-","-","-","-","-","-","-","-","-"
"2221","J. Vann","J. Vann","WR","","","","injury-status","BYE","-","999.0","-","-","-","-","-","-","-","-","-","-","-"
"2222","N. Remigio","N. Remigio","WR","","","","injury-status","BYE","-","999.0","-","-","-","-","-","-","-","-","-","-","-"
"2223","T. Luther","T. Luther","WR","NE","14","","injury-status","Final L 20-25 vs PHI","-","999.0","-","-","-","-","-","-","-","-","-","-","-"
"2224","E. Jenkins","E. Jenkins","TE","LV","8","","injury-status","Final W 17-16 @ DEN","-","999.0","-","-","-","-","-","-","-","-","-","-","-"
"2225","B. Westfield","B. Westfield","WR","","","","injury-status","BYE","-","999.0","-","-","-","-","-","-","-","-","-","-","-"
"2226","Z. Scott","Z. Scott","RB","IND","11","Ques","injury-status questionable","Final L 21-31 vs JAX","-","999.0","-","-","-","-","-","-","-","-","-","-","-"
"2227","R. Jones","R. Jones","TE","NYG","14","","injury-status","Final L 0-40 vs DAL","-","999.0","-","-","-","-","-","-","-","-","-","-","-"
"2228","C. Chrest","C. Chrest","WR","","","","injury-status","BYE","-","999.0","-","-","-","-","-","-","-","-","-","-","-"
"2229","D. Hagans","D. Hagans","RB","","","","injury-status","BYE","-","999.0","-","-","-","-","-","-","-","-","-","-","-"
"2230","J. King","J. King","WR","","","","injury-status","BYE","-","999.0","-","-","-","-","-","-","-","-","-","-","-"
"2231","B. Russell","B. Russell","TE","SEA","8","","injury-status","Final L 13-30 vs LAR","-","577.4","-","-","-","-","-","-","-","-","-","-","-"
"2232","J. Ngata","J. Ngata","WR","PHI","9","","injury-status","Final W 25-20 @ NE","-","999.0","-","-","-","-","-","-","-","-","-","-","-"
"2233","H. Hall","H. Hall","RB","","","","injury-status","BYE","-","497.7","-","-","-","-","-","-","-","-","-","-","-"
"2234","A. Cruickshank","A. Cruickshank","WR","","","","injury-status","BYE","-","999.0","-","-","-","-","-","-","-","-","-","-","-"
"2235","T. Pitts","T. Pitts","WR","GB","5","Ques","injury-status questionable","Final W 38-20 @ CHI","-","695.8","-","-","-","-","-","-","-","-","-","-","-"
"2236","D. Caffrey","D. Caffrey","TE","","","","injury-status","BYE","-","999.0","-","-","-","-","-","-","-","-","-","-","-"
"2237","A. Szmyt","A. Szmyt","K","","","","injury-status","BYE","-","999.0","-","-","-","-","-","-","-","-","-","-","-"
"2238","R. Burns","R. Burns","RB","CHI","5","","injury-status","Final L 20-38 vs GB","-","257.0","-","-","-","-","-","-","-","-","-","-","-"
"2239","S. Jackson","S. Jackson","WR","CIN","10","","injury-status","Final L 3-24 @ CLE","-","999.0","-","-","-","-","-","-","-","-","-","-","-"
"2240","C. Smith","C. Smith","RB","","","","injury-status","BYE","-","999.0","-","-","-","-","-","-","-","-","-","-","-"
"2241","M. Hippenhammer","M. Hippenhammer","WR","","","","injury-status","BYE","-","999.0","-","-","-","-","-","-","-","-","-","-","-"
"2242","P. Murtagh","P. Murtagh","TE","","","","injury-status","BYE","-","999.0","-","-","-","-","-","-","-","-","-","-","-"
"2243","J. Saylors","J. Saylors","RB","","","","injury-status","BYE","-","284.5","-","-","-","-","-","-","-","-","-","-","-"
"2244","I. Winstead","I. Winstead","WR","","","","injury-status","BYE","-","999.0","-","-","-","-","-","-","-","-","-","-","-"
"2245","C. Trahan","C. Trahan","TE","","","","injury-status","BYE","-","999.0","-","-","-","-","-","-","-","-","-","-","-"
"2246","C. Tyler","C. Tyler","RB","","","","injury-status","BYE","-","999.0","-","-","-","-","-","-","-","-","-","-","-"
"2247","T. Lindsey","T. Lindsey","WR","","","","injury-status","BYE","-","538.8","-","-","-","-","-","-","-","-","-","-","-"
"2248","N. Gindorff","N. Gindorff","TE","","","","injury-status","BYE","-","999.0","-","-","-","-","-","-","-","-","-","-","-"
"2249","G. Hebert","G. Hebert","TE","PHI","9","","injury-status","Final W 25-20 @ NE","-","999.0","-","-","-","-","-","-","-","-","-","-","-"
"2250","J. Hall","J. Hall","WR","","","","injury-status","BYE","-","589.0","-","-","-","-","-","-","-","-","-","-","-"
"2251","M. Cooper","M. Cooper","RB","","","","injury-status","BYE","-","999.0","-","-","-","-","-","-","-","-","-","-","-"
"2252","H. Ahlers","H. Ahlers","QB","","","","injury-status","BYE","-","311.8","-","-","-","-","-","-","-","-","-","-","-"
"2253","T. Morgan","T. Morgan","QB","","","","injury-status","BYE","-","999.0","-","-","-","-","-","-","-","-","-","-","-"
"2254","C. McDonald","C. McDonald","TE","","","","injury-status","BYE","-","999.0","-","-","-","-","-","-","-","-","-","-","-"
"2255","H. Pearson","H. Pearson","RB","GB","5","","injury-status","Final W 38-20 @ CHI","-","362.8","-","-","-","-","-","-","-","-","-","-","-"
"2256","D. Watts","D. Watts","WR","PIT","5","","injury-status","Final L 7-30 vs SF","-","999.0","-","-","-","-","-","-","-","-","-","-","-"
"2257","B. Whiteheart","B. Whiteheart","TE","ARI","8","Ques","injury-status questionable","Final L 16-20 @ WAS","-","694.2","-","-","-","-","-","-","-","-","-","-","-"
"2258","J. Honigford","J. Honigford","TE","","","","injury-status","BYE","-","999.0","-","-","-","-","-","-","-","-","-","-","-"
"2259","M. Flowers","M. Flowers","WR","","","","injury-status","BYE","-","646.9","-","-","-","-","-","-","-","-","-","-","-"
"2260","J. Marshall","J. Marshall","WR","","","","injury-status","BYE","-","999.0","-","-","-","-","-","-","-","-","-","-","-"
"2261","K. Harris","K. Harris","WR","","","Ques","injury-status questionable","BYE","-","999.0","-","-","-","-","-","-","-","-","-","-","-"
"2262","Z. Malone","Z. Malone","WR","","","","injury-status","BYE","-","999.0","-","-","-","-","-","-","-","-","-","-","-"
"2263","C. Washington","C. Washington","RB","ATL","5","","injury-status","Final W 24-10 vs CAR","-","999.0","-","-","-","-","-","-","-","-","-","-","-"
"2264","D. Arias","D. Arias","WR","","","","injury-status","BYE","-","679.5","-","-","-","-","-","-","-","-","-","-","-"
"2265","R. Awatt","R. Awatt","RB","","","","injury-status","BYE","-","999.0","-","-","-","-","-","-","-","-","-","-","-"
"2266","K. Laborn","K. Laborn","RB","","","","injury-status","BYE","-","999.0","-","-","-","-","-","-","-","-","-","-","-"
"2267","J. Colletto","J. Colletto","RB","PIT","5","","injury-status","Final L 7-30 vs SF","-","431.6","-","-","-","-","-","-","-","-","-","-","-"
"2268","S. Wyatt","S. Wyatt","WR","","","","injury-status","BYE","-","999.0","-","-","-","-","-","-","-","-","-","-","-"
"2269","D. Winn","D. Winn","QB","LAR","8","","injury-status","Final W 30-13 @ SEA","-","638.1","-","-","-","-","-","-","-","-","-","-","-"
"2270","X. Smith","X. Smith","WR","LAR","8","","injury-status","Final W 30-13 @ SEA","-","999.0","-","-","-","-","-","-","-","-","-","-","-"
"2271","T. DeMorat","T. DeMorat","QB","","","","injury-status","BYE","-","999.0","-","-","-","-","-","-","-","-","-","-","-"
"2272","Z. Bowens","Z. Bowens","WR","","","","injury-status","BYE","-","999.0","-","-","-","-","-","-","-","-","-","-","-"
"2273","J. Sample","J. Sample","WR","","","","injury-status","BYE","-","999.0","-","-","-","-","-","-","-","-","-","-","-"
"2274","B. Tremayne","B. Tremayne","WR","WAS","12","","injury-status","Final W 20-16 vs ARI","-","999.0","-","-","-","-","-","-","-","-","-","-","-"
"2275","C. Sims","C. Sims","TE","","","","injury-status","BYE","-","999.0","-","-","-","-","-","-","-","-","-","-","-"
"2276","T. Hudson","T. Hudson","WR","","","","injury-status","BYE","-","999.0","-","-","-","-","-","-","-","-","-","-","-"
"2277","L. Taylor","L. Taylor","TE","","","Ques","injury-status questionable","BYE","-","999.0","-","-","-","-","-","-","-","-","-","-","-"
"2278","O. Martin","O. Martin","WR","","","","injury-status","BYE","-","999.0","-","-","-","-","-","-","-","-","-","-","-"
"2279","J. Jenkins","J. Jenkins","WR","","","","injury-status","BYE","-","999.0","-","-","-","-","-","-","-","-","-","-","-"
"2280","P. Wilson","P. Wilson","WR","","","","injury-status","BYE","-","999.0","-","-","-","-","-","-","-","-","-","-","-"
"2281","M. Ezeike","M. Ezeike","TE","","","","injury-status","BYE","-","999.0","-","-","-","-","-","-","-","-","-","-","-"
"2282","T. Hoosman","T. Hoosman","RB","","","","injury-status","BYE","-","999.0","-","-","-","-","-","-","-","-","-","-","-"
"2283","T. Bynum","T. Bynum","WR","LAC","12","","injury-status","Final L 34-36 vs MIA","-","999.0","-","-","-","-","-","-","-","-","-","-","-"
"2284","J. Wilson","J. Wilson","TE","GB","5","","injury-status","Final W 38-20 @ CHI","-","999.0","-","-","-","-","-","-","-","-","-","-","-"
"2285","S. Barnett","S. Barnett","WR","","","","injury-status","BYE","-","999.0","-","-","-","-","-","-","-","-","-","-","-"
"2286","S. Davis","S. Davis","WR","NO","11","","injury-status","Final W 16-15 vs TEN","-","999.0","-","-","-","-","-","-","-","-","-","-","-"
"2287","S. Thompson","S. Thompson","RB","DAL","10","","injury-status","Final W 40-0 @ NYG","-","999.0","-","-","-","-","-","-","-","-","-","-","-"
"2288","C. McClelland","C. McClelland","RB","","","","injury-status","BYE","-","999.0","-","-","-","-","-","-","-","-","-","-","-"
"2289","M. Lewis","M. Lewis","TE","CHI","5","","injury-status","Final L 20-38 vs GB","-","999.0","-","-","-","-","-","-","-","-","-","-","-"
"2290","K. Jackson","K. Jackson","WR","TEN","10","","injury-status","Final L 15-16 @ NO","-","999.0","-","-","-","-","-","-","-","-","-","-","-"
"2291","B. Potter","B. Potter","K","","","","injury-status","BYE","-","699.7","-","-","-","-","-","-","-","-","-","-","-"
"2292","M. Pottebaum","M. Pottebaum","RB","","","","injury-status","BYE","-","999.0","-","-","-","-","-","-","-","-","-","-","-"
"2293","C. Johnson","C. Johnson","WR","TB","9","","injury-status","Final W 20-17 @ MIN","-","999.0","-","-","-","-","-","-","-","-","-","-","-"
"2294","M. Knowles","M. Knowles","WR","MIN","6","","injury-status","Final L 17-20 vs TB","-","999.0","-","-","-","-","-","-","-","-","-","-","-"
"2295","J. Podlesny","J. Podlesny","K","","","","injury-status","BYE","-","999.0","-","-","-","-","-","-","-","-","-","-","-"
"2296","T. Thomas","T. Thomas","WR","MIN","6","","injury-status","Final L 17-20 vs TB","-","627.8","-","-","-","-","-","-","-","-","-","-","-"
"2297","K. Allen","K. Allen","WR","WAS","12","","injury-status","Final W 20-16 vs ARI","-","605.4","-","-","-","-","-","-","-","-","-","-","-"
"2298","M. Tinsley","M. Tinsley","WR","WAS","12","","injury-status","Final W 20-16 vs ARI","-","556.9","-","-","-","-","-","-","-","-","-","-","-"
"2299","A. Martinez","A. Martinez","QB","","","","injury-status","BYE","-","999.0","-","-","-","-","-","-","-","-","-","-","-"
"2300","R. Burns","R. Burns","RB","CHI","5","","injury-status","Final L 20-38 vs GB","-","999.0","-","-","-","-","-","-","-","-","-","-","-"
"2301","J. Wayne","J. Wayne","WR","HOU","6","","injury-status","Final L 9-25 @ BAL","-","999.0","-","-","-","-","-","-","-","-","-","-","-"
"2302","C. Dowell","C. Dowell","WR","TEN","10","","injury-status","Final L 15-16 @ NO","-","999.0","-","-","-","-","-","-","-","-","-","-","-"
"2303","J. Brooks","J. Brooks","WR","DAL","10","","injury-status","Final W 40-0 @ NYG","-","999.0","-","-","-","-","-","-","-","-","-","-","-"
"2304","G. DuBose","G. DuBose","WR","GB","5","Ques","injury-status questionable","Final W 38-20 @ CHI","-","999.0","-","-","-","-","-","-","-","-","-","-","-"
"2305","S. Gostkowski","S. Gostkowski","K","","","","injury-status","BYE","-","999.0","-","-","-","-","-","-","-","-","-","-","-"
"2306","M. Landers","M. Landers","WR","","","Ques","injury-status questionable","BYE","-","999.0","-","-","-","-","-","-","-","-","-","-","-"
"2307","T. Dye","T. Dye","RB","","","","injury-status","BYE","-","999.0","-","-","-","-","-","-","-","-","-","-","-"
"2308","P. Invalid","P. Invalid","WR","","","","injury-status","BYE","-","999.0","-","-","-","-","-","-","-","-","-","-","-"
"2309","X. Valladay","X. Valladay","RB","NYJ","9","","injury-status","Final W 22-16 vs BUF","-","999.0","-","-","-","-","-","-","-","-","-","-","-"
"2310","A. Quevedo","A. Quevedo","K","","","","injury-status","BYE","-","570.0","-","-","-","-","-","-","-","-","-","-","-"
"2311","T. Benjamin","T. Benjamin","WR","","","","injury-status","BYE","-","999.0","-","-","-","-","-","-","-","-","-","-","-"
"2312","M. Sanu","M. Sanu","WR","","","","injury-status","BYE","-","999.0","-","-","-","-","-","-","-","-","-","-","-"
"2313","M. Ibrahim","M. Ibrahim","RB","DET","8","","injury-status","Final W 21-20 @ KC","-","999.0","-","-","-","-","-","-","-","-","-","-","-"
"2314","L. Miller","L. Miller","RB","","","","injury-status","BYE","-","999.0","-","-","-","-","-","-","-","-","-","-","-"
"2315","N. Foles","N. Foles","QB","","","","injury-status","BYE","-","999.0","-","-","-","-","-","-","-","-","-","-","-"
"2316","J. Wayne","J. Wayne","WR","","","","injury-status","BYE","-","999.0","-","-","-","-","-","-","-","-","-","-","-"
"2317","B. Willis","B. Willis","TE","SF","14","","injury-status","Final W 30-7 @ PIT","-","999.0","-","-","-","-","-","-","-","-","-","-","-"
"2318","C. Peoples","C. Peoples","RB","","","","injury-status","BYE","-","999.0","-","-","-","-","-","-","-","-","-","-","-"
"2319","M. Golden","M. Golden","WR","GB","5","","injury-status","Final W 38-20 @ CHI","-","-","-","-","-","-","-","-","-","-","-","-","-"
"2320","J. Royals","J. Royals","WR","KC","10","Ques","injury-status questionable","Final L 20-21 vs DET","-","-","-","-","-","-","-","-","-","-","-","-","-"
"2321","T. Rutenbeck","T. Rutenbeck","WR","","","","injury-status","BYE","-","-","-","-","-","-","-","-","-","-","-","-","-"
"2322","N. Noel","N. Noel","RB","","","","injury-status","BYE","-","-","-","-","-","-","-","-","-","-","-","-","-"
"2323","D. Edwards","D. Edwards","RB","WAS","12","","injury-status","Final W 20-16 vs ARI","-","-","-","-","-","-","-","-","-","-","-","-","-"
"2324","X. White","X. White","WR","","","","injury-status","BYE","-","-","-","-","-","-","-","-","-","-","-","-","-"
"2325","C. Stover","C. Stover","TE","HOU","6","","injury-status","Final L 9-25 @ BAL","-","-","-","-","-","-","-","-","-","-","-","-","-"
"2326","D. Culp","D. Culp","TE","TB","9","","injury-status","Final W 20-17 @ MIN","-","-","-","-","-","-","-","-","-","-","-","-","-"
"2327","J. Calhoun","J. Calhoun","WR","","","","injury-status","BYE","-","-","-","-","-","-","-","-","-","-","-","-","-"
"2328","D. Miller","D. Miller","WR","","","","injury-status","BYE","-","-","-","-","-","-","-","-","-","-","-","-","-"
"2329","T. Keaton","T. Keaton","WR","","","","injury-status","BYE","-","-","-","-","-","-","-","-","-","-","-","-","-"
"2330","K. Smith","K. Smith","WR","","","","injury-status","BYE","-","-","-","-","-","-","-","-","-","-","-","-","-"
"2331","D. Maye","D. Maye","QB","NE","14","","injury-status","Final L 20-25 vs PHI","-","-","-","-","-","-","-","-","-","-","-","-","-"
"2332","T. Robinson","T. Robinson","WR","","","Ques","injury-status questionable","BYE","-","-","-","-","-","-","-","-","-","-","-","-","-"
"2333","A. Torres","A. Torres","TE","","","Ques","injury-status questionable","BYE","-","-","-","-","-","-","-","-","-","-","-","-","-"
"2334","M. Bernard","M. Bernard","RB","","","","injury-status","BYE","-","-","-","-","-","-","-","-","-","-","-","-","-"
"2335","B. Bryant","B. Bryant","QB","","","","injury-status","BYE","-","-","-","-","-","-","-","-","-","-","-","-","-"
"2336","Z. D'Orazio","Z. D'Orazio","WR","","","","injury-status","BYE","-","-","-","-","-","-","-","-","-","-","-","-","-"
"2337","K. Harper","K. Harper","RB","","","","injury-status","BYE","-","-","-","-","-","-","-","-","-","-","-","-","-"
"2338","P. Thorne","P. Thorne","QB","","","","injury-status","BYE","-","-","-","-","-","-","-","-","-","-","-","-","-"
"2339","D. Neal","D. Neal","WR","","","","injury-status","BYE","-","-","-","-","-","-","-","-","-","-","-","-","-"
"2340","R. Taylor","R. Taylor","WR","","","","injury-status","BYE","-","-","-","-","-","-","-","-","-","-","-","-","-"
"2341","D. Harper","D. Harper","WR","","","","injury-status","BYE","-","-","-","-","-","-","-","-","-","-","-","-","-"
"2342","J. Keeney-James","J. Keeney-James","WR","","","","injury-status","BYE","-","-","-","-","-","-","-","-","-","-","-","-","-"
"2343","R. Hamilton","R. Hamilton","TE","","","","injury-status","BYE","-","-","-","-","-","-","-","-","-","-","-","-","-"
"2344","C. Fajardo","C. Fajardo","QB","","","","injury-status","BYE","-","-","-","-","-","-","-","-","-","-","-","-","-"
"2345","R. Owens","R. Owens","WR","","","","injury-status","BYE","-","-","-","-","-","-","-","-","-","-","-","-","-"
"2346","J. Rumph","J. Rumph","WR","","","","injury-status","BYE","-","-","-","-","-","-","-","-","-","-","-","-","-"
"2347","Z. Brooks","Z. Brooks","RB","","","","injury-status","BYE","-","-","-","-","-","-","-","-","-","-","-","-","-"
"2348","P. Mafah","P. Mafah","RB","DAL","10","IR","injury-status ir","Final W 40-0 @ NYG","-","-","-","-","-","-","-","-","-","-","-","-","-"
"2349","J. Burton","J. Burton","WR","CIN","10","Ques","injury-status questionable","Final L 3-24 @ CLE","-","-","-","-","-","-","-","-","-","-","-","-","-"
"2350","T. Johnson","T. Johnson","WR","TB","9","","injury-status","Final W 20-17 @ MIN","-","-","-","-","-","-","-","-","-","-","-","-","-"
"2351","R. Davis","R. Davis","RB","BUF","7","","injury-status","Final L 16-22 @ NYJ","-","-","-","-","-","-","-","-","-","-","-","-","-"
"2352","B. Cupp","B. Cupp","TE","","","","injury-status","BYE","-","-","-","-","-","-","-","-","-","-","-","-","-"
"2353","B. Collins","B. Collins","WR","NYG","14","","injury-status","Final L 0-40 vs DAL","-","-","-","-","-","-","-","-","-","-","-","-","-"
"2354","A. Dennis","A. Dennis","QB","","","","injury-status","BYE","-","-","-","-","-","-","-","-","-","-","-","-","-"
"2355","C. Stoudt","C. Stoudt","QB","","","","injury-status","BYE","-","-","-","-","-","-","-","-","-","-","-","-","-"
"2356","B. Green","B. Green","WR","","","","injury-status","BYE","-","-","-","-","-","-","-","-","-","-","-","-","-"
"2357","I. Washington","I. Washington","WR","","","Ques","injury-status questionable","BYE","-","-","-","-","-","-","-","-","-","-","-","-","-"
"2358","J. Polk","J. Polk","WR","NE","14","IR","injury-status ir","Final L 20-25 vs PHI","-","-","-","-","-","-","-","-","-","-","-","-","-"
"2359","A. Marshall","A. Marshall","RB","CLE","9","","injury-status","Final W 24-3 vs CIN","-","-","-","-","-","-","-","-","-","-","-","-","-"
"2360","W. Sheppard","W. Sheppard","WR","GB","5","","injury-status","Final W 38-20 @ CHI","-","-","-","-","-","-","-","-","-","-","-","-","-"
"2361","W. Thompson","W. Thompson","QB","","","","injury-status","BYE","-","-","-","-","-","-","-","-","-","-","-","-","-"
"2362","J. Hawes","J. Hawes","TE","BUF","7","","injury-status","Final L 16-22 @ NYJ","-","-","-","-","-","-","-","-","-","-","-","-","-"
"2363","J. Wright","J. Wright","RB","MIA","12","Doub","injury-status doubtful","Final W 36-34 @ LAC","-","-","-","-","-","-","-","-","-","-","-","-","-"
"2364","T. Knue","T. Knue","WR","","","","injury-status","BYE","-","-","-","-","-","-","-","-","-","-","-","-","-"
"2365","S. Shrader","S. Shrader","K","IND","11","","injury-status","Final L 21-31 vs JAX","-","-","-","-","-","-","-","-","-","-","-","-","-"
"2366","J. Smith","J. Smith","WR","","","","injury-status","BYE","-","-","-","-","-","-","-","-","-","-","-","-","-"
"2367","J. Waters","J. Waters","QB","","","","injury-status","BYE","-","-","-","-","-","-","-","-","-","-","-","-","-"
"2368","H. Mevis","H. Mevis","K","NYJ","9","","injury-status","Final W 22-16 vs BUF","-","-","-","-","-","-","-","-","-","-","-","-","-"
"2369","G. Oakes","G. Oakes","TE","","","","injury-status","BYE","-","-","-","-","-","-","-","-","-","-","-","-","-"
"2370","J. Daniels","J. Daniels","QB","WAS","12","","injury-status","Final W 20-16 vs ARI","-","-","-","-","-","-","-","-","-","-","-","-","-"
"2371","U. Bentley","U. Bentley","RB","IND","11","","injury-status","Final L 21-31 vs JAX","-","-","-","-","-","-","-","-","-","-","-","-","-"
"2372","B. Bowers","B. Bowers","TE","LV","8","","injury-status","Final W 17-16 @ DEN","-","-","-","-","-","-","-","-","-","-","-","-","-"
"2373","D. Wallis","D. Wallis","WR","","","","injury-status","BYE","-","-","-","-","-","-","-","-","-","-","-","-","-"
"2374","B. Heard","B. Heard","RB","","","","injury-status","BYE","-","-","-","-","-","-","-","-","-","-","-","-","-"
"2375","C. Knox","C. Knox","RB","","","","injury-status","BYE","-","-","-","-","-","-","-","-","-","-","-","-","-"
"2376","B. Sasser","B. Sasser","WR","","","","injury-status","BYE","-","-","-","-","-","-","-","-","-","-","-","-","-"
"2377","Q. Ismail","Q. Ismail","WR","NYG","14","","injury-status","Final L 0-40 vs DAL","-","-","-","-","-","-","-","-","-","-","-","-","-"
"2378","T. Harman","T. Harman","WR","","","","injury-status","BYE","-","-","-","-","-","-","-","-","-","-","-","-","-"
"2379","S. Pitz","S. Pitz","TE","","","","injury-status","BYE","-","-","-","-","-","-","-","-","-","-","-","-","-"
"2380","L. Stokes","L. Stokes","TE","","","","injury-status","BYE","-","-","-","-","-","-","-","-","-","-","-","-","-"
"2381","N. Johnson","N. Johnson","TE","","","","injury-status","BYE","-","-","-","-","-","-","-","-","-","-","-","-","-"
"2382","C. Burton","C. Burton","TE","","","","injury-status","BYE","-","-","-","-","-","-","-","-","-","-","-","-","-"
"2383","C. Acosta","C. Acosta","K","","","","injury-status","BYE","-","-","-","-","-","-","-","-","-","-","-","-","-"
"2384","D. Powell","D. Powell","WR","","","","injury-status","BYE","-","-","-","-","-","-","-","-","-","-","-","-","-"
"2385","Z. Franklin","Z. Franklin","WR","","","","injury-status","BYE","-","-","-","-","-","-","-","-","-","-","-","-","-"
"2386","J. Jones","J. Jones","WR","MIN","6","","injury-status","Final L 17-20 vs TB","-","-","-","-","-","-","-","-","-","-","-","-","-"
"2387","R. Fairweather","R. Fairweather","TE","DAL","10","","injury-status","Final W 40-0 @ NYG","-","-","-","-","-","-","-","-","-","-","-","-","-"
"2388","B. Watson","B. Watson","RB","","","Ques","injury-status questionable","BYE","-","-","-","-","-","-","-","-","-","-","-","-","-"
"2389","T. Broden","T. Broden","WR","SEA","8","","injury-status","Final L 13-30 vs LAR","-","-","-","-","-","-","-","-","-","-","-","-","-"
"2390","K. Lambert-Smith","K. Lambert-Smith","WR","LAC","12","","injury-status","Final L 34-36 vs MIA","-","-","-","-","-","-","-","-","-","-","-","-","-"
"2391","T. Sheffield","T. Sheffield","WR","","","","injury-status","BYE","-","-","-","-","-","-","-","-","-","-","-","-","-"
"2392","J. Westover","J. Westover","TE","NE","14","","injury-status","Final L 20-25 vs PHI","-","-","-","-","-","-","-","-","-","-","-","-","-"
"2393","J. Jackson","J. Jackson","RB","","","","injury-status","BYE","-","-","-","-","-","-","-","-","-","-","-","-","-"
"2394","C. Collier","C. Collier","RB","LV","8","","injury-status","Final W 17-16 @ DEN","-","-","-","-","-","-","-","-","-","-","-","-","-"
"2395","J. Milroe","J. Milroe","QB","SEA","8","","injury-status","Final L 13-30 vs LAR","-","-","-","-","-","-","-","-","-","-","-","-","-"
"2396","D. Bell","D. Bell","K","","","","injury-status","BYE","-","-","-","-","-","-","-","-","-","-","-","-","-"
"2397","J. Jordan","J. Jordan","RB","HOU","6","","injury-status","Final L 9-25 @ BAL","-","-","-","-","-","-","-","-","-","-","-","-","-"
"2398","B. Chancellor","B. Chancellor","WR","","","","injury-status","BYE","-","-","-","-","-","-","-","-","-","-","-","-","-"
"2399","B. Presley","B. Presley","WR","LAR","8","","injury-status","Final W 30-13 @ SEA","-","-","-","-","-","-","-","-","-","-","-","-","-"
"2400","S. Powell","S. Powell","RB","","","","injury-status","BYE","-","-","-","-","-","-","-","-","-","-","-","-","-"
"2401","A. Larson","A. Larson","TE","","","","injury-status","BYE","-","-","-","-","-","-","-","-","-","-","-","-","-"
"2402","J. Galbreath","J. Galbreath","TE","PIT","5","","injury-status","Final L 7-30 vs SF","-","-","-","-","-","-","-","-","-","-","-","-","-"
"2403","M. DiLiello","M. DiLiello","QB","","","","injury-status","BYE","-","-","-","-","-","-","-","-","-","-","-","-","-"
"2404","T. Griffin","T. Griffin","WR","","","","injury-status","BYE","-","-","-","-","-","-","-","-","-","-","-","-","-"
"2405","P. Conroy","P. Conroy","TE","","","","injury-status","BYE","-","-","-","-","-","-","-","-","-","-","-","-","-"
"2406","E. Frohnapfel","E. Frohnapfel","TE","","","","injury-status","BYE","-","-","-","-","-","-","-","-","-","-","-","-","-"
"2407","M. Price","M. Price","WR","MIN","6","","injury-status","Final L 17-20 vs TB","-","-","-","-","-","-","-","-","-","-","-","-","-"
"2408","D. Felton","D. Felton","WR","","","IR","injury-status ir","BYE","-","-","-","-","-","-","-","-","-","-","-","-","-"
"2409","D. Stoops","D. Stoops","WR","","","Sus","injury-status sus","BYE","-","-","-","-","-","-","-","-","-","-","-","-","-"
"2410","L. Sefcik","L. Sefcik","TE","","","","injury-status","BYE","-","-","-","-","-","-","-","-","-","-","-","-","-"
"2411","G. Jackson","G. Jackson","WR","","","","injury-status","BYE","-","-","-","-","-","-","-","-","-","-","-","-","-"
"2412","K. Lewis","K. Lewis","RB","","","","injury-status","BYE","-","-","-","-","-","-","-","-","-","-","-","-","-"
"2413","D. Garrison","D. Garrison","TE","","","","injury-status","BYE","-","-","-","-","-","-","-","-","-","-","-","-","-"
"2414","J. Richardson","J. Richardson","WR","CHI","5","","injury-status","Final L 20-38 vs GB","-","-","-","-","-","-","-","-","-","-","-","-","-"
"2415","M. Lemonious-Craig","M. Lemonious-Craig","WR","","","Ques","injury-status questionable","BYE","-","-","-","-","-","-","-","-","-","-","-","-","-"
"2416","S. Ntoh","S. Ntoh","RB","","","","injury-status","BYE","-","-","-","-","-","-","-","-","-","-","-","-","-"
"2417","J. Foreman","J. Foreman","WR","","","Ques","injury-status questionable","BYE","-","-","-","-","-","-","-","-","-","-","-","-","-"
"2418","C. Granger","C. Granger","TE","","","Ques","injury-status questionable","BYE","-","-","-","-","-","-","-","-","-","-","-","-","-"
"2419","B. Ross","B. Ross","RB","","","","injury-status","BYE","-","-","-","-","-","-","-","-","-","-","-","-","-"
"2420","D. Luckett","D. Luckett","WR","","","","injury-status","BYE","-","-","-","-","-","-","-","-","-","-","-","-","-"
"2421","R. Flournoy","R. Flournoy","WR","DAL","10","","injury-status","Final W 40-0 @ NYG","-","-","-","-","-","-","-","-","-","-","-","-","-"
"2422","T. Potts","T. Potts","RB","","","","injury-status","BYE","-","-","-","-","-","-","-","-","-","-","-","-","-"
"2423","T. Reiman","T. Reiman","TE","ARI","8","","injury-status","Final L 16-20 @ WAS","-","-","-","-","-","-","-","-","-","-","-","-","-"
"2424","A. Asante","A. Asante","WR","","","","injury-status","BYE","-","-","-","-","-","-","-","-","-","-","-","-","-"
"2425","J. Cephus","J. Cephus","WR","JAX","8","IR","injury-status ir","Final W 31-21 @ IND","-","-","-","-","-","-","-","-","-","-","-","-","-"
"2426","J. Hunter","J. Hunter","RB","LAR","8","","injury-status","Final W 30-13 @ SEA","-","-","-","-","-","-","-","-","-","-","-","-","-"
"2427","J. Lovelocke","J. Lovelocke","QB","","","","injury-status","BYE","-","-","-","-","-","-","-","-","-","-","-","-","-"
"2428","D. Williams","D. Williams","RB","","","Ques","injury-status questionable","BYE","-","-","-","-","-","-","-","-","-","-","-","-","-"
"2429","R. Jefferson","R. Jefferson","RB","","","","injury-status","BYE","-","-","-","-","-","-","-","-","-","-","-","-","-"
"2430","J. Reese","J. Reese","WR","","","","injury-status","BYE","-","-","-","-","-","-","-","-","-","-","-","-","-"
"2431","K. Hill","K. Hill","RB","","","","injury-status","BYE","-","-","-","-","-","-","-","-","-","-","-","-","-"
"2432","C. Williams","C. Williams","QB","CHI","5","","injury-status","Final L 20-38 vs GB","-","-","-","-","-","-","-","-","-","-","-","-","-"
"2433","J. Sirmon","J. Sirmon","QB","","","","injury-status","BYE","-","-","-","-","-","-","-","-","-","-","-","-","-"
"2434","J. Bergen","J. Bergen","WR","SF","14","","injury-status","Final W 30-7 @ PIT","-","-","-","-","-","-","-","-","-","-","-","-","-"
"2435","X. Johnson","X. Johnson","WR","","","Ques","injury-status questionable","BYE","-","-","-","-","-","-","-","-","-","-","-","-","-"
"2436","S. Hartman","S. Hartman","QB","WAS","12","","injury-status","Final W 20-16 vs ARI","-","-","-","-","-","-","-","-","-","-","-","-","-"
"2437","L. Grimm","L. Grimm","WR","LAC","12","","injury-status","Final L 34-36 vs MIA","-","-","-","-","-","-","-","-","-","-","-","-","-"
"2438","D. Johnson","D. Johnson","WR","","","","injury-status","BYE","-","-","-","-","-","-","-","-","-","-","-","-","-"
"2439","L. Benson","L. Benson","TE","","","","injury-status","BYE","-","-","-","-","-","-","-","-","-","-","-","-","-"
"2440","T. Mordecai","T. Mordecai","QB","","","IR","injury-status ir","BYE","-","-","-","-","-","-","-","-","-","-","-","-","-"
"2441","T. Jones","T. Jones","WR","","","","injury-status","BYE","-","-","-","-","-","-","-","-","-","-","-","-","-"
"2442","T. Loop","T. Loop","K","BAL","7","","injury-status","Final W 25-9 vs HOU","-","-","-","-","-","-","-","-","-","-","-","-","-"
"2443","T. Jennings","T. Jennings","RB","NE","14","","injury-status","Final L 20-25 vs PHI","-","-","-","-","-","-","-","-","-","-","-","-","-"
"2444","B. Means","B. Means","WR","NO","11","IR","injury-status ir","Final W 16-15 vs TEN","-","-","-","-","-","-","-","-","-","-","-","-","-"
"2445","J. Lee","J. Lee","WR","","","","injury-status","BYE","-","-","-","-","-","-","-","-","-","-","-","-","-"
"2446","J. Lunsford","J. Lunsford","K","","","","injury-status","BYE","-","-","-","-","-","-","-","-","-","-","-","-","-"
"2447","J. Turner","J. Turner","K","","","","injury-status","BYE","-","-","-","-","-","-","-","-","-","-","-","-","-"
"2448","J. Simon","J. Simon","TE","ATL","5","","injury-status","Final W 24-10 vs CAR","-","-","-","-","-","-","-","-","-","-","-","-","-"
"2449","L. Keys","L. Keys","WR","","","Ques","injury-status questionable","BYE","-","-","-","-","-","-","-","-","-","-","-","-","-"
"2450","A. Squirewell","A. Squirewell","RB","","","","injury-status","BYE","-","-","-","-","-","-","-","-","-","-","-","-","-"
"2451","M. Stepp","M. Stepp","RB","","","Ques","injury-status questionable","BYE","-","-","-","-","-","-","-","-","-","-","-","-","-"
"2452","K. Rowan","K. Rowan","WR","","","","injury-status","BYE","-","-","-","-","-","-","-","-","-","-","-","-","-"
"2453","J. Karty","J. Karty","K","LAR","8","","injury-status","Final W 30-13 @ SEA","-","-","-","-","-","-","-","-","-","-","-","-","-"
"2454","R. Scheuerman","R. Scheuerman","RB","","","","injury-status","BYE","-","-","-","-","-","-","-","-","-","-","-","-","-"
"2455","D. Vele","D. Vele","WR","NO","11","","injury-status","Final W 16-15 vs TEN","-","-","-","-","-","-","-","-","-","-","-","-","-"
"2456","C. Jackson","C. Jackson","WR","SEA","8","","injury-status","Final L 13-30 vs LAR","-","-","-","-","-","-","-","-","-","-","-","-","-"
"2457","M. Rosemy-Jacksaint","M. Rosemy-Jacksaint","WR","","","","injury-status","BYE","-","-","-","-","-","-","-","-","-","-","-","-","-"
"2458","B. Bennett","B. Bennett","QB","","","","injury-status","BYE","-","-","-","-","-","-","-","-","-","-","-","-","-"
"2459","C. Runyon","C. Runyon","TE","LV","8","","injury-status","Final W 17-16 @ DEN","-","-","-","-","-","-","-","-","-","-","-","-","-"
"2460","C. Bradley","C. Bradley","QB","","","IR","injury-status ir","BYE","-","-","-","-","-","-","-","-","-","-","-","-","-"
"2461","M. Wiley","M. Wiley","RB","","","","injury-status","BYE","-","-","-","-","-","-","-","-","-","-","-","-","-"
"2462","K. Robichaux","K. Robichaux","RB","DET","8","IR","injury-status ir","Final W 21-20 @ KC","-","-","-","-","-","-","-","-","-","-","-","-","-"
"2463","J. Hunt","J. Hunt","WR","","","","injury-status","BYE","-","-","-","-","-","-","-","-","-","-","-","-","-"
"2464","L. Lundy","L. Lundy","RB","","","","injury-status","BYE","-","-","-","-","-","-","-","-","-","-","-","-","-"
"2465","M. Wittek","M. Wittek","QB","","","","injury-status","BYE","-","-","-","-","-","-","-","-","-","-","-","-","-"
"2466","K. Robinson","K. Robinson","RB","","","","injury-status","BYE","-","-","-","-","-","-","-","-","-","-","-","-","-"
"2467","J. Plummer","J. Plummer","QB","","","","injury-status","BYE","-","-","-","-","-","-","-","-","-","-","-","-","-"
"2468","G. Porter","G. Porter","WR","","","","injury-status","BYE","-","-","-","-","-","-","-","-","-","-","-","-","-"
"2469","H. Fannin","H. Fannin","TE","CLE","9","","injury-status","Final W 24-3 vs CIN","-","-","-","-","-","-","-","-","-","-","-","-","-"
"2470","J. Janke","J. Janke","WR","","","Ques","injury-status questionable","BYE","-","-","-","-","-","-","-","-","-","-","-","-","-"
"2471","I. Umodu","I. Umodu","WR","","","","injury-status","BYE","-","-","-","-","-","-","-","-","-","-","-","-","-"
"2472","L. Allen","L. Allen","RB","JAX","8","","injury-status","Final W 31-21 @ IND","-","-","-","-","-","-","-","-","-","-","-","-","-"
"2473","D. Martin-Robinson","D. Martin-Robinson","TE","TEN","10","","injury-status","Final L 15-16 @ NO","-","-","-","-","-","-","-","-","-","-","-","-","-"
"2474","K. Mullings","K. Mullings","RB","TEN","10","Ques","injury-status questionable","Final L 15-16 @ NO","-","-","-","-","-","-","-","-","-","-","-","-","-"
"2475","A. Gould","A. Gould","WR","IND","11","","injury-status","Final L 21-31 vs JAX","-","-","-","-","-","-","-","-","-","-","-","-","-"
"2476","Q. Skinner","Q. Skinner","WR","NYJ","9","","injury-status","Final W 22-16 vs BUF","-","-","-","-","-","-","-","-","-","-","-","-","-"
"2477","T. Harrell","T. Harrell","WR","","","","injury-status","BYE","-","-","-","-","-","-","-","-","-","-","-","-","-"
"2478","J. Meeks","J. Meeks","WR","DET","8","","injury-status","Final W 21-20 @ KC","-","-","-","-","-","-","-","-","-","-","-","-","-"
"2479","B. Rice","B. Rice","WR","","","","injury-status","BYE","-","-","-","-","-","-","-","-","-","-","-","-","-"
"2480","D. Davis","D. Davis","WR","","","","injury-status","BYE","-","-","-","-","-","-","-","-","-","-","-","-","-"
"2481","B. Gardner","B. Gardner","TE","","","","injury-status","BYE","-","-","-","-","-","-","-","-","-","-","-","-","-"
"2482","J. James","J. James","RB","SF","14","IR","injury-status ir","Final W 30-7 @ PIT","-","-","-","-","-","-","-","-","-","-","-","-","-"
"2483","D. Giddens","D. Giddens","RB","IND","11","","injury-status","Final L 21-31 vs JAX","-","-","-","-","-","-","-","-","-","-","-","-","-"
"2484","M. Hull","M. Hull","WR","","","","injury-status","BYE","-","-","-","-","-","-","-","-","-","-","-","-","-"
"2485","T. Washington","T. Washington","WR","MIA","12","","injury-status","Final W 36-34 @ LAC","-","-","-","-","-","-","-","-","-","-","-","-","-"
"2486","D. Mahina","D. Mahina","TE","","","","injury-status","BYE","-","-","-","-","-","-","-","-","-","-","-","-","-"
"2487","H. Rucci","H. Rucci","TE","MIA","12","","injury-status","Final W 36-34 @ LAC","-","-","-","-","-","-","-","-","-","-","-","-","-"
"2488","A. Mitchell","A. Mitchell","WR","IND","11","","injury-status","Final L 21-31 vs JAX","-","-","-","-","-","-","-","-","-","-","-","-","-"
"2489","A. Landphere","A. Landphere","TE","","","","injury-status","BYE","-","-","-","-","-","-","-","-","-","-","-","-","-"
"2490","D. Dabney","D. Dabney","TE","","","","injury-status","BYE","-","-","-","-","-","-","-","-","-","-","-","-","-"
"2491","W. Wright","W. Wright","WR","","","","injury-status","BYE","-","-","-","-","-","-","-","-","-","-","-","-","-"
"2492","D. Johnson","D. Johnson","RB","","","","injury-status","BYE","-","-","-","-","-","-","-","-","-","-","-","-","-"
"2493","H. Hatten","H. Hatten","WR","","","","injury-status","BYE","-","-","-","-","-","-","-","-","-","-","-","-","-"
"2494","I. Bond","I. Bond","WR","CLE","9","","injury-status","Final W 24-3 vs CIN","-","-","-","-","-","-","-","-","-","-","-","-","-"
"2495","X. Wade","X. Wade","WR","","","","injury-status","BYE","-","-","-","-","-","-","-","-","-","-","-","-","-"
"2496","T. Steelman","T. Steelman","WR","","","","injury-status","BYE","-","-","-","-","-","-","-","-","-","-","-","-","-"
"2497","J. Blue","J. Blue","WR","","","","injury-status","BYE","-","-","-","-","-","-","-","-","-","-","-","-","-"
"2498","A. Borregales","A. Borregales","K","NE","14","","injury-status","Final L 20-25 vs PHI","-","-","-","-","-","-","-","-","-","-","-","-","-"
"2499","I. Rex","I. Rex","TE","","","","injury-status","BYE","-","-","-","-","-","-","-","-","-","-","-","-","-"
"2500","J. Sanders","J. Sanders","TE","CAR","14","","injury-status","Final L 10-24 @ ATL","-","-","-","-","-","-","-","-","-","-","-","-","-"
"2501","M. Weisman","M. Weisman","RB","","","","injury-status","BYE","-","-","-","-","-","-","-","-","-","-","-","-","-"
"2502","J. Kim","J. Kim","K","","","","injury-status","BYE","-","-","-","-","-","-","-","-","-","-","-","-","-"
"2503","C. Yankoff","C. Yankoff","TE","WAS","12","","injury-status","Final W 20-16 vs ARI","-","-","-","-","-","-","-","-","-","-","-","-","-"
"2504","L. Victor","L. Victor","WR","","","","injury-status","BYE","-","-","-","-","-","-","-","-","-","-","-","-","-"
"2505","C. Johnson","C. Johnson","WR","","","","injury-status","BYE","-","-","-","-","-","-","-","-","-","-","-","-","-"
"2506","J. Higgins","J. Higgins","WR","HOU","6","","injury-status","Final L 9-25 @ BAL","-","-","-","-","-","-","-","-","-","-","-","-","-"
"2507","J. Jackson","J. Jackson","RB","JAX","8","","injury-status","Final W 31-21 @ IND","-","-","-","-","-","-","-","-","-","-","-","-","-"
"2508","E. Arroyo","E. Arroyo","TE","SEA","8","","injury-status","Final L 13-30 vs LAR","-","-","-","-","-","-","-","-","-","-","-","-","-"
"2509","X. Restrepo","X. Restrepo","WR","TEN","10","","injury-status","Final L 15-16 @ NO","-","-","-","-","-","-","-","-","-","-","-","-","-"
"2510","B. Wooldridge","B. Wooldridge","QB","","","","injury-status","BYE","-","-","-","-","-","-","-","-","-","-","-","-","-"
"2511","Q. Ewers","Q. Ewers","QB","MIA","12","","injury-status","Final W 36-34 @ LAC","-","-","-","-","-","-","-","-","-","-","-","-","-"
"2512","L. Lachey","L. Lachey","TE","HOU","6","","injury-status","Final L 9-25 @ BAL","-","-","-","-","-","-","-","-","-","-","-","-","-"
"2513","B. Sauls","B. Sauls","K","","","","injury-status","BYE","-","-","-","-","-","-","-","-","-","-","-","-","-"
"2514","J. Briningstool","J. Briningstool","TE","KC","10","IR","injury-status ir","Final L 20-21 vs DET","-","-","-","-","-","-","-","-","-","-","-","-","-"
"2515","F. Gore","F. Gore","RB","BUF","7","","injury-status","Final L 16-22 @ NYJ","-","-","-","-","-","-","-","-","-","-","-","-","-"
"2516","Z. Heins","Z. Heins","TE","","","","injury-status","BYE","-","-","-","-","-","-","-","-","-","-","-","-","-"
"2517","K. Coleman","K. Coleman","WR","BUF","7","","injury-status","Final L 16-22 @ NYJ","-","-","-","-","-","-","-","-","-","-","-","-","-"
"2518","C. Steele","C. Steele","RB","KC","10","","injury-status","Final L 20-21 vs DET","-","-","-","-","-","-","-","-","-","-","-","-","-"
"2519","X. Legette","X. Legette","WR","CAR","14","","injury-status","Final L 10-24 @ ATL","-","-","-","-","-","-","-","-","-","-","-","-","-"
"2520","K. McCord","K. McCord","QB","PHI","9","","injury-status","Final W 25-20 @ NE","-","-","-","-","-","-","-","-","-","-","-","-","-"
"2521","C. Suits","C. Suits","QB","","","","injury-status","BYE","-","-","-","-","-","-","-","-","-","-","-","-","-"
"2522","S. Rattler","S. Rattler","QB","NO","11","","injury-status","Final W 16-15 vs TEN","-","-","-","-","-","-","-","-","-","-","-","-","-"
"2523","S. Vaki","S. Vaki","RB","DET","8","","injury-status","Final W 21-20 @ KC","-","-","-","-","-","-","-","-","-","-","-","-","-"
"2524","D. Gabriel","D. Gabriel","QB","CLE","9","","injury-status","Final W 24-3 vs CIN","-","-","-","-","-","-","-","-","-","-","-","-","-"
"2525","C. Miller","C. Miller","QB","LV","8","","injury-status","Final W 17-16 @ DEN","-","-","-","-","-","-","-","-","-","-","-","-","-"
"2526","T. Wease","T. Wease","WR","MIA","12","","injury-status","Final W 36-34 @ LAC","-","-","-","-","-","-","-","-","-","-","-","-","-"
"2527","D. Aultman","D. Aultman","WR","","","","injury-status","BYE","-","-","-","-","-","-","-","-","-","-","-","-","-"
"2528","J. Baker","J. Baker","WR","PHI","9","","injury-status","Final W 25-20 @ NE","-","-","-","-","-","-","-","-","-","-","-","-","-"
"2529","M. Dixon","M. Dixon","WR","","","","injury-status","BYE","-","-","-","-","-","-","-","-","-","-","-","-","-"
"2530","G. Mertz","G. Mertz","QB","HOU","6","","injury-status","Final L 9-25 @ BAL","-","-","-","-","-","-","-","-","-","-","-","-","-"
"2531","M. Epps","M. Epps","TE","","","","injury-status","BYE","-","-","-","-","-","-","-","-","-","-","-","-","-"
"2532","D. Edwards","D. Edwards","RB","","","","injury-status","BYE","-","-","-","-","-","-","-","-","-","-","-","-","-"
"2533","K. Williams","K. Williams","WR","NE","14","Ques","injury-status questionable","Final L 20-25 vs PHI","-","-","-","-","-","-","-","-","-","-","-","-","-"
"2534","L. Deal","L. Deal","TE","","","Ques","injury-status questionable","BYE","-","-","-","-","-","-","-","-","-","-","-","-","-"
"2535","J. Bean","J. Bean","QB","","","","injury-status","BYE","-","-","-","-","-","-","-","-","-","-","-","-","-"
"2536","L. Johnson","L. Johnson","WR","","","","injury-status","BYE","-","-","-","-","-","-","-","-","-","-","-","-","-"
"2537","A. Barner","A. Barner","TE","SEA","8","","injury-status","Final L 13-30 vs LAR","-","-","-","-","-","-","-","-","-","-","-","-","-"
"2538","M. Van Vooren","M. Van Vooren","WR","","","","injury-status","BYE","-","-","-","-","-","-","-","-","-","-","-","-","-"
"2539","J. Whittington","J. Whittington","WR","LAR","8","","injury-status","Final W 30-13 @ SEA","-","-","-","-","-","-","-","-","-","-","-","-","-"
"2540","M. Dyer","M. Dyer","RB","","","","injury-status","BYE","-","-","-","-","-","-","-","-","-","-","-","-","-"
"2541","T. Neville","T. Neville","TE","","","","injury-status","BYE","-","-","-","-","-","-","-","-","-","-","-","-","-"
"2542","R. Brown","R. Brown","WR","","","","injury-status","BYE","-","-","-","-","-","-","-","-","-","-","-","-","-"
"2543","C. Skattebo","C. Skattebo","RB","NYG","14","","injury-status","Final L 0-40 vs DAL","-","-","-","-","-","-","-","-","-","-","-","-","-"
"2544","L. Toafili","L. Toafili","RB","","","","injury-status","BYE","-","-","-","-","-","-","-","-","-","-","-","-","-"
"2545","M. Taylor","M. Taylor","TE","NYJ","9","","injury-status","Final W 22-16 vs BUF","-","-","-","-","-","-","-","-","-","-","-","-","-"
"2546","J. Coker","J. Coker","WR","CAR","14","IR","injury-status ir","Final L 10-24 @ ATL","-","-","-","-","-","-","-","-","-","-","-","-","-"
"2547","A. Henning","A. Henning","WR","MIA","12","","injury-status","Final W 36-34 @ LAC","-","-","-","-","-","-","-","-","-","-","-","-","-"
"2548","R. Sanders","R. Sanders","RB","CLE","9","","injury-status","Final W 24-3 vs CIN","-","-","-","-","-","-","-","-","-","-","-","-","-"
"2549","S. Evans","S. Evans","RB","","","","injury-status","BYE","-","-","-","-","-","-","-","-","-","-","-","-","-"
"2550","A. Smith","A. Smith","WR","CAR","14","","injury-status","Final L 10-24 @ ATL","-","-","-","-","-","-","-","-","-","-","-","-","-"
"2551","C. Burgess","C. Burgess","WR","","","","injury-status","BYE","-","-","-","-","-","-","-","-","-","-","-","-","-"
"2552","J. McClellan","J. McClellan","RB","","","","injury-status","BYE","-","-","-","-","-","-","-","-","-","-","-","-","-"
"2553","J. Jones","J. Jones","WR","WAS","12","","injury-status","Final W 20-16 vs ARI","-","-","-","-","-","-","-","-","-","-","-","-","-"
"2554","K. Doe","K. Doe","WR","","","","injury-status","BYE","-","-","-","-","-","-","-","-","-","-","-","-","-"
"2555","G. Helm","G. Helm","TE","TEN","10","","injury-status","Final L 15-16 @ NO","-","-","-","-","-","-","-","-","-","-","-","-","-"
"2556","J. Reed","J. Reed","WR","CAR","14","","injury-status","Final L 10-24 @ ATL","-","-","-","-","-","-","-","-","-","-","-","-","-"
"2557","C. Prieskorn","C. Prieskorn","TE","","","","injury-status","BYE","-","-","-","-","-","-","-","-","-","-","-","-","-"
"2558","J. Tukes","J. Tukes","TE","","","","injury-status","BYE","-","-","-","-","-","-","-","-","-","-","-","-","-"
"2559","I. Ferguson","I. Ferguson","WR","","","","injury-status","BYE","-","-","-","-","-","-","-","-","-","-","-","-","-"
"2560","D. Light","D. Light","TE","","","","injury-status","BYE","-","-","-","-","-","-","-","-","-","-","-","-","-"
"2561","D. Sampson","D. Sampson","RB","CLE","9","","injury-status","Final W 24-3 vs CIN","-","-","-","-","-","-","-","-","-","-","-","-","-"
"2562","T. Horton","T. Horton","WR","SEA","8","Ques","injury-status questionable","Final L 13-30 vs LAR","-","-","-","-","-","-","-","-","-","-","-","-","-"
"2563","J. Brooks","J. Brooks","RB","CAR","14","PUP","injury-status pup","Final L 10-24 @ ATL","-","-","-","-","-","-","-","-","-","-","-","-","-"
"2564","D. Cooper","D. Cooper","WR","PHI","9","","injury-status","Final W 25-20 @ NE","-","-","-","-","-","-","-","-","-","-","-","-","-"
"2565","M. Mang","M. Mang","TE","IND","11","","injury-status","Final L 21-31 vs JAX","-","-","-","-","-","-","-","-","-","-","-","-","-"
"2566","A. Stogner","A. Stogner","TE","","","","injury-status","BYE","-","-","-","-","-","-","-","-","-","-","-","-","-"
"2567","B. Thomas","B. Thomas","WR","JAX","8","","injury-status","Final W 31-21 @ IND","-","-","-","-","-","-","-","-","-","-","-","-","-"
"2568","N. Cain","N. Cain","RB","","","","injury-status","BYE","-","-","-","-","-","-","-","-","-","-","-","-","-"
"2569","G. Larvadain","G. Larvadain","WR","CLE","9","","injury-status","Final W 24-3 vs CIN","-","-","-","-","-","-","-","-","-","-","-","-","-"
"2570","R. Seale","R. Seale","RB","","","","injury-status","BYE","-","-","-","-","-","-","-","-","-","-","-","-","-"
"2571","D. Reeves","D. Reeves","TE","","","","injury-status","BYE","-","-","-","-","-","-","-","-","-","-","-","-","-"
"2572","C. Worthy","C. Worthy","WR","","","","injury-status","BYE","-","-","-","-","-","-","-","-","-","-","-","-","-"
"2573","M. Swinson","M. Swinson","TE","","","","injury-status","BYE","-","-","-","-","-","-","-","-","-","-","-","-","-"
"2574","J. Howard","J. Howard","RB","","","Ques","injury-status questionable","BYE","-","-","-","-","-","-","-","-","-","-","-","-","-"
"2575","K. Monangai","K. Monangai","RB","CHI","5","Ques","injury-status questionable","Final L 20-38 vs GB","-","-","-","-","-","-","-","-","-","-","-","-","-"
"2576","R. Ali","R. Ali","RB","BAL","7","","injury-status","Final W 25-9 vs HOU","-","-","-","-","-","-","-","-","-","-","-","-","-"
"2577","J. Johnson","J. Johnson","WR","","","Ques","injury-status questionable","BYE","-","-","-","-","-","-","-","-","-","-","-","-","-"
"2578","C. Dippre","C. Dippre","TE","NE","14","","injury-status","Final L 20-25 vs PHI","-","-","-","-","-","-","-","-","-","-","-","-","-"
"2579","D. Rodriguez","D. Rodriguez","WR","","","","injury-status","BYE","-","-","-","-","-","-","-","-","-","-","-","-","-"
"2580","C. Theaker","C. Theaker","K","","","","injury-status","BYE","-","-","-","-","-","-","-","-","-","-","-","-","-"
"2581","S. Bowman","S. Bowman","TE","","","","injury-status","BYE","-","-","-","-","-","-","-","-","-","-","-","-","-"
"2582","B. Nix","B. Nix","QB","DEN","12","","injury-status","Final L 16-17 vs LV","-","-","-","-","-","-","-","-","-","-","-","-","-"
"2583","T. Palmer","T. Palmer","WR","ARI","8","","injury-status","Final L 16-20 @ WAS","-","-","-","-","-","-","-","-","-","-","-","-","-"
"2584","J. Hayek","J. Hayek","WR","","","","injury-status","BYE","-","-","-","-","-","-","-","-","-","-","-","-","-"
"2585","B. Yurosek","B. Yurosek","TE","MIN","6","","injury-status","Final L 17-20 vs TB","-","-","-","-","-","-","-","-","-","-","-","-","-"
"2586","T. Edwards","T. Edwards","WR","LAR","8","","injury-status","Final W 30-13 @ SEA","-","-","-","-","-","-","-","-","-","-","-","-","-"
"2587","J. Lockhart","J. Lockhart","WR","","","Ques","injury-status questionable","BYE","-","-","-","-","-","-","-","-","-","-","-","-","-"
"2588","E. Young","E. Young","RB","","","","injury-status","BYE","-","-","-","-","-","-","-","-","-","-","-","-","-"
"2589","S. Brown","S. Brown","WR","","","","injury-status","BYE","-","-","-","-","-","-","-","-","-","-","-","-","-"
"2590","T. McMillan","T. McMillan","WR","CAR","14","Ques","injury-status questionable","Final L 10-24 @ ATL","-","-","-","-","-","-","-","-","-","-","-","-","-"
"2591","S. Wiglusz","S. Wiglusz","WR","","","","injury-status","BYE","-","-","-","-","-","-","-","-","-","-","-","-","-"
"2592","P. Bryant","P. Bryant","WR","DEN","12","","injury-status","Final L 16-17 vs LV","-","-","-","-","-","-","-","-","-","-","-","-","-"
"2593","B. Corrales","B. Corrales","WR","","","","injury-status","BYE","-","-","-","-","-","-","-","-","-","-","-","-","-"
"2594","J. Noel","J. Noel","WR","HOU","6","","injury-status","Final L 9-25 @ BAL","-","-","-","-","-","-","-","-","-","-","-","-","-"
"2595","K. Jackson","K. Jackson","WR","","","","injury-status","BYE","-","-","-","-","-","-","-","-","-","-","-","-","-"
"2596","J. Gill","J. Gill","WR","","","Ques","injury-status questionable","BYE","-","-","-","-","-","-","-","-","-","-","-","-","-"
"2597","J. Waters","J. Waters","RB","","","","injury-status","BYE","-","-","-","-","-","-","-","-","-","-","-","-","-"
"2598","B. Cook","B. Cook","QB","NYJ","9","","injury-status","Final W 22-16 vs BUF","-","-","-","-","-","-","-","-","-","-","-","-","-"
"2599","M. Lloyd","M. Lloyd","RB","GB","5","IR","injury-status ir","Final W 38-20 @ CHI","-","-","-","-","-","-","-","-","-","-","-","-","-"
"2600","L. Lingard","L. Lingard","RB","","","","injury-status","BYE","-","-","-","-","-","-","-","-","-","-","-","-","-"
"2601","A. Tyus","A. Tyus","RB","","","","injury-status","BYE","-","-","-","-","-","-","-","-","-","-","-","-","-"
"2602","K. Mumpfield","K. Mumpfield","WR","LAR","8","","injury-status","Final W 30-13 @ SEA","-","-","-","-","-","-","-","-","-","-","-","-","-"
"2603","L. Kilgore","L. Kilgore","QB","","","","injury-status","BYE","-","-","-","-","-","-","-","-","-","-","-","-","-"
"2604","D. Uiagalelei","D. Uiagalelei","QB","LAC","12","","injury-status","Final L 34-36 vs MIA","-","-","-","-","-","-","-","-","-","-","-","-","-"
"2605","C. Owen","C. Owen","WR","IND","11","","injury-status","Final L 21-31 vs JAX","-","-","-","-","-","-","-","-","-","-","-","-","-"
"2606","J. Bell","J. Bell","TE","","","","injury-status","BYE","-","-","-","-","-","-","-","-","-","-","-","-","-"
"2607","D. Lassiter","D. Lassiter","WR","","","","injury-status","BYE","-","-","-","-","-","-","-","-","-","-","-","-","-"
"2608","J. Kibodi","J. Kibodi","RB","","","","injury-status","BYE","-","-","-","-","-","-","-","-","-","-","-","-","-"
"2609","N. McCollum","N. McCollum","WR","","","","injury-status","BYE","-","-","-","-","-","-","-","-","-","-","-","-","-"
"2610","D. Martinez","D. Martinez","RB","SEA","8","","injury-status","Final L 13-30 vs LAR","-","-","-","-","-","-","-","-","-","-","-","-","-"
"2611","C. Grandy","C. Grandy","TE","CIN","10","","injury-status","Final L 3-24 @ CLE","-","-","-","-","-","-","-","-","-","-","-","-","-"
"2612","J. Moussa","J. Moussa","QB","","","","injury-status","BYE","-","-","-","-","-","-","-","-","-","-","-","-","-"
"2613","J. Jiles","J. Jiles","WR","NE","14","","injury-status","Final L 20-25 vs PHI","-","-","-","-","-","-","-","-","-","-","-","-","-"
"2614","G. Watson","G. Watson","QB","","","","injury-status","BYE","-","-","-","-","-","-","-","-","-","-","-","-","-"
"2615","K. Johnson","K. Johnson","WR","","","","injury-status","BYE","-","-","-","-","-","-","-","-","-","-","-","-","-"
"2616","D. Reaves","D. Reaves","WR","","","","injury-status","BYE","-","-","-","-","-","-","-","-","-","-","-","-","-"
"2617","J. Webb","J. Webb","WR","NE","14","","injury-status","Final L 20-25 vs PHI","-","-","-","-","-","-","-","-","-","-","-","-","-"
"2618","D. Leonard","D. Leonard","TE","","","","injury-status","BYE","-","-","-","-","-","-","-","-","-","-","-","-","-"
"2619","J. Watkins","J. Watkins","WR","SF","14","Ques","injury-status questionable","Final W 30-7 @ PIT","-","-","-","-","-","-","-","-","-","-","-","-","-"
"2620","Q. Judkins","Q. Judkins","RB","CLE","9","","injury-status","Final W 24-3 vs CIN","-","-","-","-","-","-","-","-","-","-","-","-","-"
"2621","B. Spann-Ford","B. Spann-Ford","TE","DAL","10","","injury-status","Final W 40-0 @ NYG","-","-","-","-","-","-","-","-","-","-","-","-","-"
"2622","K. Horton","K. Horton","WR","","","","injury-status","BYE","-","-","-","-","-","-","-","-","-","-","-","-","-"
"2623","D. Lovett","D. Lovett","WR","DET","8","","injury-status","Final W 21-20 @ KC","-","-","-","-","-","-","-","-","-","-","-","-","-"
"2624","L. Webb","L. Webb","RB","","","","injury-status","BYE","-","-","-","-","-","-","-","-","-","-","-","-","-"
"2625","G. Lutman","G. Lutman","WR","","","","injury-status","BYE","-","-","-","-","-","-","-","-","-","-","-","-","-"
"2626","D. Thornton","D. Thornton","WR","LV","8","","injury-status","Final W 17-16 @ DEN","-","-","-","-","-","-","-","-","-","-","-","-","-"
"2627","T. Franks","T. Franks","RB","","","","injury-status","BYE","-","-","-","-","-","-","-","-","-","-","-","-","-"
"2628","N. Peat","N. Peat","RB","","","","injury-status","BYE","-","-","-","-","-","-","-","-","-","-","-","-","-"
"2629","A. Robbins","A. Robbins","RB","","","","injury-status","BYE","-","-","-","-","-","-","-","-","-","-","-","-","-"
"2630","C. Smyth","C. Smyth","K","NO","11","","injury-status","Final W 16-15 vs TEN","-","-","-","-","-","-","-","-","-","-","-","-","-"
"2631","S. Klotz","S. Klotz","TE","","","","injury-status","BYE","-","-","-","-","-","-","-","-","-","-","-","-","-"
"2632","L. Larison","L. Larison","RB","NE","14","IR","injury-status ir","Final L 20-25 vs PHI","-","-","-","-","-","-","-","-","-","-","-","-","-"
"2633","A. Carlisle","A. Carlisle","WR","","","","injury-status","BYE","-","-","-","-","-","-","-","-","-","-","-","-","-"
"2634","J. Davis","J. Davis","WR","","","","injury-status","BYE","-","-","-","-","-","-","-","-","-","-","-","-","-"
"2635","D. Stanley","D. Stanley","WR","","","","injury-status","BYE","-","-","-","-","-","-","-","-","-","-","-","-","-"
"2636","A. Smith","A. Smith","WR","NYJ","9","","injury-status","Final W 22-16 vs BUF","-","-","-","-","-","-","-","-","-","-","-","-","-"
"2637","J. Jackson","J. Jackson","WR","","","","injury-status","BYE","-","-","-","-","-","-","-","-","-","-","-","-","-"
"2638","Q. Jones","Q. Jones","RB","","","","injury-status","BYE","-","-","-","-","-","-","-","-","-","-","-","-","-"
"2639","D. Thomas-Jones","D. Thomas-Jones","TE","","","","injury-status","BYE","-","-","-","-","-","-","-","-","-","-","-","-","-"
"2640","R. Starkey","R. Starkey","WR","","","Ques","injury-status questionable","BYE","-","-","-","-","-","-","-","-","-","-","-","-","-"
"2641","T. Etienne","T. Etienne","RB","CAR","14","","injury-status","Final L 10-24 @ ATL","-","-","-","-","-","-","-","-","-","-","-","-","-"
"2642","J. Wiley","J. Wiley","TE","KC","10","","injury-status","Final L 20-21 vs DET","-","-","-","-","-","-","-","-","-","-","-","-","-"
"2643","K. Rourke","K. Rourke","QB","SF","14","PUP","injury-status pup","Final W 30-7 @ PIT","-","-","-","-","-","-","-","-","-","-","-","-","-"
"2644","J. Strong","J. Strong","RB","","","","injury-status","BYE","-","-","-","-","-","-","-","-","-","-","-","-","-"
"2645","D. Leary","D. Leary","QB","","","","injury-status","BYE","-","-","-","-","-","-","-","-","-","-","-","-","-"
"2646","J. Coker","J. Coker","QB","","","","injury-status","BYE","-","-","-","-","-","-","-","-","-","-","-","-","-"
"2647","M. Lang","M. Lang","TE","","","","injury-status","BYE","-","-","-","-","-","-","-","-","-","-","-","-","-"
"2648","M. Harrison","M. Harrison","WR","ARI","8","","injury-status","Final L 16-20 @ WAS","-","-","-","-","-","-","-","-","-","-","-","-","-"
"2649","R. Jones","R. Jones","RB","","","","injury-status","BYE","-","-","-","-","-","-","-","-","-","-","-","-","-"
"2650","M. Matavao","M. Matavao","TE","NO","11","","injury-status","Final W 16-15 vs TEN","-","-","-","-","-","-","-","-","-","-","-","-","-"
"2651","C. Autman-Bell","C. Autman-Bell","WR","","","","injury-status","BYE","-","-","-","-","-","-","-","-","-","-","-","-","-"
"2652","K. Taylor","K. Taylor","TE","","","","injury-status","BYE","-","-","-","-","-","-","-","-","-","-","-","-","-"
"2653","T. Flanders","T. Flanders","RB","","","","injury-status","BYE","-","-","-","-","-","-","-","-","-","-","-","-","-"
"2654","C. Little","C. Little","K","JAX","8","","injury-status","Final W 31-21 @ IND","-","-","-","-","-","-","-","-","-","-","-","-","-"
"2655","J. Terrell","J. Terrell","RB","","","","injury-status","BYE","-","-","-","-","-","-","-","-","-","-","-","-","-"
"2656","J. White","J. White","RB","","","Ques","injury-status questionable","BYE","-","-","-","-","-","-","-","-","-","-","-","-","-"
"2657","T. Knox","T. Knox","TE","","","Ques","injury-status questionable","BYE","-","-","-","-","-","-","-","-","-","-","-","-","-"
"2658","J. Harris","J. Harris","WR","","","","injury-status","BYE","-","-","-","-","-","-","-","-","-","-","-","-","-"
"2659","J. Shirden","J. Shirden","RB","","","","injury-status","BYE","-","-","-","-","-","-","-","-","-","-","-","-","-"
"2660","O. Cardenas","O. Cardenas","TE","","","","injury-status","BYE","-","-","-","-","-","-","-","-","-","-","-","-","-"
"2661","J. Bech","J. Bech","WR","LV","8","","injury-status","Final W 17-16 @ DEN","-","-","-","-","-","-","-","-","-","-","-","-","-"
"2662","Q. Bundrage","Q. Bundrage","WR","","","","injury-status","BYE","-","-","-","-","-","-","-","-","-","-","-","-","-"
"2663","T. Taua","T. Taua","RB","","","","injury-status","BYE","-","-","-","-","-","-","-","-","-","-","-","-","-"
"2664","J. Hicks","J. Hicks","WR","","","","injury-status","BYE","-","-","-","-","-","-","-","-","-","-","-","-","-"
"2665","J. Bly","J. Bly","WR","","","","injury-status","BYE","-","-","-","-","-","-","-","-","-","-","-","-","-"
"2666","K. Sheets","K. Sheets","WR","","","","injury-status","BYE","-","-","-","-","-","-","-","-","-","-","-","-","-"
"2667","J. Scates","J. Scates","WR","","","","injury-status","BYE","-","-","-","-","-","-","-","-","-","-","-","-","-"
"2668","A. Ajou","A. Ajou","WR","","","","injury-status","BYE","-","-","-","-","-","-","-","-","-","-","-","-","-"
"2669","M. Redman","M. Redman","TE","LAR","8","","injury-status","Final W 30-13 @ SEA","-","-","-","-","-","-","-","-","-","-","-","-","-"
"2670","E. Ayomanor","E. Ayomanor","WR","TEN","10","","injury-status","Final L 15-16 @ NO","-","-","-","-","-","-","-","-","-","-","-","-","-"
"2671","T. Morin","T. Morin","WR","","","","injury-status","BYE","-","-","-","-","-","-","-","-","-","-","-","-","-"
"2672","K. Johnson","K. Johnson","WR","TB","9","","injury-status","Final W 20-17 @ MIN","-","-","-","-","-","-","-","-","-","-","-","-","-"
"2673","X. Worthy","X. Worthy","WR","KC","10","","injury-status","Final L 20-21 vs DET","-","-","-","-","-","-","-","-","-","-","-","-","-"
"2674","N. Rauschenberg","N. Rauschenberg","K","","","","injury-status","BYE","-","-","-","-","-","-","-","-","-","-","-","-","-"
"2675","K. Closs","K. Closs","WR","","","","injury-status","BYE","-","-","-","-","-","-","-","-","-","-","-","-","-"
"2676","T. Fidone","T. Fidone","TE","NYG","14","","injury-status","Final L 0-40 vs DAL","-","-","-","-","-","-","-","-","-","-","-","-","-"
"2677","C. Crooms","C. Crooms","WR","","","Ques","injury-status questionable","BYE","-","-","-","-","-","-","-","-","-","-","-","-","-"
"2678","M. Trujillo","M. Trujillo","K","","","IR","injury-status ir","BYE","-","-","-","-","-","-","-","-","-","-","-","-","-"
"2679","B. Lampe","B. Lampe","RB","NE","14","IR","injury-status ir","Final L 20-25 vs PHI","-","-","-","-","-","-","-","-","-","-","-","-","-"
"2680","H. Presley","H. Presley","WR","","","","injury-status","BYE","-","-","-","-","-","-","-","-","-","-","-","-","-"
"2681","M. Nabers","M. Nabers","WR","NYG","14","Ques","injury-status questionable","Final L 0-40 vs DAL","-","-","-","-","-","-","-","-","-","-","-","-","-"
"2682","M. Williams","M. Williams","WR","","","Ques","injury-status questionable","BYE","-","-","-","-","-","-","-","-","-","-","-","-","-"
"2683","D. Wright","D. Wright","WR","","","","injury-status","BYE","-","-","-","-","-","-","-","-","-","-","-","-","-"
"2684","Z. Mathis","Z. Mathis","WR","","","","injury-status","BYE","-","-","-","-","-","-","-","-","-","-","-","-","-"
"2685","M. Muhammad","M. Muhammad","WR","","","Ques","injury-status questionable","BYE","-","-","-","-","-","-","-","-","-","-","-","-","-"
"2686","L. Krieg","L. Krieg","K","ATL","5","","injury-status","Final W 24-10 vs CAR","-","-","-","-","-","-","-","-","-","-","-","-","-"
"2687","J. Blue","J. Blue","RB","DAL","10","Ques","injury-status questionable","Final W 40-0 @ NYG","-","-","-","-","-","-","-","-","-","-","-","-","-"
"2688","N. Nash","N. Nash","WR","ATL","5","","injury-status","Final W 24-10 vs CAR","-","-","-","-","-","-","-","-","-","-","-","-","-"
"2689","J. Hoyland","J. Hoyland","K","","","","injury-status","BYE","-","-","-","-","-","-","-","-","-","-","-","-","-"
"2690","B. Tuten","B. Tuten","RB","JAX","8","","injury-status","Final W 31-21 @ IND","-","-","-","-","-","-","-","-","-","-","-","-","-"
"2691","D. Martin","D. Martin","RB","","","","injury-status","BYE","-","-","-","-","-","-","-","-","-","-","-","-","-"
"2692","W. Howard","W. Howard","QB","PIT","5","IR","injury-status ir","Final L 7-30 vs SF","-","-","-","-","-","-","-","-","-","-","-","-","-"
"2693","D. Neal","D. Neal","RB","NO","11","","injury-status","Final W 16-15 vs TEN","-","-","-","-","-","-","-","-","-","-","-","-","-"
"2694","D. Daniels","D. Daniels","WR","","","","injury-status","BYE","-","-","-","-","-","-","-","-","-","-","-","-","-"
"2695","D. Wilson","D. Wilson","WR","","","","injury-status","BYE","-","-","-","-","-","-","-","-","-","-","-","-","-"
"2696","T. Hunter","T. Hunter","WR, DB - JAX(8)","","","","injury-status","Final W 31-21 @ IND","-","-","-","-","-","-","-","-","-","-","-","-","-"
"2697","R. Daniels","R. Daniels","WR","","","","injury-status","BYE","-","-","-","-","-","-","-","-","-","-","-","-","-"
"2698","H. Williams","H. Williams","QB","","","","injury-status","BYE","-","-","-","-","-","-","-","-","-","-","-","-","-"
"2699","D. Miller","D. Miller","RB","NYG","14","","injury-status","Final L 0-40 vs DAL","-","-","-","-","-","-","-","-","-","-","-","-","-"
"2700","C. McDonald","C. McDonald","WR","","","IR","injury-status ir","BYE","-","-","-","-","-","-","-","-","-","-","-","-","-"
"2701","N. Kallerup","N. Kallerup","TE","SEA","8","","injury-status","Final L 13-30 vs LAR","-","-","-","-","-","-","-","-","-","-","-","-","-"
"2702","T. Franklin","T. Franklin","WR","DEN","12","","injury-status","Final L 16-17 vs LV","-","-","-","-","-","-","-","-","-","-","-","-","-"
"2703","T. Yassmin","T. Yassmin","TE","LAC","12","","injury-status","Final L 34-36 vs MIA","-","-","-","-","-","-","-","-","-","-","-","-","-"
"2704","A. Johnson","A. Johnson","RB","LAC","12","","injury-status","Final L 34-36 vs MIA","-","-","-","-","-","-","-","-","-","-","-","-","-"
"2705","M. Castles","M. Castles","TE","","","","injury-status","BYE","-","-","-","-","-","-","-","-","-","-","-","-","-"
"2706","M. Penix","M. Penix","QB","ATL","5","","injury-status","Final W 24-10 vs CAR","-","-","-","-","-","-","-","-","-","-","-","-","-"
"2707","J. Copenhaver","J. Copenhaver","TE","","","","injury-status","BYE","-","-","-","-","-","-","-","-","-","-","-","-","-"
"2708","C. Bazelak","C. Bazelak","QB","TB","9","","injury-status","Final W 20-17 @ MIN","-","-","-","-","-","-","-","-","-","-","-","-","-"
"2709","D. Caton","D. Caton","WR","","","","injury-status","BYE","-","-","-","-","-","-","-","-","-","-","-","-","-"
"2710","P. Herbert","P. Herbert","TE","JAX","8","","injury-status","Final W 31-21 @ IND","-","-","-","-","-","-","-","-","-","-","-","-","-"
"2711","M. Brosmer","M. Brosmer","QB","MIN","6","","injury-status","Final L 17-20 vs TB","-","-","-","-","-","-","-","-","-","-","-","-","-"
"2712","T. Tracy","T. Tracy","RB","NYG","14","","injury-status","Final L 0-40 vs DAL","-","-","-","-","-","-","-","-","-","-","-","-","-"
"2713","T. Pickering","T. Pickering","TE","","","","injury-status","BYE","-","-","-","-","-","-","-","-","-","-","-","-","-"
"2714","E. Wilson","E. Wilson","TE","","","","injury-status","BYE","-","-","-","-","-","-","-","-","-","-","-","-","-"
"2715","M. Baldwin","M. Baldwin","WR","","","","injury-status","BYE","-","-","-","-","-","-","-","-","-","-","-","-","-"
"2716","V. Blanchard","V. Blanchard","K","","","","injury-status","BYE","-","-","-","-","-","-","-","-","-","-","-","-","-"
"2717","A. Armstrong","A. Armstrong","WR","","","","injury-status","BYE","-","-","-","-","-","-","-","-","-","-","-","-","-"
"2718","M. Fairchild","M. Fairchild","TE","","","","injury-status","BYE","-","-","-","-","-","-","-","-","-","-","-","-","-"
"2719","D. Parks","D. Parks","WR","","","","injury-status","BYE","-","-","-","-","-","-","-","-","-","-","-","-","-"
"2720","O. Gordon","O. Gordon","RB","MIA","12","","injury-status","Final W 36-34 @ LAC","-","-","-","-","-","-","-","-","-","-","-","-","-"
"2721","I. Wooden","I. Wooden","WR","","","","injury-status","BYE","-","-","-","-","-","-","-","-","-","-","-","-","-"
"2722","B. Narveson","B. Narveson","K","","","","injury-status","BYE","-","-","-","-","-","-","-","-","-","-","-","-","-"
"2723","T. Mosley","T. Mosley","WR","","","","injury-status","BYE","-","-","-","-","-","-","-","-","-","-","-","-","-"
"2724","O. Hiliare","O. Hiliare","WR","","","","injury-status","BYE","-","-","-","-","-","-","-","-","-","-","-","-","-"
"2725","A. Holler","A. Holler","TE","","","","injury-status","BYE","-","-","-","-","-","-","-","-","-","-","-","-","-"
"2726","J. Laap","J. Laap","WR","","","","injury-status","BYE","-","-","-","-","-","-","-","-","-","-","-","-","-"
"2727","J. Sinz","J. Sinz","TE","","","","injury-status","BYE","-","-","-","-","-","-","-","-","-","-","-","-","-"
"2728","R. Brown","R. Brown","TE","","","","injury-status","BYE","-","-","-","-","-","-","-","-","-","-","-","-","-"
"2729","C. Tyree","C. Tyree","WR","","","Ques","injury-status questionable","BYE","-","-","-","-","-","-","-","-","-","-","-","-","-"
"2730","J. Dangerfield","J. Dangerfield","WR","","","","injury-status","BYE","-","-","-","-","-","-","-","-","-","-","-","-","-"
"2731","X. Guillory","X. Guillory","WR","","","Ques","injury-status questionable","BYE","-","-","-","-","-","-","-","-","-","-","-","-","-"
"2732","L. Bester","L. Bester","WR","","","","injury-status","BYE","-","-","-","-","-","-","-","-","-","-","-","-","-"
"2733","C. Neighbors","C. Neighbors","RB","","","","injury-status","BYE","-","-","-","-","-","-","-","-","-","-","-","-","-"
"2734","T. Holden","T. Holden","WR","DAL","10","","injury-status","Final W 40-0 @ NYG","-","-","-","-","-","-","-","-","-","-","-","-","-"
"2735","A. Wells","A. Wells","WR","","","","injury-status","BYE","-","-","-","-","-","-","-","-","-","-","-","-","-"
"2736","L. Ward","L. Ward","RB","","","","injury-status","BYE","-","-","-","-","-","-","-","-","-","-","-","-","-"
"2737","S. Bolden","S. Bolden","WR","HOU","6","","injury-status","Final L 9-25 @ BAL","-","-","-","-","-","-","-","-","-","-","-","-","-"
"2738","M. Evans","M. Evans","TE","CAR","14","","injury-status","Final L 10-24 @ ATL","-","-","-","-","-","-","-","-","-","-","-","-","-"
"2739","J. Warren","J. Warren","TE","","","","injury-status","BYE","-","-","-","-","-","-","-","-","-","-","-","-","-"
"2740","R. Leonard","R. Leonard","QB","IND","11","","injury-status","Final L 21-31 vs JAX","-","-","-","-","-","-","-","-","-","-","-","-","-"
"2741","A. Jeanty","A. Jeanty","RB","LV","8","","injury-status","Final W 17-16 @ DEN","-","-","-","-","-","-","-","-","-","-","-","-","-"
"2742","W. Reichard","W. Reichard","K","MIN","6","","injury-status","Final L 17-20 vs TB","-","-","-","-","-","-","-","-","-","-","-","-","-"
"2743","P. Sims","P. Sims","QB","","","","injury-status","BYE","-","-","-","-","-","-","-","-","-","-","-","-","-"
"2744","C. Johnson","C. Johnson","WR","","","","injury-status","BYE","-","-","-","-","-","-","-","-","-","-","-","-","-"
"2745","A. Gleichert","A. Gleichert","TE","","","","injury-status","BYE","-","-","-","-","-","-","-","-","-","-","-","-","-"
"2746","R. Keyton","R. Keyton","WR","","","","injury-status","BYE","-","-","-","-","-","-","-","-","-","-","-","-","-"
"2747","C. Bauman","C. Bauman","QB","","","","injury-status","BYE","-","-","-","-","-","-","-","-","-","-","-","-","-"
"2748","T. Ayo-Durojaiye","T. Ayo-Durojaiye","RB","","","","injury-status","BYE","-","-","-","-","-","-","-","-","-","-","-","-","-"
"2749","J. Plumlee","J. Plumlee","QB","","","IR","injury-status ir","BYE","-","-","-","-","-","-","-","-","-","-","-","-","-"
"2750","J. McCarthy","J. McCarthy","QB","MIN","6","","injury-status","Final L 17-20 vs TB","-","-","-","-","-","-","-","-","-","-","-","-","-"
"2751","C. Clear","C. Clear","TE","","","","injury-status","BYE","-","-","-","-","-","-","-","-","-","-","-","-","-"
"2752","J. Williams","J. Williams","RB","TB","9","","injury-status","Final W 20-17 @ MIN","-","-","-","-","-","-","-","-","-","-","-","-","-"
"2753","K. Ings","K. Ings","WR","","","","injury-status","BYE","-","-","-","-","-","-","-","-","-","-","-","-","-"
"2754","J. Croskey-Merritt","J. Croskey-Merritt","RB","WAS","12","","injury-status","Final W 20-16 vs ARI","-","-","-","-","-","-","-","-","-","-","-","-","-"
"2755","J. Bell","J. Bell","TE","","","","injury-status","BYE","-","-","-","-","-","-","-","-","-","-","-","-","-"
"2756","J. Dart","J. Dart","QB","NYG","14","","injury-status","Final L 0-40 vs DAL","-","-","-","-","-","-","-","-","-","-","-","-","-"
"2757","K. Foelsch","K. Foelsch","TE","","","","injury-status","BYE","-","-","-","-","-","-","-","-","-","-","-","-","-"
"2758","D. Davis","D. Davis","WR","","","","injury-status","BYE","-","-","-","-","-","-","-","-","-","-","-","-","-"
"2759","P. Brooks","P. Brooks","WR","","","","injury-status","BYE","-","-","-","-","-","-","-","-","-","-","-","-","-"
"2760","K. Slovis","K. Slovis","QB","ARI","8","","injury-status","Final L 16-20 @ WAS","-","-","-","-","-","-","-","-","-","-","-","-","-"
"2761","T. Creecy","T. Creecy","RB","","","","injury-status","BYE","-","-","-","-","-","-","-","-","-","-","-","-","-"
"2762","S. Sanders","S. Sanders","QB","","","","injury-status","BYE","-","-","-","-","-","-","-","-","-","-","-","-","-"
"2763","D. Anthrop","D. Anthrop","WR","","","","injury-status","BYE","-","-","-","-","-","-","-","-","-","-","-","-","-"
"2764","J. Lane","J. Lane","WR","WAS","12","","injury-status","Final W 20-16 vs ARI","-","-","-","-","-","-","-","-","-","-","-","-","-"
"2765","D. Cambre","D. Cambre","WR","","","","injury-status","BYE","-","-","-","-","-","-","-","-","-","-","-","-","-"
"2766","G. Holani","G. Holani","RB","SEA","8","","injury-status","Final L 13-30 vs LAR","-","-","-","-","-","-","-","-","-","-","-","-","-"
"2767","S. Gosnell","S. Gosnell","WR","BUF","7","","injury-status","Final L 16-22 @ NYJ","-","-","-","-","-","-","-","-","-","-","-","-","-"
"2768","M. Morgan","M. Morgan","K","","","","injury-status","BYE","-","-","-","-","-","-","-","-","-","-","-","-","-"
"2769","I. Wheeler","I. Wheeler","RB","","","IR","injury-status ir","BYE","-","-","-","-","-","-","-","-","-","-","-","-","-"
"2770","J. Burton","J. Burton","WR","","","","injury-status","BYE","-","-","-","-","-","-","-","-","-","-","-","-","-"
"2771","Z. Horton","Z. Horton","TE","DET","8","","injury-status","Final W 21-20 @ KC","-","-","-","-","-","-","-","-","-","-","-","-","-"
"2772","K. Hudson","K. Hudson","WR","","","","injury-status","BYE","-","-","-","-","-","-","-","-","-","-","-","-","-"
"2773","P. Olatoke","P. Olatoke","WR","","","","injury-status","BYE","-","-","-","-","-","-","-","-","-","-","-","-","-"
"2774","T. Sloat","T. Sloat","TE","","","","injury-status","BYE","-","-","-","-","-","-","-","-","-","-","-","-","-"
"2775","H. Dekkers","H. Dekkers","QB","NO","11","","injury-status","Final W 16-15 vs TEN","-","-","-","-","-","-","-","-","-","-","-","-","-"
"2776","J. Janke","J. Janke","WR","","","","injury-status","BYE","-","-","-","-","-","-","-","-","-","-","-","-","-"
"2777","J. Jackson","J. Jackson","WR","LAC","12","","injury-status","Final L 34-36 vs MIA","-","-","-","-","-","-","-","-","-","-","-","-","-"
"2778","K. Prather","K. Prather","WR","","","Ques","injury-status questionable","BYE","-","-","-","-","-","-","-","-","-","-","-","-","-"
"2779","C. Dike","C. Dike","WR","TEN","10","","injury-status","Final L 15-16 @ NO","-","-","-","-","-","-","-","-","-","-","-","-","-"
"2780","W. Shipley","W. Shipley","RB","PHI","9","","injury-status","Final W 25-20 @ NE","-","-","-","-","-","-","-","-","-","-","-","-","-"
"2781","C. Camper","C. Camper","WR","","","","injury-status","BYE","-","-","-","-","-","-","-","-","-","-","-","-","-"
"2782","R. Collins","R. Collins","WR","","","","injury-status","BYE","-","-","-","-","-","-","-","-","-","-","-","-","-"
"2783","M. Corley","M. Corley","WR","CLE","9","","injury-status","Final W 24-3 vs CIN","-","-","-","-","-","-","-","-","-","-","-","-","-"
"2784","J. Mcafee","J. Mcafee","TE","","","","injury-status","BYE","-","-","-","-","-","-","-","-","-","-","-","-","-"
"2785","K. Latu","K. Latu","TE","BUF","7","","injury-status","Final L 16-22 @ NYJ","-","-","-","-","-","-","-","-","-","-","-","-","-"
"2786","J. Baker","J. Baker","WR","","","","injury-status","BYE","-","-","-","-","-","-","-","-","-","-","-","-","-"
"2787","T. Watson","T. Watson","TE","KC","10","","injury-status","Final L 20-21 vs DET","-","-","-","-","-","-","-","-","-","-","-","-","-"
"2788","D. Carter","D. Carter","WR","","","Ques","injury-status questionable","BYE","-","-","-","-","-","-","-","-","-","-","-","-","-"
"2789","C. Davis","C. Davis","K","","","","injury-status","BYE","-","-","-","-","-","-","-","-","-","-","-","-","-"
"2790","R. Ouzts","R. Ouzts","RB","SEA","8","","injury-status","Final L 13-30 vs LAR","-","-","-","-","-","-","-","-","-","-","-","-","-"
"2791","L. Rees-Zammit","L. Rees-Zammit","RB","","","Ques","injury-status questionable","BYE","-","-","-","-","-","-","-","-","-","-","-","-","-"
"2792","T. Felton","T. Felton","WR","MIN","6","Ques","injury-status questionable","Final L 17-20 vs TB","-","-","-","-","-","-","-","-","-","-","-","-","-"
"2793","C. Ward","C. Ward","QB","TEN","10","","injury-status","Final L 15-16 @ NO","-","-","-","-","-","-","-","-","-","-","-","-","-"
"2794","M. Miller","M. Miller","TE","","","","injury-status","BYE","-","-","-","-","-","-","-","-","-","-","-","-","-"
"2795","B. Sinnott","B. Sinnott","TE","WAS","12","","injury-status","Final W 20-16 vs ARI","-","-","-","-","-","-","-","-","-","-","-","-","-"
"2796","E. Pancol","E. Pancol","WR","","","Ques","injury-status questionable","BYE","-","-","-","-","-","-","-","-","-","-","-","-","-"
"2797","N. Wright","N. Wright","RB","","","","injury-status","BYE","-","-","-","-","-","-","-","-","-","-","-","-","-"
"2798","M. Clark","M. Clark","WR","","","","injury-status","BYE","-","-","-","-","-","-","-","-","-","-","-","-","-"
"2799","T. Pratt","T. Pratt","WR","","","","injury-status","BYE","-","-","-","-","-","-","-","-","-","-","-","-","-"
"2800","P. Lutz","P. Lutz","WR","","","","injury-status","BYE","-","-","-","-","-","-","-","-","-","-","-","-","-"
"2801","D. Wade","D. Wade","WR","BAL","7","IR","injury-status ir","Final W 25-9 vs HOU","-","-","-","-","-","-","-","-","-","-","-","-","-"
"2802","C. Schlee","C. Schlee","QB","","","","injury-status","BYE","-","-","-","-","-","-","-","-","-","-","-","-","-"
"2803","B. Oliver","B. Oliver","WR","TEN","10","","injury-status","Final L 15-16 @ NO","-","-","-","-","-","-","-","-","-","-","-","-","-"
"2804","T. Elgersma","T. Elgersma","QB","","","","injury-status","BYE","-","-","-","-","-","-","-","-","-","-","-","-","-"
"2805","S. Williams","S. Williams","WR","GB","5","Ques","injury-status questionable","Final W 38-20 @ CHI","-","-","-","-","-","-","-","-","-","-","-","-","-"
"2806","D. Brown","D. Brown","RB","","","","injury-status","BYE","-","-","-","-","-","-","-","-","-","-","-","-","-"
"2807","D. McDuffie","D. McDuffie","RB","","","","injury-status","BYE","-","-","-","-","-","-","-","-","-","-","-","-","-"
"2808","R. Harvey","R. Harvey","RB","DEN","12","","injury-status","Final L 16-17 vs LV","-","-","-","-","-","-","-","-","-","-","-","-","-"
"2809","J. Horn","J. Horn","WR","CAR","14","","injury-status","Final L 10-24 @ ATL","-","-","-","-","-","-","-","-","-","-","-","-","-"
"2810","P. Browning","P. Browning","WR","","","","injury-status","BYE","-","-","-","-","-","-","-","-","-","-","-","-","-"
"2811","D. White","D. White","WR","","","","injury-status","BYE","-","-","-","-","-","-","-","-","-","-","-","-","-"
"2812","W. Ruby","W. Ruby","WR","","","Ques","injury-status questionable","BYE","-","-","-","-","-","-","-","-","-","-","-","-","-"
"2813","I. Neyor","I. Neyor","WR","GB","5","","injury-status","Final W 38-20 @ CHI","-","-","-","-","-","-","-","-","-","-","-","-","-"
"2814","B. Brooks","B. Brooks","RB","HOU","6","","injury-status","Final L 9-25 @ BAL","-","-","-","-","-","-","-","-","-","-","-","-","-"
"2815","C. Schrader","C. Schrader","RB","LAR","8","","injury-status","Final W 30-13 @ SEA","-","-","-","-","-","-","-","-","-","-","-","-","-"
"2816","W. Marks","W. Marks","RB","HOU","6","","injury-status","Final L 9-25 @ BAL","-","-","-","-","-","-","-","-","-","-","-","-","-"
"2817","T. Owens","T. Owens","WR","","","","injury-status","BYE","-","-","-","-","-","-","-","-","-","-","-","-","-"
"2818","T. Welch","T. Welch","TE","NO","11","","injury-status","Final W 16-15 vs TEN","-","-","-","-","-","-","-","-","-","-","-","-","-"
"2819","K. Johnson","K. Johnson","RB","PIT","5","","injury-status","Final L 7-30 vs SF","-","-","-","-","-","-","-","-","-","-","-","-","-"
"2820","B. Pierre","B. Pierre","TE","CAR","14","","injury-status","Final L 10-24 @ ATL","-","-","-","-","-","-","-","-","-","-","-","-","-"
"2821","B. Corum","B. Corum","RB","LAR","8","","injury-status","Final W 30-13 @ SEA","-","-","-","-","-","-","-","-","-","-","-","-","-"
"2822","L. Scott","L. Scott","RB","BAL","7","","injury-status","Final W 25-9 vs HOU","-","-","-","-","-","-","-","-","-","-","-","-","-"
"2823","T. Brooks","T. Brooks","RB","CIN","10","","injury-status","Final L 3-24 @ CLE","-","-","-","-","-","-","-","-","-","-","-","-","-"
"2824","C. Powell","C. Powell","RB","","","","injury-status","BYE","-","-","-","-","-","-","-","-","-","-","-","-","-"
"2825","B. Allen","B. Allen","RB","NYJ","9","","injury-status","Final W 22-16 vs BUF","-","-","-","-","-","-","-","-","-","-","-","-","-"
"2826","T. Johnson","T. Johnson","TE","NYG","14","","injury-status","Final L 0-40 vs DAL","-","-","-","-","-","-","-","-","-","-","-","-","-"
"2827","D. Jackson","D. Jackson","WR","","","","injury-status","BYE","-","-","-","-","-","-","-","-","-","-","-","-","-"
"2828","E. Collins","E. Collins","RB","","","","injury-status","BYE","-","-","-","-","-","-","-","-","-","-","-","-","-"
"2829","C. Cordeiro","C. Cordeiro","QB","","","","injury-status","BYE","-","-","-","-","-","-","-","-","-","-","-","-","-"
"2830","J. Haggins","J. Haggins","WR","","","","injury-status","BYE","-","-","-","-","-","-","-","-","-","-","-","-","-"
"2831","M. Severance","M. Severance","RB","","","","injury-status","BYE","-","-","-","-","-","-","-","-","-","-","-","-","-"
"2832","C. Lohner","C. Lohner","TE","DEN","12","","injury-status","Final L 16-17 vs LV","-","-","-","-","-","-","-","-","-","-","-","-","-"
"2833","R. Wilson","R. Wilson","WR","PIT","5","","injury-status","Final L 7-30 vs SF","-","-","-","-","-","-","-","-","-","-","-","-","-"
"2834","M. Tipton","M. Tipton","WR","NO","11","","injury-status","Final W 16-15 vs TEN","-","-","-","-","-","-","-","-","-","-","-","-","-"
"2835","V. Johnson","V. Johnson","WR","","","","injury-status","BYE","-","-","-","-","-","-","-","-","-","-","-","-","-"
"2836","L. McCaffrey","L. McCaffrey","WR","WAS","12","","injury-status","Final W 20-16 vs ARI","-","-","-","-","-","-","-","-","-","-","-","-","-"
"2837","Q. Skinner","Q. Skinner","WR","","","","injury-status","BYE","-","-","-","-","-","-","-","-","-","-","-","-","-"
"2838","T. Ferguson","T. Ferguson","TE","LAR","8","","injury-status","Final W 30-13 @ SEA","-","-","-","-","-","-","-","-","-","-","-","-","-"
"2839","S. Watts","S. Watts","RB","","","","injury-status","BYE","-","-","-","-","-","-","-","-","-","-","-","-","-"
"2840","R. Coe","R. Coe","K","","","","injury-status","BYE","-","-","-","-","-","-","-","-","-","-","-","-","-"
"2841","E. Egbuka","E. Egbuka","WR","TB","9","","injury-status","Final W 20-17 @ MIN","-","-","-","-","-","-","-","-","-","-","-","-","-"
"2842","R. Pearsall","R. Pearsall","WR","SF","14","","injury-status","Final W 30-7 @ PIT","-","-","-","-","-","-","-","-","-","-","-","-","-"
"2843","T. Stewart","T. Stewart","RB","","","","injury-status","BYE","-","-","-","-","-","-","-","-","-","-","-","-","-"
"2844","J. Moore","J. Moore","WR","CIN","10","","injury-status","Final L 3-24 @ CLE","-","-","-","-","-","-","-","-","-","-","-","-","-"
"2845","B. Braylon","B. Braylon","WR","","","","injury-status","BYE","-","-","-","-","-","-","-","-","-","-","-","-","-"
"2846","G. Bartholomew","G. Bartholomew","TE","MIN","6","PUP","injury-status pup","Final L 17-20 vs TB","-","-","-","-","-","-","-","-","-","-","-","-","-"
"2847","O. Wilson","O. Wilson","WR","","","","injury-status","BYE","-","-","-","-","-","-","-","-","-","-","-","-","-"
"2848","S. Stilianos","S. Stilianos","TE","","","","injury-status","BYE","-","-","-","-","-","-","-","-","-","-","-","-","-"
"2849","A. Kelly","A. Kelly","WR","","","","injury-status","BYE","-","-","-","-","-","-","-","-","-","-","-","-","-"
"2850","J. McAtamney","J. McAtamney","K","NYG","14","","injury-status","Final L 0-40 vs DAL","-","-","-","-","-","-","-","-","-","-","-","-","-"
"2851","I. Guerendo","I. Guerendo","RB","SF","14","","injury-status","Final W 30-7 @ PIT","-","-","-","-","-","-","-","-","-","-","-","-","-"
"2852","N. King","N. King","WR","","","","injury-status","BYE","-","-","-","-","-","-","-","-","-","-","-","-","-"
"2853","D. Fleming","D. Fleming","WR","MIN","6","","injury-status","Final L 17-20 vs TB","-","-","-","-","-","-","-","-","-","-","-","-","-"
"2854","J. Newton","J. Newton","WR","","","","injury-status","BYE","-","-","-","-","-","-","-","-","-","-","-","-","-"
"2855","T. Mellott","T. Mellott","WR","","","","injury-status","BYE","-","-","-","-","-","-","-","-","-","-","-","-","-"
"2856","T. Harris","T. Harris","WR","LAC","12","Ques","injury-status questionable","Final L 34-36 vs MIA","-","-","-","-","-","-","-","-","-","-","-","-","-"
"2857","N. Carter","N. Carter","RB","ATL","5","","injury-status","Final W 24-10 vs CAR","-","-","-","-","-","-","-","-","-","-","-","-","-"
"2858","E. Ruffin","E. Ruffin","WR","","","","injury-status","BYE","-","-","-","-","-","-","-","-","-","-","-","-","-"
"2859","K. Akharaiyi","K. Akharaiyi","WR","","","","injury-status","BYE","-","-","-","-","-","-","-","-","-","-","-","-","-"
"2860","T. Pennix","T. Pennix","TE","","","","injury-status","BYE","-","-","-","-","-","-","-","-","-","-","-","-","-"
"2861","T. Warren","T. Warren","TE","IND","11","","injury-status","Final L 21-31 vs JAX","-","-","-","-","-","-","-","-","-","-","-","-","-"
"2862","E. Jones","E. Jones","QB","ATL","5","IR","injury-status ir","Final W 24-10 vs CAR","-","-","-","-","-","-","-","-","-","-","-","-","-"
"2863","M. Pline","M. Pline","TE","NO","11","IR","injury-status ir","Final W 16-15 vs TEN","-","-","-","-","-","-","-","-","-","-","-","-","-"
"2864","J. Matocha","J. Matocha","QB","","","","injury-status","BYE","-","-","-","-","-","-","-","-","-","-","-","-","-"
"2865","D. Porter","D. Porter","WR","","","","injury-status","BYE","-","-","-","-","-","-","-","-","-","-","-","-","-"
"2866","M. Colburn","M. Colburn","RB","","","","injury-status","BYE","-","-","-","-","-","-","-","-","-","-","-","-","-"
"2867","T. Shough","T. Shough","QB","NO","11","","injury-status","Final W 16-15 vs TEN","-","-","-","-","-","-","-","-","-","-","-","-","-"
"2868","B. Nesbit","B. Nesbit","TE","MIN","6","","injury-status","Final L 17-20 vs TB","-","-","-","-","-","-","-","-","-","-","-","-","-"
"2869","M. Hiers","M. Hiers","QB","","","","injury-status","BYE","-","-","-","-","-","-","-","-","-","-","-","-","-"
"2870","K. Lynch-Adams","K. Lynch-Adams","RB","","","","injury-status","BYE","-","-","-","-","-","-","-","-","-","-","-","-","-"
"2871","D. Campbell","D. Campbell","WR","CAR","14","","injury-status","Final L 10-24 @ ATL","-","-","-","-","-","-","-","-","-","-","-","-","-"
"2872","J. McMillan","J. McMillan","WR","TB","9","IR","injury-status ir","Final W 20-17 @ MIN","-","-","-","-","-","-","-","-","-","-","-","-","-"
"2873","C. Lewis","C. Lewis","K","","","","injury-status","BYE","-","-","-","-","-","-","-","-","-","-","-","-","-"
"2874","B. Smith","B. Smith","RB","KC","10","","injury-status","Final L 20-21 vs DET","-","-","-","-","-","-","-","-","-","-","-","-","-"
"2875","M. Foster","M. Foster","WR","","","Ques","injury-status questionable","BYE","-","-","-","-","-","-","-","-","-","-","-","-","-"
"2876","S. Days","S. Days","RB","","","","injury-status","BYE","-","-","-","-","-","-","-","-","-","-","-","-","-"
"2877","L. Burden","L. Burden","WR","CHI","5","","injury-status","Final L 20-38 vs GB","-","-","-","-","-","-","-","-","-","-","-","-","-"
"2878","S. Schnee","S. Schnee","WR","","","","injury-status","BYE","-","-","-","-","-","-","-","-","-","-","-","-","-"
"2879","Q. Conley","Q. Conley","RB","","","","injury-status","BYE","-","-","-","-","-","-","-","-","-","-","-","-","-"
"2880","T. Tagovailoa","T. Tagovailoa","QB","","","","injury-status","BYE","-","-","-","-","-","-","-","-","-","-","-","-","-"
"2881","M. Johnson","M. Johnson","RB","","","","injury-status","BYE","-","-","-","-","-","-","-","-","-","-","-","-","-"
"2882","L. Floriea","L. Floriea","WR","","","Ques","injury-status questionable","BYE","-","-","-","-","-","-","-","-","-","-","-","-","-"
"2883","M. Rigerman","M. Rigerman","TE","","","","injury-status","BYE","-","-","-","-","-","-","-","-","-","-","-","-","-"
"2884","J. Thrash","J. Thrash","WR","CLE","9","","injury-status","Final W 24-3 vs CIN","-","-","-","-","-","-","-","-","-","-","-","-","-"
"2885","M. Yarns","M. Yarns","RB","","","","injury-status","BYE","-","-","-","-","-","-","-","-","-","-","-","-","-"
"2886","G. Greene","G. Greene","QB","TB","9","","injury-status","Final W 20-17 @ MIN","-","-","-","-","-","-","-","-","-","-","-","-","-"
"2887","J. Travis","J. Travis","QB","","","NA","injury-status na","BYE","-","-","-","-","-","-","-","-","-","-","-","-","-"
"2888","G. Hardison","G. Hardison","QB","","","","injury-status","BYE","-","-","-","-","-","-","-","-","-","-","-","-","-"
"2889","J. Banks","J. Banks","WR","","","","injury-status","BYE","-","-","-","-","-","-","-","-","-","-","-","-","-"
"2890","A. Hale","A. Hale","K","","","Ques","injury-status questionable","BYE","-","-","-","-","-","-","-","-","-","-","-","-","-"
"2891","J. Jackson","J. Jackson","WR","","","","injury-status","BYE","-","-","-","-","-","-","-","-","-","-","-","-","-"
"2892","J. Jackson","J. Jackson","WR","","","","injury-status","BYE","-","-","-","-","-","-","-","-","-","-","-","-","-"
"2893","M. Riley","M. Riley","WR","","","Ques","injury-status questionable","BYE","-","-","-","-","-","-","-","-","-","-","-","-","-"
"2894","S. Sanders","S. Sanders","QB","CLE","9","","injury-status","Final W 24-3 vs CIN","-","-","-","-","-","-","-","-","-","-","-","-","-"
"2895","I. Williams","I. Williams","WR","CIN","10","","injury-status","Final L 3-24 @ CLE","-","-","-","-","-","-","-","-","-","-","-","-","-"
"2896","J. Holiday","J. Holiday","WR","KC","10","","injury-status","Final L 20-21 vs DET","-","-","-","-","-","-","-","-","-","-","-","-","-"
"2897","M. McNamee","M. McNamee","K","GB","5","","injury-status","Final W 38-20 @ CHI","-","-","-","-","-","-","-","-","-","-","-","-","-"
"2898","T. Benson","T. Benson","RB","ARI","8","","injury-status","Final L 16-20 @ WAS","-","-","-","-","-","-","-","-","-","-","-","-","-"
"2899","D. George","D. George","WR","","","","injury-status","BYE","-","-","-","-","-","-","-","-","-","-","-","-","-"
"2900","D. Blankumsee","D. Blankumsee","WR","","","","injury-status","BYE","-","-","-","-","-","-","-","-","-","-","-","-","-"
"2901","A. Grant","A. Grant","RB","","","","injury-status","BYE","-","-","-","-","-","-","-","-","-","-","-","-","-"
"2902","P. Jarrett","P. Jarrett","QB","","","","injury-status","BYE","-","-","-","-","-","-","-","-","-","-","-","-","-"
"2903","J. Paddock","J. Paddock","QB","","","","injury-status","BYE","-","-","-","-","-","-","-","-","-","-","-","-","-"
"2904","J. Chisholm","J. Chisholm","RB","","","","injury-status","BYE","-","-","-","-","-","-","-","-","-","-","-","-","-"
"2905","J. Harper","J. Harper","WR","","","","injury-status","BYE","-","-","-","-","-","-","-","-","-","-","-","-","-"
"2906","K. Robinson","K. Robinson","RB","","","","injury-status","BYE","-","-","-","-","-","-","-","-","-","-","-","-","-"
"2907","R. Baker","R. Baker","RB","","","Ques","injury-status questionable","BYE","-","-","-","-","-","-","-","-","-","-","-","-","-"
"2908","T. Gordon","T. Gordon","TE","","","","injury-status","BYE","-","-","-","-","-","-","-","-","-","-","-","-","-"
"2909","R. Lombardi","R. Lombardi","QB","","","","injury-status","BYE","-","-","-","-","-","-","-","-","-","-","-","-","-"
"2910","C. Peterson","C. Peterson","QB","","","","injury-status","BYE","-","-","-","-","-","-","-","-","-","-","-","-","-"
"2911","X. Weaver","X. Weaver","WR","ARI","8","","injury-status","Final L 16-20 @ WAS","-","-","-","-","-","-","-","-","-","-","-","-","-"
"2912","V. Ambrosio","V. Ambrosio","K","","","","injury-status","BYE","-","-","-","-","-","-","-","-","-","-","-","-","-"
"2913","C. Brayboy","C. Brayboy","WR","JAX","8","","injury-status","Final W 31-21 @ IND","-","-","-","-","-","-","-","-","-","-","-","-","-"
"2914","M. Pratt","M. Pratt","QB","","","Ques","injury-status questionable","BYE","-","-","-","-","-","-","-","-","-","-","-","-","-"
"2915","J. Mayes","J. Mayes","WR","","","","injury-status","BYE","-","-","-","-","-","-","-","-","-","-","-","-","-"
"2916","A. Peasley","A. Peasley","QB","","","","injury-status","BYE","-","-","-","-","-","-","-","-","-","-","-","-","-"
"2917","D. Holker","D. Holker","TE","","","","injury-status","BYE","-","-","-","-","-","-","-","-","-","-","-","-","-"
"2918","S. Pinckney","S. Pinckney","WR","","","","injury-status","BYE","-","-","-","-","-","-","-","-","-","-","-","-","-"
"2919","E. All","E. All","TE","CIN","10","PUP","injury-status pup","Final L 3-24 @ CLE","-","-","-","-","-","-","-","-","-","-","-","-","-"
"2920","R. Douglas","R. Douglas","WR","","","","injury-status","BYE","-","-","-","-","-","-","-","-","-","-","-","-","-"
"2921","L. Jones","L. Jones","WR","","","","injury-status","BYE","-","-","-","-","-","-","-","-","-","-","-","-","-"
"2922","J. Franklin","J. Franklin","QB","","","","injury-status","BYE","-","-","-","-","-","-","-","-","-","-","-","-","-"
"2923","J. Petaia","J. Petaia","TE","","","Ques","injury-status questionable","BYE","-","-","-","-","-","-","-","-","-","-","-","-","-"
"2924","G. Spivey","G. Spivey","TE","","","","injury-status","BYE","-","-","-","-","-","-","-","-","-","-","-","-","-"
"2925","E. Badger","E. Badger","WR","","","","injury-status","BYE","-","-","-","-","-","-","-","-","-","-","-","-","-"
"2926","R. Odunze","R. Odunze","WR","CHI","5","","injury-status","Final L 20-38 vs GB","-","-","-","-","-","-","-","-","-","-","-","-","-"
"2927","J. Terry","J. Terry","TE","","","IR","injury-status ir","BYE","-","-","-","-","-","-","-","-","-","-","-","-","-"
"2928","S. Carden","S. Carden","QB","","","","injury-status","BYE","-","-","-","-","-","-","-","-","-","-","-","-","-"
"2929","D. Hankins","D. Hankins","RB","CHI","5","IR","injury-status ir","Final L 20-38 vs GB","-","-","-","-","-","-","-","-","-","-","-","-","-"
"2930","E. Garbers","E. Garbers","QB","","","","injury-status","BYE","-","-","-","-","-","-","-","-","-","-","-","-","-"
"2931","C. Washington","C. Washington","WR","ATL","5","","injury-status","Final W 24-10 vs CAR","-","-","-","-","-","-","-","-","-","-","-","-","-"
"2932","R. White","R. White","WR","SEA","8","","injury-status","Final L 13-30 vs LAR","-","-","-","-","-","-","-","-","-","-","-","-","-"
"2933","L. McConkey","L. McConkey","WR","LAC","12","","injury-status","Final L 34-36 vs MIA","-","-","-","-","-","-","-","-","-","-","-","-","-"
"2934","R. Lewis","R. Lewis","WR","","","","injury-status","BYE","-","-","-","-","-","-","-","-","-","-","-","-","-"
"2935","S. Henigan","S. Henigan","QB","JAX","8","","injury-status","Final W 31-21 @ IND","-","-","-","-","-","-","-","-","-","-","-","-","-"
"2936","J. Small","J. Small","RB","","","Ques","injury-status questionable","BYE","-","-","-","-","-","-","-","-","-","-","-","-","-"
"2937","R. Mobley","R. Mobley","WR","","","","injury-status","BYE","-","-","-","-","-","-","-","-","-","-","-","-","-"
"2938","M. Coprich","M. Coprich","RB","","","","injury-status","BYE","-","-","-","-","-","-","-","-","-","-","-","-","-"
"2939","C. Kiner","C. Kiner","RB","SF","14","Ques","injury-status questionable","Final W 30-7 @ PIT","-","-","-","-","-","-","-","-","-","-","-","-","-"
"2940","I. TeSlaa","I. TeSlaa","WR","DET","8","","injury-status","Final W 21-20 @ KC","-","-","-","-","-","-","-","-","-","-","-","-","-"
"2941","M. Major","M. Major","RB","","","","injury-status","BYE","-","-","-","-","-","-","-","-","-","-","-","-","-"
"2942","J. Jones","J. Jones","WR","","","","injury-status","BYE","-","-","-","-","-","-","-","-","-","-","-","-","-"
"2943","T. Henderson","T. Henderson","RB","NE","14","","injury-status","Final L 20-25 vs PHI","-","-","-","-","-","-","-","-","-","-","-","-","-"
"2944","A. Jones","A. Jones","RB","","","","injury-status","BYE","-","-","-","-","-","-","-","-","-","-","-","-","-"
"2945","R. Fitzgerald","R. Fitzgerald","K","CAR","14","","injury-status","Final L 10-24 @ ATL","-","-","-","-","-","-","-","-","-","-","-","-","-"
"2946","R. Sharp","R. Sharp","TE","","","","injury-status","BYE","-","-","-","-","-","-","-","-","-","-","-","-","-"
"2947","P. LeBlanc","P. LeBlanc","WR","","","","injury-status","BYE","-","-","-","-","-","-","-","-","-","-","-","-","-"
"2948","D. Joyner","D. Joyner","WR","","","","injury-status","BYE","-","-","-","-","-","-","-","-","-","-","-","-","-"
"2949","A. Reed","A. Reed","QB","","","","injury-status","BYE","-","-","-","-","-","-","-","-","-","-","-","-","-"
"2950","J. Manton","J. Manton","K","","","","injury-status","BYE","-","-","-","-","-","-","-","-","-","-","-","-","-"
"2951","L. Parker","L. Parker","WR","","","","injury-status","BYE","-","-","-","-","-","-","-","-","-","-","-","-","-"
"2952","J. Wright","J. Wright","RB","SEA","8","","injury-status","Final L 13-30 vs LAR","-","-","-","-","-","-","-","-","-","-","-","-","-"
"2953","J. Walker","J. Walker","WR","CHI","5","","injury-status","Final L 20-38 vs GB","-","-","-","-","-","-","-","-","-","-","-","-","-"
"2954","I. Davis","I. Davis","RB","NYJ","9","Ques","injury-status questionable","Final W 22-16 vs BUF","-","-","-","-","-","-","-","-","-","-","-","-","-"
"2955","R. Mueller","R. Mueller","RB","","","","injury-status","BYE","-","-","-","-","-","-","-","-","-","-","-","-","-"
"2956","K. Vidal","K. Vidal","RB","LAC","12","","injury-status","Final L 34-36 vs MIA","-","-","-","-","-","-","-","-","-","-","-","-","-"
"2957","J. Conyers","J. Conyers","TE","MIA","12","IR","injury-status ir","Final W 36-34 @ LAC","-","-","-","-","-","-","-","-","-","-","-","-","-"
"2958","E. Brun","E. Brun","TE","","","","injury-status","BYE","-","-","-","-","-","-","-","-","-","-","-","-","-"
"2959","B. Bates","B. Bates","TE","CLE","9","","injury-status","Final W 24-3 vs CIN","-","-","-","-","-","-","-","-","-","-","-","-","-"
"2960","A. Coxson","A. Coxson","WR","","","","injury-status","BYE","-","-","-","-","-","-","-","-","-","-","-","-","-"
"2961","J. Smith","J. Smith","WR","","","IR","injury-status ir","BYE","-","-","-","-","-","-","-","-","-","-","-","-","-"
"2962","A. Boone","A. Boone","QB","","","","injury-status","BYE","-","-","-","-","-","-","-","-","-","-","-","-","-"
"2963","S. Houma","S. Houma","RB","","","","injury-status","BYE","-","-","-","-","-","-","-","-","-","-","-","-","-"
"2964","D. Laube","D. Laube","RB","LV","8","","injury-status","Final W 17-16 @ DEN","-","-","-","-","-","-","-","-","-","-","-","-","-"
"2965","J. Edwards","J. Edwards","RB","","","","injury-status","BYE","-","-","-","-","-","-","-","-","-","-","-","-","-"
"2966","G. Scott","G. Scott","TE","","","","injury-status","BYE","-","-","-","-","-","-","-","-","-","-","-","-","-"
"2967","J. Brooks","J. Brooks","WR","WAS","12","","injury-status","Final W 20-16 vs ARI","-","-","-","-","-","-","-","-","-","-","-","-","-"
"2968","M. Herzog","M. Herzog","RB","","","","injury-status","BYE","-","-","-","-","-","-","-","-","-","-","-","-","-"
"2969","C. Louks","C. Louks","WR","","","","injury-status","BYE","-","-","-","-","-","-","-","-","-","-","-","-","-"
"2970","M. Johnson","M. Johnson","WR","","","","injury-status","BYE","-","-","-","-","-","-","-","-","-","-","-","-","-"
"2971","E. Bailey","E. Bailey","RB","","","","injury-status","BYE","-","-","-","-","-","-","-","-","-","-","-","-","-"
"2972","Z. Annexstad","Z. Annexstad","QB","","","","injury-status","BYE","-","-","-","-","-","-","-","-","-","-","-","-","-"
"2973","T. McLachlan","T. McLachlan","TE","CIN","10","IR","injury-status ir","Final L 3-24 @ CLE","-","-","-","-","-","-","-","-","-","-","-","-","-"
"2974","J. Sifrin","J. Sifrin","TE","","","","injury-status","BYE","-","-","-","-","-","-","-","-","-","-","-","-","-"
"2975","A. Brown","A. Brown","WR","","","","injury-status","BYE","-","-","-","-","-","-","-","-","-","-","-","-","-"
"2976","H. El-Zayat","H. El-Zayat","WR","","","Ques","injury-status questionable","BYE","-","-","-","-","-","-","-","-","-","-","-","-","-"
"2977","M. Washington","M. Washington","WR","MIA","12","","injury-status","Final W 36-34 @ LAC","-","-","-","-","-","-","-","-","-","-","-","-","-"
"2978","E. Chism","E. Chism","WR","NE","14","Ques","injury-status questionable","Final L 20-25 vs PHI","-","-","-","-","-","-","-","-","-","-","-","-","-"
"2979","B. McCoy","B. McCoy","WR","","","","injury-status","BYE","-","-","-","-","-","-","-","-","-","-","-","-","-"
"2980","B. Easton","B. Easton","WR","","","","injury-status","BYE","-","-","-","-","-","-","-","-","-","-","-","-","-"
"2981","T. Kahmann","T. Kahmann","WR","","","","injury-status","BYE","-","-","-","-","-","-","-","-","-","-","-","-","-"
"2982","H. Spears","H. Spears","TE","","","","injury-status","BYE","-","-","-","-","-","-","-","-","-","-","-","-","-"
"2983","C. Loveland","C. Loveland","TE","CHI","5","","injury-status","Final L 20-38 vs GB","-","-","-","-","-","-","-","-","-","-","-","-","-"
"2984","J. Pritchett","J. Pritchett","WR","NYJ","9","","injury-status","Final W 22-16 vs BUF","-","-","-","-","-","-","-","-","-","-","-","-","-"
"2985","M. Williams","M. Williams","QB","","","","injury-status","BYE","-","-","-","-","-","-","-","-","-","-","-","-","-"
"2986","J. Milton","J. Milton","QB","DAL","10","","injury-status","Final W 40-0 @ NYG","-","-","-","-","-","-","-","-","-","-","-","-","-"
"2987","J. Wilson","J. Wilson","WR","PHI","9","IR","injury-status ir","Final W 25-20 @ NE","-","-","-","-","-","-","-","-","-","-","-","-","-"
"2988","C. King","C. King","WR","","","","injury-status","BYE","-","-","-","-","-","-","-","-","-","-","-","-","-"
"2989","A. McNulty","A. McNulty","K","","","","injury-status","BYE","-","-","-","-","-","-","-","-","-","-","-","-","-"
"2990","A. Estime","A. Estime","RB","PHI","9","","injury-status","Final W 25-20 @ NE","-","-","-","-","-","-","-","-","-","-","-","-","-"
"2991","D. Gardner","D. Gardner","WR","","","","injury-status","BYE","-","-","-","-","-","-","-","-","-","-","-","-","-"
"2992","E. Dean","E. Dean","TE","","","","injury-status","BYE","-","-","-","-","-","-","-","-","-","-","-","-","-"
"2993","M. Dalena","M. Dalena","WR","","","","injury-status","BYE","-","-","-","-","-","-","-","-","-","-","-","-","-"
"2994","B. Taylor","B. Taylor","WR","","","","injury-status","BYE","-","-","-","-","-","-","-","-","-","-","-","-","-"
"2995","R. Williams","R. Williams","RB","","","","injury-status","BYE","-","-","-","-","-","-","-","-","-","-","-","-","-"
"2996","C. Chapman","C. Chapman","WR","","","","injury-status","BYE","-","-","-","-","-","-","-","-","-","-","-","-","-"
"2997","K. Williams","K. Williams","WR","PIT","5","","injury-status","Final L 7-30 vs SF","-","-","-","-","-","-","-","-","-","-","-","-","-"
"2998","J. Kelly","J. Kelly","WR","HOU","6","","injury-status","Final L 9-25 @ BAL","-","-","-","-","-","-","-","-","-","-","-","-","-"
"2999","D. Fenwick","D. Fenwick","RB","","","","injury-status","BYE","-","-","-","-","-","-","-","-","-","-","-","-","-"
"3000","J. Fleming","J. Fleming","WR","","","","injury-status","BYE","-","-","-","-","-","-","-","-","-","-","-","-","-"
"3001","C. Beck","C. Beck","WR","","","","injury-status","BYE","-","-","-","-","-","-","-","-","-","-","-","-","-"
"3002","I. Adeyi","I. Adeyi","WR","","","","injury-status","BYE","-","-","-","-","-","-","-","-","-","-","-","-","-"
"3003","J. George","J. George","WR","","","","injury-status","BYE","-","-","-","-","-","-","-","-","-","-","-","-","-"
"3004","J. Lingenfelter","J. Lingenfelter","TE","","","","injury-status","BYE","-","-","-","-","-","-","-","-","-","-","-","-","-"
"3005","D. Hardy","D. Hardy","WR","","","","injury-status","BYE","-","-","-","-","-","-","-","-","-","-","-","-","-"
"3006","L. Wester","L. Wester","WR","BAL","7","","injury-status","Final W 25-9 vs HOU","-","-","-","-","-","-","-","-","-","-","-","-","-"
"3007","T. Williams","T. Williams","RB","","","","injury-status","BYE","-","-","-","-","-","-","-","-","-","-","-","-","-"
"3008","O. Gadsden","O. Gadsden","TE","LAC","12","","injury-status","Final L 34-36 vs MIA","-","-","-","-","-","-","-","-","-","-","-","-","-"
"3009","T. James","T. James","WR","","","","injury-status","BYE","-","-","-","-","-","-","-","-","-","-","-","-","-"
"3010","D. Walker","D. Walker","WR","BAL","7","","injury-status","Final W 25-9 vs HOU","-","-","-","-","-","-","-","-","-","-","-","-","-"
"3011","O. Hampton","O. Hampton","RB","LAC","12","","injury-status","Final L 34-36 vs MIA","-","-","-","-","-","-","-","-","-","-","-","-","-"
"3012","D. Singer","D. Singer","WR","","","","injury-status","BYE","-","-","-","-","-","-","-","-","-","-","-","-","-"
"3013","J. Cowing","J. Cowing","WR","SF","14","IR","injury-status ir","Final W 30-7 @ PIT","-","-","-","-","-","-","-","-","-","-","-","-","-"
"3014","K. Milton","K. Milton","RB","CIN","10","","injury-status","Final L 3-24 @ CLE","-","-","-","-","-","-","-","-","-","-","-","-","-"
"3015","B. Irving","B. Irving","RB","TB","9","","injury-status","Final W 20-17 @ MIN","-","-","-","-","-","-","-","-","-","-","-","-","-"
"3016","B. Gabbert","B. Gabbert","QB","","","","injury-status","BYE","-","-","-","-","-","-","-","-","-","-","-","-","-"
"3017","K. Dent","K. Dent","QB","","","","injury-status","BYE","-","-","-","-","-","-","-","-","-","-","-","-","-"