"index","short_name","name","position","team","bye_week","injury_text","injury_class","game_status","points","stat_2","stat_3","stat_4","stat_5","stat_6","stat_7","stat_8","stat_9","stat_10","stat_11","stat_12"
"1","J. Allen","J. Allen","QB","BUF","7","","injury-status","Final W 34-28 vs ARI","380","102","531","12","-","-","7","1","307","483","3731","28"
"2","L. Jackson","L. Jackson","QB","BAL","7","Ques","injury-status questionable","Final L 20-27 @ KC","424","139","915","4","-","-","-","-","316","474","4172","41"
"3","J. Hurts","J. Hurts","QB","PHI","9","","injury-status","Final W 34-29 vs GB","311","150","630","14","-","-","-","-","248","361","2903","18"
"4","J. Daniels","J. Daniels","QB","WAS","12","","injury-status","Final L 20-37 @ TB","360","148","891","6","-","-","-","-","331","480","3568","25"
"5","P. Mahomes","P. Mahomes","QB","KC","10","","injury-status","Final W 27-20 vs BAL","292","58","307","2","1","1","2","-","392","581","3928","26"
"6","C. Stroud","C. Stroud","QB","HOU","6","","injury-status","Final W 29-27 @ IND","226","52","233","-","-","1","-","-","336","532","3727","20"
"7","K. Murray","K. Murray","QB","ARI","8","","injury-status","Final L 28-34 @ BUF","300","78","572","5","-","-","-","-","372","541","3851","21"
"8","J. Burrow","J. Burrow","QB","CIN","10","","injury-status","Final L 10-16 vs NE","371","42","201","2","-","-","-","-","460","652","4918","43"
"9","B. Purdy","B. Purdy","QB","SF","14","","injury-status","Final W 32-19 vs NYJ","272","66","323","5","-","-","-","-","300","455","3864","20"
"10","J. Love","J. Love","QB","GB","5","","injury-status","Final L 29-34 @ PHI","241","25","83","1","-","-","-","-","268","425","3389","25"
"11","D. Prescott","D. Prescott","QB","DAL","10","","injury-status","Final W 33-17 @ CLE","121","13","54","1","-","-","-","-","185","286","1978","11"
"12","G. Smith","G. Smith","QB","SEA","8","","injury-status","Final W 26-20 vs DEN","272","53","272","2","-","-","-","-","407","578","4320","21"
"13","B. Mayfield","B. Mayfield","QB","TB","9","","injury-status","Final W 37-20 vs WAS","369","60","378","3","-","-","-","-","407","570","4500","41"
"14","J. Goff","J. Goff","QB","DET","8","","injury-status","Final W 26-20 vs LAR","330","35","56","-","1","1","7","1","390","539","4629","37"
"15","T. Tagovailoa","T. Tagovailoa","QB","MIA","12","","injury-status","Final W 20-17 vs JAX","182","17","49","-","-","-","-","-","291","399","2867","19"
"16","T. Lawrence","T. Lawrence","QB","JAX","8","","injury-status","Final L 17-20 @ MIA","149","26","119","3","-","-","-5","-","172","284","2045","11"
"17","C. Williams","C. Williams","QB","CHI","5","","injury-status","Final W 24-17 vs TEN","251","81","489","-","-","-","-","-","351","562","3541","20"
"18","D. Henry","D. Henry","RB","BAL","7","","injury-status","Final L 20-27 @ KC","324","325","1921","16","19","22","193","2","-","-","-","-"
"19","A. Richardson","A. Richardson","QB","IND","11","","injury-status","Final L 27-29 vs HOU","166","86","499","6","1","1","-1","-","126","264","1814","8"
"20","S. Darnold","S. Darnold","QB","MIN","6","","injury-status","Final W 28-6 @ NYG","312","67","212","1","-","-","-","-","361","545","4319","35"
"21","J. Herbert","J. Herbert","QB","LAC","12","","injury-status","Final W 22-10 vs LV","282","69","306","2","-","-","-","-","332","504","3870","23"
"22","A. Rodgers","A. Rodgers","QB","NYJ","9","","injury-status","Final L 19-32 @ SF","263","22","107","-","-","-","-","-","368","584","3897","28"
"23","J. Fields","J. Fields","QB","PIT","5","","injury-status","Final W 18-10 @ ATL","114","62","289","5","-","-","-","-","106","161","1106","5"
"24","K. Cousins","K. Cousins","QB","ATL","5","","injury-status","Final L 10-18 vs PIT","179","23","-","-","-","-","-","-","303","453","3508","18"
"25","S. Barkley","S. Barkley","RB","PHI","9","","injury-status","Final W 34-29 vs GB","337","345","2005","13","33","43","278","2","-","-","-","-"
"26","T. Hill","T. Hill","WR","MIA","12","Ques","injury-status questionable","Final W 20-17 vs JAX","178","8","53","-","81","123","959","6","-","-","-","-"
"27","B. Hall","B. Hall","RB","NYJ","9","","injury-status","Final L 19-32 @ SF","206","209","876","5","57","76","483","3","-","-","-","-"
"28","J. Chase","J. Chase","WR","CIN","10","","injury-status","Final L 10-16 vs NE","340","3","32","-","127","175","1708","17","-","-","-","-"
"29","M. Stafford","M. Stafford","QB","LAR","8","","injury-status","Final L 20-26 @ DET","217","30","41","-","-","-","-","-","340","517","3762","20"
"30","D. Watson","D. Watson","QB","CLE","9","PUP","injury-status pup","Final L 17-33 vs DAL","75","31","148","1","-","-","-","-","137","216","1148","5"
"31","C. McCaffrey","C. McCaffrey","RB","SF","14","","injury-status","Final W 32-19 vs NYJ","39","50","202","-","15","19","146","-","-","-","-","-"
"32","B. Nix","B. Nix","QB","DEN","12","","injury-status","Final L 20-26 @ SEA","326","92","430","4","1","1","2","1","376","567","3775","29"
"33","W. Levis","W. Levis","QB","TEN","10","IR","injury-status ir","Final L 17-24 @ CHI","122","45","183","-","-","-","-","-","190","301","2091","13"
"34","B. Robinson","B. Robinson","RB","ATL","5","","injury-status","Final L 10-18 vs PIT","310","304","1456","14","61","72","431","1","-","-","-","-"
"35","J. Jefferson","J. Jefferson","WR","MIN","6","Ques","injury-status questionable","Final W 28-6 @ NYG","265","1","3","-","103","154","1533","10","1","1","22","-"
"36","D. Carr","D. Carr","QB","NO","11","NA","injury-status na","Final W 47-10 vs CAR","153","17","71","1","-","-","-","-","189","279","2145","15"
"37","C. Lamb","C. Lamb","WR","DAL","10","","injury-status","Final W 33-17 @ CLE","212","14","70","-","101","152","1194","6","-","-","-","-"
"38","J. Brissett","J. Brissett","QB","NE","14","","injury-status","Final W 16-10 @ CIN","42","15","62","-","-","-","-","-","95","161","826","2"
"39","J. Taylor","J. Taylor","RB","IND","11","","injury-status","Final L 27-29 vs HOU","233","303","1431","11","18","31","136","1","-","-","-","-"
"40","A. Brown","A. Brown","WR","PHI","9","Ques","injury-status questionable","Final W 34-29 vs GB","183","-","-","-","67","97","1079","7","-","-","-","-"
"41","D. Jones","D. Jones","QB","MIN","6","","injury-status","Final W 28-6 @ NYG","138","67","265","2","-","-","-","-","216","341","2070","8"
"42","I. Pacheco","I. Pacheco","RB","KC","10","","injury-status","Final W 27-20 vs BAL","51","83","310","1","12","16","79","-","-","-","-","-"
"43","D. Achane","D. Achane","RB","MIA","12","Ques","injury-status questionable","Final W 20-17 vs JAX","260","203","907","6","78","87","592","6","-","-","-","-"
"44","A. St. Brown","A. St. Brown","WR","DET","8","","injury-status","Final W 26-20 vs LAR","258","2","6","-","115","141","1263","12","1","1","7","1"
"45","A. Kamara","A. Kamara","RB","NO","11","","injury-status","Final W 47-10 vs CAR","230","228","950","6","68","89","543","2","-","-","-","-"
"46","K. Williams","K. Williams","RB","LAR","8","","injury-status","Final L 20-26 @ DET","250","316","1299","14","34","40","182","2","-","-","-","-"
"47","J. Gibbs","J. Gibbs","RB","DET","8","","injury-status","Final W 26-20 vs LAR","336","250","1412","16","52","63","517","4","-","-","-","-"
"48","P. Nacua","P. Nacua","WR","LAR","8","","injury-status","Final L 20-26 @ DET","167","11","46","1","79","106","990","3","-","-","-","-"
"49","A. Cooper","A. Cooper","WR","BUF","7","","injury-status","Final W 34-28 vs ARI","101","-","-","-","44","85","547","4","-","-","-","-"
"50","J. Mixon","J. Mixon","RB","HOU","6","PUP","injury-status pup","Final W 29-27 @ IND","223","245","1016","11","36","52","309","1","-","1","-","-"
"51","T. Etienne","T. Etienne","RB","JAX","8","","injury-status","Final L 17-20 @ MIA","110","150","558","2","39","52","254","-","-","-","-","-"
"52","D. Swift","D. Swift","RB","CHI","5","","injury-status","Final W 24-17 vs TEN","192","253","959","6","42","52","386","-","-","-","-","-"
"53","C. Godwin","C. Godwin","WR","TB","9","Doub","injury-status doubtful","Final W 37-20 vs WAS","112","1","2","-","50","62","576","5","-","-","-","-"
"54","N. Collins","N. Collins","WR","HOU","6","","injury-status","Final W 29-27 @ IND","177","-","-","-","68","99","1006","7","-","-","-","-"
"55","J. Jacobs","J. Jacobs","RB","GB","5","","injury-status","Final L 29-34 @ PHI","271","301","1329","15","36","43","342","1","-","-","-","-"
"56","D. Adams","D. Adams","WR","NYJ","9","","injury-status","Final L 19-32 @ SF","199","-","-","-","85","141","1063","8","-","-","-","-"
"57","J. Cook","J. Cook","RB","BUF","7","","injury-status","Final W 34-28 vs ARI","250","207","1009","16","32","38","258","2","-","-","-","-"
"58","G. Wilson","G. Wilson","WR","NYJ","9","","injury-status","Final L 19-32 @ SF","199","2","5","-","101","154","1104","7","-","-","-","-"
"59","T. Pollard","T. Pollard","RB","TEN","10","","injury-status","Final L 17-24 @ CHI","178","260","1079","5","41","57","238","-","-","-","-","-"
"60","M. Harrison","M. Harrison","WR","ARI","8","","injury-status","Final L 28-34 @ BUF","165","-","-","-","62","116","885","8","-","-","-","-"
"61","R. Stevenson","R. Stevenson","RB","NE","14","Ques","injury-status questionable","Final W 16-10 @ CIN","152","207","801","7","33","41","168","1","-","-","-","-"
"62","M. Evans","M. Evans","WR","TB","9","","injury-status","Final W 37-20 vs WAS","203","-","-","-","74","110","1004","11","-","-","-","-"
"63","D. London","D. London","WR","ATL","5","","injury-status","Final L 10-18 vs PIT","231","1","-3","-","100","158","1271","9","-","-","-","-"
"64","R. White","R. White","RB","TB","9","Ques","injury-status questionable","Final W 37-20 vs WAS","171","144","613","3","51","57","393","6","-","-","-","-"
"65","M. Nabers","M. Nabers","WR","NYG","14","Ques","injury-status questionable","Final L 6-28 vs MIN","218","5","2","-","109","170","1204","7","-","1","-","-"
"66","D. Metcalf","D. Metcalf","WR","SEA","8","","injury-status","Final W 26-20 vs DEN","156","-","-","-","66","108","992","5","-","-","-","-"
"67","T. McLaurin","T. McLaurin","WR","WAS","12","","injury-status","Final L 20-37 @ TB","226","2","2","-","82","117","1096","13","-","-","-","-"
"68","C. Kupp","C. Kupp","WR","LAR","8","","injury-status","Final L 20-26 @ DET","141","2","10","-","67","100","710","6","-","-","-","-"
"69","G. Minshew","G. Minshew","QB","LV","8","","injury-status","Final L 10-22 @ LAC","100","19","58","-","-","-","-","-","203","306","2013","9"
"70","D. Moore","D. Moore","WR","CHI","5","","injury-status","Final W 24-17 vs TEN","188","14","75","-","98","140","966","6","-","1","-","-"
"71","T. Higgins","T. Higgins","WR","CIN","10","","injury-status","Final L 10-16 vs NE","185","-","-","-","73","109","911","10","-","-","-","-"
"72","S. Diggs","S. Diggs","WR","HOU","6","Ques","injury-status questionable","Final W 29-27 @ IND","98","3","8","1","47","64","496","3","1","1","13","-"
"73","J. Waddle","J. Waddle","WR","MIA","12","","injury-status","Final W 20-17 vs JAX","121","4","12","-","58","83","744","2","-","-","-","-"
"74","R. Wilson","R. Wilson","QB","PIT","5","","injury-status","Final W 18-10 @ ATL","173","43","155","2","-","-","-","-","214","336","2482","16"
"75","B. Thomas","B. Thomas","WR","JAX","8","","injury-status","Final L 17-20 @ MIA","241","6","48","-","87","133","1282","10","-","-","-","-"
"76","D. Montgomery","D. Montgomery","RB","DET","8","","injury-status","Final W 26-20 vs LAR","202","185","775","12","36","38","341","-","1","1","3","1"
"77","N. Harris","N. Harris","RB","PIT","5","Ques","injury-status questionable","Final W 18-10 @ ATL","187","263","1043","6","36","48","283","-","-","-","-","-"
"78","A. Jones","A. Jones","RB","MIN","6","","injury-status","Final W 28-6 @ NYG","211","255","1138","5","51","62","408","2","-","-","-","-"
"79","D. Smith","D. Smith","WR","PHI","9","Ques","injury-status questionable","Final W 34-29 vs GB","165","1","1","-","68","89","833","8","-","-","-","-"
"80","B. Aiyuk","B. Aiyuk","WR","SF","14","PUP","injury-status pup","Final W 32-19 vs NYJ","50","-","-","-","25","47","374","-","-","-","-","-"
"81","K. Walker","K. Walker","RB","SEA","8","","injury-status","Final W 26-20 vs DEN","157","153","573","7","46","53","299","1","-","-","-","-"
"82","D. Johnson","D. Johnson","WR","HOU","6","","injury-status","Final W 29-27 @ IND","73","2","6","-","33","67","375","3","-","-","-","-"
"83","Z. Flowers","Z. Flowers","WR","BAL","7","","injury-status","Final L 20-27 @ KC","173","9","56","-","74","116","1059","4","-","-","-","-"
"84","D. Samuel","D. Samuel","WR","SF","14","","injury-status","Final W 32-19 vs NYJ","126","42","136","1","51","81","670","3","-","-","-","-"
"85","G. Pickens","G. Pickens","WR","PIT","5","","injury-status","Final W 18-10 @ ATL","134","2","-6","-","59","103","900","3","-","-","-","-"
"86","C. Hubbard","C. Hubbard","RB","CAR","14","","injury-status","Final L 10-47 @ NO","216","250","1195","10","43","54","171","1","-","-","-","-"
"87","T. Dell","T. Dell","WR","HOU","6","PUP","injury-status pup","Final W 29-27 @ IND","115","9","43","-","51","81","667","3","-","-","-","-"
"88","C. Sutton","C. Sutton","WR","DEN","12","","injury-status","Final L 20-26 @ SEA","199","-","-","-","81","135","1081","8","2","2","30","1"
"89","J. Williams","J. Williams","WR","DET","8","","injury-status","Final W 26-20 vs LAR","183","11","61","1","58","91","1001","7","-","-","-","-"
"90","L. McConkey","L. McConkey","WR","LAC","12","","injury-status","Final W 22-10 vs LV","198","-","-","-","82","112","1149","7","-","-","-","-"
"91","J. Conner","J. Conner","RB","ARI","8","","injury-status","Final L 28-34 @ BUF","226","236","1094","8","47","55","414","1","-","-","-","-"
"92","B. Robinson","B. Robinson","RB","WAS","12","","injury-status","Final L 20-37 @ TB","148","187","799","8","20","25","159","-","-","-","-","-"
"93","J. Reed","J. Reed","WR","GB","5","Ques","injury-status questionable","Final L 29-34 @ PHI","167","20","163","1","55","75","857","6","-","-","-","-"
"94","B. Young","B. Young","QB","CAR","14","","injury-status","Final L 10-47 @ NO","199","43","249","6","-","-","-","-","234","384","2403","15"
"95","G. Kittle","G. Kittle","TE","SF","14","","injury-status","Final W 32-19 vs NYJ","198","-","-","-","78","94","1106","8","-","-","-","-"
"96","T. Kelce","T. Kelce","TE","KC","10","","injury-status","Final W 27-20 vs BAL","145","1","1","-","97","133","823","3","-","-","-","-"
"97","C. Ridley","C. Ridley","WR","TEN","10","Ques","injury-status questionable","Final L 17-24 @ CHI","166","8","55","1","64","120","1017","4","-","-","-","-"
"98","C. Olave","C. Olave","WR","NO","11","","injury-status","Final W 47-10 vs CAR","60","1","7","-","32","44","400","1","-","-","-","-"
"99","R. Shaheed","R. Shaheed","WR","NO","11","","injury-status","Final W 47-10 vs CAR","69","6","29","-","20","41","349","3","-","-","-","-"
"100","C. Kirk","C. Kirk","WR","JAX","8","","injury-status","Final L 17-20 @ MIA","57","-","-","-","27","47","379","1","-","-","-","-"
"101","J. Addison","J. Addison","WR","MIN","6","Sus","injury-status sus","Final W 28-6 @ NYG","181","3","20","1","63","99","875","9","-","-","-","-"
"102","T. McBride","T. McBride","TE","ARI","8","","injury-status","Final L 28-34 @ BUF","194","1","2","1","111","147","1146","2","-","-","-","-"
"103","J. Meyers","J. Meyers","WR","LV","8","","injury-status","Final L 10-22 @ LAC","175","2","23","-","87","129","1027","4","-","-","-","-"
"104","J. Williams","J. Williams","RB","DEN","12","","injury-status","Final L 20-26 @ SEA","130","139","513","4","52","70","346","-","-","-","-","-"
"105","J. Smith-Njigba","J. Smith-Njigba","WR","SEA","8","","injury-status","Final W 26-20 vs DEN","202","5","26","-","100","137","1130","6","1","1","35","-"
"106","B. Bowers","B. Bowers","TE","LV","8","","injury-status","Final L 10-22 @ LAC","207","5","13","-","112","153","1194","5","-","-","-","-"
"107","D. Singletary","D. Singletary","RB","NYG","14","","injury-status","Final L 6-28 vs MIN","84","113","437","4","21","24","119","-","-","-","-","-"
"108","X. Worthy","X. Worthy","WR","KC","10","","injury-status","Final W 27-20 vs BAL","158","20","104","3","59","98","638","6","-","-","-","-"
"109","D. Maye","D. Maye","QB","NE","14","","injury-status","Final W 16-10 @ CIN","178","54","421","2","-","-","-","-","225","338","2276","15"
"110","Z. Moss","Z. Moss","RB","CIN","10","Ques","injury-status questionable","Final L 10-16 vs NE","68","74","242","2","23","27","187","1","-","-","-","-"
"111","K. Allen","K. Allen","WR","CHI","5","","injury-status","Final W 24-17 vs TEN","149","-","-","-","70","121","744","7","-","1","-","-"
"112","J. Dobbins","J. Dobbins","RB","LAC","12","","injury-status","Final W 22-10 vs LV","176","195","905","9","32","38","153","-","-","-","-","-"
"113","G. Edwards","G. Edwards","RB","LAC","12","","injury-status","Final W 22-10 vs LV","63","101","365","4","3","5","6","-","-","-","-","-"
"114","S. LaPorta","S. LaPorta","TE","DET","8","","injury-status","Final W 26-20 vs LAR","145","-","-","-","60","83","726","7","-","-","-","-"
"115","R. Mostert","R. Mostert","RB","MIA","12","","injury-status","Final W 20-17 vs JAX","59","85","278","2","19","23","161","-","-","-","-","-"
"116","R. Odunze","R. Odunze","WR","CHI","5","","injury-status","Final W 24-17 vs TEN","116","3","15","-","54","101","734","3","-","-","-","-"
"117","D. Kincaid","D. Kincaid","TE","BUF","7","","injury-status","Final W 34-28 vs ARI","78","-","-","-","44","75","448","2","-","-","-","-"
"118","W. Robinson","W. Robinson","WR","NYG","14","","injury-status","Final L 6-28 vs MIN","136","3","18","-","93","140","699","3","-","-","-","-"
"119","C. Brown","C. Brown","RB","CIN","10","","injury-status","Final L 10-16 vs NE","226","229","990","7","54","65","360","4","-","-","-","-"
"120","C. Watson","C. Watson","WR","GB","5","PUP","injury-status pup","Final L 29-34 @ PHI","90","4","23","-","29","53","620","2","-","-","-","-"
"121","K. Shakir","K. Shakir","WR","BUF","7","Ques","injury-status questionable","Final W 34-28 vs ARI","144","2","4","-","76","100","821","4","-","-","-","-"
"122","R. Doubs","R. Doubs","WR","GB","5","","injury-status","Final L 29-34 @ PHI","109","-","-","-","46","72","601","4","-","-","-","-"
"123","M. Pittman","M. Pittman","WR","IND","11","","injury-status","Final L 27-29 vs HOU","130","-","-","-","69","111","808","3","-","-","-","-"
"124","J. Jeudy","J. Jeudy","WR","CLE","9","","injury-status","Final L 17-33 vs DAL","196","-","-","-","90","145","1229","4","-","-","-","-"
"125","D. Hopkins","D. Hopkins","WR","KC","10","Ques","injury-status questionable","Final W 27-20 vs BAL","118","-","-","-","56","80","610","5","-","-","-","-"
"126","J. Downs","J. Downs","WR","IND","11","Ques","injury-status questionable","Final L 27-29 vs HOU","148","1","12","-","72","107","803","5","-","-","-","-"
"127","T. Lockett","T. Lockett","WR","SEA","8","","injury-status","Final W 26-20 vs DEN","97","-","-","-","49","74","600","2","-","-","-","-"
"128","N. Chubb","N. Chubb","RB","CLE","9","","injury-status","Final L 17-33 vs DAL","60","102","332","3","5","11","31","1","-","-","-","-"
"129","J. Warren","J. Warren","RB","PIT","5","","injury-status","Final W 18-10 @ ATL","103","120","511","1","38","47","310","-","-","-","-","-"
"130","J. Ford","J. Ford","RB","CLE","9","","injury-status","Final L 17-33 vs DAL","116","104","565","3","37","43","225","-","-","-","-","-"
"131","J. Ferguson","J. Ferguson","TE","DAL","10","","injury-status","Final W 33-17 @ CLE","71","-","-","-","59","86","494","-","-","-","-","-"
"132","D. Njoku","D. Njoku","TE","CLE","9","","injury-status","Final L 17-33 vs DAL","117","-","-","-","64","97","505","5","-","-","-","-"
"133","D. Goedert","D. Goedert","TE","PHI","9","Ques","injury-status questionable","Final W 34-29 vs GB","81","-","-","-","42","52","496","2","-","-","-","-"
"134","E. Engram","E. Engram","TE","JAX","8","","injury-status","Final L 17-20 @ MIA","65","-","-","-","47","64","365","1","-","-","-","-"
"135","J. Jennings","J. Jennings","WR","SF","14","Ques","injury-status questionable","Final W 32-19 vs NYJ","171","-","-","-","77","113","975","6","-","-","-","-"
"136","G. Davis","G. Davis","WR","JAX","8","Ques","injury-status questionable","Final L 17-20 @ MIA","43","-","-","-","20","42","239","2","-","-","-","-"
"137","T. Bigsby","T. Bigsby","RB","JAX","8","","injury-status","Final L 17-20 @ MIA","122","168","766","7","7","12","54","-","-","-","-","-"
"138","A. Mattison","A. Mattison","RB","LV","8","IR","injury-status ir","Final L 10-22 @ LAC","118","132","420","4","36","48","294","1","-","-","-","-"
"139","Q. Johnston","Q. Johnston","WR","LAC","12","Ques","injury-status questionable","Final W 22-10 vs LV","147","3","6","-","55","91","711","8","-","-","-","-"
"140","A. Thielen","A. Thielen","WR","CAR","14","","injury-status","Final L 10-47 @ NO","116","-","-","-","48","62","615","5","-","-","-","-"
"141","K. Pitts","K. Pitts","TE","ATL","5","","injury-status","Final L 10-18 vs PIT","108","-","-","-","47","74","602","4","-","-","-","-"
"142","C. Kmet","C. Kmet","TE","CHI","5","","injury-status","Final W 24-17 vs TEN","97","-","-","-","47","55","474","4","-","-","-","-"
"143","T. Tucker","T. Tucker","WR","LV","8","","injury-status","Final L 10-22 @ LAC","106","9","44","1","47","81","539","3","-","-","-","-"
"144","T. Spears","T. Spears","RB","TEN","10","IR","injury-status ir","Final L 17-24 @ CHI","98","84","312","4","30","35","224","1","-","-","-","-"
"145","D. Robinson","D. Robinson","WR","LAR","8","Sus","injury-status sus","Final L 20-26 @ DET","108","-","-","-","31","64","505","7","-","-","-","-"
"146","D. Schultz","D. Schultz","TE","HOU","6","","injury-status","Final W 29-27 @ IND","92","-","-","-","53","85","532","2","-","-","-","-"
"147","R. Wilson","R. Wilson","WR","PIT","5","","injury-status","Final W 18-10 @ ATL","-","-","-","-","-","-","-","-","-","-","-","-"
"148","A. Ekeler","A. Ekeler","RB","WAS","12","","injury-status","Final L 20-37 @ TB","112","77","367","4","35","41","366","-","-","-","-","-"
"149","R. Dowdle","R. Dowdle","RB","DAL","10","","injury-status","Final W 33-17 @ CLE","175","235","1079","2","39","49","249","3","-","-","-","-"
"150","D. Mooney","D. Mooney","WR","ATL","5","Ques","injury-status questionable","Final L 10-18 vs PIT","161","-","-","-","64","106","992","5","-","1","-","-"
"151","H. Henry","H. Henry","TE","NE","14","","injury-status","Final W 16-10 @ CIN","112","-","-","-","66","97","674","2","-","-","-","-"
"152","M. Wilson","M. Wilson","WR","ARI","8","","injury-status","Final L 28-34 @ BUF","100","1","7","-","47","71","548","4","-","-","-","-"
"153","T. Allgeier","T. Allgeier","RB","ATL","5","","injury-status","Final L 10-18 vs PIT","100","137","644","3","13","13","88","-","-","-","-","-"
"154","B. Cooks","B. Cooks","WR","DAL","10","","injury-status","Final W 33-17 @ CLE","57","3","-3","-","26","54","259","3","-","-","-","-"
"155","X. Legette","X. Legette","WR","CAR","14","","injury-status","Final L 10-47 @ NO","101","6","24","-","49","84","497","4","-","-","-","-"
"156","J. McLaughlin","J. McLaughlin","RB","DEN","12","","injury-status","Final L 20-26 @ SEA","84","113","496","1","24","27","76","2","-","-","-","-"
"157","D. Wicks","D. Wicks","WR","GB","5","Ques","injury-status questionable","Final L 29-34 @ PHI","91","-","-","-","39","76","415","5","-","-","-","-"
"158","M. Andrews","M. Andrews","TE","BAL","7","","injury-status","Final L 20-27 @ KC","161","4","5","-","55","69","673","11","-","-","-","-"
"159","P. Freiermuth","P. Freiermuth","TE","PIT","5","","injury-status","Final W 18-10 @ ATL","133","-","-","-","65","78","653","7","-","-","-","-"
"160","Z. White","Z. White","RB","LV","8","","injury-status","Final L 10-22 @ LAC","24","65","183","1","6","8","30","-","-","-","-","-"
"161","T. Hockenson","T. Hockenson","TE","MIN","6","","injury-status","Final W 28-6 @ NYG","66","-","-","-","41","62","455","-","-","-","-","-"
"162","B. Irving","B. Irving","RB","TB","9","","injury-status","Final W 37-20 vs WAS","219","207","1122","8","47","52","392","-","-","-","-","-"
"163","New York. Jets","New York. Jets","DEF","NYJ","9","","injury-status","Final L 19-32 @ SF","108","-","-","-","-","-","-","-","-","-","-","-"
"164","J. Brooks","J. Brooks","RB","CAR","14","PUP","injury-status pup","Final L 10-47 @ NO","6","9","22","-","3","3","23","-","-","-","-","-"
"165","J. Palmer","J. Palmer","WR","LAC","12","","injury-status","Final W 22-10 vs LV","88","-","-","-","39","65","584","1","-","-","-","-"
"166","San Francisco. 49ers","San Francisco. 49ers","DEF","SF","14","","injury-status","Final W 32-19 vs NYJ","96","-","-","-","-","-","-","-","-","-","-","-"
"167","T. Benson","T. Benson","RB","ARI","8","","injury-status","Final L 28-34 @ BUF","43","63","291","1","6","6","59","-","-","-","-","-"
"168","J. Tucker","J. Tucker","K","BAL","7","Sus","injury-status sus","Final L 20-27 @ KC","133","-","-","-","-","-","-","-","-","-","-","-"
"169","Pittsburgh. Steelers","Pittsburgh. Steelers","DEF","PIT","5","","injury-status","Final W 18-10 @ ATL","164","-","-","-","-","-","-","-","-","-","-","-"
"170","R. Davis","R. Davis","RB","BUF","7","","injury-status","Final W 34-28 vs ARI","108","113","442","3","17","19","189","3","-","-","-","-"
"171","T. Hill","T. Hill","TE","NO","11","PUP","injury-status pup","Final W 47-10 vs CAR","91","39","278","6","23","31","187","-","2","4","21","-"
"172","E. McPherson","E. McPherson","K","CIN","10","","injury-status","Final L 10-16 vs NE","87","-","-","-","-","-","-","-","-","-","-","-"
"173","Kansas City. Chiefs","Kansas City. Chiefs","DEF","KC","10","","injury-status","Final W 27-20 vs BAL","119","-","-","-","-","-","-","-","-","-","-","-"
"174","Dallas. Cowboys","Dallas. Cowboys","DEF","DAL","10","","injury-status","Final W 33-17 @ CLE","128","-","-","-","-","-","-","-","-","-","-","-"
"175","R. Bateman","R. Bateman","WR","BAL","7","","injury-status","Final L 20-27 @ KC","152","-","-","-","45","72","756","9","-","-","-","-"
"176","Baltimore. Ravens","Baltimore. Ravens","DEF","BAL","7","","injury-status","Final L 20-27 @ KC","132","-","-","-","-","-","-","-","-","-","-","-"
"177","T. Tracy","T. Tracy","RB","NYG","14","","injury-status","Final L 6-28 vs MIN","158","192","839","5","38","53","284","1","-","-","-","-"
"178","D. Douglas","D. Douglas","WR","NE","14","","injury-status","Final W 16-10 @ CIN","114","3","16","-","66","87","621","3","-","-","-","-"
"179","Cleveland. Browns","Cleveland. Browns","DEF","CLE","9","","injury-status","Final L 17-33 vs DAL","92","-","-","-","-","-","-","-","-","-","-","-"
"180","Buffalo. Bills","Buffalo. Bills","DEF","BUF","7","","injury-status","Final W 34-28 vs ARI","149","-","-","-","-","-","-","-","-","-","-","-"
"181","D. Slayton","D. Slayton","WR","NYG","14","","injury-status","Final L 6-28 vs MIN","90","2","17","-","39","71","573","2","-","-","-","-"
"182","Miami. Dolphins","Miami. Dolphins","DEF","MIA","12","","injury-status","Final W 20-17 vs JAX","92","-","-","-","-","-","-","-","-","-","-","-"
"183","Houston. Texans","Houston. Texans","DEF","HOU","6","","injury-status","Final W 29-27 @ IND","148","-","-","-","-","-","-","-","-","-","-","-"
"184","Detroit. Lions","Detroit. Lions","DEF","DET","8","","injury-status","Final W 26-20 vs LAR","136","-","-","-","-","-","-","-","-","-","-","-"
"185","E. Elliott","E. Elliott","RB","","","","injury-status","BYE","51","74","226","3","12","15","69","-","-","-","-","-"
"186","A. Gibson","A. Gibson","RB","NE","14","","injury-status","Final W 16-10 @ CIN","90","120","538","1","23","29","206","-","-","-","-","-"
"187","G. Dortch","G. Dortch","WR","ARI","8","","injury-status","Final L 28-34 @ BUF","69","5","31","-","37","50","342","3","-","-","-","-"
"188","H. Butker","H. Butker","K","KC","10","","injury-status","Final W 27-20 vs BAL","94","-","-","-","-","-","-","-","-","-","-","-"
"189","K. Coleman","K. Coleman","WR","BUF","7","","injury-status","Final W 34-28 vs ARI","97","1","9","-","29","57","556","4","-","-","-","-"
"190","Seattle. Seahawks","Seattle. Seahawks","DEF","SEA","8","","injury-status","Final W 26-20 vs DEN","149","-","-","-","-","-","-","-","-","-","-","-"
"191","Philadelphia. Eagles","Philadelphia. Eagles","DEF","PHI","9","","injury-status","Final W 34-29 vs GB","153","-","-","-","-","-","-","-","-","-","-","-"
"192","T. Chandler","T. Chandler","RB","MIN","6","","injury-status","Final W 28-6 @ NYG","25","56","182","-","6","6","42","-","-","-","-","-"
"193","Chicago. Bears","Chicago. Bears","DEF","CHI","5","","injury-status","Final W 24-17 vs TEN","137","-","-","-","-","-","-","-","-","-","-","-"
"194","C. Otton","C. Otton","TE","TB","9","Ques","injury-status questionable","Final W 37-20 vs WAS","109","1","-4","-","59","87","600","4","-","-","-","-"
"195","J. Tolbert","J. Tolbert","WR","DAL","10","","injury-status","Final W 33-17 @ CLE","128","-","-","-","49","79","610","7","-","-","-","-"
"196","B. Aubrey","B. Aubrey","K","DAL","10","","injury-status","Final W 33-17 @ CLE","185","-","-","-","-","-","-","-","-","-","-","-"
"197","New England. Patriots","New England. Patriots","DEF","NE","14","","injury-status","Final W 16-10 @ CIN","74","-","-","-","-","-","-","-","-","-","-","-"
"198","Las Vegas. Raiders","Las Vegas. Raiders","DEF","LV","8","","injury-status","Final L 10-22 @ LAC","77","-","-","-","-","-","-","-","-","-","-","-"
"199","Los Angeles. Chargers","Los Angeles. Chargers","DEF","LAC","12","","injury-status","Final W 22-10 vs LV","136","-","-","-","-","-","-","-","-","-","-","-"
"200","Green Bay. Packers","Green Bay. Packers","DEF","GB","5","","injury-status","Final L 29-34 @ PHI","162","-","-","-","-","-","-","-","-","-","-","-"
"201","Z. Charbonnet","Z. Charbonnet","RB","SEA","8","","injury-status","Final W 26-20 vs DEN","166","135","569","8","42","52","340","1","-","-","-","-"
"202","I. Likely","I. Likely","TE","BAL","7","Ques","injury-status questionable","Final L 20-27 @ KC","102","-","-","-","42","58","477","6","-","-","-","-"
"203","New Orleans. Saints","New Orleans. Saints","DEF","NO","11","","injury-status","Final W 47-10 vs CAR","110","-","-","-","-","-","-","-","-","-","-","-"
"204","Jacksonville. Jaguars","Jacksonville. Jaguars","DEF","JAX","8","","injury-status","Final L 17-20 @ MIA","75","-","-","-","-","-","-","-","-","-","-","-"
"205","Cincinnati. Bengals","Cincinnati. Bengals","DEF","CIN","10","","injury-status","Final L 10-16 vs NE","115","-","-","-","-","-","-","-","-","-","-","-"
"206","Atlanta. Falcons","Atlanta. Falcons","DEF","ATL","5","","injury-status","Final L 10-18 vs PIT","108","-","-","-","-","-","-","-","-","-","-","-"
"207","J. Whittington","J. Whittington","WR","LAR","8","","injury-status","Final L 20-26 @ DET","43","2","12","-","22","28","293","-","-","-","-","-"
"208","Tennessee. Titans","Tennessee. Titans","DEF","TEN","10","","injury-status","Final L 17-24 @ CHI","78","-","-","-","-","-","-","-","-","-","-","-"
"209","Tampa Bay. Buccaneers","Tampa Bay. Buccaneers","DEF","TB","9","","injury-status","Final W 37-20 vs WAS","118","-","-","-","-","-","-","-","-","-","-","-"
"210","Minnesota. Vikings","Minnesota. Vikings","DEF","MIN","6","","injury-status","Final W 28-6 @ NYG","171","-","-","-","-","-","-","-","-","-","-","-"
"211","J. Polk","J. Polk","WR","NE","14","IR","injury-status ir","Final W 16-10 @ CIN","27","1","-","-","12","33","87","2","-","-","-","-"
"212","T. Kraft","T. Kraft","TE","GB","5","","injury-status","Final L 29-34 @ PHI","137","3","6","-","50","70","707","7","-","-","-","-"
"213","A. Lazard","A. Lazard","WR","NYJ","9","Ques","injury-status questionable","Final L 19-32 @ SF","108","-","-","-","37","60","530","6","-","1","-","-"
"214","Y. Koo","Y. Koo","K","ATL","5","","injury-status","Final L 10-18 vs PIT","111","-","-","-","-","-","-","-","-","-","-","-"
"215","Los Angeles. Rams","Los Angeles. Rams","DEF","LAR","8","","injury-status","Final L 20-26 @ DET","127","-","-","-","-","-","-","-","-","-","-","-"
"216","G. Zuerlein","G. Zuerlein","K","NYJ","9","Ques","injury-status questionable","Final L 19-32 @ SF","34","-","-","-","-","-","-","-","-","-","-","-"
"217","Washington. Commanders","Washington. Commanders","DEF","WAS","12","","injury-status","Final L 20-37 @ TB","104","-","-","-","-","-","-","-","-","-","-","-"
"218","New York. Giants","New York. Giants","DEF","NYG","14","","injury-status","Final L 6-28 vs MIN","107","-","-","-","-","-","-","-","-","-","-","-"
"219","Indianapolis. Colts","Indianapolis. Colts","DEF","IND","11","","injury-status","Final L 27-29 vs HOU","109","-","-","-","-","-","-","-","-","-","-","-"
"220","Carolina. Panthers","Carolina. Panthers","DEF","CAR","14","","injury-status","Final L 10-47 @ NO","48","-","-","-","-","-","-","-","-","-","-","-"
"221","C. Dicker","C. Dicker","K","LAC","12","","injury-status","Final W 22-10 vs LV","173","-","-","-","-","-","-","-","-","-","-","-"
"222","K. Fairbairn","K. Fairbairn","K","HOU","6","","injury-status","Final W 29-27 @ IND","164","-","-","-","-","-","-","-","-","-","-","-"
"223","Denver. Broncos","Denver. Broncos","DEF","DEN","12","","injury-status","Final L 20-26 @ SEA","190","-","-","-","-","-","-","-","-","-","-","-"
"224","N. Fant","N. Fant","TE","SEA","8","","injury-status","Final W 26-20 vs DEN","80","-","-","-","48","64","500","1","-","-","-","-"
"225","J. Smith-Schuster","J. Smith-Schuster","WR","KC","10","","injury-status","Final W 27-20 vs BAL","44","-","-","-","18","26","231","2","-","-","-","-"
"226","J. Moody","J. Moody","K","SF","14","","injury-status","Final W 32-19 vs NYJ","107","-","-","-","-","-","-","-","-","-","-","-"
"227","Arizona. Cardinals","Arizona. Cardinals","DEF","ARI","8","","injury-status","Final L 28-34 @ BUF","116","-","-","-","-","-","-","-","-","-","-","-"
"228","N. Brown","N. Brown","WR","WAS","12","Ques","injury-status questionable","Final L 20-37 @ TB","69","-","-","-","35","56","453","1","-","-","-","-"
"229","T. Conklin","T. Conklin","TE","NYJ","9","","injury-status","Final L 19-32 @ SF","96","1","-","-","51","72","449","4","-","-","-","-"
"230","J. Sanders","J. Sanders","K","MIA","12","IR","injury-status ir","Final W 20-17 vs JAX","160","-","-","-","-","-","-","-","-","-","-","-"
"231","J. Elliott","J. Elliott","K","PHI","9","","injury-status","Final W 34-29 vs GB","132","-","-","-","-","-","-","-","-","-","-","-"
"232","D. Hopkins","D. Hopkins","K","CLE","9","","injury-status","Final L 17-33 vs DAL","72","-","-","-","-","-","-","-","-","-","-","-"
"233","J. Bates","J. Bates","K","DET","8","","injury-status","Final W 26-20 vs LAR","155","-","-","-","-","-","-","-","-","-","-","-"
"234","A. Mitchell","A. Mitchell","WR","IND","11","","injury-status","Final L 27-29 vs HOU","40","4","6","-","23","55","312","-","1","1","24","-"
"235","B. Allen","B. Allen","RB","NYJ","9","","injury-status","Final L 19-32 @ SF","76","92","334","2","19","27","148","1","-","-","-","-"
"236","T. Bass","T. Bass","K","BUF","7","","injury-status","Final W 34-28 vs ARI","136","-","-","-","-","-","-","-","-","-","-","-"
"237","B. Narveson","B. Narveson","K","","","","injury-status","BYE","53","-","-","-","-","-","-","-","-","-","-","-"
"238","J. Karty","J. Karty","K","LAR","8","","injury-status","Final L 20-26 @ DET","126","-","-","-","-","-","-","-","-","-","-","-"
"239","J. Mason","J. Mason","RB","SF","14","","injury-status","Final W 32-19 vs NYJ","107","153","789","3","11","14","91","-","-","-","-","-"
"240","C. Parkinson","C. Parkinson","TE","LAR","8","","injury-status","Final L 20-26 @ DET","50","-","-","-","30","49","294","1","-","-","-","-"
"241","K. Bourne","K. Bourne","WR","NE","14","Ques","injury-status questionable","Final W 16-10 @ CIN","51","1","6","-","28","38","305","1","-","1","-","-"
"242","D. Carlson","D. Carlson","K","LV","8","","injury-status","Final L 10-22 @ LAC","137","-","-","-","-","-","-","-","-","-","-","-"
"243","C. Santos","C. Santos","K","CHI","5","","injury-status","Final W 24-17 vs TEN","104","-","-","-","-","-","-","-","-","-","-","-"
"244","J. Reynolds","J. Reynolds","WR","JAX","8","","injury-status","Final L 17-20 @ MIA","32","-","-","-","13","24","194","1","-","-","-","-"
"245","K. Hunt","K. Hunt","RB","KC","10","","injury-status","Final W 27-20 vs BAL","144","200","728","7","23","32","176","-","-","-","-","-"
"246","A. Iosivas","A. Iosivas","WR","CIN","10","","injury-status","Final L 10-16 vs NE","102","-","-","-","36","61","479","6","-","-","-","-"
"247","T. Burks","T. Burks","WR","TEN","10","IR","injury-status ir","Final L 17-24 @ CHI","6","2","1","-","4","8","34","-","-","-","-","-"
"248","M. Gay","M. Gay","K","IND","11","","injury-status","Final L 27-29 vs HOU","133","-","-","-","-","-","-","-","-","-","-","-"
"249","T. Franklin","T. Franklin","WR","DEN","12","","injury-status","Final L 20-26 @ SEA","53","2","8","-","28","53","263","2","-","-","-","-"
"250","L. McCaffrey","L. McCaffrey","WR","WAS","12","","injury-status","Final L 20-37 @ TB","26","-","-","-","18","24","168","-","-","-","-","-"
"251","C. McLaughlin","C. McLaughlin","K","TB","9","","injury-status","Final W 37-20 vs WAS","160","-","-","-","-","-","-","-","-","-","-","-"
"252","C. Boswell","C. Boswell","K","PIT","5","","injury-status","Final W 18-10 @ ATL","188","-","-","-","-","-","-","-","-","-","-","-"
"253","M. Prater","M. Prater","K","ARI","8","Ques","injury-status questionable","Final L 28-34 @ BUF","33","-","-","-","-","-","-","-","-","-","-","-"
"254","T. Patrick","T. Patrick","WR","DET","8","","injury-status","Final W 26-20 vs LAR","76","-","-","-","33","44","394","3","-","-","-","-"
"255","B. Corum","B. Corum","RB","LAR","8","","injury-status","Final L 20-26 @ DET","30","58","207","-","7","8","58","-","-","-","-","-"
"256","B. Grupe","B. Grupe","K","NO","11","","injury-status","Final W 47-10 vs CAR","125","-","-","-","-","-","-","-","-","-","-","-"
"257","J. Dotson","J. Dotson","WR","PHI","9","","injury-status","Final W 34-29 vs GB","32","1","13","-","19","33","216","-","-","-","-","-"
"258","J. Myers","J. Myers","K","SEA","8","","injury-status","Final W 26-20 vs DEN","133","-","-","-","-","-","-","-","-","-","-","-"
"259","W. Reichard","W. Reichard","K","MIN","6","","injury-status","Final W 28-6 @ NYG","125","-","-","-","-","-","-","-","-","-","-","-"
"260","C. Little","C. Little","K","JAX","8","","injury-status","Final L 17-20 @ MIA","124","-","-","-","-","-","-","-","-","-","-","-"
"261","E. Wilson","E. Wilson","RB","GB","5","","injury-status","Final L 29-34 @ PHI","91","103","502","4","11","14","48","1","-","-","-","-"
"262","T. Boyd","T. Boyd","WR","TEN","10","","injury-status","Final L 17-24 @ CHI","59","1","3","-","39","57","390","-","-","1","-","-"
"263","W. Lutz","W. Lutz","K","DEN","12","","injury-status","Final L 20-26 @ SEA","157","-","-","-","-","-","-","-","-","-","-","-"
"264","O. Zaccheaus","O. Zaccheaus","WR","WAS","12","","injury-status","Final L 20-37 @ TB","87","1","8","-","45","64","506","3","-","-","-","-"
"265","J. Hill","J. Hill","RB","BAL","7","","injury-status","Final L 20-27 @ KC","106","47","228","1","42","51","383","3","-","-","-","-"
"266","M. Lloyd","M. Lloyd","RB","GB","5","IR","injury-status ir","Final L 29-34 @ PHI","2","6","15","-","1","1","3","-","-","-","-","-"
"267","R. McCloud","R. McCloud","WR","ATL","5","","injury-status","Final L 10-18 vs PIT","106","10","79","-","62","87","686","1","-","-","-","-"
"268","C. York","C. York","K","CIN","10","","injury-status","Final L 10-16 vs NE","41","-","-","-","-","-","-","-","-","-","-","-"
"269","E. Moore","E. Moore","WR","CLE","9","","injury-status","Final L 17-33 vs DAL","90","1","1","-","61","102","538","1","-","-","-","-"
"270","J. Slye","J. Slye","K","NE","14","","injury-status","Final W 16-10 @ CIN","112","-","-","-","-","-","-","-","-","-","-","-"
"271","C. Samuel","C. Samuel","WR","BUF","7","Ques","injury-status questionable","Final W 34-28 vs ARI","48","5","14","-","31","46","253","1","-","-","-","-"
"272","K. Boutte","K. Boutte","WR","NE","14","","injury-status","Final W 16-10 @ CIN","100","-","-","-","43","68","589","3","-","-","-","-"
"273","S. Tucker","S. Tucker","RB","TB","9","","injury-status","Final W 37-20 vs WAS","63","50","308","2","9","12","109","1","-","-","-","-"
"274","O. Beckham","O. Beckham","WR","","","","injury-status","BYE","10","-","-","-","9","18","55","-","-","-","-","-"
"275","N. Folk","N. Folk","K","TEN","10","","injury-status","Final L 17-24 @ CHI","107","-","-","-","-","-","-","-","-","-","-","-"
"276","G. Gano","G. Gano","K","NYG","14","","injury-status","Final L 6-28 vs MIN","48","-","-","-","-","-","-","-","-","-","-","-"
"277","M. Gesicki","M. Gesicki","TE","CIN","10","Ques","injury-status questionable","Final L 10-16 vs NE","108","-","-","-","65","83","665","2","-","-","-","-"
"278","K. Vidal","K. Vidal","RB","LAC","12","","injury-status","Final W 22-10 vs LV","29","43","155","-","5","9","62","1","-","-","-","-"
"279","J. Burton","J. Burton","WR","CIN","10","Ques","injury-status questionable","Final L 10-16 vs NE","13","-","-","-","4","14","107","-","-","-","-","-"
"280","E. Pineiro","E. Pineiro","K","CAR","14","","injury-status","Final L 10-47 @ NO","101","-","-","-","-","-","-","-","-","-","-","-"
"281","J. Winston","J. Winston","QB","CLE","9","","injury-status","Final L 17-33 vs DAL","138","25","83","1","-","-","-","-","181","296","2121","13"
"282","D. Chark","D. Chark","WR","LAC","12","","injury-status","Final W 22-10 vs LV","11","-","-","-","4","10","31","1","-","-","-","-"
"283","D. Walker","D. Walker","WR","BAL","7","","injury-status","Final L 20-27 @ KC","9","-","-","-","1","3","21","1","-","-","-","-"
"284","A. Dalton","A. Dalton","QB","CAR","14","Ques","injury-status questionable","Final L 10-47 @ NO","63","11","34","-","-","-","-","-","106","160","989","7"
"285","J. Smith","J. Smith","TE","MIA","12","Ques","injury-status questionable","Final W 20-17 vs JAX","176","2","-1","-","88","111","884","8","-","-","-","-"
"286","Z. Ertz","Z. Ertz","TE","WAS","12","","injury-status","Final L 20-37 @ TB","143","-","-","-","66","91","654","7","-","-","-","-"
"287","A. Seibert","A. Seibert","K","WAS","12","Ques","injury-status questionable","Final L 20-37 @ TB","110","-","-","-","-","-","-","-","-","-","-","-"
"288","A. Pierce","A. Pierce","WR","IND","11","","injury-status","Final L 27-29 vs HOU","143","-","-","-","37","69","824","7","-","-","-","-"
"289","Z. Jones","Z. Jones","WR","ARI","8","","injury-status","Final L 28-34 @ BUF","12","-","-","-","8","11","84","-","-","-","-","-"
"290","D. Pierce","D. Pierce","RB","HOU","6","","injury-status","Final W 29-27 @ IND","42","40","293","2","2","4","2","-","-","-","-","-"
"291","J. Johnson","J. Johnson","TE","NO","11","","injury-status","Final W 47-10 vs CAR","96","-","-","-","50","66","548","3","-","-","-","-"
"292","J. Williams","J. Williams","RB","NO","11","","injury-status","Final W 47-10 vs CAR","33","48","164","1","9","11","57","-","-","-","-","-"
"293","S. Perine","S. Perine","RB","KC","10","","injury-status","Final W 27-20 vs BAL","68","20","92","1","28","35","322","1","-","-","-","-"
"294","J. Sanders","J. Sanders","TE","CAR","14","","injury-status","Final L 10-47 @ NO","56","-","-","-","33","43","342","1","-","-","-","-"
"295","C. Okonkwo","C. Okonkwo","TE","TEN","10","","injury-status","Final L 17-24 @ CHI","86","1","17","-","52","70","479","2","-","-","-","-"
"296","T. Johnson","T. Johnson","TE","NYG","14","","injury-status","Final L 6-28 vs MIN","54","-","-","-","29","43","331","1","-","-","-","-"
"297","N. Gray","N. Gray","TE","KC","10","","injury-status","Final W 27-20 vs BAL","93","1","-4","-","40","49","437","5","-","-","-","-"
"298","N. Westbrook-Ikhine","N. Westbrook-Ikhine","WR","TEN","10","","injury-status","Final L 17-24 @ CHI","120","-","-","-","32","60","497","9","-","-","-","-"
"299","E. All","E. All","TE","CIN","10","PUP","injury-status pup","Final L 10-16 vs NE","26","-","-","-","20","22","158","-","-","-","-","-"
"300","D. Turner","D. Turner","WR","LV","8","Ques","injury-status questionable","Final L 10-22 @ LAC","38","5","33","1","16","29","158","1","-","-","-","-"
"301","I. Guerendo","I. Guerendo","RB","SF","14","","injury-status","Final W 32-19 vs NYJ","84","84","420","4","15","16","152","-","-","-","-","-"
"302","B. Sinnott","B. Sinnott","TE","WAS","12","","injury-status","Final L 20-37 @ TB","11","-","-","-","5","5","28","1","-","-","-","-"
"303","K. Turpin","K. Turpin","WR","DAL","10","","injury-status","Final W 33-17 @ CLE","86","16","92","-","31","52","420","2","-","-","-","-"
"304","B. Melton","B. Melton","WR","GB","5","","injury-status","Final L 29-34 @ PHI","20","8","54","-","8","17","91","-","-","-","-","-"
"305","K. Herbert","K. Herbert","RB","CIN","10","","injury-status","Final L 10-16 vs NE","26","36","130","1","10","11","25","-","-","-","-","-"
"306","C. Austin","C. Austin","WR","PIT","5","Ques","injury-status questionable","Final W 18-10 @ ATL","100","-","-","-","36","58","548","4","-","-","-","-"
"307","D. Knox","D. Knox","TE","BUF","7","","injury-status","Final W 34-28 vs ARI","48","-","-","-","22","33","311","1","-","-","-","-"
"308","M. Williams","M. Williams","WR","PIT","5","DNR","injury-status dnr","Final W 18-10 @ ATL","46","-","-","-","21","34","298","1","-","-","-","-"
"309","D. Ridder","D. Ridder","QB","LV","8","","injury-status","Final L 10-22 @ LAC","21","9","36","-","-","-","-","-","52","85","458","2"
"310","G. Dulcich","G. Dulcich","TE","NYG","14","","injury-status","Final L 6-28 vs MIN","5","-","-","-","5","12","28","-","-","-","-","-"
"311","R. Pearsall","R. Pearsall","WR","SF","14","","injury-status","Final W 32-19 vs NYJ","78","3","45","-","31","46","400","3","-","1","-","-"
"312","J. Wright","J. Wright","RB","MIA","12","Doub","injury-status doubtful","Final W 20-17 vs JAX","24","68","249","-","3","6","8","-","-","-","-","-"
"313","W. Shipley","W. Shipley","RB","PHI","9","","injury-status","Final W 34-29 vs GB","14","30","82","-","4","4","35","-","-","-","-","-"
"314","J. Flacco","J. Flacco","QB","IND","11","","injury-status","Final L 27-29 vs HOU","102","9","26","-","-","-","-","-","162","248","1761","12"
"315","K. Raymond","K. Raymond","WR","DET","8","","injury-status","Final W 26-20 vs LAR","48","2","-","-","17","22","215","2","-","-","-","-"
"316","J. Mingo","J. Mingo","WR","DAL","10","IR","injury-status ir","Final W 33-17 @ CLE","23","2","5","-","17","42","167","-","-","-","-","-"
"317","J. Hyatt","J. Hyatt","WR","NYG","14","","injury-status","Final L 6-28 vs MIN","10","-","-","-","8","19","62","-","-","-","-","-"
"318","J. Nailor","J. Nailor","WR","MIN","6","Ques","injury-status questionable","Final W 28-6 @ NYG","88","3","-4","-","28","42","414","6","-","-","-","-"
"319","E. Gray","E. Gray","RB","NYG","14","PUP","injury-status pup","Final L 6-28 vs MIN","9","14","31","-","10","11","82","-","-","-","-","-"
"320","K. Granson","K. Granson","TE","IND","11","","injury-status","Final L 27-29 vs HOU","25","-","-","-","14","31","182","-","-","-","-","-"
"321","R. Johnson","R. Johnson","RB","CHI","5","Ques","injury-status questionable","Final W 24-17 vs TEN","69","55","150","6","16","20","104","-","-","-","-","-"
"322","J. Coker","J. Coker","WR","CAR","14","IR","injury-status ir","Final L 10-47 @ NO","77","-","-","-","32","46","478","2","1","1","19","-"
"323","J. McMillan","J. McMillan","WR","TB","9","IR","injury-status ir","Final W 37-20 vs WAS","117","4","43","-","37","58","461","8","-","-","-","-"
"324","T. Sermon","T. Sermon","RB","IND","11","","injury-status","Final L 27-29 vs HOU","46","56","159","2","16","19","99","-","-","-","-","-"
"325","A. O'Connell","A. O'Connell","QB","LV","8","IR","injury-status ir","Final L 10-22 @ LAC","95","21","30","1","-","-","-","-","154","243","1612","8"
"326","D. Laube","D. Laube","RB","LV","8","","injury-status","Final L 10-22 @ LAC","-3","1","-","-","-","-","-","-","-","-","-","-"
"327","V. Jefferson","V. Jefferson","WR","PIT","5","","injury-status","Final W 18-10 @ ATL","52","-","-","-","24","40","276","2","-","-","-","-"
"328","T. DeVito","T. DeVito","QB","NYG","14","","injury-status","Final L 6-28 vs MIN","13","8","32","-","-","-","-","-","31","44","257","-"
"329","K. Miller","K. Miller","RB","NO","11","","injury-status","Final W 47-10 vs CAR","27","39","148","1","5","8","33","-","-","-","-","-"
"330","H. Hurst","H. Hurst","TE","LAC","12","","injury-status","Final W 22-10 vs LV","11","-","-","-","8","13","73","-","-","-","-","-"
"331","L. Musgrave","L. Musgrave","TE","GB","5","","injury-status","Final L 29-34 @ PHI","8","-","-","-","7","10","45","-","-","-","-","-"
"332","D. Foreman","D. Foreman","RB","CLE","9","","injury-status","Final L 17-33 vs DAL","28","71","232","-","6","8","54","-","-","-","-","-"
"333","A. Perry","A. Perry","WR","DEN","12","","injury-status","Final L 20-26 @ SEA","-","-","-","-","-","-","-","-","-","-","-","-"
"334","M. Mayer","M. Mayer","TE","LV","8","","injury-status","Final L 10-22 @ LAC","26","-","-","-","21","32","156","-","-","-","-","-"
"335","D. Brown","D. Brown","WR","WAS","12","","injury-status","Final L 20-37 @ TB","51","3","26","-","30","40","308","1","-","1","-","-"
"336","J. Brooks","J. Brooks","WR","DAL","10","","injury-status","Final W 33-17 @ CLE","30","-","-","-","12","30","177","1","-","-","-","-"
"337","B. Means","B. Means","WR","NO","11","IR","injury-status ir","Final W 47-10 vs CAR","22","-","-","-","9","15","118","1","-","-","-","-"
"338","C. Tillman","C. Tillman","WR","CLE","9","","injury-status","Final L 17-33 vs DAL","65","1","-5","-","29","49","339","3","-","-","-","-"
"339","T. Atwell","T. Atwell","WR","LAR","8","","injury-status","Final L 20-26 @ DET","78","2","7","-","42","62","562","-","-","1","-","-"
"340","D. Vele","D. Vele","WR","DEN","12","","injury-status","Final L 20-26 @ SEA","86","-","-","-","41","55","475","3","-","-","-","-"
"341","L. Humphrey","L. Humphrey","WR","DEN","12","","injury-status","Final L 20-26 @ SEA","47","-","-","-","31","45","293","1","-","-","-","-"
"342","R. Woods","R. Woods","WR","HOU","6","","injury-status","Final W 29-27 @ IND","25","-","-","-","20","30","203","-","-","-","-","-"
"343","X. Hutchinson","X. Hutchinson","WR","HOU","6","","injury-status","Final W 29-27 @ IND","18","-","-","-","12","26","117","-","-","-","-","-"
"344","J. Watson","J. Watson","WR","KC","10","","injury-status","Final W 27-20 vs BAL","52","-","-","-","22","32","289","2","-","-","-","-"
"345","D. Cook","D. Cook","RB","DAL","10","","injury-status","Final W 33-17 @ CLE","4","8","20","-","1","1","10","-","-","-","-","-"
"346","T. Scott","T. Scott","WR","CHI","5","","injury-status","Final W 24-17 vs TEN","1","-","-","-","1","1","5","-","-","-","-","-"
"347","A. Estime","A. Estime","RB","DEN","12","","injury-status","Final L 20-26 @ SEA","44","76","310","2","5","5","27","-","-","-","-","-"
"348","T. Goodson","T. Goodson","RB","IND","11","Ques","injury-status questionable","Final L 27-29 vs HOU","39","32","153","1","11","15","61","1","-","-","-","-"
"349","G. Everett","G. Everett","TE","CHI","5","","injury-status","Final W 24-17 vs TEN","8","-","-","-","8","13","36","-","-","-","-","-"
"350","P. Washington","P. Washington","WR","JAX","8","","injury-status","Final L 17-20 @ MIA","79","-","-","-","32","51","390","3","-","-","-","-"
"351","C. Wilson","C. Wilson","WR","NO","11","","injury-status","Final W 47-10 vs CAR","39","-","-","-","20","27","211","1","1","1","21","1"
"352","T. Tremble","T. Tremble","TE","CAR","14","Ques","injury-status questionable","Final L 10-47 @ NO","44","-","-","-","23","32","234","2","-","-","-","-"
"353","M. Tipton","M. Tipton","WR","NO","11","","injury-status","Final W 47-10 vs CAR","17","-","-","-","14","26","99","-","-","-","-","-"
"354","C. Edwards-Helaire","C. Edwards-Helaire","RB","NO","11","","injury-status","Final W 47-10 vs CAR","9","13","46","-","3","5","24","-","-","-","-","-"
"355","J. Bell","J. Bell","TE","NE","14","","injury-status","Final W 16-10 @ CIN","3","-","-","-","2","3","20","-","-","-","-","-"
"356","K. Gainwell","K. Gainwell","RB","PHI","9","","injury-status","Final W 34-29 vs GB","55","75","290","1","16","22","116","-","-","-","-","-"
"357","E. Demercado","E. Demercado","RB","ARI","8","","injury-status","Final L 28-34 @ BUF","47","24","223","1","16","20","104","-","-","-","-","-"
"358","K. Osborn","K. Osborn","WR","WAS","12","","injury-status","Final L 20-37 @ TB","15","-","-","-","7","18","57","1","-","-","-","-"
"359","M. Thomas","M. Thomas","WR","","","","injury-status","BYE","-","-","-","-","-","-","-","-","-","-","-","-"
"360","T. Higbee","T. Higbee","TE","LAR","8","","injury-status","Final L 20-26 @ DET","23","-","-","-","8","12","66","2","-","-","-","-"
"361","N. Agholor","N. Agholor","WR","BAL","7","","injury-status","Final L 20-27 @ KC","42","-","-","-","14","29","231","2","-","-","-","-"
"362","C. Steele","C. Steele","RB","KC","10","","injury-status","Final W 27-20 vs BAL","17","56","183","-","7","11","26","-","-","-","-","-"
"363","J. Whyle","J. Whyle","TE","TEN","10","","injury-status","Final L 17-24 @ CHI","47","-","-","-","28","37","248","1","-","-","-","-"
"364","J. Bobo","J. Bobo","WR","SEA","8","Ques","injury-status questionable","Final W 26-20 vs DEN","23","-","-","-","13","17","107","1","-","-","-","-"
"365","K. Harris","K. Harris","RB","NE","14","","injury-status","Final W 16-10 @ CIN","-","-","-","-","-","-","-","-","-","-","-","-"
"366","M. Hardman","M. Hardman","WR","KC","10","","injury-status","Final W 27-20 vs BAL","27","5","62","1","12","14","90","-","-","-","-","-"
"367","M. Hollins","M. Hollins","WR","BUF","7","","injury-status","Final W 34-28 vs ARI","84","-","-","-","31","50","378","5","-","-","-","-"
"368","T. Johnson","T. Johnson","RB","BUF","7","","injury-status","Final W 34-28 vs ARI","83","41","213","1","18","25","284","3","-","-","-","-"
"369","T. Hudson","T. Hudson","TE","CIN","10","","injury-status","Final L 10-16 vs NE","28","1","1","-","19","23","154","1","-","-","-","-"
"370","C. Akers","C. Akers","RB","MIN","6","","injury-status","Final W 28-6 @ NYG","85","104","444","2","14","18","68","3","-","-","-","-"
"371","C. Rodriguez","C. Rodriguez","RB","WAS","12","","injury-status","Final L 20-37 @ TB","31","35","173","2","1","1","12","-","-","-","-","-"
"372","M. Penix","M. Penix","QB","ATL","5","","injury-status","Final L 10-18 vs PIT","45","7","11","1","-","-","-","-","61","105","775","3"
"373","D. Smythe","D. Smythe","TE","MIA","12","","injury-status","Final W 20-17 vs JAX","10","-","-","-","9","17","53","-","-","-","-","-"
"374","K. Mitchell","K. Mitchell","RB","BAL","7","","injury-status","Final L 20-27 @ KC","6","15","30","-","1","1","28","-","-","-","-","-"
"375","R. Ahmed","R. Ahmed","K","","","","injury-status","BYE","-","-","-","-","-","-","-","-","-","-","-","-"
"376","J. McClellan","J. McClellan","RB","ATL","5","","injury-status","Final L 10-18 vs PIT","3","13","32","-","-","-","-","-","-","-","-","-"
"377","S. Howell","S. Howell","QB","SEA","8","","injury-status","Final W 26-20 vs DEN","0","1","2","-","-","-","-","-","5","14","24","-"
"378","D. Parham","D. Parham","TE","DEN","12","IR","injury-status ir","Final L 20-26 @ SEA","-","-","-","-","-","-","-","-","-","-","-","-"
"379","E. Hull","E. Hull","RB","IND","11","","injury-status","Final L 27-29 vs HOU","-","-","-","-","-","-","-","-","-","-","-","-"
"380","K. Toney","K. Toney","WR","","","","injury-status","BYE","-3","2","-4","-","-","1","-","-","-","-","-","-"
"381","S. Shrader","S. Shrader","K","KC","10","","injury-status","Final W 27-20 vs BAL","26","-","-","-","-","-","-","-","-","-","-","-"
"382","J. Ruckert","J. Ruckert","TE","NYJ","9","","injury-status","Final L 19-32 @ SF","20","-","-","-","18","28","105","-","-","-","-","-"
"383","D. Montgomery","D. Montgomery","WR","IND","11","IR","injury-status ir","Final L 27-29 vs HOU","-","-","-","-","-","-","-","-","-","-","-","-"
"384","C. Patterson","C. Patterson","RB","PIT","5","","injury-status","Final W 18-10 @ ATL","31","32","135","-","12","14","80","1","-","-","-","-"
"385","R. Ali","R. Ali","RB","BAL","7","","injury-status","Final L 20-27 @ KC","3","10","31","-","-","2","-","-","-","-","-","-"
"386","S. Shepard","S. Shepard","WR","TB","9","","injury-status","Final W 37-20 vs WAS","64","8","69","-","32","51","334","1","-","-","-","-"
"387","J. Mundt","J. Mundt","TE","MIN","6","","injury-status","Final W 28-6 @ NYG","36","-","-","-","19","27","142","2","-","-","-","-"
"388","I. Hodgins","I. Hodgins","WR","NYG","14","","injury-status","Final L 6-28 vs MIN","2","-","-","-","2","2","12","-","-","-","-","-"
"389","R. Jarrett","R. Jarrett","WR","TB","9","","injury-status","Final W 37-20 vs WAS","17","-","-","-","9","11","124","-","-","-","-","-"
"390","T. Palmer","T. Palmer","WR","TB","9","","injury-status","Final W 37-20 vs WAS","28","-","-","-","12","22","172","1","-","-","-","-"
"391","J. Hasty","J. Hasty","RB","NE","14","","injury-status","Final W 16-10 @ CIN","24","20","69","-","10","12","59","1","-","-","-","-"
"392","D. Peoples-Jones","D. Peoples-Jones","WR","DET","8","","injury-status","Final W 26-20 vs LAR","-","-","-","-","-","-","-","-","-","-","-","-"
"393","M. Sanders","M. Sanders","RB","CAR","14","Ques","injury-status questionable","Final L 10-47 @ NO","64","55","205","2","24","30","148","1","-","-","-","-"
"394","D. Vaughn","D. Vaughn","RB","DAL","10","","injury-status","Final W 33-17 @ CLE","10","17","70","-","3","5","18","-","-","-","-","-"
"395","J. Baker","J. Baker","WR","NE","14","","injury-status","Final W 16-10 @ CIN","2","-","-","-","1","4","12","-","-","-","-","-"
"396","I. Smith-Marsette","I. Smith-Marsette","WR","NYG","14","","injury-status","Final L 6-28 vs MIN","5","-","-","-","-","-","-","-","-","-","-","-"
"397","M. Washington","M. Washington","WR","MIA","12","","injury-status","Final W 20-17 vs JAX","41","5","25","1","26","36","223","-","-","-","-","-"
"398","J. Wilson","J. Wilson","WR","PHI","9","IR","injury-status ir","Final W 34-29 vs GB","12","-","-","-","5","15","38","1","-","-","-","-"
"399","L. Farrell","L. Farrell","TE","JAX","8","","injury-status","Final L 17-20 @ MIA","13","-","-","-","12","17","67","-","-","-","-","-"
"400","D. Davis","D. Davis","WR","LAC","12","","injury-status","Final W 22-10 vs LV","31","12","39","-","13","17","112","2","-","-","-","-"
"401","J. Metchie","J. Metchie","WR","HOU","6","","injury-status","Final W 29-27 @ IND","42","-","-","-","24","37","254","1","-","-","-","-"
"402","C. Jones","C. Jones","WR","CIN","10","","injury-status","Final L 10-16 vs NE","3","-","-","-","1","1","5","-","-","-","-","-"
"403","T. Sherfield","T. Sherfield","WR","MIN","6","","injury-status","Final W 28-6 @ NYG","18","-","-","-","8","9","83","1","-","-","-","-"
"404","D. Thompkins","D. Thompkins","WR","CAR","14","","injury-status","Final L 10-47 @ NO","5","2","7","-","4","4","20","-","-","-","-","-"
"405","L. Krull","L. Krull","TE","DEN","12","","injury-status","Final L 20-26 @ SEA","25","-","-","-","19","23","152","-","-","-","-","-"
"406","B. Powell","B. Powell","WR","MIN","6","","injury-status","Final W 28-6 @ NYG","10","-","-","-","7","10","71","-","-","-","-","-"
"407","C. Stover","C. Stover","TE","HOU","6","","injury-status","Final W 29-27 @ IND","27","-","-","-","15","22","133","1","-","-","-","-"
"408","B. Berrios","B. Berrios","WR","MIA","12","","injury-status","Final W 20-17 vs JAX","-","-","-","-","-","4","-","-","-","-","-","-"
"409","J. Stidham","J. Stidham","QB","DEN","12","","injury-status","Final L 20-26 @ SEA","1","4","5","-","-","-","-","-","-","-","-","-"
"410","J. McKinnon","J. McKinnon","RB","","","","injury-status","BYE","-","-","-","-","-","-","-","-","-","-","-","-"
"411","M. Carter","M. Carter","RB","ARI","8","","injury-status","Final L 28-34 @ BUF","30","35","131","1","11","11","57","-","-","-","-","-"
"412","D. Washington","D. Washington","TE","PIT","5","","injury-status","Final W 18-10 @ ATL","36","-","-","-","19","25","200","1","-","-","-","-"
"413","R. Tonyan","R. Tonyan","TE","KC","10","","injury-status","Final W 27-20 vs BAL","-","-","-","-","-","-","-","-","-","-","-","-"
"414","E. Higgins","E. Higgins","TE","ARI","8","","injury-status","Final L 28-34 @ BUF","39","-","-","-","20","24","172","2","-","-","-","-"
"415","P. Campbell","P. Campbell","WR","PHI","9","Ques","injury-status questionable","Final W 34-29 vs GB","12","-","-","-","6","8","30","1","-","-","-","-"
"416","H. Brown","H. Brown","WR","KC","10","Ques","injury-status questionable","Final W 27-20 vs BAL","14","-","-","-","9","15","91","-","-","-","-","-"
"417","M. Mims","M. Mims","WR","DEN","12","Ques","injury-status questionable","Final L 20-26 @ SEA","109","13","42","-","39","52","503","6","-","-","-","-"
"418","C. Edmonds","C. Edmonds","RB","TB","9","","injury-status","Final W 37-20 vs WAS","-","-","-","-","-","-","-","-","-","-","-","-"
"419","J. Jackson","J. Jackson","WR","NO","11","","injury-status","Final W 47-10 vs CAR","-0","1","-1","-","-","-","-","-","-","-","-","-"
"420","L. Murray","L. Murray","RB","","","","injury-status","BYE","-","-","-","-","-","-","-","-","-","-","-","-"
"421","C. Johnson","C. Johnson","WR","GB","5","","injury-status","Final L 29-34 @ PHI","-","-","-","-","-","-","-","-","-","-","-","-"
"422","G. Calcaterra","G. Calcaterra","TE","PHI","9","","injury-status","Final W 34-29 vs GB","48","-","-","-","24","30","298","1","-","-","-","-"
"423","A. Barner","A. Barner","TE","SEA","8","","injury-status","Final W 26-20 vs DEN","64","-","-","-","30","38","245","4","-","-","-","-"
"424","A. Abdullah","A. Abdullah","RB","LV","8","Ques","injury-status questionable","Final L 10-22 @ LAC","103","66","311","2","40","47","261","3","-","-","-","-"
"425","N. Mullens","N. Mullens","QB","MIN","6","","injury-status","Final W 28-6 @ NYG","1","3","-2","-","-","-","-","-","2","2","38","-"
"426","F. Gore","F. Gore","RB","BUF","7","","injury-status","Final W 34-28 vs ARI","-","-","-","-","-","-","-","-","-","-","-","-"
"427","C. Reynolds","C. Reynolds","RB","DET","8","","injury-status","Final W 26-20 vs LAR","18","31","139","-","3","5","40","-","-","-","-","-"
"428","L. Thomas","L. Thomas","TE","","","","injury-status","BYE","-","-","-","-","-","-","-","-","-","-","-","-"
"429","D. Lock","D. Lock","QB","NYG","14","","injury-status","Final L 6-28 vs MIN","80","18","133","2","-","-","-","-","107","181","1071","6"
"430","J. Akins","J. Akins","TE","CLE","9","","injury-status","Final L 17-33 vs DAL","70","-","-","-","40","58","390","2","-","-","-","-"
"431","T. Shavers","T. Shavers","WR","BUF","7","","injury-status","Final W 34-28 vs ARI","13","-","-","-","1","1","69","1","-","-","-","-"
"432","T. Johnson","T. Johnson","WR","LAR","8","","injury-status","Final L 20-26 @ DET","48","-","-","-","26","41","291","1","-","-","-","-"
"433","D. Bell","D. Bell","WR","CLE","9","PUP","injury-status pup","Final L 17-33 vs DAL","4","-","-","-","3","3","27","-","-","-","-","-"
"434","X. Gipson","X. Gipson","WR","NYJ","9","Ques","injury-status questionable","Final L 19-32 @ SF","7","1","5","-","6","10","39","1","-","-","-","-"
"435","C. Claypool","C. Claypool","WR","","","Ques","injury-status questionable","BYE","-","-","-","-","-","-","-","-","-","-","-","-"
"436","C. Moore","C. Moore","WR","WAS","12","","injury-status","Final L 20-37 @ TB","-","-","-","-","-","-","-","-","-","-","-","-"
"437","P. Strong","P. Strong","RB","CLE","9","IR","injury-status ir","Final L 17-33 vs DAL","28","26","108","-","14","22","104","-","-","-","-","-"
"438","K. Juszczyk","K. Juszczyk","RB","SF","14","","injury-status","Final W 32-19 vs NYJ","47","5","26","1","19","31","200","2","-","-","-","-"
"439","J. Thrash","J. Thrash","WR","CLE","9","","injury-status","Final L 17-33 vs DAL","4","-","-","-","3","7","22","-","-","-","-","-"
"440","A. Smith","A. Smith","WR","PHI","9","","injury-status","Final W 34-29 vs GB","14","2","6","-","7","9","41","1","-","-","-","-"
"441","B. Jordan","B. Jordan","TE","HOU","6","IR","injury-status ir","Final W 29-27 @ IND","2","-","-","-","2","3","7","-","-","-","-","-"
"442","A. Green","A. Green","WR","DET","8","Ques","injury-status questionable","Final W 26-20 vs LAR","-","-","-","-","-","-","-","-","-","-","-","-"
"443","D. Bellinger","D. Bellinger","TE","NYG","14","","injury-status","Final L 6-28 vs MIN","20","-","-","-","14","17","125","-","-","-","-","-"
"444","D. Culp","D. Culp","TE","TB","9","","injury-status","Final W 37-20 vs WAS","11","-","-","-","5","6","88","-","-","-","-","-"
"445","D. Holker","D. Holker","TE","NO","11","","injury-status","Final W 47-10 vs CAR","4","-","-","-","3","4","21","-","-","-","-","-"
"446","A. Shampklin","A. Shampklin","RB","PIT","5","","injury-status","Final W 18-10 @ ATL","2","6","17","-","-","-","-","-","-","-","-","-"
"447","S. Moore","S. Moore","WR","KC","10","","injury-status","Final W 27-20 vs BAL","-","-","-","-","-","3","-","-","-","-","-","-"
"448","D. Allen","D. Allen","TE","LAR","8","","injury-status","Final L 20-26 @ DET","7","-","-","-","6","13","39","-","-","-","-","-"
"449","B. Rice","B. Rice","WR","LAC","12","","injury-status","Final W 22-10 vs LV","-","-","-","-","-","-","-","-","-","-","-","-"
"450","B. Strange","B. Strange","TE","JAX","8","","injury-status","Final L 17-20 @ MIA","70","-","-","-","40","53","411","2","-","-","-","-"
"451","P. Hendershot","P. Hendershot","TE","KC","10","","injury-status","Final W 27-20 vs BAL","8","-","-","-","5","5","51","-","-","-","-","-"
"452","A. Trautman","A. Trautman","TE","DEN","12","","injury-status","Final L 20-26 @ SEA","37","-","-","-","13","22","188","2","-","-","-","-"
"453","J. Brownlee","J. Brownlee","WR","NYJ","9","","injury-status","Final L 19-32 @ SF","-","-","-","-","-","-","-","-","-","-","-","-"
"454","P. Durham","P. Durham","TE","TB","9","","injury-status","Final W 37-20 vs WAS","28","-","-","-","11","14","115","2","-","-","-","-"
"455","M. Corley","M. Corley","WR","NYJ","9","","injury-status","Final L 19-32 @ SF","3","2","26","-","3","6","16","-","-","-","-","-"
"456","J. Kelley","J. Kelley","RB","TEN","10","","injury-status","Final L 17-24 @ CHI","0","1","2","-","-","-","-","-","-","-","-","-"
"457","H. Renfrow","H. Renfrow","WR","","","","injury-status","BYE","-","-","-","-","-","-","-","-","-","-","-","-"
"458","J. Cowing","J. Cowing","WR","SF","14","IR","injury-status ir","Final W 32-19 vs NYJ","7","1","7","-","4","6","80","-","-","-","-","-"
"459","S. Zylstra","S. Zylstra","TE","DET","8","","injury-status","Final W 26-20 vs LAR","3","-","-","-","1","1","22","-","-","-","-","-"
"460","R. Bell","R. Bell","WR","SF","14","","injury-status","Final W 32-19 vs NYJ","3","-","-","-","2","6","22","-","-","-","-","-"
"461","T. Badie","T. Badie","RB","DEN","12","","injury-status","Final L 20-26 @ SEA","7","11","86","-","3","3","-2","-","-","-","-","-"
"462","S. Fehoko","S. Fehoko","WR","LAC","12","","injury-status","Final W 22-10 vs LV","14","-","-","-","6","16","106","-","-","-","-","-"
"463","J. Matthews","J. Matthews","TE","CAR","14","","injury-status","Final L 10-47 @ NO","-","-","-","-","-","1","-","-","-","-","-","-"
"464","J. Wiley","J. Wiley","TE","KC","10","","injury-status","Final W 27-20 vs BAL","1","-","-","-","1","1","7","-","-","-","-","-"
"465","I. Davis","I. Davis","RB","NYJ","9","Ques","injury-status questionable","Final L 19-32 @ SF","41","30","174","1","9","12","75","1","-","-","-","-"
"466","D. Sample","D. Sample","TE","CIN","10","Ques","injury-status questionable","Final L 10-16 vs NE","26","1","-4","-","20","22","109","1","-","-","-","-"
"467","T. Washington","T. Washington","WR","MIA","12","","injury-status","Final W 20-17 vs JAX","-","-","-","-","-","-","-","-","-","-","-","-"
"468","D. Moore","D. Moore","WR","CAR","14","","injury-status","Final L 10-47 @ NO","69","1","-","-","32","57","351","3","-","-","-","-"
"469","M. Valdes-Scantling","M. Valdes-Scantling","WR","NO","11","","injury-status","Final W 47-10 vs CAR","75","1","4","-","19","44","411","4","-","-","-","-"
"470","T. McLachlan","T. McLachlan","TE","CIN","10","IR","injury-status ir","Final L 10-16 vs NE","-","-","-","-","-","-","-","-","-","-","-","-"
"471","B. Spann-Ford","B. Spann-Ford","TE","DAL","10","","injury-status","Final W 33-17 @ CLE","13","-","-","-","9","14","88","-","-","-","-","-"
"472","H. Bryant","H. Bryant","TE","LV","8","","injury-status","Final L 10-22 @ LAC","13","-","-","-","9","12","86","-","-","-","-","-"
"473","J. Crowder","J. Crowder","WR","WAS","12","","injury-status","Final L 20-37 @ TB","20","-","-","-","9","13","72","2","-","-","-","-"
"474","M. Rosemy-Jacksaint","M. Rosemy-Jacksaint","WR","","","","injury-status","BYE","-","-","-","-","-","-","-","-","-","-","-","-"
"475","R. Flournoy","R. Flournoy","WR","DAL","10","","injury-status","Final W 33-17 @ CLE","12","-","-","-","10","14","102","-","-","-","-","-"
"476","T. Reiman","T. Reiman","TE","ARI","8","","injury-status","Final L 28-34 @ BUF","7","-","-","-","6","7","37","-","-","-","-","-"
"477","B. Johnson","B. Johnson","WR","PIT","5","Ques","injury-status questionable","Final W 18-10 @ ATL","1","-","-","-","1","1","9","-","-","-","-","-"
"478","B. Maher","B. Maher","K","","","","injury-status","BYE","-","-","-","-","-","-","-","-","-","-","-","-"
"479","N. Remigio","N. Remigio","WR","KC","10","","injury-status","Final W 27-20 vs BAL","5","-","-","-","2","6","48","-","-","-","-","-"
"480","J. Haener","J. Haener","QB","NO","11","","injury-status","Final W 47-10 vs CAR","14","11","22","-","-","-","-","-","18","39","226","1"
"481","C. Washington","C. Washington","WR","ATL","5","","injury-status","Final L 10-18 vs PIT","2","-","-","-","1","2","14","-","-","-","-","-"
"482","T. Palmer","T. Palmer","WR","ARI","8","","injury-status","Final L 28-34 @ BUF","-","-","-","-","-","-","-","-","-","-","-","-"
"483","J. Taylor","J. Taylor","RB","HOU","6","","injury-status","Final W 29-27 @ IND","5","10","44","-","2","3","-","-","-","-","-","-"
"484","Q. Watkins","Q. Watkins","WR","PIT","5","Ques","injury-status questionable","Final W 18-10 @ ATL","-","-","-","-","-","-","-","-","-","-","-","-"
"485","D. McBride","D. McBride","RB","","","","injury-status","BYE","-","-","-","-","-","-","-","-","-","-","-","-"
"486","C. Woerner","C. Woerner","TE","ATL","5","","injury-status","Final L 10-18 vs PIT","8","-","-","-","7","12","46","-","-","-","-","-"
"487","K. Hamler","K. Hamler","WR","BUF","7","","injury-status","Final W 34-28 vs ARI","-","-","-","-","-","-","-","-","-","-","-","-"
"488","W. Mallory","W. Mallory","TE","IND","11","","injury-status","Final L 27-29 vs HOU","5","-","-","-","4","8","29","-","-","-","-","-"
"489","R. Cobb","R. Cobb","WR","","","","injury-status","BYE","-","-","-","-","-","-","-","-","-","-","-","-"
"490","D. Ogletree","D. Ogletree","TE","IND","11","","injury-status","Final L 27-29 vs HOU","21","-","-","-","9","14","109","1","-","-","-","-"
"491","I. McKenzie","I. McKenzie","WR","MIA","12","","injury-status","Final W 20-17 vs JAX","-","-","-","-","-","-","-","-","-","-","-","-"
"492","A. Robinson","A. Robinson","WR","DET","8","","injury-status","Final W 26-20 vs LAR","5","-","-","-","3","7","30","-","-","-","-","-"
"493","I. Smith","I. Smith","TE","HOU","6","IR","injury-status ir","Final W 29-27 @ IND","-","-","-","-","-","-","-","-","-","-","-","-"
"494","F. Moreau","F. Moreau","TE","NO","11","PUP","injury-status pup","Final W 47-10 vs CAR","87","-","-","-","32","43","413","5","-","-","-","-"
"495","J. Oliver","J. Oliver","TE","MIN","6","","injury-status","Final W 28-6 @ NYG","55","-","-","-","22","28","258","3","-","-","-","-"
"496","T. Thornton","T. Thornton","WR","KC","10","","injury-status","Final W 27-20 vs BAL","7","-","-","-","4","8","47","-","-","-","-","-"
"497","N. Vannett","N. Vannett","TE","TEN","10","","injury-status","Final L 17-24 @ CHI","40","-","-","-","17","20","135","3","-","-","-","-"
"498","T. Brown","T. Brown","K","","","","injury-status","BYE","-","-","-","-","-","-","-","-","-","-","-","-"
"499","D. Henderson","D. Henderson","RB","","","","injury-status","BYE","-","-","-","-","-","-","-","-","-","-","-","-"
"500","L. Fournette","L. Fournette","RB","","","","injury-status","BYE","-","-","-","-","-","-","-","-","-","-","-","-"
"501","J. Jordan","J. Jordan","RB","HOU","6","","injury-status","Final W 29-27 @ IND","-","-","-","-","-","-","-","-","-","-","-","-"
"502","M. Woods","M. Woods","WR","CLE","9","Ques","injury-status questionable","Final L 17-33 vs DAL","10","-","-","-","7","17","65","-","-","-","-","-"
"503","T. Irwin","T. Irwin","WR","CAR","14","","injury-status","Final L 10-47 @ NO","3","-","-","-","3","10","15","-","-","-","-","-"
"504","J. Guyton","J. Guyton","WR","","","","injury-status","BYE","-","-","-","-","-","-","-","-","-","-","-","-"
"505","Z. Pascal","Z. Pascal","WR","ARI","8","","injury-status","Final L 28-34 @ BUF","-","-","-","-","-","-","-","-","-","-","-","-"
"506","B. Whiteheart","B. Whiteheart","TE","CLE","9","Ques","injury-status questionable","Final L 17-33 vs DAL","14","-","-","-","6","9","51","1","-","-","-","-"
"507","R. Gage","R. Gage","WR","SF","14","Ques","injury-status questionable","Final W 32-19 vs NYJ","-","-","-","-","-","-","-","-","-","-","-","-"
"508","P. Taylor","P. Taylor","RB","SF","14","IR","injury-status ir","Final W 32-19 vs NYJ","28","39","183","1","3","11","25","-","-","-","-","-"
"509","R. James","R. James","WR","","","","injury-status","BYE","-","-","-","-","-","-","-","-","-","-","-","-"
"510","B. Wright","B. Wright","TE","DET","8","","injury-status","Final W 26-20 vs LAR","29","-","-","-","13","16","100","2","-","-","-","-"
"511","A. Hooper","A. Hooper","TE","NE","14","","injury-status","Final W 16-10 @ CIN","84","-","-","-","45","59","476","3","-","-","-","-"
"512","D. Prince","D. Prince","RB","MIA","12","IR","injury-status ir","Final W 20-17 vs JAX","-","-","-","-","-","-","-","-","-","-","-","-"
"513","B. Skowronek","B. Skowronek","WR","PIT","5","","injury-status","Final W 18-10 @ ATL","11","-","-","-","5","5","69","-","-","-","-","-"
"514","M. Wright","M. Wright","K","TEN","10","","injury-status","Final L 17-24 @ CHI","55","-","-","-","-","-","-","-","-","-","-","-"
"515","R. Chosen","R. Chosen","WR","","","","injury-status","BYE","1","-","-","-","1","4","5","-","-","-","-","-"
"516","C. Conley","C. Conley","WR","SF","14","","injury-status","Final W 32-19 vs NYJ","11","-","-","-","6","12","76","-","-","-","-","-"
"517","A. Carlson","A. Carlson","K","","","","injury-status","BYE","58","-","-","-","-","-","-","-","-","-","-","-"
"518","R. Bullock","R. Bullock","K","","","","injury-status","BYE","-","-","-","-","-","-","-","-","-","-","-","-"
"519","M. Pruitt","M. Pruitt","TE","PIT","5","","injury-status","Final W 18-10 @ ATL","13","-","-","-","6","10","40","1","-","-","-","-"
"520","K. Johnson","K. Johnson","WR","TB","9","","injury-status","Final W 37-20 vs WAS","1","2","11","-","-","1","-","-","-","-","-","-"
"521","B. Watson","B. Watson","RB","DEN","12","Ques","injury-status questionable","Final L 20-26 @ SEA","3","4","10","-","1","2","13","-","-","-","-","-"
"522","M. Heath","M. Heath","WR","GB","5","","injury-status","Final L 29-34 @ PHI","27","-","-","-","10","13","97","2","-","-","-","-"
"523","J. Wilson","J. Wilson","RB","MIA","12","","injury-status","Final W 20-17 vs JAX","9","16","57","-","3","3","19","-","-","-","-","-"
"524","M. Alie-Cox","M. Alie-Cox","TE","IND","11","","injury-status","Final L 27-29 vs HOU","27","-","-","-","12","22","147","1","-","-","-","-"
"525","M. Gordon","M. Gordon","RB","","","","injury-status","BYE","-","-","-","-","-","-","-","-","-","-","-","-"
"526","M. Goodwin","M. Goodwin","WR","","","","injury-status","BYE","-","-","-","-","-","-","-","-","-","-","-","-"
"527","A. Gould","A. Gould","WR","IND","11","","injury-status","Final L 27-29 vs HOU","3","-","-","-","1","1","23","-","-","-","-","-"
"528","I. Spiller","I. Spiller","RB","LV","8","","injury-status","Final L 10-22 @ LAC","-","-","-","-","-","-","-","-","-","-","-","-"
"529","W. Dissly","W. Dissly","TE","LAC","12","","injury-status","Final W 22-10 vs LV","85","-","-","-","50","64","481","2","-","-","-","-"
"530","R. Rivers","R. Rivers","RB","LAR","8","","injury-status","Final L 20-26 @ DET","16","22","99","-","5","6","34","-","-","-","-","-"
"531","A. Dulin","A. Dulin","WR","IND","11","Ques","injury-status questionable","Final L 27-29 vs HOU","18","5","45","-","2","8","67","1","-","-","-","-"
"532","J. Reagor","J. Reagor","WR","LAC","12","Out","injury-status out","Final W 22-10 vs LV","10","3","-3","-","7","12","100","-","-","-","-","-"
"533","D. Harty","D. Harty","WR","BAL","7","Ques","injury-status questionable","Final L 20-27 @ KC","-","-","-","-","-","-","-","-","-","-","-","-"
"534","G. Joseph","G. Joseph","K","NYJ","9","","injury-status","Final L 19-32 @ SF","62","-","-","-","-","-","-","-","-","-","-","-"
"535","B. McManus","B. McManus","K","GB","5","","injury-status","Final L 29-34 @ PHI","98","-","-","-","-","-","-","-","-","-","-","-"
"536","A. Erickson","A. Erickson","WR","NE","14","","injury-status","Final W 16-10 @ CIN","-","-","-","-","-","-","-","-","-","-","-","-"
"537","K. Austin","K. Austin","WR","NO","11","","injury-status","Final W 47-10 vs CAR","21","1","9","-","11","22","151","-","-","-","-","-"
"538","J. Jones","J. Jones","WR","","","","injury-status","BYE","-","-","-","-","-","-","-","-","-","-","-","-"
"539","D. Johnson","D. Johnson","RB","","","","injury-status","BYE","-","-","-","-","-","-","-","-","-","-","-","-"
"540","J. Ross","J. Ross","WR","KC","10","","injury-status","Final W 27-20 vs BAL","-","-","-","-","-","1","-","-","-","-","-","-"
"541","J. Stoll","J. Stoll","TE","MIA","12","","injury-status","Final W 20-17 vs JAX","2","-","-","-","2","3","10","-","-","-","-","-"
"542","M. Ammendola","M. Ammendola","K, P","","","","injury-status","BYE","-","-","-","-","-","-","-","-","-","-","-","-"
"543","R. Blankenship","R. Blankenship","K","","","","injury-status","BYE","-","-","-","-","-","-","-","-","-","-","-","-"
"544","J. Fortson","J. Fortson","TE","KC","10","Ques","injury-status questionable","Final W 27-20 vs BAL","1","-","-","-","1","3","5","-","-","-","-","-"
"545","M. Crosby","M. Crosby","K","","","","injury-status","BYE","-","-","-","-","-","-","-","-","-","-","-","-"
"546","T. Vizcaino","T. Vizcaino","K","","","","injury-status","BYE","-","-","-","-","-","-","-","-","-","-","-","-"
"547","Z. Gonzalez","Z. Gonzalez","K","WAS","12","","injury-status","Final L 20-37 @ TB","36","-","-","-","-","-","-","-","-","-","-","-"
"548","R. Succop","R. Succop","K","","","","injury-status","BYE","-","-","-","-","-","-","-","-","-","-","-","-"
"549","C. Ryland","C. Ryland","K","ARI","8","","injury-status","Final L 28-34 @ BUF","120","-","-","-","-","-","-","-","-","-","-","-"
"550","T. Jones","T. Jones","WR","JAX","8","","injury-status","Final L 17-20 @ MIA","6","-","-","-","3","5","41","-","-","-","-","-"
"551","B. Scott","B. Scott","RB","","","","injury-status","BYE","-","-","-","-","-","-","-","-","-","-","-","-"
"552","D. Ogunbowale","D. Ogunbowale","RB","HOU","6","","injury-status","Final W 29-27 @ IND","48","30","112","-","19","28","198","1","-","-","-","-"
"553","S. Rattler","S. Rattler","QB","NO","11","","injury-status","Final W 47-10 vs CAR","67","18","146","-","-","-","-","-","130","228","1317","4"
"554","C. Brooks","C. Brooks","RB","GB","5","","injury-status","Final L 29-34 @ PHI","37","36","183","1","11","13","69","-","-","-","-","-"
"555","D. Gray","D. Gray","WR","PHI","9","Ques","injury-status questionable","Final W 34-29 vs GB","-","-","-","-","-","-","-","-","-","-","-","-"
"556","K. Hodge","K. Hodge","WR","ATL","5","","injury-status","Final L 10-18 vs PIT","24","-","-","-","7","12","131","1","-","-","-","-"
"557","E. St. Brown","E. St. Brown","WR","NO","11","Ques","injury-status questionable","Final W 47-10 vs CAR","-","-","-","-","-","-","-","-","-","-","-","-"
"558","J. Hill","J. Hill","TE","MIA","12","","injury-status","Final W 20-17 vs JAX","15","-","-","-","12","19","100","-","-","-","-","-"
"559","J. Browning","J. Browning","QB","CIN","10","","injury-status","Final L 10-16 vs NE","-0","2","-2","-","-","-","-","-","-","-","-","-"
"560","S. Smartt","S. Smartt","TE","LAC","12","","injury-status","Final W 22-10 vs LV","26","-","-","-","16","19","208","-","-","-","-","-"
"561","C. Turner","C. Turner","TE","WAS","12","","injury-status","Final L 20-37 @ TB","-","-","-","-","-","-","-","-","-","-","-","-"
"562","L. Schoonmaker","L. Schoonmaker","TE","DAL","10","Ques","injury-status questionable","Final W 33-17 @ CLE","44","-","-","-","27","36","241","1","-","-","-","-"
"563","S. McCormick","S. McCormick","RB","LV","8","","injury-status","Final L 10-22 @ LAC","24","39","183","-","6","7","29","-","-","-","-","-"
"564","C. Davis","C. Davis","WR","","","","injury-status","BYE","-","-","-","-","-","-","-","-","-","-","-","-"
"565","M. Boone","M. Boone","RB","CAR","14","","injury-status","Final L 10-47 @ NO","5","13","51","-","1","3","-2","-","-","-","-","-"
"566","Q. Morris","Q. Morris","TE","BUF","7","","injury-status","Final W 34-28 vs ARI","12","-","-","-","5","8","36","1","-","-","-","-"
"567","M. Breida","M. Breida","RB","","","","injury-status","BYE","-","-","-","-","-","-","-","-","-","-","-","-"
"568","J. McNichols","J. McNichols","RB","WAS","12","","injury-status","Final L 20-37 @ TB","59","55","261","4","9","12","27","-","-","-","-","-"
"569","K. Drake","K. Drake","RB","","","","injury-status","BYE","-","-","-","-","-","-","-","-","-","-","-","-"
"570","J. Mims","J. Mims","RB","NO","11","","injury-status","Final W 47-10 vs CAR","20","20","70","-","12","18","71","-","-","-","-","-"
"571","R. Blackshear","R. Blackshear","RB","CAR","14","Ques","injury-status questionable","Final L 10-47 @ NO","6","15","80","-","-","-","-","-","-","-","-","-"
"572","P. Brown","P. Brown","TE","SEA","8","","injury-status","Final W 26-20 vs DEN","8","-","-","-","8","12","65","-","-","-","-","-"
"573","J. Garoppolo","J. Garoppolo","QB","LAR","8","","injury-status","Final L 20-26 @ DET","21","2","5","-","-","-","-","-","27","41","334","2"
"574","M. Trubisky","M. Trubisky","QB","BUF","7","","injury-status","Final W 34-28 vs ARI","14","17","1","-","-","-","-","-","19","26","179","2"
"575","R. Tannehill","R. Tannehill","QB","","","","injury-status","BYE","-","-","-","-","-","-","-","-","-","-","-","-"
"576","R. Penny","R. Penny","RB","","","","injury-status","BYE","-","-","-","-","-","-","-","-","-","-","-","-"
"577","R. Patterson","R. Patterson","K","ATL","5","","injury-status","Final L 10-18 vs PIT","27","-","-","-","-","-","-","-","-","-","-","-"
"578","R. Freeman","R. Freeman","RB","CHI","5","","injury-status","Final W 24-17 vs TEN","-","-","-","-","-","-","-","-","-","-","-","-"
"579","H. Luepke","H. Luepke","RB","DAL","10","","injury-status","Final W 33-17 @ CLE","21","12","38","-","12","16","111","-","-","-","-","-"
"580","K. Yeboah","K. Yeboah","TE","NYJ","9","IR","injury-status ir","Final L 19-32 @ SF","13","-","-","-","5","8","47","1","-","-","-","-"
"581","L. Shenault","L. Shenault","WR","LAC","12","","injury-status","Final W 22-10 vs LV","6","1","1","-","5","5","36","-","-","-","-","-"
"582","P. Romo","P. Romo","K","NE","14","","injury-status","Final W 16-10 @ CIN","44","-","-","-","-","-","-","-","-","-","-","-"
"583","T. Fisk","T. Fisk","TE","LAC","12","","injury-status","Final W 22-10 vs LV","7","-","-","-","7","8","39","-","-","-","-","-"
"584","H. Hooker","H. Hooker","QB","DET","8","","injury-status","Final W 26-20 vs LAR","3","5","2","-","-","-","-","-","6","9","62","-"
"585","T. Taylor","T. Taylor","QB","NYJ","9","Ques","injury-status questionable","Final L 19-32 @ SF","19","3","13","-","-","-","-","-","17","22","119","3"
"586","C. Washington","C. Washington","RB","ATL","5","","injury-status","Final L 10-18 vs PIT","-","-","-","-","-","-","-","-","-","-","-","-"
"587","J. Johnson","J. Johnson","QB","BAL","7","","injury-status","Final L 20-27 @ KC","1","4","1","-","-","-","-","-","2","3","17","-"
"588","T. Huntley","T. Huntley","QB","MIA","12","","injury-status","Final W 20-17 vs JAX","58","26","135","2","-","-","-","-","86","133","829","3"
"589","T. Bagent","T. Bagent","QB","CHI","5","","injury-status","Final W 24-17 vs TEN","-0","6","-7","-","-","-","-","-","2","2","11","-"
"590","S. Thompson","S. Thompson","QB","MIA","12","","injury-status","Final W 20-17 vs JAX","6","1","4","-","-","-","-","-","21","33","187","-"
"591","M. Jones","M. Jones","QB","JAX","8","Ques","injury-status questionable","Final L 17-20 @ MIA","102","28","92","1","-","-","-","-","171","262","1672","8"
"592","K. Vaughn","K. Vaughn","RB","SF","14","","injury-status","Final W 32-19 vs NYJ","0","2","4","-","-","-","-","-","-","-","-","-"
"593","M. Willis","M. Willis","QB","GB","5","","injury-status","Final L 29-34 @ PHI","51","20","138","1","-","-","-","-","40","54","550","3"
"594","J. Dobbs","J. Dobbs","QB","SF","14","","injury-status","Final W 32-19 vs NYJ","31","9","24","2","-","-","-","-","32","47","361","2"
"595","C. Rush","C. Rush","QB","DAL","10","","injury-status","Final W 33-17 @ CLE","106","26","18","-","-","-","-","-","187","308","1844","12"
"596","C. Wentz","C. Wentz","QB","KC","10","","injury-status","Final W 27-20 vs BAL","5","3","-","-","-","-","-","-","12","19","118","-"
"597","D. Mills","D. Mills","QB","HOU","6","","injury-status","Final W 29-27 @ IND","10","3","11","-","-","-","-","-","20","36","212","-"
"598","B. Oliver","B. Oliver","WR","TEN","10","","injury-status","Final L 17-24 @ CHI","13","-","-","-","6","9","95","-","-","-","-","-"
"599","M. Mariota","M. Mariota","QB","WAS","12","Ques","injury-status questionable","Final L 20-37 @ TB","46","18","92","1","-","-","-","-","34","44","364","4"
"600","E. Stick","E. Stick","QB","LAC","12","","injury-status","Final W 22-10 vs LV","-","-","-","-","-","-","-","-","-","-","-","-"
"601","K. Trask","K. Trask","QB","TB","9","","injury-status","Final W 37-20 vs WAS","-0","5","-4","-","-","-","-","-","1","1","5","-"
"602","C. Tune","C. Tune","QB","ARI","8","","injury-status","Final L 28-34 @ BUF","-3","7","-4","-","-","-","-","-","2","2","8","-"
"603","T. Lance","T. Lance","QB","DAL","10","","injury-status","Final W 33-17 @ CLE","14","11","41","-","-","-","-","-","25","41","266","-"
"604","Z. Wilson","Z. Wilson","QB","DEN","12","","injury-status","Final L 20-26 @ SEA","-","-","-","-","-","-","-","-","-","-","-","-"
"605","S. Ahmed","S. Ahmed","RB","IND","11","IR","injury-status ir","Final L 27-29 vs HOU","-","-","-","-","-","-","-","-","-","-","-","-"
"606","N. Miller-Hines","N. Miller-Hines","RB","CLE","9","","injury-status","Final L 17-33 vs DAL","-","-","-","-","-","-","-","-","-","-","-","-"
"607","J. Hall","J. Hall","QB","SEA","8","","injury-status","Final W 26-20 vs DEN","-","-","-","-","-","-","-","-","-","-","-","-"
"608","M. Rudolph","M. Rudolph","QB","TEN","10","","injury-status","Final L 17-24 @ CHI","100","25","106","1","-","-","-","-","146","228","1530","9"
"609","C. Keenum","C. Keenum","QB","HOU","6","Ques","injury-status questionable","Final W 29-27 @ IND","-","-","-","-","-","-","-","-","-","-","-","-"
"610","M. Pratt","M. Pratt","QB","TB","9","Ques","injury-status questionable","Final W 37-20 vs WAS","-","-","-","-","-","-","-","-","-","-","-","-"
"611","J. Travis","J. Travis","QB","NYJ","9","NA","injury-status na","Final L 19-32 @ SF","-","-","-","-","-","-","-","-","-","-","-","-"
"612","K. Pickett","K. Pickett","QB","PHI","9","Ques","injury-status questionable","Final W 34-29 vs GB","25","9","15","1","-","-","-","-","25","42","291","2"
"613","T. Heinicke","T. Heinicke","QB","LAC","12","","injury-status","Final W 22-10 vs LV","3","2","20","-","-","-","-","-","3","5","28","-"
"614","T. McAllister","T. McAllister","RB","LV","8","","injury-status","Final L 10-22 @ LAC","1","2","11","-","-","-","-","-","-","-","-","-"
"615","D. Dallas","D. Dallas","RB","ARI","8","","injury-status","Final L 28-34 @ BUF","19","9","49","-","3","3","11","1","-","-","-","-"
"616","S. Vaki","S. Vaki","RB","DET","8","","injury-status","Final W 26-20 vs LAR","8","6","14","-","3","3","37","-","-","-","-","-"
"617","T. Homer","T. Homer","RB","CHI","5","IR","injury-status ir","Final W 24-17 vs TEN","5","6","23","-","3","3","11","-","-","-","-","-"
"618","E. Saubert","E. Saubert","TE","SF","14","","injury-status","Final W 32-19 vs NYJ","20","-","-","-","11","14","97","1","-","-","-","-"
"619","J. Milton","J. Milton","QB","NE","14","","injury-status","Final W 16-10 @ CIN","18","10","16","1","-","-","-","-","22","29","241","1"
"620","D. Johnson","D. Johnson","RB","JAX","8","","injury-status","Final L 17-20 @ MIA","30","32","143","-","12","19","96","-","-","-","-","-"
"621","K. Allen","K. Allen","QB","PIT","5","","injury-status","Final W 18-10 @ ATL","1","-","-","-","-","-","-","-","1","1","19","-"
"622","B. Allen","B. Allen","QB","SF","14","","injury-status","Final W 32-19 vs NYJ","6","3","4","-","-","-","-","-","17","30","199","1"
"623","S. Clifford","S. Clifford","QB","GB","5","","injury-status","Final L 29-34 @ PHI","-","-","-","-","-","-","-","-","-","-","-","-"
"624","M. White","M. White","QB","BUF","7","","injury-status","Final W 34-28 vs ARI","1","-","-","-","-","-","-","-","3","11","28","-"
"625","B. Zappe","B. Zappe","QB","CLE","9","","injury-status","Final L 17-33 vs DAL","9","2","2","-","-","-","-","-","16","31","170","1"
"626","C. Beathard","C. Beathard","QB","JAX","8","","injury-status","Final L 17-20 @ MIA","-","-","-","-","-","-","-","-","-","-","-","-"
"627","P. Ricard","P. Ricard","RB","BAL","7","Ques","injury-status questionable","Final L 20-27 @ KC","16","-","-","-","3","5","22","1","-","-","-","-"
"628","C. Heyward","C. Heyward","TE","PIT","5","","injury-status","Final W 18-10 @ ATL","14","-","-","-","6","8","40","1","-","-","-","-"
"629","I. Thomas","I. Thomas","TE","CAR","14","","injury-status","Final L 10-47 @ NO","2","-","-","-","3","6","7","-","-","-","-","-"
"630","B. Gabbert","B. Gabbert","QB","","","","injury-status","BYE","-","-","-","-","-","-","-","-","-","-","-","-"
"631","M. Davis","M. Davis","RB","DAL","10","","injury-status","Final W 33-17 @ CLE","-","-","-","-","-","-","-","-","-","-","-","-"
"632","T. Wallace","T. Wallace","WR","BAL","7","","injury-status","Final L 20-27 @ KC","30","-","-","-","11","12","193","1","-","-","-","-"
"633","T. Marshall","T. Marshall","WR","LV","8","","injury-status","Final L 10-22 @ LAC","6","-","-","-","3","6","41","-","-","-","-","-"
"634","S. Miller","S. Miller","WR","PIT","5","","injury-status","Final W 18-10 @ ATL","9","-","-","-","5","9","69","-","-","-","-","-"
"635","J. Chestnut","J. Chestnut","RB","TEN","10","","injury-status","Final L 17-24 @ CHI","13","22","102","-","2","3","11","-","-","-","-","-"
"636","S. Bennett","S. Bennett","QB","LAR","8","","injury-status","Final L 20-26 @ DET","-","-","-","-","-","-","-","-","-","-","-","-"
"637","S. Hartman","S. Hartman","QB","WAS","12","","injury-status","Final L 20-37 @ TB","-","-","-","-","-","-","-","-","-","-","-","-"
"638","D. Byrd","D. Byrd","WR","","","","injury-status","BYE","-","-","-","-","-","-","-","-","-","-","-","-"
"639","R. Cracraft","R. Cracraft","WR","MIA","12","","injury-status","Final W 20-17 vs JAX","10","-","-","-","7","9","66","-","-","-","-","-"
"640","D. Eskridge","D. Eskridge","WR","MIA","12","Ques","injury-status questionable","Final W 20-17 vs JAX","6","-","-","-","3","3","44","-","-","-","-","-"
"641","C. McCoy","C. McCoy","QB","","","","injury-status","BYE","-","-","-","-","-","-","-","-","-","-","-","-"
"642","D. Duvernay","D. Duvernay","WR","JAX","8","","injury-status","Final L 17-20 @ MIA","13","4","3","-","11","16","79","-","-","-","-","-"
"643","T. McKee","T. McKee","QB","PHI","9","Ques","injury-status questionable","Final W 34-29 vs GB","29","5","-1","-","-","-","-","-","30","45","323","4"
"644","J. McAtamney","J. McAtamney","K","NYG","14","","injury-status","Final L 6-28 vs MIN","4","-","-","-","-","-","-","-","-","-","-","-"
"645","C. Thompson","C. Thompson","WR","TB","9","","injury-status","Final W 37-20 vs WAS","-","-","-","-","-","-","-","-","-","-","-","-"
"646","S. Ehlinger","S. Ehlinger","QB","IND","11","","injury-status","Final L 27-29 vs HOU","-","-","-","-","-","-","-","-","-","-","-","-"
"647","C. Kolar","C. Kolar","TE","BAL","7","","injury-status","Final L 20-27 @ KC","24","1","2","-","9","11","131","1","-","-","-","-"
"648","J. Bates","J. Bates","TE","WAS","12","","injury-status","Final L 20-37 @ TB","9","-","-","-","8","13","84","-","-","-","-","-"
"649","J. Deguara","J. Deguara","TE","JAX","8","","injury-status","Final L 17-20 @ MIA","3","-","-","-","3","3","14","-","-","-","-","-"
"650","T. Williams","T. Williams","RB","CIN","10","","injury-status","Final L 10-16 vs NE","-","-","-","-","-","-","-","-","-","-","-","-"
"651","J. Patterson","J. Patterson","RB","LAC","12","Ques","injury-status questionable","Final W 22-10 vs LV","-","-","-","-","-","-","-","-","-","-","-","-"
"652","H. Long","H. Long","TE","LAR","8","","injury-status","Final L 20-26 @ DET","16","-","-","-","7","9","60","-","-","-","-","-"
"653","E. Bailey","E. Bailey","RB","CAR","14","","injury-status","Final L 10-47 @ NO","-","-","-","-","-","-","-","-","-","-","-","-"
"654","K. McIntosh","K. McIntosh","RB","SEA","8","IR","injury-status ir","Final W 26-20 vs DEN","21","31","172","-","3","4","22","-","-","-","-","-"
"655","C. Huntley","C. Huntley","RB","","","","injury-status","BYE","-","-","-","-","-","-","-","-","-","-","-","-"
"656","X. Smith","X. Smith","WR","LAR","8","","injury-status","Final L 20-26 @ DET","5","4","36","-","2","2","6","-","-","-","-","-"
"657","I. Abanikanda","I. Abanikanda","RB","SF","14","","injury-status","Final W 32-19 vs NYJ","-","-","-","-","-","-","-","-","-","-","-","-"
"658","K. Nwangwu","K. Nwangwu","RB","NYJ","9","","injury-status","Final L 19-32 @ SF","7","-","-","-","-","-","-","-","-","-","-","-"
"659","H. Haskins","H. Haskins","RB","LAC","12","","injury-status","Final W 22-10 vs LV","30","34","89","2","3","3","49","1","-","-","-","-"
"660","T. Smith","T. Smith","WR","","","","injury-status","BYE","-","-","-","-","-","-","-","-","-","-","-","-"
"661","B. Covey","B. Covey","WR","PHI","9","","injury-status","Final W 34-29 vs GB","7","-","-","-","7","8","34","-","-","-","-","-"
"662","J. Jackson","J. Jackson","WR","TEN","10","","injury-status","Final L 17-24 @ CHI","-8","1","-5","-","1","3","8","-","-","-","-","-"
"663","K. Philips","K. Philips","WR","PHI","9","","injury-status","Final W 34-29 vs GB","-","-","-","-","-","-","-","-","-","-","-","-"
"664","J. Jefferson","J. Jefferson","RB","DET","8","","injury-status","Final W 26-20 vs LAR","4","6","22","-","1","1","10","-","-","-","-","-"
"665","K. Robinson","K. Robinson","RB","JAX","8","","injury-status","Final L 17-20 @ MIA","-","-","-","-","-","-","-","-","-","-","-","-"
"666","B. Pringle","B. Pringle","WR","","","","injury-status","BYE","-","-","-","-","-","-","-","-","-","-","-","-"
"667","K. Ingram","K. Ingram","RB","KC","10","IR","injury-status ir","Final W 27-20 vs BAL","-","-","-","-","-","-","-","-","-","-","-","-"
"668","E. Dotson","E. Dotson","RB","ATL","5","","injury-status","Final L 10-18 vs PIT","-","-","-","-","-","-","-","-","-","-","-","-"
"669","D. Thompson-Robinson","D. Thompson-Robinson","QB","CLE","9","","injury-status","Final L 17-33 vs DAL","19","21","122","-","-","-","-","-","61","118","440","-"
"670","M. Gaskin","M. Gaskin","RB","JAX","8","","injury-status","Final L 17-20 @ MIA","2","3","-1","-","1","1","11","-","-","-","-","-"
"671","Z. Evans","Z. Evans","RB","NYJ","9","","injury-status","Final L 19-32 @ SF","-","-","-","-","-","-","-","-","-","-","-","-"
"672","V. Jones","V. Jones","WR","CAR","14","","injury-status","Final L 10-47 @ NO","-1","3","11","-","1","1","8","-","-","-","-","-"
"673","L. Perine","L. Perine","RB","","","","injury-status","BYE","-","-","-","-","-","-","-","-","-","-","-","-"
"674","G. Holani","G. Holani","RB","SEA","8","","injury-status","Final W 26-20 vs DEN","1","3","10","-","1","1","-1","-","-","-","-","-"
"675","T. Siemian","T. Siemian","QB","TEN","10","","injury-status","Final L 17-24 @ CHI","-","-","-","-","-","-","-","-","-","-","-","-"
"676","D. Carter","D. Carter","WR","CHI","5","","injury-status","Final W 24-17 vs TEN","9","-","-","-","9","14","72","-","-","-","-","-"
"677","K. Abram","K. Abram","WR","","","","injury-status","BYE","-","-","-","-","-","-","-","-","-","-","-","-"
"678","C. Schrader","C. Schrader","RB","LAR","8","","injury-status","Final L 20-26 @ DET","1","1","3","-","1","1","6","-","-","-","-","-"
"679","B. Bolden","B. Bolden","RB","","","","injury-status","BYE","-","-","-","-","-","-","-","-","-","-","-","-"
"680","D. Chisena","D. Chisena","WR","CAR","14","Ques","injury-status questionable","Final L 10-47 @ NO","5","-","-","-","3","4","37","-","-","-","-","-"
"681","D. Leary","D. Leary","QB","BAL","7","","injury-status","Final L 20-27 @ KC","-","-","-","-","-","-","-","-","-","-","-","-"
"682","T. Davis-Price","T. Davis-Price","RB","PHI","9","","injury-status","Final W 34-29 vs GB","1","3","7","-","-","-","-","-","-","-","-","-"
"683","J. Kelly","J. Kelly","RB","CLE","9","","injury-status","Final L 17-33 vs DAL","-","-","-","-","-","-","-","-","-","-","-","-"
"684","P. Invalid","P. Invalid","RB","","","","injury-status","BYE","-","-","-","-","-","-","-","-","-","-","-","-"
"685","T. Davis","T. Davis","K","","","","injury-status","BYE","-","-","-","-","-","-","-","-","-","-","-","-"
"686","B. Miller","B. Miller","RB","","","","injury-status","BYE","-","-","-","-","-","-","-","-","-","-","-","-"
"687","C. Johnson","C. Johnson","WR","","","","injury-status","BYE","-","-","-","-","-","-","-","-","-","-","-","-"
"688","A. Sherman","A. Sherman","RB","","","","injury-status","BYE","-","-","-","-","-","-","-","-","-","-","-","-"
"689","L. Kendricks","L. Kendricks","TE","","","","injury-status","BYE","-","-","-","-","-","-","-","-","-","-","-","-"
"690","L. Stocker","L. Stocker","TE","","","","injury-status","BYE","-","-","-","-","-","-","-","-","-","-","-","-"
"691","M. Ingram","M. Ingram","RB","","","","injury-status","BYE","-","-","-","-","-","-","-","-","-","-","-","-"
"692","C. Newton","C. Newton","QB","","","","injury-status","BYE","-","-","-","-","-","-","-","-","-","-","-","-"
"693","L. Nichols","L. Nichols","RB","","","","injury-status","BYE","-","-","-","-","-","-","-","-","-","-","-","-"
"694","T. Swen","T. Swen","RB","","","","injury-status","BYE","-","-","-","-","-","-","-","-","-","-","-","-"
"695","J. Copeland","J. Copeland","WR","","","","injury-status","BYE","-","-","-","-","-","-","-","-","-","-","-","-"
"696","B. Ford-Wheaton","B. Ford-Wheaton","WR","NYG","14","IR","injury-status ir","Final L 6-28 vs MIN","6","-","-","-","-","-","-","-","-","-","-","-"
"697","J. Haselwood","J. Haselwood","WR","","","","injury-status","BYE","-","-","-","-","-","-","-","-","-","-","-","-"
"698","S. James","S. James","WR","","","","injury-status","BYE","-","-","-","-","-","-","-","-","-","-","-","-"
"699","T. Scott","T. Scott","WR","","","","injury-status","BYE","-","-","-","-","-","-","-","-","-","-","-","-"
"700","J. Shorter","J. Shorter","WR","LV","8","","injury-status","Final L 10-22 @ LAC","-","-","-","-","-","-","-","-","-","-","-","-"
"701","Z. Kuntz","Z. Kuntz","TE","NYJ","9","","injury-status","Final L 19-32 @ SF","-","-","-","-","-","-","-","-","-","-","-","-"
"702","K. Rudolph","K. Rudolph","TE","","","","injury-status","BYE","-","-","-","-","-","-","-","-","-","-","-","-"
"703","T. Evans","T. Evans","RB","","","","injury-status","BYE","-","-","-","-","-","-","-","-","-","-","-","-"
"704","D. Harris","D. Harris","WR","","","Ques","injury-status questionable","BYE","-","-","-","-","-","-","-","-","-","-","-","-"
"705","D. Bailey","D. Bailey","K","","","","injury-status","BYE","-","-","-","-","-","-","-","-","-","-","-","-"
"706","N. Rourke","N. Rourke","QB","","","","injury-status","BYE","-","-","-","-","-","-","-","-","-","-","-","-"
"707","P. White","P. White","K","","","","injury-status","BYE","-","-","-","-","-","-","-","-","-","-","-","-"
"708","C. Ratkovich","C. Ratkovich","RB","","","","injury-status","BYE","-","-","-","-","-","-","-","-","-","-","-","-"
"709","L. Havrisik","L. Havrisik","K","","","","injury-status","BYE","-","-","-","-","-","-","-","-","-","-","-","-"
"710","J. Ali","J. Ali","WR","","","","injury-status","BYE","-","-","-","-","-","-","-","-","-","-","-","-"
"711","D. Baldwin","D. Baldwin","WR","","","","injury-status","BYE","-","-","-","-","-","-","-","-","-","-","-","-"
"712","T. Odukoya","T. Odukoya","TE","TEN","10","","injury-status","Final L 17-24 @ CHI","-","-","-","-","-","-","-","-","-","-","-","-"
"713","M. Alexander","M. Alexander","WR","DET","8","","injury-status","Final W 26-20 vs LAR","-1","-","-","-","-","-","-","-","-","-","-","-"
"714","D. Plitt","D. Plitt","QB","","","","injury-status","BYE","-","-","-","-","-","-","-","-","-","-","-","-"
"715","B. Lewis","B. Lewis","WR","","","","injury-status","BYE","-","-","-","-","-","-","-","-","-","-","-","-"
"716","T. Koontz","T. Koontz","TE","","","","injury-status","BYE","-","-","-","-","-","-","-","-","-","-","-","-"
"717","C. Henne","C. Henne","QB","","","","injury-status","BYE","-","-","-","-","-","-","-","-","-","-","-","-"
"718","N. Sciba","N. Sciba","K","","","","injury-status","BYE","-","-","-","-","-","-","-","-","-","-","-","-"
"719","K. Wheatfall","K. Wheatfall","WR","","","","injury-status","BYE","-","-","-","-","-","-","-","-","-","-","-","-"
"720","R. McDaniel","R. McDaniel","WR","","","","injury-status","BYE","-","-","-","-","-","-","-","-","-","-","-","-"
"721","N. Bohannon","N. Bohannon","TE","","","","injury-status","BYE","-","-","-","-","-","-","-","-","-","-","-","-"
"722","K. Brown","K. Brown","WR","","","","injury-status","BYE","-","-","-","-","-","-","-","-","-","-","-","-"
"723","J. Howland","J. Howland","TE","","","","injury-status","BYE","-","-","-","-","-","-","-","-","-","-","-","-"
"724","W. Johnson","W. Johnson","WR","","","Ques","injury-status questionable","BYE","-","-","-","-","-","-","-","-","-","-","-","-"
"725","J. Scott","J. Scott","TE","","","","injury-status","BYE","-","-","-","-","-","-","-","-","-","-","-","-"
"726","K. Kassis","K. Kassis","WR","","","","injury-status","BYE","-","-","-","-","-","-","-","-","-","-","-","-"
"727","B. Beise","B. Beise","TE","","","","injury-status","BYE","-","-","-","-","-","-","-","-","-","-","-","-"
"728","K. Geiger","K. Geiger","WR","","","","injury-status","BYE","-","-","-","-","-","-","-","-","-","-","-","-"
"729","I. Charles","I. Charles","WR","NYJ","9","PUP","injury-status pup","Final L 19-32 @ SF","-","-","-","-","-","1","-","-","-","-","-","-"
"730","T. Jones","T. Jones","RB","","","","injury-status","BYE","-","-","-","-","-","-","-","-","-","-","-","-"
"731","T. Conner","T. Conner","TE","MIA","12","","injury-status","Final W 20-17 vs JAX","3","-","-","-","3","4","16","-","-","-","-","-"
"732","C. Fotheringham","C. Fotheringham","TE","","","","injury-status","BYE","-","-","-","-","-","-","-","-","-","-","-","-"
"733","E. Fernea","E. Fernea","WR","","","","injury-status","BYE","-","-","-","-","-","-","-","-","-","-","-","-"
"734","M. Young","M. Young","WR","","","","injury-status","BYE","-","-","-","-","-","-","-","-","-","-","-","-"
"735","K. Crawford","K. Crawford","WR","","","Ques","injury-status questionable","BYE","-","-","-","-","-","-","-","-","-","-","-","-"
"736","S. Nacua","S. Nacua","WR","","","","injury-status","BYE","-","-","-","-","-","-","-","-","-","-","-","-"
"737","T. Hairston","T. Hairston","RB","HOU","6","","injury-status","Final W 29-27 @ IND","-","-","-","-","-","-","-","-","-","-","-","-"
"738","N. Givan","N. Givan","TE","","","","injury-status","BYE","-","-","-","-","-","-","-","-","-","-","-","-"
"739","A. Turner","A. Turner","WR","","","","injury-status","BYE","-","-","-","-","-","-","-","-","-","-","-","-"
"740","J. Garibay","J. Garibay","K","","","","injury-status","BYE","-","-","-","-","-","-","-","-","-","-","-","-"
"741","D. Houston","D. Houston","WR","TB","9","","injury-status","Final W 37-20 vs WAS","-","-","-","-","-","-","-","-","-","-","-","-"
"742","Z. Mitchell-Paden","Z. Mitchell-Paden","TE","BAL","7","","injury-status","Final L 20-27 @ KC","-","-","-","-","-","-","-","-","-","-","-","-"
"743","F. Harper","F. Harper","QB","","","","injury-status","BYE","-","-","-","-","-","-","-","-","-","-","-","-"
"744","K. Pryor","K. Pryor","WR","CIN","10","","injury-status","Final L 10-16 vs NE","1","-","-","-","1","1","9","-","-","-","-","-"
"745","J. Rigg","J. Rigg","TE","","","","injury-status","BYE","-","-","-","-","-","-","-","-","-","-","-","-"
"746","A. Mevis","A. Mevis","K","","","","injury-status","BYE","-","-","-","-","-","-","-","-","-","-","-","-"
"747","M. Williams","M. Williams","WR","","","","injury-status","BYE","-","-","-","-","-","-","-","-","-","-","-","-"
"748","J. Bist","J. Bist","TE","","","","injury-status","BYE","-","-","-","-","-","-","-","-","-","-","-","-"
"749","D. Miller","D. Miller","TE","","","","injury-status","BYE","-","-","-","-","-","-","-","-","-","-","-","-"
"750","R. Williams","R. Williams","TE","","","","injury-status","BYE","-","-","-","-","-","-","-","-","-","-","-","-"
"751","K. Davis","K. Davis","WR","CLE","9","","injury-status","Final L 17-33 vs DAL","-","-","-","-","-","-","-","-","-","-","-","-"
"752","D. Parham","D. Parham","TE","","","","injury-status","BYE","-","-","-","-","-","-","-","-","-","-","-","-"
"753","R. Carter","R. Carter","TE","","","","injury-status","BYE","-","-","-","-","-","-","-","-","-","-","-","-"
"754","L. McCutcheon","L. McCutcheon","WR","","","","injury-status","BYE","-","-","-","-","-","-","-","-","-","-","-","-"
"755","J. Pettigrew","J. Pettigrew","TE","","","","injury-status","BYE","-","-","-","-","-","-","-","-","-","-","-","-"
"756","R. Webb","R. Webb","WR","","","","injury-status","BYE","-","-","-","-","-","-","-","-","-","-","-","-"
"757","S. Bridges","S. Bridges","WR","","","","injury-status","BYE","-","-","-","-","-","-","-","-","-","-","-","-"
"758","D. Tuggle","D. Tuggle","RB","","","","injury-status","BYE","-","-","-","-","-","-","-","-","-","-","-","-"
"759","T. Fleet-Davis","T. Fleet-Davis","RB","","","","injury-status","BYE","-","-","-","-","-","-","-","-","-","-","-","-"
"760","K. Oginni","K. Oginni","TE","","","","injury-status","BYE","-","-","-","-","-","-","-","-","-","-","-","-"
"761","L. Lenoir","L. Lenoir","WR","","","","injury-status","BYE","-","-","-","-","-","-","-","-","-","-","-","-"
"762","S. Scarver","S. Scarver","WR","","","","injury-status","BYE","-","-","-","-","-","-","-","-","-","-","-","-"
"763","C. Holder","C. Holder","WR","","","","injury-status","BYE","-","-","-","-","-","-","-","-","-","-","-","-"
"764","J. Tonges","J. Tonges","TE","SF","14","","injury-status","Final W 32-19 vs NYJ","-","-","-","-","-","-","-","-","-","-","-","-"
"765","K. Shaa","K. Shaa","WR","","","","injury-status","BYE","-","-","-","-","-","-","-","-","-","-","-","-"
"766","H. Litwin","H. Litwin","WR","","","","injury-status","BYE","-","-","-","-","-","-","-","-","-","-","-","-"
"767","J. Herslow","J. Herslow","WR","","","","injury-status","BYE","-","-","-","-","-","-","-","-","-","-","-","-"
"768","J. Mitchell","J. Mitchell","TE","","","","injury-status","BYE","-","-","-","-","-","-","-","-","-","-","-","-"
"769","V. Green","V. Green","TE","","","Ques","injury-status questionable","BYE","-","-","-","-","-","-","-","-","-","-","-","-"
"770","A. Rogers","A. Rogers","TE","ATL","5","Ques","injury-status questionable","Final L 10-18 vs PIT","-","-","-","-","-","-","-","-","-","-","-","-"
"771","J. Bernhardt","J. Bernhardt","WR","","","","injury-status","BYE","-","-","-","-","-","-","-","-","-","-","-","-"
"772","L. Watson","L. Watson","TE","MIN","6","","injury-status","Final W 28-6 @ NYG","-","-","-","-","-","-","-","-","-","-","-","-"
"773","T. James","T. James","WR","","","","injury-status","BYE","-","-","-","-","-","-","-","-","-","-","-","-"
"774","L. Winningham","L. Winningham","WR","","","","injury-status","BYE","-","-","-","-","-","-","-","-","-","-","-","-"
"775","G. Gunter","G. Gunter","TE","","","","injury-status","BYE","-","-","-","-","-","-","-","-","-","-","-","-"
"776","C. Pierce","C. Pierce","TE","","","","injury-status","BYE","-","-","-","-","-","-","-","-","-","-","-","-"
"777","S. Robinson","S. Robinson","WR","","","","injury-status","BYE","-","-","-","-","-","-","-","-","-","-","-","-"
"778","J. Payton","J. Payton","WR","","","","injury-status","BYE","-","-","-","-","-","-","-","-","-","-","-","-"
"779","J. Kirklin","J. Kirklin","WR","","","","injury-status","BYE","-","-","-","-","-","-","-","-","-","-","-","-"
"780","C. Hodge","C. Hodge","WR","","","","injury-status","BYE","-","-","-","-","-","-","-","-","-","-","-","-"
"781","G. Walston","G. Walston","TE","","","","injury-status","BYE","-","-","-","-","-","-","-","-","-","-","-","-"
"782","T. Mack","T. Mack","WR","","","","injury-status","BYE","-","-","-","-","-","-","-","-","-","-","-","-"
"783","D. Davis","D. Davis","WR","","","","injury-status","BYE","-","-","-","-","-","-","-","-","-","-","-","-"
"784","K. McGowan","K. McGowan","WR","","","","injury-status","BYE","-","-","-","-","-","-","-","-","-","-","-","-"
"785","M. Santos-Silva","M. Santos-Silva","TE","","","","injury-status","BYE","-","-","-","-","-","-","-","-","-","-","-","-"
"786","T. Bradford","T. Bradford","WR","","","","injury-status","BYE","-","-","-","-","-","-","-","-","-","-","-","-"
"787","B. Peters","B. Peters","QB","","","","injury-status","BYE","-","-","-","-","-","-","-","-","-","-","-","-"
"788","J. McCourt","J. McCourt","K","","","","injury-status","BYE","-","-","-","-","-","-","-","-","-","-","-","-"
"789","E. Krommenhoek","E. Krommenhoek","TE","","","","injury-status","BYE","-","-","-","-","-","-","-","-","-","-","-","-"
"790","T. Limi-Jones","T. Limi-Jones","WR","","","","injury-status","BYE","-","-","-","-","-","-","-","-","-","-","-","-"
"791","A. Parchment","A. Parchment","WR","","","Ques","injury-status questionable","BYE","-","-","-","-","-","-","-","-","-","-","-","-"
"792","R. Henry","R. Henry","WR","","","Ques","injury-status questionable","BYE","-","-","-","-","-","-","-","-","-","-","-","-"
"793","D. Wright","D. Wright","WR","","","Ques","injury-status questionable","BYE","-","-","-","-","-","-","-","-","-","-","-","-"
"794","J. Lovett","J. Lovett","RB","","","","injury-status","BYE","-","-","-","-","-","-","-","-","-","-","-","-"
"795","D. Cheek","D. Cheek","QB","","","","injury-status","BYE","-","-","-","-","-","-","-","-","-","-","-","-"
"796","J. Babicz","J. Babicz","TE","","","","injury-status","BYE","-","-","-","-","-","-","-","-","-","-","-","-"
"797","T. Ford","T. Ford","QB","","","","injury-status","BYE","-","-","-","-","-","-","-","-","-","-","-","-"
"798","T. Clark","T. Clark","WR","","","","injury-status","BYE","-","-","-","-","-","-","-","-","-","-","-","-"
"799","D. Estrada","D. Estrada","WR","","","Ques","injury-status questionable","BYE","-","-","-","-","-","-","-","-","-","-","-","-"
"800","S. Green","S. Green","TE","","","","injury-status","BYE","-","-","-","-","-","-","-","-","-","-","-","-"
"801","C. Shudak","C. Shudak","K","","","","injury-status","BYE","-","-","-","-","-","-","-","-","-","-","-","-"
"802","D. Young","D. Young","WR","SEA","8","","injury-status","Final W 26-20 vs DEN","-","-","-","-","-","1","-","-","-","-","-","-"
"803","N. Muse","N. Muse","TE","MIN","6","","injury-status","Final W 28-6 @ NYG","-","-","-","-","-","-","-","-","-","-","-","-"
"804","J. FitzPatrick","J. FitzPatrick","TE","GB","5","","injury-status","Final L 29-34 @ PHI","1","-","-","-","1","1","2","-","-","-","-","-"
"805","K. Kieft","K. Kieft","TE","TB","9","","injury-status","Final W 37-20 vs WAS","-","-","-","-","-","-","-","-","-","-","-","-"
"806","M. Washington","M. Washington","WR","","","","injury-status","BYE","-","-","-","-","-","-","-","-","-","-","-","-"
"807","J. Guarantano","J. Guarantano","QB","","","","injury-status","BYE","-","-","-","-","-","-","-","-","-","-","-","-"
"808","J. Hall","J. Hall","WR","","","","injury-status","BYE","-","-","-","-","-","-","-","-","-","-","-","-"
"809","D. Robertson","D. Robertson","WR","","","","injury-status","BYE","-","-","-","-","-","-","-","-","-","-","-","-"
"810","C. Sutton","C. Sutton","WR","","","","injury-status","BYE","-","-","-","-","-","-","-","-","-","-","-","-"
"811","T. Hennigan","T. Hennigan","WR","","","","injury-status","BYE","-","-","-","-","-","-","-","-","-","-","-","-"
"812","N. Pau'u","N. Pau'u","WR","","","","injury-status","BYE","-","-","-","-","-","-","-","-","-","-","-","-"
"813","K. Lassiter","K. Lassiter","WR","","","","injury-status","BYE","-","-","-","-","-","-","-","-","-","-","-","-"
"814","C. Brewer","C. Brewer","TE","","","","injury-status","BYE","-","-","-","-","-","-","-","-","-","-","-","-"
"815","C. Garbers","C. Garbers","QB","","","","injury-status","BYE","-","-","-","-","-","-","-","-","-","-","-","-"
"816","L. Lewis","L. Lewis","QB","","","","injury-status","BYE","-","-","-","-","-","-","-","-","-","-","-","-"
"817","Z. Horvath","Z. Horvath","RB","","","","injury-status","BYE","-","-","-","-","-","-","-","-","-","-","-","-"
"818","K. Marks","K. Marks","RB","","","","injury-status","BYE","-","-","-","-","-","-","-","-","-","-","-","-"
"819","B. Brown","B. Brown","RB","SEA","8","","injury-status","Final W 26-20 vs DEN","-","-","-","-","-","-","-","-","-","-","-","-"
"820","M. Harley","M. Harley","WR","","","","injury-status","BYE","-","-","-","-","-","-","-","-","-","-","-","-"
"821","J. Sorenson","J. Sorenson","WR","","","","injury-status","BYE","-","-","-","-","-","-","-","-","-","-","-","-"
"822","S. Berryhill","S. Berryhill","WR","","","","injury-status","BYE","-","-","-","-","-","-","-","-","-","-","-","-"
"823","J. Smart","J. Smart","WR","","","","injury-status","BYE","-","-","-","-","-","-","-","-","-","-","-","-"
"824","J. Virgil","J. Virgil","WR","BUF","7","Ques","injury-status questionable","Final W 34-28 vs ARI","1","-","-","-","-","-","-","-","-","-","-","-"
"825","C. Oladokun","C. Oladokun","QB","KC","10","","injury-status","Final W 27-20 vs BAL","-1","1","5","-","-","-","-","-","-","-","-","-"
"826","D. Allen","D. Allen","WR","","","","injury-status","BYE","-","-","-","-","-","-","-","-","-","-","-","-"
"827","J. Ezzard","J. Ezzard","WR","","","Ques","injury-status questionable","BYE","-","-","-","-","-","-","-","-","-","-","-","-"
"828","T. Snead","T. Snead","WR","","","","injury-status","BYE","-","-","-","-","-","-","-","-","-","-","-","-"
"829","T. Pledger","T. Pledger","RB","","","","injury-status","BYE","-","-","-","-","-","-","-","-","-","-","-","-"
"830","A. Green","A. Green","WR","","","","injury-status","BYE","-","-","-","-","-","-","-","-","-","-","-","-"
"831","G. Brkic","G. Brkic","K","","","","injury-status","BYE","-","-","-","-","-","-","-","-","-","-","-","-"
"832","T. Harris","T. Harris","WR","","","","injury-status","BYE","-","-","-","-","-","-","-","-","-","-","-","-"
"833","C. Jackson","C. Jackson","WR","","","","injury-status","BYE","-","-","-","-","-","-","-","-","-","-","-","-"
"834","T. Martin","T. Martin","WR","TEN","10","","injury-status","Final L 17-24 @ CHI","11","-","-","-","1","2","49","1","-","-","-","-"
"835","K. Pimpleton","K. Pimpleton","WR","","","","injury-status","BYE","-","-","-","-","-","-","-","-","-","-","-","-"
"836","G. Prince","G. Prince","TE","","","","injury-status","BYE","-","-","-","-","-","-","-","-","-","-","-","-"
"837","B. Koback","B. Koback","RB","","","","injury-status","BYE","-","-","-","-","-","-","-","-","-","-","-","-"
"838","D. Deese","D. Deese","TE","","","","injury-status","BYE","-","-","-","-","-","-","-","-","-","-","-","-"
"839","D. Torrey","D. Torrey","RB","","","","injury-status","BYE","-","-","-","-","-","-","-","-","-","-","-","-"
"840","S. Jones","S. Jones","RB","","","","injury-status","BYE","-","-","-","-","-","-","-","-","-","-","-","-"
"841","A. Brown","A. Brown","QB","ARI","8","","injury-status","Final L 28-34 @ BUF","-","-","-","-","-","-","-","-","-","-","-","-"
"842","B. Baylor","B. Baylor","RB","","","","injury-status","BYE","-","-","-","-","-","-","-","-","-","-","-","-"
"843","R. Person","R. Person","RB","","","","injury-status","BYE","-","-","-","-","-","-","-","-","-","-","-","-"
"844","E. Emezie","E. Emezie","WR","","","","injury-status","BYE","-","-","-","-","-","-","-","-","-","-","-","-"
"845","J. Sterns","J. Sterns","WR","","","","injury-status","BYE","-","-","-","-","-","-","-","-","-","-","-","-"
"846","S. Toure","S. Toure","WR","CHI","5","","injury-status","Final W 24-17 vs TEN","-","-","-","-","-","-","-","-","-","-","-","-"
"847","J. Heiligh","J. Heiligh","WR","","","","injury-status","BYE","-","-","-","-","-","-","-","-","-","-","-","-"
"848","M. Durant","M. Durant","RB","","","","injury-status","BYE","-","-","-","-","-","-","-","-","-","-","-","-"
"849","J. Roberson","J. Roberson","WR","","","","injury-status","BYE","-","-","-","-","-","-","-","-","-","-","-","-"
"850","I. Weston","I. Weston","WR","","","","injury-status","BYE","-","-","-","-","-","-","-","-","-","-","-","-"
"851","T. Quitoriano","T. Quitoriano","TE","HOU","6","","injury-status","Final W 29-27 @ IND","-","-","-","-","-","-","-","-","-","-","-","-"
"852","G. Bell","G. Bell","RB","","","","injury-status","BYE","-","-","-","-","-","-","-","-","-","-","-","-"
"853","C. Kelley","C. Kelley","QB","","","","injury-status","BYE","-","-","-","-","-","-","-","-","-","-","-","-"
"854","J. Johnson","J. Johnson","WR","","","","injury-status","BYE","-","-","-","-","-","-","-","-","-","-","-","-"
"855","J. Woods","J. Woods","TE","IND","11","","injury-status","Final L 27-29 vs HOU","-","-","-","-","-","-","-","-","-","-","-","-"
"856","M. Borghi","M. Borghi","RB","","","","injury-status","BYE","-","-","-","-","-","-","-","-","-","-","-","-"
"857","L. Brown","L. Brown","RB","","","","injury-status","BYE","-","-","-","-","-","-","-","-","-","-","-","-"
"858","A. Allen","A. Allen","TE","","","","injury-status","BYE","-","-","-","-","-","-","-","-","-","-","-","-"
"859","D. Dixon","D. Dixon","WR","","","","injury-status","BYE","-","-","-","-","-","-","-","-","-","-","-","-"
"860","D. Crum","D. Crum","QB","","","","injury-status","BYE","-","-","-","-","-","-","-","-","-","-","-","-"
"861","M. Polk","M. Polk","WR","","","","injury-status","BYE","-","-","-","-","-","-","-","-","-","-","-","-"
"862","J. Hall","J. Hall","TE","","","","injury-status","BYE","-","-","-","-","-","-","-","-","-","-","-","-"
"863","J. Coan","J. Coan","QB","","","","injury-status","BYE","-","-","-","-","-","-","-","-","-","-","-","-"
"864","D. King","D. King","QB","","","","injury-status","BYE","-","-","-","-","-","-","-","-","-","-","-","-"
"865","C. Rambo","C. Rambo","WR","","","Ques","injury-status questionable","BYE","-","-","-","-","-","-","-","-","-","-","-","-"
"866","T. Fryfogle","T. Fryfogle","WR","","","","injury-status","BYE","-","-","-","-","-","-","-","-","-","-","-","-"
"867","J. Corbin","J. Corbin","RB","","","","injury-status","BYE","-","-","-","-","-","-","-","-","-","-","-","-"
"868","E. Perry","E. Perry","QB","","","","injury-status","BYE","-","-","-","-","-","-","-","-","-","-","-","-"
"869","C. Hodges","C. Hodges","TE","","","Ques","injury-status questionable","BYE","-","-","-","-","-","-","-","-","-","-","-","-"
"870","S. Bolden","S. Bolden","WR","","","","injury-status","BYE","-","-","-","-","-","-","-","-","-","-","-","-"
"871","A. Smith","A. Smith","RB","","","","injury-status","BYE","-","-","-","-","-","-","-","-","-","-","-","-"
"872","T. Ebner","T. Ebner","RB","","","Ques","injury-status questionable","BYE","-","-","-","-","-","-","-","-","-","-","-","-"
"873","C. Verdell","C. Verdell","RB","","","","injury-status","BYE","-","-","-","-","-","-","-","-","-","-","-","-"
"874","D. Williams","D. Williams","WR","","","","injury-status","BYE","-","-","-","-","-","-","-","-","-","-","-","-"
"875","J. Johnson","J. Johnson","WR","HOU","6","Ques","injury-status questionable","Final W 29-27 @ IND","-","-","-","-","-","-","-","-","-","-","-","-"
"876","D. Price","D. Price","RB","","","","injury-status","BYE","-","-","-","-","-","-","-","-","-","-","-","-"
"877","C. Allen","C. Allen","TE","","","","injury-status","BYE","-","-","-","-","-","-","-","-","-","-","-","-"
"878","B. Powell","B. Powell","RB","","","","injury-status","BYE","-","-","-","-","-","-","-","-","-","-","-","-"
"879","S. Conner","S. Conner","RB","","","","injury-status","BYE","-","-","-","-","-","-","-","-","-","-","-","-"
"880","B. Sanders","B. Sanders","WR","NE","14","","injury-status","Final W 16-10 @ CIN","-","-","-","-","-","-","-","-","-","-","-","-"
"881","R. Roberson","R. Roberson","WR","","","","injury-status","BYE","-","-","-","-","-","-","-","-","-","-","-","-"
"882","Z. White","Z. White","RB","","","","injury-status","BYE","-","-","-","-","-","-","-","-","-","-","-","-"
"883","J. Mitchell","J. Mitchell","TE","DET","8","","injury-status","Final W 26-20 vs LAR","-","-","-","-","-","-","-","-","-","-","-","-"
"884","T. Turner","T. Turner","WR","","","","injury-status","BYE","-","-","-","-","-","-","-","-","-","-","-","-"
"885","D. Drummond","D. Drummond","WR","","","","injury-status","BYE","-","-","-","-","-","-","-","-","-","-","-","-"
"886","M. Corral","M. Corral","QB","","","","injury-status","BYE","-","-","-","-","-","-","-","-","-","-","-","-"
"887","C. Strong","C. Strong","QB","","","","injury-status","BYE","-","-","-","-","-","-","-","-","-","-","-","-"
"888","K. Brooks","K. Brooks","RB","","","","injury-status","BYE","-","-","-","-","-","-","-","-","-","-","-","-"
"889","M. Teague","M. Teague","RB","","","","injury-status","BYE","-","-","-","-","-","-","-","-","-","-","-","-"
"890","B. Knight","B. Knight","RB","NYJ","9","","injury-status","Final L 19-32 @ SF","-","-","-","-","-","-","-","-","-","-","-","-"
"891","J. Ealy","J. Ealy","RB","","","","injury-status","BYE","-","-","-","-","-","-","-","-","-","-","-","-"
"892","L. Smith","L. Smith","TE","ATL","5","","injury-status","Final L 10-18 vs PIT","-","-","-","-","-","-","-","-","-","-","-","-"
"893","J. Wydermyer","J. Wydermyer","TE","","","","injury-status","BYE","-","-","-","-","-","-","-","-","-","-","-","-"
"894","E. Ezukanma","E. Ezukanma","WR","MIA","12","","injury-status","Final W 20-17 vs JAX","-","-","-","-","-","2","-","-","-","-","-","-"
"895","D. Dedmon","D. Dedmon","WR","","","","injury-status","BYE","-","-","-","-","-","-","-","-","-","-","-","-"
"896","N. Kalinic","N. Kalinic","TE","LAR","8","","injury-status","Final L 20-26 @ DET","-","-","-","-","-","-","-","-","-","-","-","-"
"897","B. Lenius","B. Lenius","TE","","","","injury-status","BYE","-","-","-","-","-","-","-","-","-","-","-","-"
"898","R. Willis","R. Willis","QB","","","","injury-status","BYE","-","-","-","-","-","-","-","-","-","-","-","-"
"899","D. Williams","D. Williams","TE","","","","injury-status","BYE","-","-","-","-","-","-","-","-","-","-","-","-"
"900","M. Vital","M. Vital","TE","","","","injury-status","BYE","-","-","-","-","-","-","-","-","-","-","-","-"
"901","G. Adomitis","G. Adomitis","TE","","","","injury-status","BYE","-","-","-","-","-","-","-","-","-","-","-","-"
"902","M. Jacobson","M. Jacobson","TE","NO","11","","injury-status","Final W 47-10 vs CAR","-","-","-","-","-","-","-","-","-","-","-","-"
"903","C. Taylor","C. Taylor","RB","","","","injury-status","BYE","-","-","-","-","-","-","-","-","-","-","-","-"
"904","D. Crawford","D. Crawford","TE","","","","injury-status","BYE","-","-","-","-","-","-","-","-","-","-","-","-"
"905","S. Cannella","S. Cannella","TE","","","","injury-status","BYE","-","-","-","-","-","-","-","-","-","-","-","-"
"906","K. Jackson","K. Jackson","TE","MIA","12","","injury-status","Final W 20-17 vs JAX","-","-","-","-","-","-","-","-","-","-","-","-"
"907","K. Costello","K. Costello","QB","","","","injury-status","BYE","-","-","-","-","-","-","-","-","-","-","-","-"
"908","M. Sargent","M. Sargent","RB","","","","injury-status","BYE","-","-","-","-","-","-","-","-","-","-","-","-"
"909","O. Anderson","O. Anderson","RB","","","","injury-status","BYE","-","-","-","-","-","-","-","-","-","-","-","-"
"910","M. Bandy","M. Bandy","WR","DEN","12","","injury-status","Final L 20-26 @ SEA","-","-","-","-","-","-","-","-","-","-","-","-"
"911","M. Seybert","M. Seybert","TE","","","","injury-status","BYE","-","-","-","-","-","-","-","-","-","-","-","-"
"912","T. Toivonen","T. Toivonen","WR","","","","injury-status","BYE","-","-","-","-","-","-","-","-","-","-","-","-"
"913","C. Saunders","C. Saunders","WR","","","","injury-status","BYE","-","-","-","-","-","-","-","-","-","-","-","-"
"914","J. Hausmann","J. Hausmann","TE","","","","injury-status","BYE","-","-","-","-","-","-","-","-","-","-","-","-"
"915","N. McCrary","N. McCrary","RB","","","Ques","injury-status questionable","BYE","-","-","-","-","-","-","-","-","-","-","-","-"
"916","K. Bahar","K. Bahar","QB","","","","injury-status","BYE","-","-","-","-","-","-","-","-","-","-","-","-"
"917","J. Verity","J. Verity","K","","","","injury-status","BYE","-","-","-","-","-","-","-","-","-","-","-","-"
"918","B. Johnson","B. Johnson","K","","","","injury-status","BYE","-","-","-","-","-","-","-","-","-","-","-","-"
"919","D. Sylencieux","D. Sylencieux","WR","","","Ques","injury-status questionable","BYE","-","-","-","-","-","-","-","-","-","-","-","-"
"920","J. Johnson","J. Johnson","RB","","","Ques","injury-status questionable","BYE","-","-","-","-","-","-","-","-","-","-","-","-"
"921","C. Naggar","C. Naggar","K","","","","injury-status","BYE","-","-","-","-","-","-","-","-","-","-","-","-"
"922","Q. Nordin","Q. Nordin","K","","","Ques","injury-status questionable","BYE","-","-","-","-","-","-","-","-","-","-","-","-"
"923","J. Blount","J. Blount","TE","","","","injury-status","BYE","-","-","-","-","-","-","-","-","-","-","-","-"
"924","N. Guggemos","N. Guggemos","TE","","","","injury-status","BYE","-","-","-","-","-","-","-","-","-","-","-","-"
"925","B. Seikovits","B. Seikovits","TE","ARI","8","","injury-status","Final L 28-34 @ BUF","-","-","-","-","-","-","-","-","-","-","-","-"
"926","T. Harbison","T. Harbison","RB","","","Ques","injury-status questionable","BYE","-","-","-","-","-","-","-","-","-","-","-","-"
"927","L. Rice","L. Rice","TE","","","","injury-status","BYE","-","-","-","-","-","-","-","-","-","-","-","-"
"928","A. Prentice","A. Prentice","RB","NO","11","","injury-status","Final W 47-10 vs CAR","-","-","-","-","-","4","-","-","-","-","-","-"
"929","B. Mack","B. Mack","WR","","","","injury-status","BYE","-","-","-","-","-","-","-","-","-","-","-","-"
"930","D. Dukes","D. Dukes","WR","","","","injury-status","BYE","-","-","-","-","-","-","-","-","-","-","-","-"
"931","S. Beyer","S. Beyer","TE","","","","injury-status","BYE","-","-","-","-","-","-","-","-","-","-","-","-"
"932","C. Clay","C. Clay","TE","","","","injury-status","BYE","-","-","-","-","-","-","-","-","-","-","-","-"
"933","J. Imatorbhebhe","J. Imatorbhebhe","WR","","","","injury-status","BYE","-","-","-","-","-","-","-","-","-","-","-","-"
"934","T. Black","T. Black","WR","MIA","12","","injury-status","Final W 20-17 vs JAX","-","-","-","-","-","-","-","-","-","-","-","-"
"935","S. Buechele","S. Buechele","QB","BUF","7","","injury-status","Final W 34-28 vs ARI","-","-","-","-","-","-","-","-","-","-","-","-"
"936","D. Stoner","D. Stoner","WR","","","","injury-status","BYE","-","-","-","-","-","-","-","-","-","-","-","-"
"937","T. Ragas","T. Ragas","RB","","","Ques","injury-status questionable","BYE","-","-","-","-","-","-","-","-","-","-","-","-"
"938","M. Bushman","M. Bushman","TE","","","","injury-status","BYE","-","-","-","-","-","-","-","-","-","-","-","-"
"939","G. Groshek","G. Groshek","RB","","","","injury-status","BYE","-","-","-","-","-","-","-","-","-","-","-","-"
"940","R. Lees","R. Lees","WR","","","","injury-status","BYE","-","-","-","-","-","-","-","-","-","-","-","-"
"941","P. Wells","P. Wells","TE","","","","injury-status","BYE","-","-","-","-","-","-","-","-","-","-","-","-"
"942","C. Hill","C. Hill","QB","","","","injury-status","BYE","-","-","-","-","-","-","-","-","-","-","-","-"
"943","J. Raine","J. Raine","TE","","","","injury-status","BYE","-","-","-","-","-","-","-","-","-","-","-","-"
"944","T. Walker","T. Walker","WR","","","","injury-status","BYE","-","-","-","-","-","-","-","-","-","-","-","-"
"945","T. Poljan","T. Poljan","TE","","","","injury-status","BYE","-","-","-","-","-","-","-","-","-","-","-","-"
"946","J. Borregales","J. Borregales","K","","","","injury-status","BYE","-","-","-","-","-","-","-","-","-","-","-","-"
"947","T. Simmons","T. Simmons","WR","","","","injury-status","BYE","-","-","-","-","-","-","-","-","-","-","-","-"
"948","C. Johnson","C. Johnson","WR","","","","injury-status","BYE","-","-","-","-","-","-","-","-","-","-","-","-"
"949","C. Wedington","C. Wedington","WR","","","","injury-status","BYE","-","-","-","-","-","-","-","-","-","-","-","-"
"950","B. Emmons","B. Emmons","RB","","","","injury-status","BYE","-","-","-","-","-","-","-","-","-","-","-","-"
"951","T. Grimes","T. Grimes","WR","","","Ques","injury-status questionable","BYE","-","-","-","-","-","-","-","-","-","-","-","-"
"952","M. Strachan","M. Strachan","WR","","","","injury-status","BYE","-","-","-","-","-","-","-","-","-","-","-","-"
"953","Z. Davidson","Z. Davidson","TE","BUF","7","","injury-status","Final W 34-28 vs ARI","1","-","-","-","1","2","5","-","-","-","-","-"
"954","N. Ralston","N. Ralston","RB","","","","injury-status","BYE","-","-","-","-","-","-","-","-","-","-","-","-"
"955","H. Kampmoyer","H. Kampmoyer","TE","","","","injury-status","BYE","-","-","-","-","-","-","-","-","-","-","-","-"
"956","E. Stove","E. Stove","WR","","","","injury-status","BYE","-","-","-","-","-","-","-","-","-","-","-","-"
"957","A. Kessman","A. Kessman","K","CAR","14","","injury-status","Final L 10-47 @ NO","-","-","-","-","-","-","-","-","-","-","-","-"
"958","C. Tucker","C. Tucker","TE","","","","injury-status","BYE","-","-","-","-","-","-","-","-","-","-","-","-"
"959","A. Rose","A. Rose","RB","","","","injury-status","BYE","-","-","-","-","-","-","-","-","-","-","-","-"
"960","L. Akers","L. Akers","WR","","","","injury-status","BYE","-","-","-","-","-","-","-","-","-","-","-","-"
"961","D. Soehner","D. Soehner","TE","","","Ques","injury-status questionable","BYE","-","-","-","-","-","-","-","-","-","-","-","-"
"962","S. Scott","S. Scott","RB","","","","injury-status","BYE","-","-","-","-","-","-","-","-","-","-","-","-"
"963","B. Moore","B. Moore","TE","","","","injury-status","BYE","-","-","-","-","-","-","-","-","-","-","-","-"
"964","R. Bussey","R. Bussey","WR","","","","injury-status","BYE","-","-","-","-","-","-","-","-","-","-","-","-"
"965","I. McKoy","I. McKoy","WR","","","","injury-status","BYE","-","-","-","-","-","-","-","-","-","-","-","-"
"966","R. Rivers","R. Rivers","QB","","","","injury-status","BYE","-","-","-","-","-","-","-","-","-","-","-","-"
"967","D. Mills","D. Mills","RB","","","","injury-status","BYE","-","-","-","-","-","-","-","-","-","-","-","-"
"968","J. McKinley","J. McKinley","WR","","","","injury-status","BYE","-","-","-","-","-","-","-","-","-","-","-","-"
"969","B. Gaither","B. Gaither","WR","","","","injury-status","BYE","-","-","-","-","-","-","-","-","-","-","-","-"
"970","D. Lewis","D. Lewis","RB","","","","injury-status","BYE","-","-","-","-","-","-","-","-","-","-","-","-"
"971","J. Haydel","J. Haydel","WR","","","","injury-status","BYE","-","-","-","-","-","-","-","-","-","-","-","-"
"972","M. Stokke","M. Stokke","RB","CAR","14","","injury-status","Final L 10-47 @ NO","-","-","-","-","-","-","-","-","-","-","-","-"
"973","S. Brown","S. Brown","RB","","","","injury-status","BYE","-","-","-","-","-","-","-","-","-","-","-","-"
"974","B. Smith","B. Smith","WR","NYJ","9","","injury-status","Final L 19-32 @ SF","-","-","-","-","-","-","-","-","-","-","-","-"
"975","A. Lynn","A. Lynn","TE","","","","injury-status","BYE","-","-","-","-","-","-","-","-","-","-","-","-"
"976","J. Hardy","J. Hardy","RB","","","","injury-status","BYE","-","-","-","-","-","-","-","-","-","-","-","-"
"977","T. Vasher","T. Vasher","WR","","","","injury-status","BYE","-","-","-","-","-","-","-","-","-","-","-","-"
"978","O. Mitchell","O. Mitchell","WR","","","Ques","injury-status questionable","BYE","-","-","-","-","-","-","-","-","-","-","-","-"
"979","N. Eubanks","N. Eubanks","TE","","","","injury-status","BYE","-","-","-","-","-","-","-","-","-","-","-","-"
"980","B. Knox","B. Knox","RB","","","","injury-status","BYE","-","-","-","-","-","-","-","-","-","-","-","-"
"981","B. Haubeil","B. Haubeil","K","","","","injury-status","BYE","-","-","-","-","-","-","-","-","-","-","-","-"
"982","M. Forristall","M. Forristall","TE","","","Ques","injury-status questionable","BYE","-","-","-","-","-","-","-","-","-","-","-","-"
"983","T. Carter","T. Carter","RB","","","","injury-status","BYE","-","-","-","-","-","-","-","-","-","-","-","-"
"984","S. Harrington","S. Harrington","TE","","","","injury-status","BYE","-","-","-","-","-","-","-","-","-","-","-","-"
"985","A. Williams","A. Williams","RB","ATL","5","","injury-status","Final L 10-18 vs PIT","-","-","-","-","-","-","-","-","-","-","-","-"
"986","B. Mason","B. Mason","TE","","","Ques","injury-status questionable","BYE","-","-","-","-","-","-","-","-","-","-","-","-"
"987","C. Evans","C. Evans","RB","CIN","10","","injury-status","Final L 10-16 vs NE","-","-","-","-","-","-","-","-","-","-","-","-"
"988","R. McMath","R. McMath","WR","","","","injury-status","BYE","-","-","-","-","-","-","-","-","-","-","-","-"
"989","J. Camp","J. Camp","WR","","","","injury-status","BYE","-","-","-","-","-","-","-","-","-","-","-","-"
"990","J. Funk","J. Funk","RB","","","","injury-status","BYE","-","-","-","-","-","-","-","-","-","-","-","-"
"991","K. Baker","K. Baker","WR","","","","injury-status","BYE","-","-","-","-","-","-","-","-","-","-","-","-"
"992","D. Milne","D. Milne","WR","CAR","14","","injury-status","Final L 10-47 @ NO","-","-","-","-","-","-","-","-","-","-","-","-"
"993","S. Hauschka","S. Hauschka","K","","","","injury-status","BYE","-","-","-","-","-","-","-","-","-","-","-","-"
"994","A. Trammell","A. Trammell","WR","JAX","8","","injury-status","Final L 17-20 @ MIA","2","-","-","-","2","3","40","-","-","-","-","-"
"995","A. Nunn","A. Nunn","WR","","","","injury-status","BYE","-","-","-","-","-","-","-","-","-","-","-","-"
"996","C. Angeline","C. Angeline","TE","","","","injury-status","BYE","-","-","-","-","-","-","-","-","-","-","-","-"
"997","B. Labelle","B. Labelle","TE","","","Ques","injury-status questionable","BYE","-","-","-","-","-","-","-","-","-","-","-","-"
"998","J. Pederson","J. Pederson","TE","","","Ques","injury-status questionable","BYE","-","-","-","-","-","-","-","-","-","-","-","-"
"999","D. Fitzpatrick","D. Fitzpatrick","WR","LAC","12","Ques","injury-status questionable","Final W 22-10 vs LV","-","-","-","-","-","-","-","-","-","-","-","-"
"1000","J. Darden","J. Darden","WR","SEA","8","","injury-status","Final W 26-20 vs DEN","1","-","-","-","1","1","6","-","-","-","-","-"
"1001","J. Harris","J. Harris","WR","","","","injury-status","BYE","-","-","-","-","-","-","-","-","-","-","-","-"
"1002","C. Williams","C. Williams","TE","","","","injury-status","BYE","-","-","-","-","-","-","-","-","-","-","-","-"
"1003","D. Roberson","D. Roberson","WR","","","","injury-status","BYE","-","-","-","-","-","-","-","-","-","-","-","-"
"1004","S. Reyes","S. Reyes","TE","MIN","6","","injury-status","Final W 28-6 @ NYG","-","-","-","-","-","-","-","-","-","-","-","-"
"1005","M. Sexton","M. Sexton","WR","","","","injury-status","BYE","-","-","-","-","-","-","-","-","-","-","-","-"
"1006","M. Simon","M. Simon","WR","CAR","14","","injury-status","Final L 10-47 @ NO","-","-","-","-","-","-","-","-","-","-","-","-"
"1007","K. Locksley","K. Locksley","WR","","","","injury-status","BYE","-","-","-","-","-","-","-","-","-","-","-","-"
"1008","D. Clark","D. Clark","RB","","","Ques","injury-status questionable","BYE","-","-","-","-","-","-","-","-","-","-","-","-"
"1009","J. Adams","J. Adams","WR","","","","injury-status","BYE","-","-","-","-","-","-","-","-","-","-","-","-"
"1010","D. Felton","D. Felton","RB","","","","injury-status","BYE","-","-","-","-","-","-","-","-","-","-","-","-"
"1011","S. Smith","S. Smith","WR","","","Sus","injury-status sus","BYE","-","-","-","-","-","-","-","-","-","-","-","-"
"1012","R. Moore","R. Moore","WR","ATL","5","IR","injury-status ir","Final L 10-18 vs PIT","-","-","-","-","-","-","-","-","-","-","-","-"
"1013","I. Book","I. Book","QB","PHI","9","","injury-status","Final W 34-29 vs GB","-","-","-","-","-","-","-","-","-","-","-","-"
"1014","D. Newsome","D. Newsome","WR","","","","injury-status","BYE","-","-","-","-","-","-","-","-","-","-","-","-"
"1015","B. Eagles","B. Eagles","WR","","","","injury-status","BYE","-","-","-","-","-","-","-","-","-","-","-","-"
"1016","J. Ausbon","J. Ausbon","WR","","","","injury-status","BYE","-","-","-","-","-","-","-","-","-","-","-","-"
"1017","K. Mond","K. Mond","QB","","","","injury-status","BYE","-","-","-","-","-","-","-","-","-","-","-","-"
"1018","K. McClain","K. McClain","WR","","","","injury-status","BYE","-","-","-","-","-","-","-","-","-","-","-","-"
"1019","A. Watkins","A. Watkins","WR","","","","injury-status","BYE","-","-","-","-","-","-","-","-","-","-","-","-"
"1020","M. Mitchell","M. Mitchell","WR","","","","injury-status","BYE","-","-","-","-","-","-","-","-","-","-","-","-"
"1021","S. Surratt","S. Surratt","TE","","","Ques","injury-status questionable","BYE","-","-","-","-","-","-","-","-","-","-","-","-"
"1022","L. Rountree","L. Rountree","RB","","","","injury-status","BYE","-","-","-","-","-","-","-","-","-","-","-","-"
"1023","D. Hazelton","D. Hazelton","WR","","","","injury-status","BYE","-","-","-","-","-","-","-","-","-","-","-","-"
"1024","K. Hill","K. Hill","RB","","","","injury-status","BYE","-","-","-","-","-","-","-","-","-","-","-","-"
"1025","J. Hawkins","J. Hawkins","RB","","","","injury-status","BYE","-","-","-","-","-","-","-","-","-","-","-","-"
"1026","E. Mitchell","E. Mitchell","RB","SF","14","","injury-status","Final W 32-19 vs NYJ","-","-","-","-","-","-","-","-","-","-","-","-"
"1027","P. Williams","P. Williams","RB","","","","injury-status","BYE","-","-","-","-","-","-","-","-","-","-","-","-"
"1028","W. Philyor","W. Philyor","WR","","","","injury-status","BYE","-","-","-","-","-","-","-","-","-","-","-","-"
"1029","M. Stevenson","M. Stevenson","WR","","","","injury-status","BYE","-","-","-","-","-","-","-","-","-","-","-","-"
"1030","J. Newman","J. Newman","QB","","","","injury-status","BYE","-","-","-","-","-","-","-","-","-","-","-","-"
"1031","T. McKitty","T. McKitty","TE","CLE","9","","injury-status","Final L 17-33 vs DAL","-","-","-","-","-","-","-","-","-","-","-","-"
"1032","B. Proehl","B. Proehl","WR","","","","injury-status","BYE","-","-","-","-","-","-","-","-","-","-","-","-"
"1033","D. Jackson","D. Jackson","RB","","","","injury-status","BYE","-","-","-","-","-","-","-","-","-","-","-","-"
"1034","W. Jackson","W. Jackson","WR","","","Ques","injury-status questionable","BYE","-","-","-","-","-","-","-","-","-","-","-","-"
"1035","C. Marable","C. Marable","RB","","","","injury-status","BYE","-","-","-","-","-","-","-","-","-","-","-","-"
"1036","T. Vaughns","T. Vaughns","WR","","","","injury-status","BYE","-","-","-","-","-","-","-","-","-","-","-","-"
"1037","T. Nixon","T. Nixon","WR","","","","injury-status","BYE","-","-","-","-","-","-","-","-","-","-","-","-"
"1038","M. Williams","M. Williams","WR","","","","injury-status","BYE","-","-","-","-","-","-","-","-","-","-","-","-"
"1039","C. Powell","C. Powell","WR","SEA","8","","injury-status","Final W 26-20 vs DEN","-","-","-","-","-","-","-","-","-","-","-","-"
"1040","A. Rodgers","A. Rodgers","WR","","","","injury-status","BYE","-","-","-","-","-","-","-","-","-","-","-","-"
"1041","G. Doaks","G. Doaks","RB","","","","injury-status","BYE","-","-","-","-","-","-","-","-","-","-","-","-"
"1042","S. Williams","S. Williams","WR","DAL","10","Ques","injury-status questionable","Final W 33-17 @ CLE","-","-","-","-","-","-","-","-","-","-","-","-"
"1043","A. Schwartz","A. Schwartz","WR","MIA","12","Ques","injury-status questionable","Final W 20-17 vs JAX","-","-","-","-","-","-","-","-","-","-","-","-"
"1044","R. Boyd","R. Boyd","RB","","","","injury-status","BYE","-","-","-","-","-","-","-","-","-","-","-","-"
"1045","F. Franks","F. Franks","TE","CAR","14","","injury-status","Final L 10-47 @ NO","3","-","-","-","1","3","12","-","-","-","-","-"
"1046","F. Darby","F. Darby","WR","","","","injury-status","BYE","-","-","-","-","-","-","-","-","-","-","-","-"
"1047","G. Brightwell","G. Brightwell","RB","CIN","10","","injury-status","Final L 10-16 vs NE","-","-","-","-","-","-","-","-","-","-","-","-"
"1048","H. Thedford","H. Thedford","TE","","","","injury-status","BYE","-","-","-","-","-","-","-","-","-","-","-","-"
"1049","C. Blair","C. Blair","WR","ATL","5","","injury-status","Final L 10-18 vs PIT","2","-","-","-","1","2","17","-","-","-","-","-"
"1050","T. Russolino","T. Russolino","K","","","","injury-status","BYE","-","-","-","-","-","-","-","-","-","-","-","-"
"1051","S. Castillo","S. Castillo","K","","","","injury-status","BYE","-","-","-","-","-","-","-","-","-","-","-","-"
"1052","C. Davis","C. Davis","TE","","","","injury-status","BYE","-","-","-","-","-","-","-","-","-","-","-","-"
"1053","D. Dafney","D. Dafney","TE","CAR","14","","injury-status","Final L 10-47 @ NO","-","-","-","-","-","-","-","-","-","-","-","-"
"1054","P. Quessenberry","P. Quessenberry","TE","","","","injury-status","BYE","-","-","-","-","-","-","-","-","-","-","-","-"
"1055","F. Green","F. Green","TE","","","","injury-status","BYE","-","-","-","-","-","-","-","-","-","-","-","-"
"1056","C. Harrell","C. Harrell","TE","","","","injury-status","BYE","-","-","-","-","-","-","-","-","-","-","-","-"
"1057","N. Maxwell","N. Maxwell","RB","","","","injury-status","BYE","-","-","-","-","-","-","-","-","-","-","-","-"
"1058","N. Cottrell","N. Cottrell","RB","","","Ques","injury-status questionable","BYE","-","-","-","-","-","-","-","-","-","-","-","-"
"1059","N. Tiano","N. Tiano","QB","","","","injury-status","BYE","-","-","-","-","-","-","-","-","-","-","-","-"
"1060","C. Slomka","C. Slomka","RB","","","","injury-status","BYE","-","-","-","-","-","-","-","-","-","-","-","-"
"1061","S. Guidry","S. Guidry","WR","","","","injury-status","BYE","-","-","-","-","-","-","-","-","-","-","-","-"
"1062","J. Burt","J. Burt","TE","","","","injury-status","BYE","-","-","-","-","-","-","-","-","-","-","-","-"
"1063","I. Zuber","I. Zuber","WR","","","Ques","injury-status questionable","BYE","-","-","-","-","-","-","-","-","-","-","-","-"
"1064","M. Dereus","M. Dereus","WR","","","","injury-status","BYE","-","-","-","-","-","-","-","-","-","-","-","-"
"1065","J. Hurst","J. Hurst","WR","","","Ques","injury-status questionable","BYE","-","-","-","-","-","-","-","-","-","-","-","-"
"1066","T. Jonsen","T. Jonsen","WR","","","","injury-status","BYE","-","-","-","-","-","-","-","-","-","-","-","-"
"1067","J. Pearson","J. Pearson","WR","","","","injury-status","BYE","-","-","-","-","-","-","-","-","-","-","-","-"
"1068","M. Lynch","M. Lynch","RB","","","","injury-status","BYE","-","-","-","-","-","-","-","-","-","-","-","-"
"1069","T. McCann","T. McCann","K","","","","injury-status","BYE","-","-","-","-","-","-","-","-","-","-","-","-"
"1070","T. Hudson","T. Hudson","TE","","","Ques","injury-status questionable","BYE","-","-","-","-","-","-","-","-","-","-","-","-"
"1071","K. Wilkerson","K. Wilkerson","WR","LV","8","","injury-status","Final L 10-22 @ LAC","9","-","-","-","2","3","18","1","-","-","-","-"
"1072","K. Williams","K. Williams","WR","","","","injury-status","BYE","-","-","-","-","-","-","-","-","-","-","-","-"
"1073","M. Kinsey","M. Kinsey","WR","TEN","10","","injury-status","Final L 17-24 @ CHI","3","-","-","-","2","2","17","-","-","-","-","-"
"1074","C. Scarlett","C. Scarlett","RB","","","","injury-status","BYE","-","-","-","-","-","-","-","-","-","-","-","-"
"1075","T. Mabry","T. Mabry","TE","SEA","8","Ques","injury-status questionable","Final W 26-20 vs DEN","-","-","-","-","-","-","-","-","-","-","-","-"
"1076","S. Dawkins","S. Dawkins","WR","","","","injury-status","BYE","-","-","-","-","-","-","-","-","-","-","-","-"
"1077","P. Carr","P. Carr","RB","","","Ques","injury-status questionable","BYE","-","-","-","-","-","-","-","-","-","-","-","-"
"1078","A. Jones","A. Jones","RB","","","","injury-status","BYE","-","-","-","-","-","-","-","-","-","-","-","-"
"1079","J. Hokit","J. Hokit","RB","","","","injury-status","BYE","-","-","-","-","-","-","-","-","-","-","-","-"
"1080","B. Rutter","B. Rutter","QB","","","","injury-status","BYE","-","-","-","-","-","-","-","-","-","-","-","-"
"1081","J. Johnson","J. Johnson","WR","","","","injury-status","BYE","-","-","-","-","-","-","-","-","-","-","-","-"
"1082","S. Platzgummer","S. Platzgummer","RB","","","","injury-status","BYE","-","-","-","-","-","-","-","-","-","-","-","-"
"1083","I. Wright","I. Wright","WR","","","","injury-status","BYE","-","-","-","-","-","-","-","-","-","-","-","-"
"1084","N. Togiai","N. Togiai","TE","","","","injury-status","BYE","-","-","-","-","-","-","-","-","-","-","-","-"
"1085","K. Tate","K. Tate","WR","","","","injury-status","BYE","-","-","-","-","-","-","-","-","-","-","-","-"
"1086","M. Bailey","M. Bailey","WR","","","","injury-status","BYE","-","-","-","-","-","-","-","-","-","-","-","-"
"1087","P. Houston","P. Houston","TE","","","","injury-status","BYE","-","-","-","-","-","-","-","-","-","-","-","-"
"1088","D. Phelps","D. Phelps","WR","","","","injury-status","BYE","-","-","-","-","-","-","-","-","-","-","-","-"
"1089","R. Medaris","R. Medaris","WR","","","","injury-status","BYE","-","-","-","-","-","-","-","-","-","-","-","-"
"1090","J. Braswell","J. Braswell","WR","","","","injury-status","BYE","-","-","-","-","-","-","-","-","-","-","-","-"
"1091","G. Campbell","G. Campbell","WR","","","","injury-status","BYE","-","-","-","-","-","-","-","-","-","-","-","-"
"1092","R. John","R. John","TE","","","","injury-status","BYE","-","-","-","-","-","-","-","-","-","-","-","-"
"1093","K. Markway","K. Markway","TE","","","","injury-status","BYE","-","-","-","-","-","-","-","-","-","-","-","-"
"1094","C. Cookus","C. Cookus","QB","","","","injury-status","BYE","-","-","-","-","-","-","-","-","-","-","-","-"
"1095","J. Ward","J. Ward","WR","","","","injury-status","BYE","-","-","-","-","-","-","-","-","-","-","-","-"
"1096","S. Riley","S. Riley","WR","","","","injury-status","BYE","-","-","-","-","-","-","-","-","-","-","-","-"
"1097","W. Hastings","W. Hastings","WR","","","","injury-status","BYE","-","-","-","-","-","-","-","-","-","-","-","-"
"1098","N. Griffin-Stewart","N. Griffin-Stewart","TE","","","","injury-status","BYE","-","-","-","-","-","-","-","-","-","-","-","-"
"1099","J. Bargas","J. Bargas","RB","","","","injury-status","BYE","-","-","-","-","-","-","-","-","-","-","-","-"
"1100","M. Cole","M. Cole","WR","","","","injury-status","BYE","-","-","-","-","-","-","-","-","-","-","-","-"
"1101","K. Merritt","K. Merritt","WR","","","","injury-status","BYE","-","-","-","-","-","-","-","-","-","-","-","-"
"1102","B. Polk","B. Polk","WR","","","","injury-status","BYE","-","-","-","-","-","-","-","-","-","-","-","-"
"1103","J. Koski","J. Koski","WR","","","","injury-status","BYE","-","-","-","-","-","-","-","-","-","-","-","-"
"1104","E. Winston","E. Winston","WR","NYJ","9","","injury-status","Final L 19-32 @ SF","-","-","-","-","-","-","-","-","-","-","-","-"
"1105","J. Gilbert","J. Gilbert","RB","","","","injury-status","BYE","-","-","-","-","-","-","-","-","-","-","-","-"
"1106","B. Perkins","B. Perkins","QB","","","","injury-status","BYE","-","-","-","-","-","-","-","-","-","-","-","-"
"1107","E. Edwards","E. Edwards","WR","","","","injury-status","BYE","-","-","-","-","-","-","-","-","-","-","-","-"
"1108","D. Schoen","D. Schoen","WR","","","","injury-status","BYE","-","-","-","-","-","-","-","-","-","-","-","-"
"1109","J. Cotton","J. Cotton","WR","","","Ques","injury-status questionable","BYE","-","-","-","-","-","-","-","-","-","-","-","-"
"1110","G. Nabers","G. Nabers","RB","","","","injury-status","BYE","-","-","-","-","-","-","-","-","-","-","-","-"
"1111","J. Rice","J. Rice","TE","","","","injury-status","BYE","-","-","-","-","-","-","-","-","-","-","-","-"
"1112","D. Bradwell","D. Bradwell","RB","","","","injury-status","BYE","-","-","-","-","-","-","-","-","-","-","-","-"
"1113","B. Holly","B. Holly","RB","","","","injury-status","BYE","-","-","-","-","-","-","-","-","-","-","-","-"
"1114","D. Eberle","D. Eberle","K","","","","injury-status","BYE","-","-","-","-","-","-","-","-","-","-","-","-"
"1115","S. Mariner","S. Mariner","WR","","","","injury-status","BYE","-","-","-","-","-","-","-","-","-","-","-","-"
"1116","N. Bowers","N. Bowers","TE","","","","injury-status","BYE","-","-","-","-","-","-","-","-","-","-","-","-"
"1117","J. Shelton-Mosley","J. Shelton-Mosley","WR","","","","injury-status","BYE","-","-","-","-","-","-","-","-","-","-","-","-"
"1118","B. Wright","B. Wright","P, K","","","","injury-status","BYE","-","-","-","-","-","-","-","-","-","-","-","-"
"1119","B. Ellefson","B. Ellefson","TE","","","","injury-status","BYE","-","-","-","-","-","-","-","-","-","-","-","-"
"1120","J. Hammond","J. Hammond","WR","","","","injury-status","BYE","-","-","-","-","-","-","-","-","-","-","-","-"
"1121","M. Ross","M. Ross","WR","","","","injury-status","BYE","-","-","-","-","-","-","-","-","-","-","-","-"
"1122","D. Harris","D. Harris","WR","","","","injury-status","BYE","-","-","-","-","-","-","-","-","-","-","-","-"
"1123","T. Simmons","T. Simmons","WR","","","","injury-status","BYE","-","-","-","-","-","-","-","-","-","-","-","-"
"1124","D. Stapleton","D. Stapleton","TE","","","","injury-status","BYE","-","-","-","-","-","-","-","-","-","-","-","-"
"1125","J. Jones","J. Jones","RB","","","","injury-status","BYE","-","-","-","-","-","-","-","-","-","-","-","-"
"1126","J. Morton","J. Morton","QB","IND","11","","injury-status","Final L 27-29 vs HOU","-","-","-","-","-","-","-","-","-","-","-","-"
"1127","L. Sellers","L. Sellers","RB","","","","injury-status","BYE","-","-","-","-","-","-","-","-","-","-","-","-"
"1128","N. Wieting","N. Wieting","TE","","","","injury-status","BYE","-","-","-","-","-","-","-","-","-","-","-","-"
"1129","J. Bradley","J. Bradley","WR","","","","injury-status","BYE","-","-","-","-","-","-","-","-","-","-","-","-"
"1130","K. Davidson","K. Davidson","QB","","","","injury-status","BYE","-","-","-","-","-","-","-","-","-","-","-","-"
"1131","S. Washington","S. Washington","WR","BAL","7","","injury-status","Final L 20-27 @ KC","-","-","-","-","-","-","-","-","-","-","-","-"
"1132","D. Whaley","D. Whaley","RB","","","","injury-status","BYE","-","-","-","-","-","-","-","-","-","-","-","-"
"1133","A. Hifo","A. Hifo","WR","","","","injury-status","BYE","-","-","-","-","-","-","-","-","-","-","-","-"
"1134","M. Ffrench","M. Ffrench","WR","","","","injury-status","BYE","-","-","-","-","-","-","-","-","-","-","-","-"
"1135","A. Baccellia","A. Baccellia","WR","ARI","8","","injury-status","Final L 28-34 @ BUF","-","-","-","-","-","-","-","-","-","-","-","-"
"1136","A. Wagner","A. Wagner","WR","","","","injury-status","BYE","-","-","-","-","-","-","-","-","-","-","-","-"
"1137","A. Pierce","A. Pierce","RB","","","","injury-status","BYE","-","-","-","-","-","-","-","-","-","-","-","-"
"1138","C. Sutton","C. Sutton","TE","","","","injury-status","BYE","-","-","-","-","-","-","-","-","-","-","-","-"
"1139","T. Hights","T. Hights","WR","","","","injury-status","BYE","-","-","-","-","-","-","-","-","-","-","-","-"
"1140","G. Ricci","G. Ricci","TE","","","","injury-status","BYE","-","-","-","-","-","-","-","-","-","-","-","-"
"1141","S. Nigh","S. Nigh","RB","","","","injury-status","BYE","-","-","-","-","-","-","-","-","-","-","-","-"
"1142","Z. Manning","Z. Manning","WR","","","","injury-status","BYE","-","-","-","-","-","-","-","-","-","-","-","-"
"1143","K. Hinton","K. Hinton","WR","","","","injury-status","BYE","-","-","-","-","-","-","-","-","-","-","-","-"
"1144","R. Gilliam","R. Gilliam","RB","BUF","7","","injury-status","Final W 34-28 vs ARI","1","3","7","-","-","-","-","-","-","-","-","-"
"1145","A. Williams","A. Williams","RB","","","","injury-status","BYE","-","-","-","-","-","-","-","-","-","-","-","-"
"1146","N. Vogel","N. Vogel","K","","","","injury-status","BYE","-","-","-","-","-","-","-","-","-","-","-","-"
"1147","J. Moore","J. Moore","WR","","","Ques","injury-status questionable","BYE","-","-","-","-","-","-","-","-","-","-","-","-"
"1148","B. Rechsteiner","B. Rechsteiner","RB","","","","injury-status","BYE","-","-","-","-","-","-","-","-","-","-","-","-"
"1149","C. Repp","C. Repp","TE","","","","injury-status","BYE","-","-","-","-","-","-","-","-","-","-","-","-"
"1150","C. Rowland","C. Rowland","WR","","","","injury-status","BYE","-","-","-","-","-","-","-","-","-","-","-","-"
"1151","J. Green","J. Green","WR","","","","injury-status","BYE","-","-","-","-","-","-","-","-","-","-","-","-"
"1152","J. McCleskey","J. McCleskey","WR","","","","injury-status","BYE","-","-","-","-","-","-","-","-","-","-","-","-"
"1153","M. Daniel","M. Daniel","RB","","","","injury-status","BYE","-","-","-","-","-","-","-","-","-","-","-","-"
"1154","R. Becker","R. Becker","TE","","","","injury-status","BYE","-","-","-","-","-","-","-","-","-","-","-","-"
"1155","S. Leatherbury","S. Leatherbury","WR","","","","injury-status","BYE","-","-","-","-","-","-","-","-","-","-","-","-"
"1156","R. Sinnett","R. Sinnett","QB","","","","injury-status","BYE","-","-","-","-","-","-","-","-","-","-","-","-"
"1157","R. Neal","R. Neal","QB","","","","injury-status","BYE","-","-","-","-","-","-","-","-","-","-","-","-"
"1158","J. Love","J. Love","QB","","","","injury-status","BYE","-","-","-","-","-","-","-","-","-","-","-","-"
"1159","J. Smith","J. Smith","QB","","","","injury-status","BYE","-","-","-","-","-","-","-","-","-","-","-","-"
"1160","S. Sloman","S. Sloman","K","","","","injury-status","BYE","-","-","-","-","-","-","-","-","-","-","-","-"
"1161","T. Stevens","T. Stevens","QB","NYG","14","","injury-status","Final L 6-28 vs MIN","-","-","-","-","-","-","-","-","-","-","-","-"
"1162","B. DiNucci","B. DiNucci","QB","NO","11","","injury-status","Final W 47-10 vs CAR","-","-","-","-","-","-","-","-","-","-","-","-"
"1163","F. Swain","F. Swain","WR","","","Ques","injury-status questionable","BYE","-","-","-","-","-","-","-","-","-","-","-","-"
"1164","T. Davis","T. Davis","TE","GB","5","","injury-status","Final L 29-34 @ PHI","-","-","-","-","-","-","-","-","-","-","-","-"
"1165","J. Rohrwasser","J. Rohrwasser","K","","","","injury-status","BYE","-","-","-","-","-","-","-","-","-","-","-","-"
"1166","M. Perry","M. Perry","WR","","","","injury-status","BYE","-","-","-","-","-","-","-","-","-","-","-","-"
"1167","J. Huntley","J. Huntley","RB","","","","injury-status","BYE","-","-","-","-","-","-","-","-","-","-","-","-"
"1168","L. Cager","L. Cager","TE","","","","injury-status","BYE","-","-","-","-","-","-","-","-","-","-","-","-"
"1169","T. Feaster","T. Feaster","RB","ARI","8","","injury-status","Final L 28-34 @ BUF","-","-","-","-","-","-","-","-","-","-","-","-"
"1170","R. Smith","R. Smith","RB","","","","injury-status","BYE","-","-","-","-","-","-","-","-","-","-","-","-"
"1171","D. Dillon","D. Dillon","WR","","","","injury-status","BYE","-","-","-","-","-","-","-","-","-","-","-","-"
"1172","T. Williams","T. Williams","RB","","","","injury-status","BYE","-","-","-","-","-","-","-","-","-","-","-","-"
"1173","A. MacGinnis","A. MacGinnis","K","","","","injury-status","BYE","-","-","-","-","-","-","-","-","-","-","-","-"
"1174","L. Hajrullahu","L. Hajrullahu","K","","","","injury-status","BYE","-","-","-","-","-","-","-","-","-","-","-","-"
"1175","A. Killins","A. Killins","RB","DEN","12","","injury-status","Final L 20-26 @ SEA","-","-","-","-","-","-","-","-","-","-","-","-"
"1176","C. Finke","C. Finke","WR","","","","injury-status","BYE","-","-","-","-","-","-","-","-","-","-","-","-"
"1177","A. Parker","A. Parker","WR","","","","injury-status","BYE","-","-","-","-","-","-","-","-","-","-","-","-"
"1178","X. Jones","X. Jones","RB","","","Ques","injury-status questionable","BYE","-","-","-","-","-","-","-","-","-","-","-","-"
"1179","J. Ward","J. Ward","RB","PIT","5","","injury-status","Final W 18-10 @ ATL","2","5","22","-","-","-","-","-","-","-","-","-"
"1180","J. Hightower","J. Hightower","WR","","","","injury-status","BYE","-","-","-","-","-","-","-","-","-","-","-","-"
"1181","I. Coulter","I. Coulter","WR","","","","injury-status","BYE","-","-","-","-","-","-","-","-","-","-","-","-"
"1182","J. Luton","J. Luton","QB","LV","8","","injury-status","Final L 10-22 @ LAC","-","-","-","-","-","-","-","-","-","-","-","-"
"1183","D. Keene","D. Keene","TE","HOU","6","Ques","injury-status questionable","Final W 29-27 @ IND","-","-","-","-","-","-","-","-","-","-","-","-"
"1184","J. Morgan","J. Morgan","QB","","","","injury-status","BYE","-","-","-","-","-","-","-","-","-","-","-","-"
"1185","O. Bayless","O. Bayless","WR","","","","injury-status","BYE","-","-","-","-","-","-","-","-","-","-","-","-"
"1186","P. Guerriero","P. Guerriero","RB","","","","injury-status","BYE","-","-","-","-","-","-","-","-","-","-","-","-"
"1187","T. Brown","T. Brown","WR","","","","injury-status","BYE","-","-","-","-","-","-","-","-","-","-","-","-"
"1188","J. Thomas","J. Thomas","WR","","","","injury-status","BYE","-","-","-","-","-","-","-","-","-","-","-","-"
"1189","J. Molson","J. Molson","K","","","","injury-status","BYE","-","-","-","-","-","-","-","-","-","-","-","-"
"1190","E. Wolf","E. Wolf","TE","","","","injury-status","BYE","-","-","-","-","-","-","-","-","-","-","-","-"
"1191","D. Evans","D. Evans","RB","CHI","5","Ques","injury-status questionable","Final W 24-17 vs TEN","0","3","3","-","-","-","-","-","-","-","-","-"
"1192","S. Patterson","S. Patterson","QB","","","","injury-status","BYE","-","-","-","-","-","-","-","-","-","-","-","-"
"1193","D. Stewart","D. Stewart","WR","","","","injury-status","BYE","-","-","-","-","-","-","-","-","-","-","-","-"
"1194","S. Olonilua","S. Olonilua","RB","","","Ques","injury-status questionable","BYE","-","-","-","-","-","-","-","-","-","-","-","-"
"1195","B. LeMay","B. LeMay","RB","CLE","9","","injury-status","Final L 17-33 vs DAL","-","-","-","-","-","-","-","-","-","-","-","-"
"1196","C. White","C. White","WR","SEA","8","","injury-status","Final W 26-20 vs DEN","5","-","-","-","2","3","44","-","-","-","-","-"
"1197","D. Anderson","D. Anderson","RB","","","","injury-status","BYE","-","-","-","-","-","-","-","-","-","-","-","-"
"1198","K. Rogers","K. Rogers","WR","","","","injury-status","BYE","-","-","-","-","-","-","-","-","-","-","-","-"
"1199","T. Cleveland","T. Cleveland","WR","","","","injury-status","BYE","-","-","-","-","-","-","-","-","-","-","-","-"
"1200","J. Breeland","J. Breeland","TE","","","","injury-status","BYE","-","-","-","-","-","-","-","-","-","-","-","-"
"1201","S. Montez","S. Montez","QB","","","","injury-status","BYE","-","-","-","-","-","-","-","-","-","-","-","-"
"1202","T. Jackson","T. Jackson","WR","MIN","6","IR","injury-status ir","Final W 28-6 @ NYG","-","-","-","-","-","-","-","-","-","-","-","-"
"1203","B. Lewerke","B. Lewerke","QB","","","","injury-status","BYE","-","-","-","-","-","-","-","-","-","-","-","-"
"1204","S. Phillips","S. Phillips","RB","","","","injury-status","BYE","-","-","-","-","-","-","-","-","-","-","-","-"
"1205","B. Herrien","B. Herrien","RB","","","","injury-status","BYE","-","-","-","-","-","-","-","-","-","-","-","-"
"1206","D. Wood-Anderson","D. Wood-Anderson","TE","","","","injury-status","BYE","-","-","-","-","-","-","-","-","-","-","-","-"
"1207","M. Warren","M. Warren","RB","DET","8","","injury-status","Final W 26-20 vs LAR","-","-","-","-","-","-","-","-","-","-","-","-"
"1208","M. Callaway","M. Callaway","WR","TB","9","","injury-status","Final W 37-20 vs WAS","-","-","-","-","-","-","-","-","-","-","-","-"
"1209","R. Calais","R. Calais","RB","","","","injury-status","BYE","-","-","-","-","-","-","-","-","-","-","-","-"
"1210","D. Patmon","D. Patmon","WR","","","","injury-status","BYE","-","-","-","-","-","-","-","-","-","-","-","-"
"1211","T. Jones","T. Jones","RB","ARI","8","","injury-status","Final L 28-34 @ BUF","12","4","55","1","-","-","-","-","-","-","-","-"
"1212","C. O'Grady","C. O'Grady","TE","","","","injury-status","BYE","-","-","-","-","-","-","-","-","-","-","-","-"
"1213","S. Sullivan","S. Sullivan","TE","CAR","14","Out","injury-status out","Final L 10-47 @ NO","-","-","-","-","-","1","-","-","-","-","-","-"
"1214","A. Fuller","A. Fuller","WR","","","","injury-status","BYE","-","-","-","-","-","-","-","-","-","-","-","-"
"1215","J. Leake","J. Leake","RB","","","","injury-status","BYE","-","-","-","-","-","-","-","-","-","-","-","-"
"1216","S. McKeon","S. McKeon","TE","IND","11","","injury-status","Final L 27-29 vs HOU","-","-","-","-","-","-","-","-","-","-","-","-"
"1217","L. Bellamy","L. Bellamy","RB","","","","injury-status","BYE","-","-","-","-","-","-","-","-","-","-","-","-"
"1218","J. Proche","J. Proche","WR","CLE","9","","injury-status","Final L 17-33 vs DAL","1","-","-","-","3","3","21","-","-","-","-","-"
"1219","D. Asiasi","D. Asiasi","TE","","","","injury-status","BYE","-","-","-","-","-","-","-","-","-","-","-","-"
"1220","J. Robinson","J. Robinson","RB","","","","injury-status","BYE","-","-","-","-","-","-","-","-","-","-","-","-"
"1221","C. McDonald","C. McDonald","QB","","","","injury-status","BYE","-","-","-","-","-","-","-","-","-","-","-","-"
"1222","E. Benjamin","E. Benjamin","RB","","","","injury-status","BYE","-","-","-","-","-","-","-","-","-","-","-","-"
"1223","T. Ginn","T. Ginn","WR","","","","injury-status","BYE","-","-","-","-","-","-","-","-","-","-","-","-"
"1224","B. Victor","B. Victor","WR","","","","injury-status","BYE","-","-","-","-","-","-","-","-","-","-","-","-"
"1225","C. Taumoepeau","C. Taumoepeau","TE","","","","injury-status","BYE","-","-","-","-","-","-","-","-","-","-","-","-"
"1226","B. Hopkins","B. Hopkins","TE","","","","injury-status","BYE","-","-","-","-","-","-","-","-","-","-","-","-"
"1227","T. Moss","T. Moss","TE","","","","injury-status","BYE","-","-","-","-","-","-","-","-","-","-","-","-"
"1228","J. Reed","J. Reed","WR","","","Ques","injury-status questionable","BYE","-","-","-","-","-","-","-","-","-","-","-","-"
"1229","L. Bowden","L. Bowden","WR","","","","injury-status","BYE","-","-","-","-","-","-","-","-","-","-","-","-"
"1230","A. Gandy-Golden","A. Gandy-Golden","TE","","","","injury-status","BYE","-","-","-","-","-","-","-","-","-","-","-","-"
"1231","A. Gordon","A. Gordon","QB","","","","injury-status","BYE","-","-","-","-","-","-","-","-","-","-","-","-"
"1232","Q. Cephus","Q. Cephus","WR","LAR","8","","injury-status","Final L 20-26 @ DET","-","-","-","-","-","-","-","-","-","-","-","-"
"1233","M. Wilcox","M. Wilcox","TE","NE","14","","injury-status","Final W 16-10 @ CIN","-","-","-","-","-","-","-","-","-","-","-","-"
"1234","N. Stanley","N. Stanley","QB","","","","injury-status","BYE","-","-","-","-","-","-","-","-","-","-","-","-"
"1235","Q. Davis","Q. Davis","WR","","","Ques","injury-status questionable","BYE","-","-","-","-","-","-","-","-","-","-","-","-"
"1236","A. McFarland","A. McFarland","RB","","","","injury-status","BYE","-","-","-","-","-","-","-","-","-","-","-","-"
"1237","A. Mack","A. Mack","WR","","","","injury-status","BYE","-","-","-","-","-","-","-","-","-","-","-","-"
"1238","B. Edwards","B. Edwards","WR","","","","injury-status","BYE","-","-","-","-","-","-","-","-","-","-","-","-"
"1239","K. Hill","K. Hill","WR","LAC","12","","injury-status","Final W 22-10 vs LV","-","-","-","-","-","-","-","-","-","-","-","-"
"1240","C. Johnson","C. Johnson","WR","CHI","5","","injury-status","Final W 24-17 vs TEN","1","-","-","-","1","2","6","-","-","-","-","-"
"1241","D. Mims","D. Mims","WR","","","","injury-status","BYE","-","-","-","-","-","-","-","-","-","-","-","-"
"1242","H. Bryant","H. Bryant","TE","","","Ques","injury-status questionable","BYE","-","-","-","-","-","-","-","-","-","-","-","-"
"1243","A. Okwuegbunam","A. Okwuegbunam","TE","IND","11","","injury-status","Final L 27-29 vs HOU","-","-","-","-","-","-","-","-","-","-","-","-"
"1244","J. Pinkney","J. Pinkney","TE","","","Ques","injury-status questionable","BYE","-","-","-","-","-","-","-","-","-","-","-","-"
"1245","K. Lipscomb","K. Lipscomb","WR","","","","injury-status","BYE","-","-","-","-","-","-","-","-","-","-","-","-"
"1246","A. Dillon","A. Dillon","RB","GB","5","","injury-status","Final L 29-34 @ PHI","-","-","-","-","-","-","-","-","-","-","-","-"
"1247","J. Eason","J. Eason","QB","","","","injury-status","BYE","-","-","-","-","-","-","-","-","-","-","-","-"
"1248","J. Fromm","J. Fromm","QB","DET","8","","injury-status","Final W 26-20 vs LAR","-","-","-","-","-","-","-","-","-","-","-","-"
"1249","H. Ruggs","H. Ruggs","WR","","","","injury-status","BYE","-","-","-","-","-","-","-","-","-","-","-","-"
"1250","C. Streveler","C. Streveler","QB","","","","injury-status","BYE","-","-","-","-","-","-","-","-","-","-","-","-"
"1251","R. Begelton","R. Begelton","WR","","","","injury-status","BYE","-","-","-","-","-","-","-","-","-","-","-","-"
"1252","D. Clark","D. Clark","TE","","","","injury-status","BYE","-","-","-","-","-","-","-","-","-","-","-","-"
"1253","L. McCoy","L. McCoy","RB","","","","injury-status","BYE","-","-","-","-","-","-","-","-","-","-","-","-"
"1254","T. Salter","T. Salter","WR","","","NA","injury-status na","BYE","-","-","-","-","-","-","-","-","-","-","-","-"
"1255","D. Gore","D. Gore","RB","","","","injury-status","BYE","-","-","-","-","-","-","-","-","-","-","-","-"
"1256","G. Ward","G. Ward","WR","","","","injury-status","BYE","-","-","-","-","-","-","-","-","-","-","-","-"
"1257","M. Young","M. Young","RB","","","","injury-status","BYE","-","-","-","-","-","-","-","-","-","-","-","-"
"1258","M. Crum","M. Crum","TE","","","","injury-status","BYE","-","-","-","-","-","-","-","-","-","-","-","-"
"1259","J. Ta'amu","J. Ta'amu","QB","","","","injury-status","BYE","-","-","-","-","-","-","-","-","-","-","-","-"
"1260","J. Harris","J. Harris","TE","","","","injury-status","BYE","-","-","-","-","-","-","-","-","-","-","-","-"
"1261","J. Walker","J. Walker","WR","","","","injury-status","BYE","-","-","-","-","-","-","-","-","-","-","-","-"
"1262","V. Testaverde","V. Testaverde","QB","","","","injury-status","BYE","-","-","-","-","-","-","-","-","-","-","-","-"
"1263","J. Way","J. Way","WR","","","","injury-status","BYE","-","-","-","-","-","-","-","-","-","-","-","-"
"1264","M. Simms","M. Simms","WR","","","Ques","injury-status questionable","BYE","-","-","-","-","-","-","-","-","-","-","-","-"
"1265","J. Caldwell","J. Caldwell","RB","","","","injury-status","BYE","-","-","-","-","-","-","-","-","-","-","-","-"
"1266","T. McGowan","T. McGowan","RB","","","","injury-status","BYE","-","-","-","-","-","-","-","-","-","-","-","-"
"1267","F. Trevillion","F. Trevillion","WR","","","","injury-status","BYE","-","-","-","-","-","-","-","-","-","-","-","-"
"1268","M. Sutton","M. Sutton","RB","","","","injury-status","BYE","-","-","-","-","-","-","-","-","-","-","-","-"
"1269","G. Olszewski","G. Olszewski","WR","NYG","14","","injury-status","Final L 6-28 vs MIN","-","-","-","-","-","-","-","-","-","-","-","-"
"1270","F. Allen","F. Allen","WR","","","","injury-status","BYE","-","-","-","-","-","-","-","-","-","-","-","-"
"1271","J. Horn","J. Horn","WR","","","","injury-status","BYE","-","-","-","-","-","-","-","-","-","-","-","-"
"1272","J. Horn","J. Horn","WR","","","","injury-status","BYE","-","-","-","-","-","-","-","-","-","-","-","-"
"1273","J. Greene","J. Greene","WR","","","","injury-status","BYE","-","-","-","-","-","-","-","-","-","-","-","-"
"1274","A. Ouellette","A. Ouellette","RB","","","","injury-status","BYE","-","-","-","-","-","-","-","-","-","-","-","-"
"1275","M. Wright","M. Wright","WR","","","","injury-status","BYE","-","-","-","-","-","-","-","-","-","-","-","-"
"1276","P. Hesse","P. Hesse","TE","","","","injury-status","BYE","-","-","-","-","-","-","-","-","-","-","-","-"
"1277","J. Parker","J. Parker","WR","","","","injury-status","BYE","-","-","-","-","-","-","-","-","-","-","-","-"
"1278","N. Evans","N. Evans","RB","","","","injury-status","BYE","-","-","-","-","-","-","-","-","-","-","-","-"
"1279","B. Watson","B. Watson","TE","","","","injury-status","BYE","-","-","-","-","-","-","-","-","-","-","-","-"
"1280","B. Burt","B. Burt","WR","","","","injury-status","BYE","-","-","-","-","-","-","-","-","-","-","-","-"
"1281","V. Bryant","V. Bryant","WR","","","","injury-status","BYE","-","-","-","-","-","-","-","-","-","-","-","-"
"1282","I. Zico","I. Zico","WR","","","","injury-status","BYE","-","-","-","-","-","-","-","-","-","-","-","-"
"1283","C. Hatfield","C. Hatfield","K","","","","injury-status","BYE","-","-","-","-","-","-","-","-","-","-","-","-"
"1284","J. Baron","J. Baron","K","","","","injury-status","BYE","-","-","-","-","-","-","-","-","-","-","-","-"
"1285","I. Searight","I. Searight","TE","","","","injury-status","BYE","-","-","-","-","-","-","-","-","-","-","-","-"
"1286","A. Lindsey","A. Lindsey","WR","","","","injury-status","BYE","-","-","-","-","-","-","-","-","-","-","-","-"
"1287","N. Fitzgerald","N. Fitzgerald","QB","","","","injury-status","BYE","-","-","-","-","-","-","-","-","-","-","-","-"
"1288","C. Simpson","C. Simpson","WR","","","","injury-status","BYE","-","-","-","-","-","-","-","-","-","-","-","-"
"1289","J. McClendon","J. McClendon","QB","","","","injury-status","BYE","-","-","-","-","-","-","-","-","-","-","-","-"
"1290","D. Hodges","D. Hodges","QB","","","","injury-status","BYE","-","-","-","-","-","-","-","-","-","-","-","-"
"1291","S. Schnell","S. Schnell","WR","","","","injury-status","BYE","-","-","-","-","-","-","-","-","-","-","-","-"
"1292","D. Strickland","D. Strickland","RB","","","","injury-status","BYE","-","-","-","-","-","-","-","-","-","-","-","-"
"1293","C. Jones","C. Jones","TE","","","","injury-status","BYE","-","-","-","-","-","-","-","-","-","-","-","-"
"1294","M. Colubiale","M. Colubiale","TE","","","","injury-status","BYE","-","-","-","-","-","-","-","-","-","-","-","-"
"1295","T. Kennedy","T. Kennedy","WR","DET","8","","injury-status","Final W 26-20 vs LAR","-","-","-","-","-","1","-","-","-","-","-","-"
"1296","M. Stephens","M. Stephens","TE","","","","injury-status","BYE","-","-","-","-","-","-","-","-","-","-","-","-"
"1297","T. Brooks-James","T. Brooks-James","RB","","","","injury-status","BYE","-","-","-","-","-","-","-","-","-","-","-","-"
"1298","M. Nugent","M. Nugent","K","","","","injury-status","BYE","-","-","-","-","-","-","-","-","-","-","-","-"
"1299","J. Smith","J. Smith","WR","","","Ques","injury-status questionable","BYE","-","-","-","-","-","-","-","-","-","-","-","-"
"1300","S. Poindexter","S. Poindexter","WR","","","","injury-status","BYE","-","-","-","-","-","-","-","-","-","-","-","-"
"1301","A. Walter","A. Walter","RB","","","Ques","injury-status questionable","BYE","-","-","-","-","-","-","-","-","-","-","-","-"
"1302","M. Henry","M. Henry","WR","","","","injury-status","BYE","-","-","-","-","-","-","-","-","-","-","-","-"
"1303","D. Willis","D. Willis","WR","","","","injury-status","BYE","-","-","-","-","-","-","-","-","-","-","-","-"
"1304","M. Marshall","M. Marshall","RB","","","","injury-status","BYE","-","-","-","-","-","-","-","-","-","-","-","-"
"1305","D. Thompkins","D. Thompkins","WR","GB","5","Ques","injury-status questionable","Final L 29-34 @ PHI","-","-","-","-","-","-","-","-","-","-","-","-"
"1306","D. Jackson","D. Jackson","RB","","","","injury-status","BYE","-","-","-","-","-","-","-","-","-","-","-","-"
"1307","N. Becker","N. Becker","TE","","","Ques","injury-status questionable","BYE","-","-","-","-","-","-","-","-","-","-","-","-"
"1308","C. Myarick","C. Myarick","TE","","","","injury-status","BYE","-","-","-","-","-","-","-","-","-","-","-","-"
"1309","J. Jordan","J. Jordan","WR","","","","injury-status","BYE","-","-","-","-","-","-","-","-","-","-","-","-"
"1310","T. Linta","T. Linta","QB","","","","injury-status","BYE","-","-","-","-","-","-","-","-","-","-","-","-"
"1311","D. Shepherd","D. Shepherd","WR","","","Ques","injury-status questionable","BYE","-","-","-","-","-","-","-","-","-","-","-","-"
"1312","T. Gray","T. Gray","RB","","","","injury-status","BYE","-","-","-","-","-","-","-","-","-","-","-","-"
"1313","C. Conrad","C. Conrad","TE","","","","injury-status","BYE","-","-","-","-","-","-","-","-","-","-","-","-"
"1314","C. Hedlund","C. Hedlund","K","","","","injury-status","BYE","-","-","-","-","-","-","-","-","-","-","-","-"
"1315","J. Johnson","J. Johnson","TE","","","","injury-status","BYE","-","-","-","-","-","-","-","-","-","-","-","-"
"1316","T. Wright","T. Wright","WR","","","","injury-status","BYE","-","-","-","-","-","-","-","-","-","-","-","-"
"1317","A. Choice","A. Choice","RB","","","","injury-status","BYE","-","-","-","-","-","-","-","-","-","-","-","-"
"1318","M. Deane","M. Deane","TE","","","","injury-status","BYE","-","-","-","-","-","-","-","-","-","-","-","-"
"1319","T. Christion","T. Christion","QB","","","","injury-status","BYE","-","-","-","-","-","-","-","-","-","-","-","-"
"1320","C. Scarff","C. Scarff","TE","","","","injury-status","BYE","-","-","-","-","-","-","-","-","-","-","-","-"
"1321","D. Koppenhaver","D. Koppenhaver","TE","","","","injury-status","BYE","-","-","-","-","-","-","-","-","-","-","-","-"
"1322","M. Eaton","M. Eaton","WR","","","","injury-status","BYE","-","-","-","-","-","-","-","-","-","-","-","-"
"1323","T. Ives","T. Ives","WR","CHI","5","Ques","injury-status questionable","Final W 24-17 vs TEN","-","-","-","-","-","-","-","-","-","-","-","-"
"1324","E. Richardson","E. Richardson","TE","","","","injury-status","BYE","-","-","-","-","-","-","-","-","-","-","-","-"
"1325","C. Herdman","C. Herdman","TE","","","","injury-status","BYE","-","-","-","-","-","-","-","-","-","-","-","-"
"1326","S. Modster","S. Modster","WR","","","","injury-status","BYE","-","-","-","-","-","-","-","-","-","-","-","-"
"1327","S. Carlson","S. Carlson","TE","CHI","5","","injury-status","Final W 24-17 vs TEN","-","-","-","-","-","-","-","-","-","-","-","-"
"1328","D. Blough","D. Blough","QB","","","","injury-status","BYE","-","-","-","-","-","-","-","-","-","-","-","-"
"1329","D. Baker","D. Baker","WR","","","","injury-status","BYE","-","-","-","-","-","-","-","-","-","-","-","-"
"1330","D. Hall","D. Hall","RB","","","","injury-status","BYE","-","-","-","-","-","-","-","-","-","-","-","-"
"1331","J. Hilliman","J. Hilliman","RB","","","","injury-status","BYE","-","-","-","-","-","-","-","-","-","-","-","-"
"1332","E. Dungey","E. Dungey","QB","","","","injury-status","BYE","-","-","-","-","-","-","-","-","-","-","-","-"
"1333","H. Hentges","H. Hentges","TE","","","","injury-status","BYE","-","-","-","-","-","-","-","-","-","-","-","-"
"1334","K. McKnight","K. McKnight","WR","","","","injury-status","BYE","-","-","-","-","-","-","-","-","-","-","-","-"
"1335","G. Aston","G. Aston","RB","","","","injury-status","BYE","-","-","-","-","-","-","-","-","-","-","-","-"
"1336","J. Johnson","J. Johnson","WR","","","","injury-status","BYE","-","-","-","-","-","-","-","-","-","-","-","-"
"1337","G. Tate","G. Tate","WR","","","","injury-status","BYE","-","-","-","-","-","-","-","-","-","-","-","-"
"1338","S. Sims","S. Sims","WR","BAL","7","Ques","injury-status questionable","Final L 20-27 @ KC","-4","1","-","-","-","-","-","-","-","-","-","-"
"1339","T. Rahming","T. Rahming","WR","","","","injury-status","BYE","-","-","-","-","-","-","-","-","-","-","-","-"
"1340","K. Dillon","K. Dillon","TE","","","","injury-status","BYE","-","-","-","-","-","-","-","-","-","-","-","-"
"1341","A. Fort","A. Fort","TE","","","","injury-status","BYE","-","-","-","-","-","-","-","-","-","-","-","-"
"1342","T. Benson","T. Benson","WR","","","","injury-status","BYE","-","-","-","-","-","-","-","-","-","-","-","-"
"1343","R. Guerrier","R. Guerrier","WR","","","","injury-status","BYE","-","-","-","-","-","-","-","-","-","-","-","-"
"1344","J. Lloyd","J. Lloyd","WR","","","","injury-status","BYE","-","-","-","-","-","-","-","-","-","-","-","-"
"1345","K. Brown","K. Brown","TE","","","","injury-status","BYE","-","-","-","-","-","-","-","-","-","-","-","-"
"1346","R. Brooker","R. Brooker","TE","","","","injury-status","BYE","-","-","-","-","-","-","-","-","-","-","-","-"
"1347","N. Webster","N. Webster","WR","CHI","5","","injury-status","Final W 24-17 vs TEN","-","-","-","-","-","-","-","-","-","-","-","-"
"1348","A. Bachman","A. Bachman","WR","LV","8","","injury-status","Final L 10-22 @ LAC","5","-","-","-","3","3","31","-","-","-","-","-"
"1349","M. Colburn","M. Colburn","RB","","","","injury-status","BYE","-","-","-","-","-","-","-","-","-","-","-","-"
"1350","J. Sumpter","J. Sumpter","WR","","","","injury-status","BYE","-","-","-","-","-","-","-","-","-","-","-","-"
"1351","A. Hollins","A. Hollins","WR","","","","injury-status","BYE","-","-","-","-","-","-","-","-","-","-","-","-"
"1352","D. Davis","D. Davis","WR","","","","injury-status","BYE","-","-","-","-","-","-","-","-","-","-","-","-"
"1353","K. Blasingame","K. Blasingame","RB","PHI","9","","injury-status","Final W 34-29 vs GB","-","-","-","-","-","-","-","-","-","-","-","-"
"1354","J. Washington","J. Washington","TE","","","","injury-status","BYE","-","-","-","-","-","-","-","-","-","-","-","-"
"1355","D. Belcher","D. Belcher","TE","","","","injury-status","BYE","-","-","-","-","-","-","-","-","-","-","-","-"
"1356","A. Richardson","A. Richardson","WR","","","","injury-status","BYE","-","-","-","-","-","-","-","-","-","-","-","-"
"1357","X. Turner","X. Turner","RB","","","","injury-status","BYE","-","-","-","-","-","-","-","-","-","-","-","-"
"1358","D. Anderson","D. Anderson","QB","","","","injury-status","BYE","-","-","-","-","-","-","-","-","-","-","-","-"
"1359","D. Jeanpiere","D. Jeanpiere","WR","","","","injury-status","BYE","-","-","-","-","-","-","-","-","-","-","-","-"
"1360","C. Meier","C. Meier","TE","","","","injury-status","BYE","-","-","-","-","-","-","-","-","-","-","-","-"
"1361","P. White","P. White","WR","","","","injury-status","BYE","-","-","-","-","-","-","-","-","-","-","-","-"
"1362","M. Walker","M. Walker","WR","","","Ques","injury-status questionable","BYE","-","-","-","-","-","-","-","-","-","-","-","-"
"1363","D. Snelson","D. Snelson","WR","","","","injury-status","BYE","-","-","-","-","-","-","-","-","-","-","-","-"
"1364","R. Leonard","R. Leonard","WR","","","","injury-status","BYE","-","-","-","-","-","-","-","-","-","-","-","-"
"1365","C. Worton","C. Worton","WR","","","","injury-status","BYE","-","-","-","-","-","-","-","-","-","-","-","-"
"1366","K. Lewis","K. Lewis","WR","","","","injury-status","BYE","-","-","-","-","-","-","-","-","-","-","-","-"
"1367","S. Bane","S. Bane","WR","","","","injury-status","BYE","-","-","-","-","-","-","-","-","-","-","-","-"
"1368","M. Wilkins","M. Wilkins","QB","","","","injury-status","BYE","-","-","-","-","-","-","-","-","-","-","-","-"
"1369","S. Louis","S. Louis","WR","","","","injury-status","BYE","-","-","-","-","-","-","-","-","-","-","-","-"
"1370","D. Crockett","D. Crockett","RB","","","","injury-status","BYE","-","-","-","-","-","-","-","-","-","-","-","-"
"1371","A. Beck","A. Beck","RB","HOU","6","","injury-status","Final W 29-27 @ IND","-","-","-","-","-","2","-","-","-","-","-","-"
"1372","X. Ubosi","X. Ubosi","WR","","","","injury-status","BYE","-","-","-","-","-","-","-","-","-","-","-","-"
"1373","J. Duhart","J. Duhart","WR","","","","injury-status","BYE","-","-","-","-","-","-","-","-","-","-","-","-"
"1374","J. Ellis","J. Ellis","RB","","","","injury-status","BYE","-","-","-","-","-","-","-","-","-","-","-","-"
"1375","J. Dolegala","J. Dolegala","QB","","","","injury-status","BYE","-","-","-","-","-","-","-","-","-","-","-","-"
"1376","P. Laird","P. Laird","RB","","","","injury-status","BYE","-","-","-","-","-","-","-","-","-","-","-","-"
"1377","I. Bunting","I. Bunting","TE","","","Ques","injury-status questionable","BYE","-","-","-","-","-","-","-","-","-","-","-","-"
"1378","C. Cox","C. Cox","RB","","","","injury-status","BYE","-","-","-","-","-","-","-","-","-","-","-","-"
"1379","C. Gillaspia","C. Gillaspia","RB","","","Ques","injury-status questionable","BYE","-","-","-","-","-","-","-","-","-","-","-","-"
"1380","M. Green","M. Green","WR","","","","injury-status","BYE","-","-","-","-","-","-","-","-","-","-","-","-"
"1381","B. Dillon","B. Dillon","TE","","","Ques","injury-status questionable","BYE","-","-","-","-","-","-","-","-","-","-","-","-"
"1382","A. Roberts","A. Roberts","WR","","","","injury-status","BYE","-","-","-","-","-","-","-","-","-","-","-","-"
"1383","K. Shurmur","K. Shurmur","QB","","","","injury-status","BYE","-","-","-","-","-","-","-","-","-","-","-","-"
"1384","T. Wood","T. Wood","TE","","","","injury-status","BYE","-","-","-","-","-","-","-","-","-","-","-","-"
"1385","R. White","R. White","WR","","","","injury-status","BYE","-","-","-","-","-","-","-","-","-","-","-","-"
"1386","J. Powell","J. Powell","TE","","","","injury-status","BYE","-","-","-","-","-","-","-","-","-","-","-","-"
"1387","D. Holland","D. Holland","RB","","","","injury-status","BYE","-","-","-","-","-","-","-","-","-","-","-","-"
"1388","T. Thompson","T. Thompson","WR","","","","injury-status","BYE","-","-","-","-","-","-","-","-","-","-","-","-"
"1389","J. Moore","J. Moore","WR","","","","injury-status","BYE","-","-","-","-","-","-","-","-","-","-","-","-"
"1390","J. Cox","J. Cox","RB","","","","injury-status","BYE","-","-","-","-","-","-","-","-","-","-","-","-"
"1391","M. Taylor","M. Taylor","WR","NYJ","9","","injury-status","Final L 19-32 @ SF","-","-","-","-","-","-","-","-","-","-","-","-"
"1392","T. Mayfield","T. Mayfield","TE","","","","injury-status","BYE","-","-","-","-","-","-","-","-","-","-","-","-"
"1393","W. Speight","W. Speight","QB","","","","injury-status","BYE","-","-","-","-","-","-","-","-","-","-","-","-"
"1394","T. McMillian","T. McMillian","RB","","","","injury-status","BYE","-","-","-","-","-","-","-","-","-","-","-","-"
"1395","M. Sokol","M. Sokol","TE","PIT","5","","injury-status","Final W 18-10 @ ATL","-","-","-","-","-","-","-","-","-","-","-","-"
"1396","J. Lovett","J. Lovett","RB","","","Ques","injury-status questionable","BYE","-","-","-","-","-","-","-","-","-","-","-","-"
"1397","N. Easley","N. Easley","WR","","","","injury-status","BYE","-","-","-","-","-","-","-","-","-","-","-","-"
"1398","J. Winfree","J. Winfree","WR","IND","11","Ques","injury-status questionable","Final L 27-29 vs HOU","-","-","-","-","-","-","-","-","-","-","-","-"
"1399","I. Hyman","I. Hyman","WR","","","Ques","injury-status questionable","BYE","-","-","-","-","-","-","-","-","-","-","-","-"
"1400","E. Fry","E. Fry","K","","","","injury-status","BYE","-","-","-","-","-","-","-","-","-","-","-","-"
"1401","B. Silvers","B. Silvers","QB","","","","injury-status","BYE","-","-","-","-","-","-","-","-","-","-","-","-"
"1402","V. Holmes","V. Holmes","RB","","","","injury-status","BYE","-","-","-","-","-","-","-","-","-","-","-","-"
"1403","J. Johnson","J. Johnson","RB","","","","injury-status","BYE","-","-","-","-","-","-","-","-","-","-","-","-"
"1404","C. Wade","C. Wade","RB","","","","injury-status","BYE","-","-","-","-","-","-","-","-","-","-","-","-"
"1405","D. Sheehy-Guiseppi","D. Sheehy-Guiseppi","WR","","","","injury-status","BYE","-","-","-","-","-","-","-","-","-","-","-","-"
"1406","C. Murphy","C. Murphy","K","","","","injury-status","BYE","-","-","-","-","-","-","-","-","-","-","-","-"
"1407","C. Blewitt","C. Blewitt","K","","","","injury-status","BYE","-","-","-","-","-","-","-","-","-","-","-","-"
"1408","S. Smith","S. Smith","RB","","","","injury-status","BYE","-","-","-","-","-","-","-","-","-","-","-","-"
"1409","A. Ware","A. Ware","RB","","","","injury-status","BYE","-","-","-","-","-","-","-","-","-","-","-","-"
"1410","T. Wesco","T. Wesco","TE","","","","injury-status","BYE","-","-","-","-","-","-","-","-","-","-","-","-"
"1411","D. Thompson","D. Thompson","RB","","","","injury-status","BYE","-","-","-","-","-","-","-","-","-","-","-","-"
"1412","K. Whyte","K. Whyte","RB","GB","5","","injury-status","Final L 29-34 @ PHI","-","-","-","-","-","-","-","-","-","-","-","-"
"1413","J. Ursua","J. Ursua","WR","","","","injury-status","BYE","-","-","-","-","-","-","-","-","-","-","-","-"
"1414","J. Scarlett","J. Scarlett","RB","MIA","12","","injury-status","Final W 20-17 vs JAX","-","-","-","-","-","-","-","-","-","-","-","-"
"1415","A. Wesley","A. Wesley","WR","","","","injury-status","BYE","-","-","-","-","-","-","-","-","-","-","-","-"
"1416","K. Warring","K. Warring","TE","","","","injury-status","BYE","-","-","-","-","-","-","-","-","-","-","-","-"
"1417","A. Wesley","A. Wesley","WR","","","","injury-status","BYE","-","-","-","-","-","-","-","-","-","-","-","-"
"1418","L. Scott","L. Scott","RB","","","","injury-status","BYE","-","-","-","-","-","-","-","-","-","-","-","-"
"1419","J. Graham","J. Graham","TE","","","","injury-status","BYE","-","-","-","-","-","-","-","-","-","-","-","-"
"1420","M. Weber","M. Weber","RB","","","","injury-status","BYE","-","-","-","-","-","-","-","-","-","-","-","-"
"1421","B. Snell","B. Snell","RB","","","","injury-status","BYE","-","-","-","-","-","-","-","-","-","-","-","-"
"1422","J. Smith","J. Smith","WR","","","","injury-status","BYE","-","-","-","-","-","-","-","-","-","-","-","-"
"1423","D. Sills","D. Sills","WR","DEN","12","","injury-status","Final L 20-26 @ SEA","-","-","-","-","-","-","-","-","-","-","-","-"
"1424","D. Williams","D. Williams","RB","","","","injury-status","BYE","-","-","-","-","-","-","-","-","-","-","-","-"
"1425","P. Williams","P. Williams","WR","","","","injury-status","BYE","-","-","-","-","-","-","-","-","-","-","-","-"
"1426","C. Thorson","C. Thorson","QB","NYG","14","","injury-status","Final L 6-28 vs MIN","-","-","-","-","-","-","-","-","-","-","-","-"
"1427","K. Smith","K. Smith","TE","","","","injury-status","BYE","-","-","-","-","-","-","-","-","-","-","-","-"
"1428","C. Wilson","C. Wilson","TE","","","","injury-status","BYE","-","-","-","-","-","-","-","-","-","-","-","-"
"1429","J. Sternberger","J. Sternberger","TE","","","","injury-status","BYE","-","-","-","-","-","-","-","-","-","-","-","-"
"1430","T. Sweeney","T. Sweeney","TE","CHI","5","Out","injury-status out","Final W 24-17 vs TEN","-","-","-","-","-","-","-","-","-","-","-","-"
"1431","W. Hills","W. Hills","RB","","","","injury-status","BYE","-","-","-","-","-","-","-","-","-","-","-","-"
"1432","A. Ingold","A. Ingold","RB","MIA","12","","injury-status","Final W 20-17 vs JAX","19","10","17","1","11","12","96","-","-","-","-","-"
"1433","J. Patrick","J. Patrick","RB","","","","injury-status","BYE","-","-","-","-","-","-","-","-","-","-","-","-"
"1434","E. Butler","E. Butler","WR","","","","injury-status","BYE","-","-","-","-","-","-","-","-","-","-","-","-"
"1435","J. Custis","J. Custis","WR","","","","injury-status","BYE","-","-","-","-","-","-","-","-","-","-","-","-"
"1436","D. Helm","D. Helm","TE","","","","injury-status","BYE","-","-","-","-","-","-","-","-","-","-","-","-"
"1437","B. Johnson","B. Johnson","WR","","","Ques","injury-status questionable","BYE","-","-","-","-","-","-","-","-","-","-","-","-"
"1438","K. Blanton","K. Blanton","TE","","","","injury-status","BYE","-","-","-","-","-","-","-","-","-","-","-","-"
"1439","J. Horsted","J. Horsted","TE","","","","injury-status","BYE","-","-","-","-","-","-","-","-","-","-","-","-"
"1440","B. Anderson","B. Anderson","RB","","","","injury-status","BYE","-","-","-","-","-","-","-","-","-","-","-","-"
"1441","S. Morgan","S. Morgan","WR","TEN","10","","injury-status","Final L 17-24 @ CHI","-","-","-","-","-","-","-","-","-","-","-","-"
"1442","D. Ozigbo","D. Ozigbo","RB","","","","injury-status","BYE","-","-","-","-","-","-","-","-","-","-","-","-"
"1443","T. Billy-Johnson","T. Billy-Johnson","WR","","","","injury-status","BYE","-","-","-","-","-","-","-","-","-","-","-","-"
"1444","J. Webb","J. Webb","QB","","","","injury-status","BYE","-","-","-","-","-","-","-","-","-","-","-","-"
"1445","T. Fulgham","T. Fulgham","WR","","","","injury-status","BYE","-","-","-","-","-","-","-","-","-","-","-","-"
"1446","T. Brady","T. Brady","WR","","","","injury-status","BYE","-","-","-","-","-","-","-","-","-","-","-","-"
"1447","D. Mitchell","D. Mitchell","WR","","","","injury-status","BYE","-","-","-","-","-","-","-","-","-","-","-","-"
"1448","G. Jennings","G. Jennings","WR","","","","injury-status","BYE","-","-","-","-","-","-","-","-","-","-","-","-"
"1449","T. Jackson","T. Jackson","TE","WAS","12","IR","injury-status ir","Final L 20-37 @ TB","-","-","-","-","-","-","-","-","-","-","-","-"
"1450","B. Rypien","B. Rypien","QB","MIN","10","","injury-status","Final W 28-6 @ NYG","-","-","-","-","-","-","-","-","-","-","-","-"
"1451","R. Davis","R. Davis","WR","","","","injury-status","BYE","-","-","-","-","-","-","-","-","-","-","-","-"
"1452","K. Doss","K. Doss","WR","","","Ques","injury-status questionable","BYE","-","-","-","-","-","-","-","-","-","-","-","-"
"1453","A. Barnes","A. Barnes","RB","","","","injury-status","BYE","-","-","-","-","-","-","-","-","-","-","-","-"
"1454","N. Brossette","N. Brossette","RB","","","","injury-status","BYE","-","-","-","-","-","-","-","-","-","-","-","-"
"1455","J. Dixon","J. Dixon","WR","","","","injury-status","BYE","-","-","-","-","-","-","-","-","-","-","-","-"
"1456","Z. Gentry","Z. Gentry","TE","","","","injury-status","BYE","-","-","-","-","-","-","-","-","-","-","-","-"
"1457","D. Lodge","D. Lodge","WR","","","","injury-status","BYE","-","-","-","-","-","-","-","-","-","-","-","-"
"1458","D. Raymond","D. Raymond","TE","PIT","5","","injury-status","Final W 18-10 @ ATL","-","-","-","-","-","-","-","-","-","-","-","-"
"1459","R. Armstead","R. Armstead","RB","","","","injury-status","BYE","-","-","-","-","-","-","-","-","-","-","-","-"
"1460","Q. Ollison","Q. Ollison","RB","","","","injury-status","BYE","-","-","-","-","-","-","-","-","-","-","-","-"
"1461","J. Ferguson","J. Ferguson","WR","","","","injury-status","BYE","-","-","-","-","-","-","-","-","-","-","-","-"
"1462","A. Ratliff-Williams","A. Ratliff-Williams","WR","","","","injury-status","BYE","-","-","-","-","-","-","-","-","-","-","-","-"
"1463","T. Godwin","T. Godwin","WR","","","","injury-status","BYE","-","-","-","-","-","-","-","-","-","-","-","-"
"1464","K. Higdon","K. Higdon","RB","","","","injury-status","BYE","-","-","-","-","-","-","-","-","-","-","-","-"
"1465","A. Mack","A. Mack","TE","","","Ques","injury-status questionable","BYE","-","-","-","-","-","-","-","-","-","-","-","-"
"1466","T. McSorley","T. McSorley","QB","","","","injury-status","BYE","-","-","-","-","-","-","-","-","-","-","-","-"
"1467","M. Boykin","M. Boykin","WR","SEA","8","","injury-status","Final W 26-20 vs DEN","-","-","-","-","-","-","-","-","-","-","-","-"
"1468","K. Johnson","K. Johnson","WR","","","","injury-status","BYE","-","-","-","-","-","-","-","-","-","-","-","-"
"1469","J. Moore","J. Moore","RB","","","","injury-status","BYE","-","-","-","-","-","-","-","-","-","-","-","-"
"1470","I. Nauta","I. Nauta","TE","GB","5","Ques","injury-status questionable","Final L 29-34 @ PHI","-","-","-","-","-","-","-","-","-","-","-","-"
"1471","N. Murray","N. Murray","WR","","","","injury-status","BYE","-","-","-","-","-","-","-","-","-","-","-","-"
"1472","F. Davis","F. Davis","WR","","","","injury-status","BYE","-","-","-","-","-","-","-","-","-","-","-","-"
"1473","A. Johnson","A. Johnson","WR","","","","injury-status","BYE","-","-","-","-","-","-","-","-","-","-","-","-"
"1474","E. Hall","E. Hall","WR","","","Ques","injury-status questionable","BYE","-","-","-","-","-","-","-","-","-","-","-","-"
"1475","E. Holyfield","E. Holyfield","RB","","","","injury-status","BYE","-","-","-","-","-","-","-","-","-","-","-","-"
"1476","R. Anderson","R. Anderson","RB","","","","injury-status","BYE","-","-","-","-","-","-","-","-","-","-","-","-"
"1477","A. Isabella","A. Isabella","WR","","","Ques","injury-status questionable","BYE","-","-","-","-","-","-","-","-","-","-","-","-"
"1478","J. Hurd","J. Hurd","WR","","","","injury-status","BYE","-","-","-","-","-","-","-","-","-","-","-","-"
"1479","W. Grier","W. Grier","QB","DAL","10","","injury-status","Final W 33-17 @ CLE","-","-","-","-","-","-","-","-","-","-","-","-"
"1480","P. Hart","P. Hart","WR","","","Ques","injury-status questionable","BYE","-","-","-","-","-","-","-","-","-","-","-","-"
"1481","D. Harris","D. Harris","RB","","","","injury-status","BYE","-","-","-","-","-","-","-","-","-","-","-","-"
"1482","B. Love","B. Love","RB","","","Ques","injury-status questionable","BYE","-","-","-","-","-","-","-","-","-","-","-","-"
"1483","H. Butler","H. Butler","TE","","","","injury-status","BYE","-","-","-","-","-","-","-","-","-","-","-","-"
"1484","R. Finley","R. Finley","QB","","","","injury-status","BYE","-","-","-","-","-","-","-","-","-","-","-","-"
"1485","K. Harmon","K. Harmon","WR","DAL","10","","injury-status","Final W 33-17 @ CLE","-","-","-","-","-","-","-","-","-","-","-","-"
"1486","N. Harry","N. Harry","TE","","","","injury-status","BYE","-","-","-","-","-","-","-","-","-","-","-","-"
"1487","R. Ridley","R. Ridley","WR","","","","injury-status","BYE","-","-","-","-","-","-","-","-","-","-","-","-"
"1488","L. Paulsen","L. Paulsen","TE","","","","injury-status","BYE","-","-","-","-","-","-","-","-","-","-","-","-"
"1489","J. Arcega-Whiteside","J. Arcega-Whiteside","TE","","","","injury-status","BYE","-","-","-","-","-","-","-","-","-","-","-","-"
"1490","P. Andersen","P. Andersen","K","","","","injury-status","BYE","-","-","-","-","-","-","-","-","-","-","-","-"
"1491","R. Jones","R. Jones","K","","","","injury-status","BYE","-","-","-","-","-","-","-","-","-","-","-","-"
"1492","B. Mitchell","B. Mitchell","WR","","","","injury-status","BYE","-","-","-","-","-","-","-","-","-","-","-","-"
"1493","D. Spencer","D. Spencer","WR","","","","injury-status","BYE","-","-","-","-","-","-","-","-","-","-","-","-"
"1494","J. Gardner","J. Gardner","RB","","","","injury-status","BYE","-","-","-","-","-","-","-","-","-","-","-","-"
"1495","C. Jessop","C. Jessop","QB","","","","injury-status","BYE","-","-","-","-","-","-","-","-","-","-","-","-"
"1496","J. Wolford","J. Wolford","QB","JAX","8","","injury-status","Final L 17-20 @ MIA","-","-","-","-","-","-","-","-","-","-","-","-"
"1497","J. Williams","J. Williams","WR","","","","injury-status","BYE","-","-","-","-","-","-","-","-","-","-","-","-"
"1498","K. McCrary","K. McCrary","RB","","","","injury-status","BYE","-","-","-","-","-","-","-","-","-","-","-","-"
"1499","J. Stockton","J. Stockton","RB","","","","injury-status","BYE","-","-","-","-","-","-","-","-","-","-","-","-"
"1500","D. Prince","D. Prince","WR","","","","injury-status","BYE","-","-","-","-","-","-","-","-","-","-","-","-"
"1501","D. Carrington","D. Carrington","WR","","","NA","injury-status na","BYE","-","-","-","-","-","-","-","-","-","-","-","-"
"1502","A. Wolf","A. Wolf","WR","","","","injury-status","BYE","-","-","-","-","-","-","-","-","-","-","-","-"
"1503","G. Holmes","G. Holmes","RB","","","","injury-status","BYE","-","-","-","-","-","-","-","-","-","-","-","-"
"1504","B. Bobo","B. Bobo","WR","","","","injury-status","BYE","-","-","-","-","-","-","-","-","-","-","-","-"
"1505","M. Peterson","M. Peterson","WR","","","","injury-status","BYE","-","-","-","-","-","-","-","-","-","-","-","-"
"1506","J. Butler","J. Butler","RB","","","","injury-status","BYE","-","-","-","-","-","-","-","-","-","-","-","-"
"1507","M. Turner","M. Turner","WR","","","","injury-status","BYE","-","-","-","-","-","-","-","-","-","-","-","-"
"1508","M. Jones","M. Jones","WR","","","","injury-status","BYE","-","-","-","-","-","-","-","-","-","-","-","-"
"1509","M. Chapman","M. Chapman","WR","","","","injury-status","BYE","-","-","-","-","-","-","-","-","-","-","-","-"
"1510","J. Murphy","J. Murphy","WR","","","","injury-status","BYE","-","-","-","-","-","-","-","-","-","-","-","-"
"1511","C. Serigne","C. Serigne","TE","","","","injury-status","BYE","-","-","-","-","-","-","-","-","-","-","-","-"
"1512","A. Lacombe","A. Lacombe","WR","","","","injury-status","BYE","-","-","-","-","-","-","-","-","-","-","-","-"
"1513","J. Smith","J. Smith","WR","","","","injury-status","BYE","-","-","-","-","-","-","-","-","-","-","-","-"
"1514","J. Crockett","J. Crockett","WR","","","","injury-status","BYE","-","-","-","-","-","-","-","-","-","-","-","-"
"1515","G. Dickerson","G. Dickerson","TE","","","","injury-status","BYE","-","-","-","-","-","-","-","-","-","-","-","-"
"1516","J. Graham","J. Graham","TE","","","Ques","injury-status questionable","BYE","-","-","-","-","-","-","-","-","-","-","-","-"
"1517","S. Badie","S. Badie","RB","","","","injury-status","BYE","-","-","-","-","-","-","-","-","-","-","-","-"
"1518","A. Roberts","A. Roberts","TE","","","","injury-status","BYE","-","-","-","-","-","-","-","-","-","-","-","-"
"1519","G. Hudson","G. Hudson","TE","","","","injury-status","BYE","-","-","-","-","-","-","-","-","-","-","-","-"
"1520","K. Ross","K. Ross","WR","","","","injury-status","BYE","-","-","-","-","-","-","-","-","-","-","-","-"
"1521","N. Stevens","N. Stevens","QB","","","","injury-status","BYE","-","-","-","-","-","-","-","-","-","-","-","-"
"1522","E. Massington","E. Massington","WR","NO","11","","injury-status","Final W 47-10 vs CAR","-","-","-","-","-","-","-","-","-","-","-","-"
"1523","D. Bryant","D. Bryant","WR","","","","injury-status","BYE","-","-","-","-","-","-","-","-","-","-","-","-"
"1524","C. Duncan","C. Duncan","WR","","","","injury-status","BYE","-","-","-","-","-","-","-","-","-","-","-","-"
"1525","C. Wilson","C. Wilson","TE","","","","injury-status","BYE","-","-","-","-","-","-","-","-","-","-","-","-"
"1526","D. Kidsy","D. Kidsy","WR","","","","injury-status","BYE","-","-","-","-","-","-","-","-","-","-","-","-"
"1527","R. Yurachek","R. Yurachek","TE","","","","injury-status","BYE","-","-","-","-","-","-","-","-","-","-","-","-"
"1528","T. Wilson","T. Wilson","WR","","","","injury-status","BYE","-","-","-","-","-","-","-","-","-","-","-","-"
"1529","N. Holley","N. Holley","WR","","","","injury-status","BYE","-","-","-","-","-","-","-","-","-","-","-","-"
"1530","L. Perez","L. Perez","QB","","","","injury-status","BYE","-","-","-","-","-","-","-","-","-","-","-","-"
"1531","J. Franklin","J. Franklin","WR","","","Ques","injury-status questionable","BYE","-","-","-","-","-","-","-","-","-","-","-","-"
"1532","D. Alexander","D. Alexander","WR","","","","injury-status","BYE","-","-","-","-","-","-","-","-","-","-","-","-"
"1533","R. Martin","R. Martin","RB","","","","injury-status","BYE","-","-","-","-","-","-","-","-","-","-","-","-"
"1534","M. Fleming","M. Fleming","WR","","","","injury-status","BYE","-","-","-","-","-","-","-","-","-","-","-","-"
"1535","Z. Olstad","Z. Olstad","RB","","","","injury-status","BYE","-","-","-","-","-","-","-","-","-","-","-","-"
"1536","R. Santoso","R. Santoso","K, P","","","","injury-status","BYE","-","-","-","-","-","-","-","-","-","-","-","-"
"1537","S. Wimann","S. Wimann","RB","","","","injury-status","BYE","-","-","-","-","-","-","-","-","-","-","-","-"
"1538","C. Lacy","C. Lacy","WR","","","Ques","injury-status questionable","BYE","-","-","-","-","-","-","-","-","-","-","-","-"
"1539","S. Roland","S. Roland","WR","CHI","5","","injury-status","Final W 24-17 vs TEN","-","-","-","-","-","-","-","-","-","-","-","-"
"1540","G. Johnson","G. Johnson","WR","","","","injury-status","BYE","-","-","-","-","-","-","-","-","-","-","-","-"
"1541","D. Dawkins","D. Dawkins","RB","","","","injury-status","BYE","-","-","-","-","-","-","-","-","-","-","-","-"
"1542","L. Rose","L. Rose","RB","","","NA","injury-status na","BYE","-","-","-","-","-","-","-","-","-","-","-","-"
"1543","A. Mahoungou","A. Mahoungou","WR","","","","injury-status","BYE","-","-","-","-","-","-","-","-","-","-","-","-"
"1544","S. Baggett","S. Baggett","TE","","","","injury-status","BYE","-","-","-","-","-","-","-","-","-","-","-","-"
"1545","D. Boyd","D. Boyd","WR","","","","injury-status","BYE","-","-","-","-","-","-","-","-","-","-","-","-"
"1546","B. Roback","B. Roback","QB","","","","injury-status","BYE","-","-","-","-","-","-","-","-","-","-","-","-"
"1547","J. Smallwood","J. Smallwood","WR","","","","injury-status","BYE","-","-","-","-","-","-","-","-","-","-","-","-"
"1548","T. Tebow","T. Tebow","TE","","","","injury-status","BYE","-","-","-","-","-","-","-","-","-","-","-","-"
"1549","C. Warren","C. Warren","RB","","","","injury-status","BYE","-","-","-","-","-","-","-","-","-","-","-","-"
"1550","H. Poggi","H. Poggi","RB","","","","injury-status","BYE","-","-","-","-","-","-","-","-","-","-","-","-"
"1551","C. Beebe","C. Beebe","WR","","","","injury-status","BYE","-","-","-","-","-","-","-","-","-","-","-","-"
"1552","J. Stanton","J. Stanton","RB","","","","injury-status","BYE","-","-","-","-","-","-","-","-","-","-","-","-"
"1553","J. Allen","J. Allen","RB","","","","injury-status","BYE","-","-","-","-","-","-","-","-","-","-","-","-"
"1554","J. Cabinda","J. Cabinda","RB","","","","injury-status","BYE","-","-","-","-","-","-","-","-","-","-","-","-"
"1555","K. Hill","K. Hill","RB","","","","injury-status","BYE","-","-","-","-","-","-","-","-","-","-","-","-"
"1556","M. Martin","M. Martin","RB","","","","injury-status","BYE","-","-","-","-","-","-","-","-","-","-","-","-"
"1557","J. Moore","J. Moore","RB","","","","injury-status","BYE","-","-","-","-","-","-","-","-","-","-","-","-"
"1558","D. Williams","D. Williams","RB","","","","injury-status","BYE","-","-","-","-","-","-","-","-","-","-","-","-"
"1559","E. Marks","E. Marks","WR","","","","injury-status","BYE","-","-","-","-","-","-","-","-","-","-","-","-"
"1560","R. Smith","R. Smith","TE","","","","injury-status","BYE","-","-","-","-","-","-","-","-","-","-","-","-"
"1561","D. Willies","D. Willies","WR","","","","injury-status","BYE","-","-","-","-","-","-","-","-","-","-","-","-"
"1562","D. Hilliard","D. Hilliard","RB","","","Ques","injury-status questionable","BYE","-","-","-","-","-","-","-","-","-","-","-","-"
"1563","E. Berry","E. Berry","WR","","","","injury-status","BYE","-","-","-","-","-","-","-","-","-","-","-","-"
"1564","C. Scotland-Williamson","C. Scotland-Williamson","TE","","","","injury-status","BYE","-","-","-","-","-","-","-","-","-","-","-","-"
"1565","N. Keizer","N. Keizer","TE","","","","injury-status","BYE","-","-","-","-","-","-","-","-","-","-","-","-"
"1566","D. Turner","D. Turner","RB","","","","injury-status","BYE","-","-","-","-","-","-","-","-","-","-","-","-"
"1567","M. Thompson","M. Thompson","RB","","","","injury-status","BYE","-","-","-","-","-","-","-","-","-","-","-","-"
"1568","C. Ezeala","C. Ezeala","RB","","","","injury-status","BYE","-","-","-","-","-","-","-","-","-","-","-","-"
"1569","K. Vedvik","K. Vedvik","K, P","","","","injury-status","BYE","-","-","-","-","-","-","-","-","-","-","-","-"
"1570","C. Sims","C. Sims","WR","","","Ques","injury-status questionable","BYE","-","-","-","-","-","-","-","-","-","-","-","-"
"1571","S. Fields","S. Fields","WR","","","","injury-status","BYE","-","-","-","-","-","-","-","-","-","-","-","-"
"1572","R. Jeune","R. Jeune","WR","","","","injury-status","BYE","-","-","-","-","-","-","-","-","-","-","-","-"
"1573","L. Gonzalez","L. Gonzalez","WR","","","","injury-status","BYE","-","-","-","-","-","-","-","-","-","-","-","-"
"1574","J. Diarse","J. Diarse","WR","","","","injury-status","BYE","-","-","-","-","-","-","-","-","-","-","-","-"
"1575","S. Bailey","S. Bailey","WR","","","","injury-status","BYE","-","-","-","-","-","-","-","-","-","-","-","-"
"1576","E. Philips","E. Philips","RB","","","","injury-status","BYE","-","-","-","-","-","-","-","-","-","-","-","-"
"1577","P. Pujals","P. Pujals","QB","","","","injury-status","BYE","-","-","-","-","-","-","-","-","-","-","-","-"
"1578","A. Foreman","A. Foreman","WR","","","","injury-status","BYE","-","-","-","-","-","-","-","-","-","-","-","-"
"1579","J. Crawford","J. Crawford","RB","","","","injury-status","BYE","-","-","-","-","-","-","-","-","-","-","-","-"
"1580","T. Moore","T. Moore","K","","","","injury-status","BYE","-","-","-","-","-","-","-","-","-","-","-","-"
"1581","S. Wilson","S. Wilson","RB","","","","injury-status","BYE","-","-","-","-","-","-","-","-","-","-","-","-"
"1582","J. Heneghan","J. Heneghan","QB","","","","injury-status","BYE","-","-","-","-","-","-","-","-","-","-","-","-"
"1583","M. McCrane","M. McCrane","K","","","","injury-status","BYE","-","-","-","-","-","-","-","-","-","-","-","-"
"1584","A. Bloom","A. Bloom","TE","","","","injury-status","BYE","-","-","-","-","-","-","-","-","-","-","-","-"
"1585","J. Trinnaman","J. Trinnaman","WR","","","","injury-status","BYE","-","-","-","-","-","-","-","-","-","-","-","-"
"1586","E. Sanders","E. Sanders","WR","","","","injury-status","BYE","-","-","-","-","-","-","-","-","-","-","-","-"
"1587","A. Brown","A. Brown","WR","","","","injury-status","BYE","-","-","-","-","-","-","-","-","-","-","-","-"
"1588","D. Miller","D. Miller","WR","","","","injury-status","BYE","-","-","-","-","-","-","-","-","-","-","-","-"
"1589","A. Manzo-Lewis","A. Manzo-Lewis","TE","","","","injury-status","BYE","-","-","-","-","-","-","-","-","-","-","-","-"
"1590","N. Sharga","N. Sharga","RB","","","","injury-status","BYE","-","-","-","-","-","-","-","-","-","-","-","-"
"1591","J. Looney","J. Looney","TE","","","","injury-status","BYE","-","-","-","-","-","-","-","-","-","-","-","-"
"1592","A. Callaway","A. Callaway","WR","","","","injury-status","BYE","-","-","-","-","-","-","-","-","-","-","-","-"
"1593","E. Wellman","E. Wellman","TE","","","","injury-status","BYE","-","-","-","-","-","-","-","-","-","-","-","-"
"1594","D. Pierson-El","D. Pierson-El","WR","","","","injury-status","BYE","-","-","-","-","-","-","-","-","-","-","-","-"
"1595","M. Holder","M. Holder","WR","","","","injury-status","BYE","-","-","-","-","-","-","-","-","-","-","-","-"
"1596","J. Veasy","J. Veasy","WR","","","","injury-status","BYE","-","-","-","-","-","-","-","-","-","-","-","-"
"1597","D. Ross","D. Ross","WR","","","","injury-status","BYE","-","-","-","-","-","-","-","-","-","-","-","-"
"1598","D. Burnett","D. Burnett","WR","","","","injury-status","BYE","-","-","-","-","-","-","-","-","-","-","-","-"
"1599","C. Batson","C. Batson","WR","","","","injury-status","BYE","-","-","-","-","-","-","-","-","-","-","-","-"
"1600","A. Allen","A. Allen","QB","","","","injury-status","BYE","-","-","-","-","-","-","-","-","-","-","-","-"
"1601","R. Dwelley","R. Dwelley","TE","ATL","5","","injury-status","Final L 10-18 vs PIT","1","-","-","-","1","1","5","-","-","-","-","-"
"1602","K. White","K. White","WR","","","","injury-status","BYE","-","-","-","-","-","-","-","-","-","-","-","-"
"1603","J. Franklin","J. Franklin","RB","","","","injury-status","BYE","-","-","-","-","-","-","-","-","-","-","-","-"
"1604","D. Yelder","D. Yelder","TE","","","","injury-status","BYE","-","-","-","-","-","-","-","-","-","-","-","-"
"1605","T. Hoppes","T. Hoppes","TE","","","","injury-status","BYE","-","-","-","-","-","-","-","-","-","-","-","-"
"1606","J. Badet","J. Badet","WR","","","","injury-status","BYE","-","-","-","-","-","-","-","-","-","-","-","-"
"1607","K. Pettway","K. Pettway","RB","","","","injury-status","BYE","-","-","-","-","-","-","-","-","-","-","-","-"
"1608","B. Howell","B. Howell","RB","","","","injury-status","BYE","-","-","-","-","-","-","-","-","-","-","-","-"
"1609","C. McElroy","C. McElroy","TE","","","Ques","injury-status questionable","BYE","-","-","-","-","-","-","-","-","-","-","-","-"
"1610","B. Johnson","B. Johnson","TE","","","","injury-status","BYE","-","-","-","-","-","-","-","-","-","-","-","-"
"1611","N. Shimonek","N. Shimonek","QB","","","","injury-status","BYE","-","-","-","-","-","-","-","-","-","-","-","-"
"1612","B. Mack","B. Mack","TE","","","","injury-status","BYE","-","-","-","-","-","-","-","-","-","-","-","-"
"1613","C. Litton","C. Litton","QB","","","","injury-status","BYE","-","-","-","-","-","-","-","-","-","-","-","-"
"1614","J. Weah","J. Weah","WR","","","","injury-status","BYE","-","-","-","-","-","-","-","-","-","-","-","-"
"1615","V. Smith","V. Smith","WR","","","","injury-status","BYE","-","-","-","-","-","-","-","-","-","-","-","-"
"1616","T. Boyle","T. Boyle","QB","NYG","14","","injury-status","Final L 6-28 vs MIN","15","3","9","-","-","-","-","-","27","50","276","1"
"1617","T. Redding","T. Redding","WR","","","","injury-status","BYE","-","-","-","-","-","-","-","-","-","-","-","-"
"1618","J. Williams","J. Williams","WR","","","","injury-status","BYE","-","-","-","-","-","-","-","-","-","-","-","-"
"1619","J. Franks","J. Franks","TE","","","","injury-status","BYE","-","-","-","-","-","-","-","-","-","-","-","-"
"1620","R. Lawry","R. Lawry","RB","","","","injury-status","BYE","-","-","-","-","-","-","-","-","-","-","-","-"
"1621","R. Foster","R. Foster","WR","","","","injury-status","BYE","-","-","-","-","-","-","-","-","-","-","-","-"
"1622","A. Levrone","A. Levrone","WR","","","","injury-status","BYE","-","-","-","-","-","-","-","-","-","-","-","-"
"1623","D. Marvin","D. Marvin","K","","","","injury-status","BYE","-","-","-","-","-","-","-","-","-","-","-","-"
"1624","J. Roh","J. Roh","TE","","","","injury-status","BYE","-","-","-","-","-","-","-","-","-","-","-","-"
"1625","T. Mangen","T. Mangen","TE","","","","injury-status","BYE","-","-","-","-","-","-","-","-","-","-","-","-"
"1626","D. Gray","D. Gray","WR","","","","injury-status","BYE","-","-","-","-","-","-","-","-","-","-","-","-"
"1627","D. Clark","D. Clark","WR","","","","injury-status","BYE","-","-","-","-","-","-","-","-","-","-","-","-"
"1628","D. Byrd","D. Byrd","WR","","","","injury-status","BYE","-","-","-","-","-","-","-","-","-","-","-","-"
"1629","C. Blake","C. Blake","WR","","","","injury-status","BYE","-","-","-","-","-","-","-","-","-","-","-","-"
"1630","D. Marx","D. Marx","RB","","","","injury-status","BYE","-","-","-","-","-","-","-","-","-","-","-","-"
"1631","L. Jordan","L. Jordan","QB","","","","injury-status","BYE","-","-","-","-","-","-","-","-","-","-","-","-"
"1632","A. Ramesh","A. Ramesh","RB","","","","injury-status","BYE","-","-","-","-","-","-","-","-","-","-","-","-"
"1633","K. Lewis","K. Lewis","WR","","","","injury-status","BYE","-","-","-","-","-","-","-","-","-","-","-","-"
"1634","D. Wells","D. Wells","TE","","","","injury-status","BYE","-","-","-","-","-","-","-","-","-","-","-","-"
"1635","M. Baugh","M. Baugh","TE","","","","injury-status","BYE","-","-","-","-","-","-","-","-","-","-","-","-"
"1636","C. Hunt","C. Hunt","TE","","","","injury-status","BYE","-","-","-","-","-","-","-","-","-","-","-","-"
"1637","M. Badgley","M. Badgley","K","DET","8","","injury-status","Final W 26-20 vs LAR","-","-","-","-","-","-","-","-","-","-","-","-"
"1638","J. Barrett","J. Barrett","QB","","","","injury-status","BYE","-","-","-","-","-","-","-","-","-","-","-","-"
"1639","T. Williams","T. Williams","WR","","","","injury-status","BYE","-","-","-","-","-","-","-","-","-","-","-","-"
"1640","C. Scott","C. Scott","WR","TEN","10","","injury-status","Final L 17-24 @ CHI","-","-","-","-","-","-","-","-","-","-","-","-"
"1641","G. Igwebuike","G. Igwebuike","RB","","","","injury-status","BYE","-","-","-","-","-","-","-","-","-","-","-","-"
"1642","J. Reese","J. Reese","TE","","","","injury-status","BYE","-","-","-","-","-","-","-","-","-","-","-","-"
"1643","J. Wieneke","J. Wieneke","WR","","","","injury-status","BYE","-","-","-","-","-","-","-","-","-","-","-","-"
"1644","K. Robertson","K. Robertson","WR","","","","injury-status","BYE","-","-","-","-","-","-","-","-","-","-","-","-"
"1645","M. Murdock","M. Murdock","WR","","","","injury-status","BYE","-","-","-","-","-","-","-","-","-","-","-","-"
"1646","T. Swanson","T. Swanson","RB","","","","injury-status","BYE","-","-","-","-","-","-","-","-","-","-","-","-"
"1647","R. Gafford","R. Gafford","WR","","","","injury-status","BYE","-","-","-","-","-","-","-","-","-","-","-","-"
"1648","E. Wolf","E. Wolf","TE","","","","injury-status","BYE","-","-","-","-","-","-","-","-","-","-","-","-"
"1649","A. Wadley","A. Wadley","RB","","","","injury-status","BYE","-","-","-","-","-","-","-","-","-","-","-","-"
"1650","D. Grayson","D. Grayson","WR","","","","injury-status","BYE","-","-","-","-","-","-","-","-","-","-","-","-"
"1651","K. Rader","K. Rader","TE","","","Ques","injury-status questionable","BYE","-","-","-","-","-","-","-","-","-","-","-","-"
"1652","P. Lindsay","P. Lindsay","RB","","","","injury-status","BYE","-","-","-","-","-","-","-","-","-","-","-","-"
"1653","M. Earl","M. Earl","WR","","","","injury-status","BYE","-","-","-","-","-","-","-","-","-","-","-","-"
"1654","J. Chunn","J. Chunn","RB","","","","injury-status","BYE","-","-","-","-","-","-","-","-","-","-","-","-"
"1655","D. Sturm","D. Sturm","QB","","","","injury-status","BYE","-","-","-","-","-","-","-","-","-","-","-","-"
"1656","D. Scott","D. Scott","WR","","","","injury-status","BYE","-","-","-","-","-","-","-","-","-","-","-","-"
"1657","R. Nall","R. Nall","RB","","","","injury-status","BYE","-","-","-","-","-","-","-","-","-","-","-","-"
"1658","R. Bonnafon","R. Bonnafon","RB","","","","injury-status","BYE","-","-","-","-","-","-","-","-","-","-","-","-"
"1659","A. Vollert","A. Vollert","TE","","","","injury-status","BYE","-","-","-","-","-","-","-","-","-","-","-","-"
"1660","C. Willis","C. Willis","WR","","","","injury-status","BYE","-","-","-","-","-","-","-","-","-","-","-","-"
"1661","R. Gronkowski","R. Gronkowski","TE","","","","injury-status","BYE","-","-","-","-","-","-","-","-","-","-","-","-"
"1662","L. McNitt","L. McNitt","RB","","","","injury-status","BYE","-","-","-","-","-","-","-","-","-","-","-","-"
"1663","M. Williams","M. Williams","RB","","","","injury-status","BYE","-","-","-","-","-","-","-","-","-","-","-","-"
"1664","D. Richard","D. Richard","RB","","","","injury-status","BYE","-","-","-","-","-","-","-","-","-","-","-","-"
"1665","K. Benkert","K. Benkert","QB","","","","injury-status","BYE","-","-","-","-","-","-","-","-","-","-","-","-"
"1666","J. Acklin","J. Acklin","WR","","","","injury-status","BYE","-","-","-","-","-","-","-","-","-","-","-","-"
"1667","T. Quinn","T. Quinn","WR","","","","injury-status","BYE","-","-","-","-","-","-","-","-","-","-","-","-"
"1668","M. Carter","M. Carter","RB","","","","injury-status","BYE","-","-","-","-","-","-","-","-","-","-","-","-"
"1669","J. Adams","J. Adams","RB","","","","injury-status","BYE","-","-","-","-","-","-","-","-","-","-","-","-"
"1670","K. Kirkwood","K. Kirkwood","WR","BAL","7","","injury-status","Final L 20-27 @ KC","-","-","-","-","-","-","-","-","-","-","-","-"
"1671","S. Mitchell","S. Mitchell","WR","","","","injury-status","BYE","-","-","-","-","-","-","-","-","-","-","-","-"
"1672","J. Jackson","J. Jackson","RB","","","","injury-status","BYE","-","-","-","-","-","-","-","-","-","-","-","-"
"1673","A. Tate","A. Tate","WR","","","","injury-status","BYE","-","-","-","-","-","-","-","-","-","-","-","-"
"1674","A. Jennings","A. Jennings","WR","","","","injury-status","BYE","-","-","-","-","-","-","-","-","-","-","-","-"
"1675","L. Woodside","L. Woodside","QB","CIN","10","","injury-status","Final L 10-16 vs NE","-","-","-","-","-","-","-","-","-","-","-","-"
"1676","A. Proehl","A. Proehl","WR","","","Ques","injury-status questionable","BYE","-","-","-","-","-","-","-","-","-","-","-","-"
"1677","D. Patterson","D. Patterson","WR","","","","injury-status","BYE","-","-","-","-","-","-","-","-","-","-","-","-"
"1678","A. McGough","A. McGough","QB","GB","5","","injury-status","Final L 29-34 @ PHI","-","-","-","-","-","-","-","-","-","-","-","-"
"1679","T. Cannon","T. Cannon","RB","","","","injury-status","BYE","-","-","-","-","-","-","-","-","-","-","-","-"
"1680","D. Etling","D. Etling","QB","","","","injury-status","BYE","-","-","-","-","-","-","-","-","-","-","-","-"
"1681","J. Thomas","J. Thomas","TE","","","","injury-status","BYE","-","-","-","-","-","-","-","-","-","-","-","-"
"1682","N. Bawden","N. Bawden","RB","","","","injury-status","BYE","-","-","-","-","-","-","-","-","-","-","-","-"
"1683","B. Scarbrough","B. Scarbrough","RB","","","","injury-status","BYE","-","-","-","-","-","-","-","-","-","-","-","-"
"1684","J. Wims","J. Wims","WR","","","","injury-status","BYE","-","-","-","-","-","-","-","-","-","-","-","-"
"1685","L. Falk","L. Falk","QB","","","","injury-status","BYE","-","-","-","-","-","-","-","-","-","-","-","-"
"1686","J. Samuels","J. Samuels","RB","","","","injury-status","BYE","-","-","-","-","-","-","-","-","-","-","-","-"
"1687","D. Cantrell","D. Cantrell","TE","","","Ques","injury-status questionable","BYE","-","-","-","-","-","-","-","-","-","-","-","-"
"1688","D. Fountain","D. Fountain","WR","","","","injury-status","BYE","-","-","-","-","-","-","-","-","-","-","-","-"
"1689","D. Cain","D. Cain","WR","","","","injury-status","BYE","-","-","-","-","-","-","-","-","-","-","-","-"
"1690","J. Wilkins","J. Wilkins","RB","","","","injury-status","BYE","-","-","-","-","-","-","-","-","-","-","-","-"
"1691","R. Izzo","R. Izzo","TE","","","","injury-status","BYE","-","-","-","-","-","-","-","-","-","-","-","-"
"1692","T. Fumagalli","T. Fumagalli","TE","","","","injury-status","BYE","-","-","-","-","-","-","-","-","-","-","-","-"
"1693","D. Ratley","D. Ratley","WR","","","","injury-status","BYE","-","-","-","-","-","-","-","-","-","-","-","-"
"1694","K. Johnson","K. Johnson","RB","","","","injury-status","BYE","-","-","-","-","-","-","-","-","-","-","-","-"
"1695","R. Jones","R. Jones","RB","","","","injury-status","BYE","-","-","-","-","-","-","-","-","-","-","-","-"
"1696","M. Gallup","M. Gallup","WR","","","","injury-status","BYE","-","-","-","-","-","-","-","-","-","-","-","-"
"1697","J. Washington","J. Washington","WR","","","","injury-status","BYE","-","-","-","-","-","-","-","-","-","-","-","-"
"1698","A. Miller","A. Miller","WR","BAL","7","","injury-status","Final L 20-27 @ KC","2","-","-","-","1","1","16","-","-","-","-","-"
"1699","C. Herndon","C. Herndon","TE","","","","injury-status","BYE","-","-","-","-","-","-","-","-","-","-","-","-"
"1700","K. Coutee","K. Coutee","WR","","","","injury-status","BYE","-","-","-","-","-","-","-","-","-","-","-","-"
"1701","J. Scott","J. Scott","WR","","","","injury-status","BYE","-","-","-","-","-","-","-","-","-","-","-","-"
"1702","I. Smith","I. Smith","RB","DAL","10","","injury-status","Final W 33-17 @ CLE","-","-","-","-","-","-","-","-","-","-","-","-"
"1703","D. Hamilton","D. Hamilton","WR","","","","injury-status","BYE","-","-","-","-","-","-","-","-","-","-","-","-"
"1704","M. Walton","M. Walton","RB","","","","injury-status","BYE","-","-","-","-","-","-","-","-","-","-","-","-"
"1705","K. Lauletta","K. Lauletta","QB","","","","injury-status","BYE","-","-","-","-","-","-","-","-","-","-","-","-"
"1706","K. Ballage","K. Ballage","RB","","","","injury-status","BYE","-","-","-","-","-","-","-","-","-","-","-","-"
"1707","D. Pettis","D. Pettis","WR","NO","11","","injury-status","Final W 47-10 vs CAR","26","-","-","-","12","28","120","1","-","-","-","-"
"1708","S. Michel","S. Michel","RB","","","","injury-status","BYE","-","-","-","-","-","-","-","-","-","-","-","-"
"1709","D. Guice","D. Guice","RB","","","","injury-status","BYE","-","-","-","-","-","-","-","-","-","-","-","-"
"1710","M. Ateman","M. Ateman","WR","","","","injury-status","BYE","-","-","-","-","-","-","-","-","-","-","-","-"
"1711","D. Smith","D. Smith","TE","","","","injury-status","BYE","-","-","-","-","-","-","-","-","-","-","-","-"
"1712","S. Noil","S. Noil","WR","","","","injury-status","BYE","-","-","-","-","-","-","-","-","-","-","-","-"
"1713","A. Riles","A. Riles","WR","IND","11","","injury-status","Final L 27-29 vs HOU","-","-","-","-","-","-","-","-","-","-","-","-"
"1714","S. Howard","S. Howard","QB","SEA","8","","injury-status","Final W 26-20 vs DEN","-","-","-","-","-","-","-","-","-","-","-","-"
"1715","J. Williams","J. Williams","WR","","","","injury-status","BYE","-","-","-","-","-","-","-","-","-","-","-","-"
"1716","A. Appleby","A. Appleby","QB","","","","injury-status","BYE","-","-","-","-","-","-","-","-","-","-","-","-"
"1717","F. House","F. House","TE","CHI","5","","injury-status","Final W 24-17 vs TEN","-","-","-","-","-","-","-","-","-","-","-","-"
"1718","A. Fulwood","A. Fulwood","WR","","","","injury-status","BYE","-","-","-","-","-","-","-","-","-","-","-","-"
"1719","N. Schuessler","N. Schuessler","QB","PIT","5","","injury-status","Final W 18-10 @ ATL","-","-","-","-","-","-","-","-","-","-","-","-"
"1720","Z. Terrell","Z. Terrell","QB","BAL","7","","injury-status","Final L 20-27 @ KC","-","-","-","-","-","-","-","-","-","-","-","-"
"1721","R. Shell","R. Shell","RB","","","","injury-status","BYE","-","-","-","-","-","-","-","-","-","-","-","-"
"1722","G. Scantling","G. Scantling","WR","ATL","5","","injury-status","Final L 10-18 vs PIT","-","-","-","-","-","-","-","-","-","-","-","-"
"1723","D. Virgies","D. Virgies","RB","","","","injury-status","BYE","-","-","-","-","-","-","-","-","-","-","-","-"
"1724","Q. McDuffie","Q. McDuffie","WR","","","","injury-status","BYE","-","-","-","-","-","-","-","-","-","-","-","-"
"1725","D. Amendola","D. Amendola","WR","","","","injury-status","BYE","-","-","-","-","-","-","-","-","-","-","-","-"
"1726","C. Daniel","C. Daniel","QB","","","","injury-status","BYE","-","-","-","-","-","-","-","-","-","-","-","-"
"1727","R. Gould","R. Gould","K","","","","injury-status","BYE","-","-","-","-","-","-","-","-","-","-","-","-"
"1728","L. Atkins","L. Atkins","WR","","","","injury-status","BYE","-","-","-","-","-","-","-","-","-","-","-","-"
"1729","B. Zylstra","B. Zylstra","WR","","","","injury-status","BYE","-","-","-","-","-","-","-","-","-","-","-","-"
"1730","C. Bazile","C. Bazile","TE","","","","injury-status","BYE","-","-","-","-","-","-","-","-","-","-","-","-"
"1731","J. Robinson","J. Robinson","TE","","","","injury-status","BYE","-","-","-","-","-","-","-","-","-","-","-","-"
"1732","J. Rosen","J. Rosen","QB","","","","injury-status","BYE","-","-","-","-","-","-","-","-","-","-","-","-"
"1733","K. Taylor","K. Taylor","TE","","","","injury-status","BYE","-","-","-","-","-","-","-","-","-","-","-","-"
"1734","J. Evans","J. Evans","QB","","","","injury-status","BYE","-","-","-","-","-","-","-","-","-","-","-","-"
"1735","M. Leidner","M. Leidner","QB","","","","injury-status","BYE","-","-","-","-","-","-","-","-","-","-","-","-"
"1736","D. Sims","D. Sims","RB","","","","injury-status","BYE","-","-","-","-","-","-","-","-","-","-","-","-"
"1737","A. Price","A. Price","TE","","","","injury-status","BYE","-","-","-","-","-","-","-","-","-","-","-","-"
"1738","J. Liggins","J. Liggins","WR","","","","injury-status","BYE","-","-","-","-","-","-","-","-","-","-","-","-"
"1739","D. Williams","D. Williams","WR","","","","injury-status","BYE","-","-","-","-","-","-","-","-","-","-","-","-"
"1740","R. Davis","R. Davis","WR","","","","injury-status","BYE","-","-","-","-","-","-","-","-","-","-","-","-"
"1741","G. Hopper","G. Hopper","WR","","","","injury-status","BYE","-","-","-","-","-","-","-","-","-","-","-","-"
"1742","K. Lucas","K. Lucas","WR","","","","injury-status","BYE","-","-","-","-","-","-","-","-","-","-","-","-"
"1743","J. Staples","J. Staples","WR","","","","injury-status","BYE","-","-","-","-","-","-","-","-","-","-","-","-"
"1744","B. Riley","B. Riley","WR","","","","injury-status","BYE","-","-","-","-","-","-","-","-","-","-","-","-"
"1745","D. Hampton","D. Hampton","WR","","","","injury-status","BYE","-","-","-","-","-","-","-","-","-","-","-","-"
"1746","M. Bracy","M. Bracy","WR","","","","injury-status","BYE","-","-","-","-","-","-","-","-","-","-","-","-"
"1747","M. Estes","M. Estes","TE","","","","injury-status","BYE","-","-","-","-","-","-","-","-","-","-","-","-"
"1748","B. Radcliff","B. Radcliff","RB","","","","injury-status","BYE","-","-","-","-","-","-","-","-","-","-","-","-"
"1749","P. Howard","P. Howard","WR","","","","injury-status","BYE","-","-","-","-","-","-","-","-","-","-","-","-"
"1750","N. Iese","N. Iese","TE","","","","injury-status","BYE","-","-","-","-","-","-","-","-","-","-","-","-"
"1751","C. Germany","C. Germany","WR","","","","injury-status","BYE","-","-","-","-","-","-","-","-","-","-","-","-"
"1752","J. Rounds","J. Rounds","RB","","","","injury-status","BYE","-","-","-","-","-","-","-","-","-","-","-","-"
"1753","T. Armstrong Jr.","T. Armstrong Jr.","QB","","","","injury-status","BYE","-","-","-","-","-","-","-","-","-","-","-","-"
"1754","D. Victor","D. Victor","RB","","","","injury-status","BYE","-","-","-","-","-","-","-","-","-","-","-","-"
"1755","R. Wheelwright","R. Wheelwright","WR","","","","injury-status","BYE","-","-","-","-","-","-","-","-","-","-","-","-"
"1756","J. Westerkamp","J. Westerkamp","WR","","","","injury-status","BYE","-","-","-","-","-","-","-","-","-","-","-","-"
"1757","J. Seales","J. Seales","WR","","","","injury-status","BYE","-","-","-","-","-","-","-","-","-","-","-","-"
"1758","K. Whitfield","K. Whitfield","WR","","","","injury-status","BYE","-","-","-","-","-","-","-","-","-","-","-","-"
"1759","B. Cherry","B. Cherry","WR","","","","injury-status","BYE","-","-","-","-","-","-","-","-","-","-","-","-"
"1760","D. Hayes","D. Hayes","RB","","","","injury-status","BYE","-","-","-","-","-","-","-","-","-","-","-","-"
"1761","D. Olson","D. Olson","QB","","","","injury-status","BYE","-","-","-","-","-","-","-","-","-","-","-","-"
"1762","D. Llorens","D. Llorens","RB","","","","injury-status","BYE","-","-","-","-","-","-","-","-","-","-","-","-"
"1763","A. Zaruba","A. Zaruba","TE","","","","injury-status","BYE","-","-","-","-","-","-","-","-","-","-","-","-"
"1764","F. Brown","F. Brown","WR","","","","injury-status","BYE","-","-","-","-","-","-","-","-","-","-","-","-"
"1765","L. Lenoir","L. Lenoir","WR","","","","injury-status","BYE","-","-","-","-","-","-","-","-","-","-","-","-"
"1766","C. Posey","C. Posey","WR","","","","injury-status","BYE","-","-","-","-","-","-","-","-","-","-","-","-"
"1767","S. Donatell","S. Donatell","TE","","","","injury-status","BYE","-","-","-","-","-","-","-","-","-","-","-","-"
"1768","B. Burns","B. Burns","TE","BAL","7","","injury-status","Final L 20-27 @ KC","-","-","-","-","-","-","-","-","-","-","-","-"
"1769","D. Arnold","D. Arnold","TE","","","","injury-status","BYE","-","-","-","-","-","-","-","-","-","-","-","-"
"1770","C. Pearson","C. Pearson","WR","","","","injury-status","BYE","-","-","-","-","-","-","-","-","-","-","-","-"
"1771","A. Gray","A. Gray","TE","","","","injury-status","BYE","-","-","-","-","-","-","-","-","-","-","-","-"
"1772","J. Bacci","J. Bacci","RB","","","","injury-status","BYE","-","-","-","-","-","-","-","-","-","-","-","-"
"1773","S. Cotton","S. Cotton","TE","","","","injury-status","BYE","-","-","-","-","-","-","-","-","-","-","-","-"
"1774","B. Houston","B. Houston","QB","","","","injury-status","BYE","-","-","-","-","-","-","-","-","-","-","-","-"
"1775","M. Paige","M. Paige","WR","","","","injury-status","BYE","-","-","-","-","-","-","-","-","-","-","-","-"
"1776","P. Odom","P. Odom","TE","","","","injury-status","BYE","-","-","-","-","-","-","-","-","-","-","-","-"
"1777","S. Ryan","S. Ryan","WR","","","","injury-status","BYE","-","-","-","-","-","-","-","-","-","-","-","-"
"1778","G. Pascascio","G. Pascascio","WR","","","","injury-status","BYE","-","-","-","-","-","-","-","-","-","-","-","-"
"1779","K. Mabon","K. Mabon","WR","","","","injury-status","BYE","-","-","-","-","-","-","-","-","-","-","-","-"
"1780","T. Ferguson","T. Ferguson","QB","","","","injury-status","BYE","-","-","-","-","-","-","-","-","-","-","-","-"
"1781","K. Snead","K. Snead","WR","","","","injury-status","BYE","-","-","-","-","-","-","-","-","-","-","-","-"
"1782","K. Abdullah","K. Abdullah","RB","","","","injury-status","BYE","-","-","-","-","-","-","-","-","-","-","-","-"
"1783","T. Edmunds","T. Edmunds","RB","","","","injury-status","BYE","-","-","-","-","-","-","-","-","-","-","-","-"
"1784","A. Bailey","A. Bailey","QB","BAL","7","","injury-status","Final L 20-27 @ KC","-","-","-","-","-","-","-","-","-","-","-","-"
"1785","L. Clark","L. Clark","WR","","","","injury-status","BYE","-","-","-","-","-","-","-","-","-","-","-","-"
"1786","T. Swoopes","T. Swoopes","TE","","","","injury-status","BYE","-","-","-","-","-","-","-","-","-","-","-","-"
"1787","D. Rogers","D. Rogers","WR","","","","injury-status","BYE","-","-","-","-","-","-","-","-","-","-","-","-"
"1788","A. Brown","A. Brown","RB","","","","injury-status","BYE","-","-","-","-","-","-","-","-","-","-","-","-"
"1789","A. Scott","A. Scott","WR","","","","injury-status","BYE","-","-","-","-","-","-","-","-","-","-","-","-"
"1790","A. Patton","A. Patton","WR","","","","injury-status","BYE","-","-","-","-","-","-","-","-","-","-","-","-"
"1791","E. Jenkins","E. Jenkins","QB","","","","injury-status","BYE","-","-","-","-","-","-","-","-","-","-","-","-"
"1792","S. Culkin","S. Culkin","TE","","","","injury-status","BYE","-","-","-","-","-","-","-","-","-","-","-","-"
"1793","C. Clement","C. Clement","RB","","","","injury-status","BYE","-","-","-","-","-","-","-","-","-","-","-","-"
"1794","B. Brown","B. Brown","TE","","","","injury-status","BYE","-","-","-","-","-","-","-","-","-","-","-","-"
"1795","C. Thompson","C. Thompson","TE","","","","injury-status","BYE","-","-","-","-","-","-","-","-","-","-","-","-"
"1796","K. Johnson","K. Johnson","WR","","","","injury-status","BYE","-","-","-","-","-","-","-","-","-","-","-","-"
"1797","L. Tillery","L. Tillery","RB","","","","injury-status","BYE","-","-","-","-","-","-","-","-","-","-","-","-"
"1798","I. Mathers","I. Mathers","RB","","","","injury-status","BYE","-","-","-","-","-","-","-","-","-","-","-","-"
"1799","A. Etta-Tawo","A. Etta-Tawo","WR","","","","injury-status","BYE","-","-","-","-","-","-","-","-","-","-","-","-"
"1800","T. Cook","T. Cook","RB","","","","injury-status","BYE","-","-","-","-","-","-","-","-","-","-","-","-"
"1801","K. Cole","K. Cole","WR","","","","injury-status","BYE","-","-","-","-","-","-","-","-","-","-","-","-"
"1802","C. Bluiett","C. Bluiett","TE","","","","injury-status","BYE","-","-","-","-","-","-","-","-","-","-","-","-"
"1803","S. Hill","S. Hill","WR","","","","injury-status","BYE","-","-","-","-","-","-","-","-","-","-","-","-"
"1804","D. Gray","D. Gray","WR","","","","injury-status","BYE","-","-","-","-","-","-","-","-","-","-","-","-"
"1805","Z. Conque","Z. Conque","QB","","","","injury-status","BYE","-","-","-","-","-","-","-","-","-","-","-","-"
"1806","E. Baylis","E. Baylis","TE","","","Ques","injury-status questionable","BYE","-","-","-","-","-","-","-","-","-","-","-","-"
"1807","N. Thomas","N. Thomas","WR","","","","injury-status","BYE","-","-","-","-","-","-","-","-","-","-","-","-"
"1808","M. Rector","M. Rector","WR","","","","injury-status","BYE","-","-","-","-","-","-","-","-","-","-","-","-"
"1809","D. Ford","D. Ford","WR","","","","injury-status","BYE","-","-","-","-","-","-","-","-","-","-","-","-"
"1810","B. Barnes","B. Barnes","TE","","","","injury-status","BYE","-","-","-","-","-","-","-","-","-","-","-","-"
"1811","K. Sloter","K. Sloter","QB","","","","injury-status","BYE","-","-","-","-","-","-","-","-","-","-","-","-"
"1812","A. Nash","A. Nash","WR","","","","injury-status","BYE","-","-","-","-","-","-","-","-","-","-","-","-"
"1813","B. Jarwin","B. Jarwin","TE","","","","injury-status","BYE","-","-","-","-","-","-","-","-","-","-","-","-"
"1814","B. Brown","B. Brown","WR","","","","injury-status","BYE","-","-","-","-","-","-","-","-","-","-","-","-"
"1815","T. McNamara","T. McNamara","TE","","","","injury-status","BYE","-","-","-","-","-","-","-","-","-","-","-","-"
"1816","F. Stevenson","F. Stevenson","RB","","","","injury-status","BYE","-","-","-","-","-","-","-","-","-","-","-","-"
"1817","A. Phillips","A. Phillips","K","","","","injury-status","BYE","-","-","-","-","-","-","-","-","-","-","-","-"
"1818","T. Gentry","T. Gentry","WR","","","","injury-status","BYE","-","-","-","-","-","-","-","-","-","-","-","-"
"1819","M. Crabtree","M. Crabtree","WR","","","","injury-status","BYE","-","-","-","-","-","-","-","-","-","-","-","-"
"1820","J. Bouagnon","J. Bouagnon","RB","","","","injury-status","BYE","-","-","-","-","-","-","-","-","-","-","-","-"
"1821","K. Towbridge","K. Towbridge","TE","","","","injury-status","BYE","-","-","-","-","-","-","-","-","-","-","-","-"
"1822","D. Shorts","D. Shorts","WR","","","","injury-status","BYE","-","-","-","-","-","-","-","-","-","-","-","-"
"1823","J. Johnson","J. Johnson","RB","","","","injury-status","BYE","-","-","-","-","-","-","-","-","-","-","-","-"
"1824","J. Croom","J. Croom","TE","","","","injury-status","BYE","-","-","-","-","-","-","-","-","-","-","-","-"
"1825","S. Wroblewski","S. Wroblewski","TE","","","","injury-status","BYE","-","-","-","-","-","-","-","-","-","-","-","-"
"1826","J. Summers","J. Summers","RB","","","","injury-status","BYE","-","-","-","-","-","-","-","-","-","-","-","-"
"1827","R. Seals-Jones","R. Seals-Jones","TE","","","Ques","injury-status questionable","BYE","-","-","-","-","-","-","-","-","-","-","-","-"
"1828","T. Knight","T. Knight","QB","","","","injury-status","BYE","-","-","-","-","-","-","-","-","-","-","-","-"
"1829","K. Hogan","K. Hogan","WR","","","","injury-status","BYE","-","-","-","-","-","-","-","-","-","-","-","-"
"1830","T. Dural","T. Dural","WR","","","","injury-status","BYE","-","-","-","-","-","-","-","-","-","-","-","-"
"1831","D. Redding","D. Redding","RB","","","","injury-status","BYE","-","-","-","-","-","-","-","-","-","-","-","-"
"1832","B. Johnson","B. Johnson","WR","","","","injury-status","BYE","-","-","-","-","-","-","-","-","-","-","-","-"
"1833","G. Marks","G. Marks","WR","","","","injury-status","BYE","-","-","-","-","-","-","-","-","-","-","-","-"
"1834","J. Robinson-Woodgett","J. Robinson-Woodgett","RB","","","","injury-status","BYE","-","-","-","-","-","-","-","-","-","-","-","-"
"1835","T. Stevens","T. Stevens","WR","","","","injury-status","BYE","-","-","-","-","-","-","-","-","-","-","-","-"
"1836","A. Moore","A. Moore","WR","","","","injury-status","BYE","-","-","-","-","-","-","-","-","-","-","-","-"
"1837","M. Kemp","M. Kemp","WR","","","","injury-status","BYE","-","-","-","-","-","-","-","-","-","-","-","-"
"1838","W. Houston","W. Houston","TE","CAR","14","","injury-status","Final L 10-47 @ NO","-","-","-","-","-","-","-","-","-","-","-","-"
"1839","G. Dieter","G. Dieter","WR","","","","injury-status","BYE","-","-","-","-","-","-","-","-","-","-","-","-"
"1840","W. Stanback","W. Stanback","RB","","","","injury-status","BYE","-","-","-","-","-","-","-","-","-","-","-","-"
"1841","B. Wilson","B. Wilson","WR","","","","injury-status","BYE","-","-","-","-","-","-","-","-","-","-","-","-"
"1842","T. Sperbeck","T. Sperbeck","WR","","","","injury-status","BYE","-","-","-","-","-","-","-","-","-","-","-","-"
"1843","S. Liufau","S. Liufau","QB","","","","injury-status","BYE","-","-","-","-","-","-","-","-","-","-","-","-"
"1844","A. Auclair","A. Auclair","TE","","","","injury-status","BYE","-","-","-","-","-","-","-","-","-","-","-","-"
"1845","T. McCloskey","T. McCloskey","RB","","","","injury-status","BYE","-","-","-","-","-","-","-","-","-","-","-","-"
"1846","K. Cannon","K. Cannon","WR","","","","injury-status","BYE","-","-","-","-","-","-","-","-","-","-","-","-"
"1847","V. Bolden","V. Bolden","WR","","","","injury-status","BYE","-","-","-","-","-","-","-","-","-","-","-","-"
"1848","K. Hatcher","K. Hatcher","WR","","","","injury-status","BYE","-","-","-","-","-","-","-","-","-","-","-","-"
"1849","C. Harris","C. Harris","RB","","","","injury-status","BYE","-","-","-","-","-","-","-","-","-","-","-","-"
"1850","A. Firkser","A. Firkser","TE","KC","10","","injury-status","Final W 27-20 vs BAL","-","-","-","-","-","-","-","-","-","-","-","-"
"1851","B. Estime","B. Estime","WR","","","","injury-status","BYE","-","-","-","-","-","-","-","-","-","-","-","-"
"1852","J. Hollister","J. Hollister","TE","","","","injury-status","BYE","-","-","-","-","-","-","-","-","-","-","-","-"
"1853","C. Hollister","C. Hollister","WR","","","Ques","injury-status questionable","BYE","-","-","-","-","-","-","-","-","-","-","-","-"
"1854","A. Carr","A. Carr","WR","","","","injury-status","BYE","-","-","-","-","-","-","-","-","-","-","-","-"
"1855","R. Shelton","R. Shelton","WR","","","","injury-status","BYE","-","-","-","-","-","-","-","-","-","-","-","-"
"1856","J. Price","J. Price","TE","","","","injury-status","BYE","-","-","-","-","-","-","-","-","-","-","-","-"
"1857","T. Newby","T. Newby","RB","","","","injury-status","BYE","-","-","-","-","-","-","-","-","-","-","-","-"
"1858","W. Lunt","W. Lunt","QB","","","","injury-status","BYE","-","-","-","-","-","-","-","-","-","-","-","-"
"1859","D. Stringfellow","D. Stringfellow","WR","","","","injury-status","BYE","-","-","-","-","-","-","-","-","-","-","-","-"
"1860","D. Morgan","D. Morgan","WR","","","","injury-status","BYE","-","-","-","-","-","-","-","-","-","-","-","-"
"1861","M. Lewis","M. Lewis","WR","","","","injury-status","BYE","-","-","-","-","-","-","-","-","-","-","-","-"
"1862","K. Phillips","K. Phillips","RB","","","","injury-status","BYE","-","-","-","-","-","-","-","-","-","-","-","-"
"1863","A. Peck","A. Peck","TE","","","","injury-status","BYE","-","-","-","-","-","-","-","-","-","-","-","-"
"1864","S. Williams","S. Williams","RB","","","","injury-status","BYE","-","-","-","-","-","-","-","-","-","-","-","-"
"1865","M. Madaris","M. Madaris","WR","","","","injury-status","BYE","-","-","-","-","-","-","-","-","-","-","-","-"
"1866","D. Laufasa","D. Laufasa","RB","","","","injury-status","BYE","-","-","-","-","-","-","-","-","-","-","-","-"
"1867","K. Hamilton","K. Hamilton","WR","","","","injury-status","BYE","-","-","-","-","-","-","-","-","-","-","-","-"
"1868","C. Carter","C. Carter","TE","","","","injury-status","BYE","-","-","-","-","-","-","-","-","-","-","-","-"
"1869","F. Ross","F. Ross","WR","","","","injury-status","BYE","-","-","-","-","-","-","-","-","-","-","-","-"
"1870","A. Duke","A. Duke","WR","","","","injury-status","BYE","-","-","-","-","-","-","-","-","-","-","-","-"
"1871","R. Ortiz","R. Ortiz","RB","","","","injury-status","BYE","-","-","-","-","-","-","-","-","-","-","-","-"
"1872","T. Mizzell","T. Mizzell","RB","NYG","14","Ques","injury-status questionable","Final L 6-28 vs MIN","-","-","-","-","-","-","-","-","-","-","-","-"
"1873","C. Board","C. Board","WR","","","Ques","injury-status questionable","BYE","-","-","-","-","-","-","-","-","-","-","-","-"
"1874","L. Jacobs","L. Jacobs","WR","","","","injury-status","BYE","-","-","-","-","-","-","-","-","-","-","-","-"
"1875","P. Walker","P. Walker","QB","","","","injury-status","BYE","-","-","-","-","-","-","-","-","-","-","-","-"
"1876","J. Natson","J. Natson","WR","","","","injury-status","BYE","-","-","-","-","-","-","-","-","-","-","-","-"
"1877","J. Lane","J. Lane","WR","","","","injury-status","BYE","-","-","-","-","-","-","-","-","-","-","-","-"
"1878","C. Jeter","C. Jeter","TE","","","","injury-status","BYE","-","-","-","-","-","-","-","-","-","-","-","-"
"1879","B. Howard","B. Howard","TE","","","","injury-status","BYE","-","-","-","-","-","-","-","-","-","-","-","-"
"1880","T. Griffey","T. Griffey","WR","","","","injury-status","BYE","-","-","-","-","-","-","-","-","-","-","-","-"
"1881","D. Daniels","D. Daniels","TE","","","","injury-status","BYE","-","-","-","-","-","-","-","-","-","-","-","-"
"1882","D. Crossan","D. Crossan","RB","","","","injury-status","BYE","-","-","-","-","-","-","-","-","-","-","-","-"
"1883","J. Quick","J. Quick","WR","","","","injury-status","BYE","-","-","-","-","-","-","-","-","-","-","-","-"
"1884","S. Orndoff","S. Orndoff","TE","","","","injury-status","BYE","-","-","-","-","-","-","-","-","-","-","-","-"
"1885","T. Renew","T. Renew","RB","","","","injury-status","BYE","-","-","-","-","-","-","-","-","-","-","-","-"
"1886","J. Magee","J. Magee","WR","","","","injury-status","BYE","-","-","-","-","-","-","-","-","-","-","-","-"
"1887","I. Zamora","I. Zamora","WR","","","","injury-status","BYE","-","-","-","-","-","-","-","-","-","-","-","-"
"1888","R. Davis","R. Davis","WR","","","","injury-status","BYE","-","-","-","-","-","-","-","-","-","-","-","-"
"1889","K. Muhammad","K. Muhammad","RB","","","","injury-status","BYE","-","-","-","-","-","-","-","-","-","-","-","-"
"1890","C. Carson","C. Carson","RB","","","","injury-status","BYE","-","-","-","-","-","-","-","-","-","-","-","-"
"1891","E. McGuire","E. McGuire","RB","KC","10","","injury-status","Final W 27-20 vs BAL","-","-","-","-","-","-","-","-","-","-","-","-"
"1892","I. Ford","I. Ford","WR","","","","injury-status","BYE","-","-","-","-","-","-","-","-","-","-","-","-"
"1893","S. Rogers","S. Rogers","RB","","","","injury-status","BYE","-","-","-","-","-","-","-","-","-","-","-","-"
"1894","M. Schreck","M. Schreck","TE","","","","injury-status","BYE","-","-","-","-","-","-","-","-","-","-","-","-"
"1895","A. Armah","A. Armah","RB","","","","injury-status","BYE","-","-","-","-","-","-","-","-","-","-","-","-"
"1896","J. Sprinkle","J. Sprinkle","TE","","","Ques","injury-status questionable","BYE","-","-","-","-","-","-","-","-","-","-","-","-"
"1897","T. Taylor","T. Taylor","WR","SF","14","IR","injury-status ir","Final W 32-19 vs NYJ","2","-","-","-","1","1","11","-","-","-","-","-"
"1898","S. Gibson","S. Gibson","WR","","","","injury-status","BYE","-","-","-","-","-","-","-","-","-","-","-","-"
"1899","R. Adams","R. Adams","WR","","","","injury-status","BYE","-","-","-","-","-","-","-","-","-","-","-","-"
"1900","D. Yancey","D. Yancey","WR","","","","injury-status","BYE","-","-","-","-","-","-","-","-","-","-","-","-"
"1901","J. Agnew","J. Agnew","WR","PIT","5","Ques","injury-status questionable","Final W 18-10 @ ATL","-","-","-","-","-","-","-","-","-","-","-","-"
"1902","B. Hill","B. Hill","RB","","","","injury-status","BYE","-","-","-","-","-","-","-","-","-","-","-","-"
"1903","T. Logan","T. Logan","RB","","","","injury-status","BYE","-","-","-","-","-","-","-","-","-","-","-","-"
"1904","B. Hodges","B. Hodges","TE","","","","injury-status","BYE","-","-","-","-","-","-","-","-","-","-","-","-"
"1905","N. Peterman","N. Peterman","QB","ATL","5","","injury-status","Final L 10-18 vs PIT","-","-","-","-","-","-","-","-","-","-","-","-"
"1906","C. Hansen","C. Hansen","WR","","","","injury-status","BYE","-","-","-","-","-","-","-","-","-","-","-","-"
"1907","J. Chesson","J. Chesson","WR","","","","injury-status","BYE","-","-","-","-","-","-","-","-","-","-","-","-"
"1908","R. Switzer","R. Switzer","WR","","","","injury-status","BYE","-","-","-","-","-","-","-","-","-","-","-","-"
"1909","J. Malone","J. Malone","WR","","","","injury-status","BYE","-","-","-","-","-","-","-","-","-","-","-","-"
"1910","T. Cohen","T. Cohen","RB","","","","injury-status","BYE","-","-","-","-","-","-","-","-","-","-","-","-"
"1911","J. Leggett","J. Leggett","TE","","","","injury-status","BYE","-","-","-","-","-","-","-","-","-","-","-","-"
"1912","M. Mack","M. Mack","RB","","","Ques","injury-status questionable","BYE","-","-","-","-","-","-","-","-","-","-","-","-"
"1913","J. Butt","J. Butt","TE","","","","injury-status","BYE","-","-","-","-","-","-","-","-","-","-","-","-"
"1914","W. Gallman","W. Gallman","RB","","","","injury-status","BYE","-","-","-","-","-","-","-","-","-","-","-","-"
"1915","D. Westbrook","D. Westbrook","WR","","","","injury-status","BYE","-","-","-","-","-","-","-","-","-","-","-","-"
"1916","A. Darboh","A. Darboh","WR","","","","injury-status","BYE","-","-","-","-","-","-","-","-","-","-","-","-"
"1917","K. Golladay","K. Golladay","WR","","","","injury-status","BYE","-","-","-","-","-","-","-","-","-","-","-","-"
"1918","C. Williams","C. Williams","WR","","","Ques","injury-status questionable","BYE","-","-","-","-","-","-","-","-","-","-","-","-"
"1919","T. Taylor","T. Taylor","WR","","","","injury-status","BYE","-","-","-","-","-","-","-","-","-","-","-","-"
"1920","C. Henderson","C. Henderson","WR","","","","injury-status","BYE","-","-","-","-","-","-","-","-","-","-","-","-"
"1921","A. Shaheen","A. Shaheen","TE","","","","injury-status","BYE","-","-","-","-","-","-","-","-","-","-","-","-"
"1922","D. Webb","D. Webb","QB","","","","injury-status","BYE","-","-","-","-","-","-","-","-","-","-","-","-"
"1923","O. Howard","O. Howard","TE","","","","injury-status","BYE","-","-","-","-","-","-","-","-","-","-","-","-"
"1924","C. Kelly","C. Kelly","QB","","","","injury-status","BYE","-","-","-","-","-","-","-","-","-","-","-","-"
"1925","C. Grayson","C. Grayson","WR","","","","injury-status","BYE","-","-","-","-","-","-","-","-","-","-","-","-"
"1926","J. Williams","J. Williams","RB","","","","injury-status","BYE","-","-","-","-","-","-","-","-","-","-","-","-"
"1927","J. Ross","J. Ross","WR","","","Ques","injury-status questionable","BYE","1","-","-","-","1","2","6","-","-","-","-","-"
"1928","T. Wilson","T. Wilson","TE","","","","injury-status","BYE","-","-","-","-","-","-","-","-","-","-","-","-"
"1929","D. Kizer","D. Kizer","QB","","","","injury-status","BYE","-","-","-","-","-","-","-","-","-","-","-","-"
"1930","C. Briggs","C. Briggs","TE","","","","injury-status","BYE","-","-","-","-","-","-","-","-","-","-","-","-"
"1931","J. Huesman","J. Huesman","QB","","","","injury-status","BYE","-","-","-","-","-","-","-","-","-","-","-","-"
"1932","B. Sims","B. Sims","QB","","","","injury-status","BYE","-","-","-","-","-","-","-","-","-","-","-","-"
"1933","T. Pope","T. Pope","RB","","","Ques","injury-status questionable","BYE","-","-","-","-","-","-","-","-","-","-","-","-"
"1934","N. Truesdell","N. Truesdell","TE","","","","injury-status","BYE","-","-","-","-","-","-","-","-","-","-","-","-"
"1935","H. Binford","H. Binford","WR","","","","injury-status","BYE","-","-","-","-","-","-","-","-","-","-","-","-"
"1936","K. Thompson","K. Thompson","WR","","","","injury-status","BYE","-","-","-","-","-","-","-","-","-","-","-","-"
"1937","D. Watford","D. Watford","WR","","","","injury-status","BYE","-","-","-","-","-","-","-","-","-","-","-","-"
"1938","S. Ficken","S. Ficken","K","","","","injury-status","BYE","-","-","-","-","-","-","-","-","-","-","-","-"
"1939","E. Wallace","E. Wallace","TE","","","","injury-status","BYE","-","-","-","-","-","-","-","-","-","-","-","-"
"1940","M. Hall","M. Hall","WR","","","","injury-status","BYE","-","-","-","-","-","-","-","-","-","-","-","-"
"1941","G. Griffin","G. Griffin","TE","","","","injury-status","BYE","-","-","-","-","-","-","-","-","-","-","-","-"
"1942","R. Horn","R. Horn","WR","","","","injury-status","BYE","-","-","-","-","-","-","-","-","-","-","-","-"
"1943","K. Coleman","K. Coleman","RB","","","","injury-status","BYE","-","-","-","-","-","-","-","-","-","-","-","-"
"1944","R. Morris","R. Morris","RB","","","","injury-status","BYE","-","-","-","-","-","-","-","-","-","-","-","-"
"1945","M. McFarland","M. McFarland","TE","","","","injury-status","BYE","-","-","-","-","-","-","-","-","-","-","-","-"
"1946","J. Richard","J. Richard","RB","LV","8","","injury-status","Final L 10-22 @ LAC","-","-","-","-","-","-","-","-","-","-","-","-"
"1947","J. Simmons","J. Simmons","RB","","","","injury-status","BYE","-","-","-","-","-","-","-","-","-","-","-","-"
"1948","J. Mickens","J. Mickens","WR","","","","injury-status","BYE","-","-","-","-","-","-","-","-","-","-","-","-"
"1949","D. Williams","D. Williams","WR","","","Ques","injury-status questionable","BYE","-","-","-","-","-","-","-","-","-","-","-","-"
"1950","C. Ham","C. Ham","RB","MIN","6","IR","injury-status ir","Final W 28-6 @ NYG","11","2","10","1","5","6","35","-","-","-","-","-"
"1951","A. Rosas","A. Rosas","K","","","Ques","injury-status questionable","BYE","-","-","-","-","-","-","-","-","-","-","-","-"
"1952","A. Ellis","A. Ellis","TE","","","","injury-status","BYE","-","-","-","-","-","-","-","-","-","-","-","-"
"1953","M. Tucker","M. Tucker","WR","","","","injury-status","BYE","-","-","-","-","-","-","-","-","-","-","-","-"
"1954","B. Brown-Dukes","B. Brown-Dukes","RB","","","","injury-status","BYE","-","-","-","-","-","-","-","-","-","-","-","-"
"1955","J. Brown","J. Brown","K","","","","injury-status","BYE","-","-","-","-","-","-","-","-","-","-","-","-"
"1956","E. Penny","E. Penny","RB","","","","injury-status","BYE","-","-","-","-","-","-","-","-","-","-","-","-"
"1957","C. O'Neal","C. O'Neal","RB","","","","injury-status","BYE","-","-","-","-","-","-","-","-","-","-","-","-"
"1958","J. Vander Laan","J. Vander Laan","TE","","","","injury-status","BYE","-","-","-","-","-","-","-","-","-","-","-","-"
"1959","B. Shippen","B. Shippen","WR","","","","injury-status","BYE","-","-","-","-","-","-","-","-","-","-","-","-"
"1960","R. Mullaney","R. Mullaney","WR","","","","injury-status","BYE","-","-","-","-","-","-","-","-","-","-","-","-"
"1961","T. Jones","T. Jones","WR","","","","injury-status","BYE","-","-","-","-","-","-","-","-","-","-","-","-"
"1962","J. Holtz","J. Holtz","TE","","","","injury-status","BYE","-","-","-","-","-","-","-","-","-","-","-","-"
"1963","T. Carson","T. Carson","RB","","","","injury-status","BYE","-","-","-","-","-","-","-","-","-","-","-","-"
"1964","W. Ratelle","W. Ratelle","RB","","","","injury-status","BYE","-","-","-","-","-","-","-","-","-","-","-","-"
"1965","J. Cook","J. Cook","TE","","","","injury-status","BYE","-","-","-","-","-","-","-","-","-","-","-","-"
"1966","J. Perkins","J. Perkins","TE","NYJ","9","","injury-status","Final L 19-32 @ SF","-","-","-","-","-","-","-","-","-","-","-","-"
"1967","J. McKissic","J. McKissic","RB","","","Ques","injury-status questionable","BYE","-","-","-","-","-","-","-","-","-","-","-","-"
"1968","V. Showers","V. Showers","WR","","","","injury-status","BYE","-","-","-","-","-","-","-","-","-","-","-","-"
"1969","R. Diggs","R. Diggs","WR","","","","injury-status","BYE","-","-","-","-","-","-","-","-","-","-","-","-"
"1970","M. Thomas","M. Thomas","WR","","","Ques","injury-status questionable","BYE","-","-","-","-","-","-","-","-","-","-","-","-"
"1971","M. Weiser","M. Weiser","TE","","","","injury-status","BYE","-","-","-","-","-","-","-","-","-","-","-","-"
"1972","Q. Hicks","Q. Hicks","RB","","","","injury-status","BYE","-","-","-","-","-","-","-","-","-","-","-","-"
"1973","S. Vainuku","S. Vainuku","RB","","","","injury-status","BYE","-","-","-","-","-","-","-","-","-","-","-","-"
"1974","J. Williams-Lambert","J. Williams-Lambert","WR","","","","injury-status","BYE","-","-","-","-","-","-","-","-","-","-","-","-"
"1975","T. Lewis","T. Lewis","WR","","","Ques","injury-status questionable","BYE","-","-","-","-","-","-","-","-","-","-","-","-"
"1976","D. Stewart","D. Stewart","WR","","","","injury-status","BYE","-","-","-","-","-","-","-","-","-","-","-","-"
"1977","K. Cartwright","K. Cartwright","TE","","","","injury-status","BYE","-","-","-","-","-","-","-","-","-","-","-","-"
"1978","P. Barber","P. Barber","RB","","","","injury-status","BYE","-","-","-","-","-","-","-","-","-","-","-","-"
"1979","M. Leak","M. Leak","WR","","","","injury-status","BYE","-","-","-","-","-","-","-","-","-","-","-","-"
"1980","C. Rogers","C. Rogers","WR","","","","injury-status","BYE","-","-","-","-","-","-","-","-","-","-","-","-"
"1981","A. Bonnet","A. Bonnet","RB","","","","injury-status","BYE","-","-","-","-","-","-","-","-","-","-","-","-"
"1982","M. Michel","M. Michel","WR","","","","injury-status","BYE","-","-","-","-","-","-","-","-","-","-","-","-"
"1983","B. Williams","B. Williams","TE","","","","injury-status","BYE","-","-","-","-","-","-","-","-","-","-","-","-"
"1984","C. Severin","C. Severin","WR","","","","injury-status","BYE","-","-","-","-","-","-","-","-","-","-","-","-"
"1985","J. Robinson","J. Robinson","WR","","","","injury-status","BYE","-","-","-","-","-","-","-","-","-","-","-","-"
"1986","J. Jones","J. Jones","WR","","","","injury-status","BYE","-","-","-","-","-","-","-","-","-","-","-","-"
"1987","M. Mathews","M. Mathews","WR","","","","injury-status","BYE","-","-","-","-","-","-","-","-","-","-","-","-"
"1988","K. Maye","K. Maye","WR","","","","injury-status","BYE","-","-","-","-","-","-","-","-","-","-","-","-"
"1989","J. McGee","J. McGee","TE","","","","injury-status","BYE","-","-","-","-","-","-","-","-","-","-","-","-"
"1990","D. Williams","D. Williams","WR","","","","injury-status","BYE","-","-","-","-","-","-","-","-","-","-","-","-"
"1991","S. Scheu","S. Scheu","TE","","","","injury-status","BYE","-","-","-","-","-","-","-","-","-","-","-","-"
"1992","G. Allison","G. Allison","WR","","","","injury-status","BYE","-","-","-","-","-","-","-","-","-","-","-","-"
"1993","D. Cajuste","D. Cajuste","WR","","","","injury-status","BYE","-","-","-","-","-","-","-","-","-","-","-","-"
"1994","D. Griswold","D. Griswold","TE","","","","injury-status","BYE","-","-","-","-","-","-","-","-","-","-","-","-"
"1995","S. Anderson","S. Anderson","TE","","","","injury-status","BYE","-","-","-","-","-","-","-","-","-","-","-","-"
"1996","M. Bercovici","M. Bercovici","QB","","","","injury-status","BYE","-","-","-","-","-","-","-","-","-","-","-","-"
"1997","D. Foster","D. Foster","RB","","","","injury-status","BYE","-","-","-","-","-","-","-","-","-","-","-","-"
"1998","C. Brown","C. Brown","WR","","","","injury-status","BYE","-","-","-","-","-","-","-","-","-","-","-","-"
"1999","J. Holton","J. Holton","WR","","","","injury-status","BYE","-","-","-","-","-","-","-","-","-","-","-","-"
"2000","K. Garrett","K. Garrett","WR","","","","injury-status","BYE","-","-","-","-","-","-","-","-","-","-","-","-"
"2001","T. Bertolet","T. Bertolet","K","","","","injury-status","BYE","-","-","-","-","-","-","-","-","-","-","-","-"
"2002","B. Braunecker","B. Braunecker","TE","","","","injury-status","BYE","-","-","-","-","-","-","-","-","-","-","-","-"
"2003","M. North","M. North","WR","","","","injury-status","BYE","-","-","-","-","-","-","-","-","-","-","-","-"
"2004","R. Martin","R. Martin","K","","","","injury-status","BYE","-","-","-","-","-","-","-","-","-","-","-","-"
"2005","J. Stave","J. Stave","QB","","","","injury-status","BYE","-","-","-","-","-","-","-","-","-","-","-","-"
"2006","J. Ferguson","J. Ferguson","RB","","","","injury-status","BYE","-","-","-","-","-","-","-","-","-","-","-","-"
"2007","B. Hoyer","B. Hoyer","QB","","","","injury-status","BYE","-","-","-","-","-","-","-","-","-","-","-","-"
"2008","C. Jones","C. Jones","WR","","","","injury-status","BYE","-","-","-","-","-","-","-","-","-","-","-","-"
"2009","M. Johnson","M. Johnson","WR","","","","injury-status","BYE","-","-","-","-","-","-","-","-","-","-","-","-"
"2010","C. Swain","C. Swain","RB","","","","injury-status","BYE","-","-","-","-","-","-","-","-","-","-","-","-"
"2011","J. Woodrum","J. Woodrum","QB","","","","injury-status","BYE","-","-","-","-","-","-","-","-","-","-","-","-"
"2012","J. Edelman","J. Edelman","WR","","","","injury-status","BYE","-","-","-","-","-","-","-","-","-","-","-","-"
"2013","M. McKay","M. McKay","WR","","","","injury-status","BYE","-","-","-","-","-","-","-","-","-","-","-","-"
"2014","D. Johnson","D. Johnson","RB","","","","injury-status","BYE","-","-","-","-","-","-","-","-","-","-","-","-"
"2015","B. Sandland","B. Sandland","TE","","","","injury-status","BYE","-","-","-","-","-","-","-","-","-","-","-","-"
"2016","K. Lawler","K. Lawler","WR","","","","injury-status","BYE","-","-","-","-","-","-","-","-","-","-","-","-"
"2017","K. Marshall","K. Marshall","RB","","","","injury-status","BYE","-","-","-","-","-","-","-","-","-","-","-","-"
"2018","D. Fuller","D. Fuller","WR","","","","injury-status","BYE","-","-","-","-","-","-","-","-","-","-","-","-"
"2019","D. Washington","D. Washington","RB","","","Ques","injury-status questionable","BYE","-","-","-","-","-","-","-","-","-","-","-","-"
"2020","D. Lucien","D. Lucien","WR","","","","injury-status","BYE","-","-","-","-","-","-","-","-","-","-","-","-"
"2021","D. Jackson","D. Jackson","RB","","","","injury-status","BYE","-","-","-","-","-","-","-","-","-","-","-","-"
"2022","J. Driskel","J. Driskel","QB","WAS","12","","injury-status","Final L 20-37 @ TB","-","-","-","-","-","-","-","-","-","-","-","-"
"2023","C. Core","C. Core","WR","","","Ques","injury-status questionable","BYE","-","-","-","-","-","-","-","-","-","-","-","-"
"2024","D. Watt","D. Watt","RB","","","","injury-status","BYE","-","-","-","-","-","-","-","-","-","-","-","-"
"2025","D. Vitale","D. Vitale","RB","","","","injury-status","BYE","-","-","-","-","-","-","-","-","-","-","-","-"
"2026","K. Listenbee","K. Listenbee","WR","","","","injury-status","BYE","-","-","-","-","-","-","-","-","-","-","-","-"
"2027","J. Rudock","J. Rudock","QB","","","","injury-status","BYE","-","-","-","-","-","-","-","-","-","-","-","-"
"2028","N. Sudfeld","N. Sudfeld","QB","","","","injury-status","BYE","-","-","-","-","-","-","-","-","-","-","-","-"
"2029","J. Grant","J. Grant","WR","","","","injury-status","BYE","-","-","-","-","-","-","-","-","-","-","-","-"
"2030","J. Adams","J. Adams","TE","","","","injury-status","BYE","-","-","-","-","-","-","-","-","-","-","-","-"
"2031","M. Bohringer","M. Bohringer","TE","","","","injury-status","BYE","-","-","-","-","-","-","-","-","-","-","-","-"
"2032","T. Hemingway","T. Hemingway","TE","WAS","12","","injury-status","Final L 20-37 @ TB","-","-","-","-","-","-","-","-","-","-","-","-"
"2033","A. Janovich","A. Janovich","RB","","","","injury-status","BYE","-","-","-","-","-","-","-","-","-","-","-","-"
"2034","R. Fitzpatrick","R. Fitzpatrick","QB","","","","injury-status","BYE","-","-","-","-","-","-","-","-","-","-","-","-"
"2035","R. Higgins","R. Higgins","WR","","","","injury-status","BYE","-","-","-","-","-","-","-","-","-","-","-","-"
"2036","T. Davis","T. Davis","WR","","","","injury-status","BYE","-","-","-","-","-","-","-","-","-","-","-","-"
"2037","K. Hogan","K. Hogan","QB","","","","injury-status","BYE","-","-","-","-","-","-","-","-","-","-","-","-"
"2038","J. Williams","J. Williams","RB","","","Ques","injury-status questionable","BYE","-","-","-","-","-","-","-","-","-","-","-","-"
"2039","P. Rivers","P. Rivers","QB","","","","injury-status","BYE","-","-","-","-","-","-","-","-","-","-","-","-"
"2040","W. Smallwood","W. Smallwood","RB","WAS","12","","injury-status","Final L 20-37 @ TB","-","-","-","-","-","-","-","-","-","-","-","-"
"2041","J. Howard","J. Howard","RB","","","","injury-status","BYE","-","-","-","-","-","-","-","-","-","-","-","-"
"2042","D. Washington","D. Washington","RB","","","","injury-status","BYE","-","-","-","-","-","-","-","-","-","-","-","-"
"2043","T. Sharpe","T. Sharpe","WR","","","Ques","injury-status questionable","BYE","-","-","-","-","-","-","-","-","-","-","-","-"
"2044","S. DeValve","S. DeValve","TE","","","","injury-status","BYE","-","-","-","-","-","-","-","-","-","-","-","-"
"2045","T. Ervin","T. Ervin","RB","","","Ques","injury-status questionable","BYE","-","-","-","-","-","-","-","-","-","-","-","-"
"2046","P. Cooper","P. Cooper","WR","","","","injury-status","BYE","-","-","-","-","-","-","-","-","-","-","-","-"
"2047","B. Kaufusi","B. Kaufusi","TE","GB","5","","injury-status","Final L 29-34 @ PHI","-","-","-","-","-","-","-","-","-","-","-","-"
"2048","P. Perkins","P. Perkins","RB","","","","injury-status","BYE","-","-","-","-","-","-","-","-","-","-","-","-"
"2049","D. Booker","D. Booker","RB","","","","injury-status","BYE","-","-","-","-","-","-","-","-","-","-","-","-"
"2050","K. Dixon","K. Dixon","RB","","","","injury-status","BYE","-","-","-","-","-","-","-","-","-","-","-","-"
"2051","C. Kessler","C. Kessler","QB","","","","injury-status","BYE","-","-","-","-","-","-","-","-","-","-","-","-"
"2052","C. Prosise","C. Prosise","RB","","","","injury-status","BYE","-","-","-","-","-","-","-","-","-","-","-","-"
"2053","J. Doctson","J. Doctson","WR","","","","injury-status","BYE","-","-","-","-","-","-","-","-","-","-","-","-"
"2054","C. Coleman","C. Coleman","WR","","","","injury-status","BYE","-","-","-","-","-","-","-","-","-","-","-","-"
"2055","P. Lynch","P. Lynch","QB","","","","injury-status","BYE","-","-","-","-","-","-","-","-","-","-","-","-"
"2056","W. Fuller","W. Fuller","WR","","","Ques","injury-status questionable","BYE","-","-","-","-","-","-","-","-","-","-","-","-"
"2057","L. Treadwell","L. Treadwell","WR","IND","11","","injury-status","Final L 27-29 vs HOU","-","-","-","-","-","-","-","-","-","-","-","-"
"2058","X. Rush","X. Rush","WR","","","","injury-status","BYE","-","-","-","-","-","-","-","-","-","-","-","-"
"2059","A. Dable","A. Dable","WR","","","","injury-status","BYE","-","-","-","-","-","-","-","-","-","-","-","-"
"2060","M. Slater","M. Slater","WR","","","","injury-status","BYE","-","-","-","-","-","-","-","-","-","-","-","-"
"2061","J. Johnson","J. Johnson","WR","","","","injury-status","BYE","-","-","-","-","-","-","-","-","-","-","-","-"
"2062","C. Manhertz","C. Manhertz","TE","NYG","14","","injury-status","Final L 6-28 vs MIN","11","-","-","-","3","4","30","1","-","-","-","-"
"2063","G. Sinclair","G. Sinclair","TE","","","","injury-status","BYE","-","-","-","-","-","-","-","-","-","-","-","-"
"2064","R. Travis","R. Travis","TE","","","","injury-status","BYE","-","-","-","-","-","-","-","-","-","-","-","-"
"2065","M. Lengel","M. Lengel","TE","","","","injury-status","BYE","-","-","-","-","-","-","-","-","-","-","-","-"
"2066","M. Wile","M. Wile","P, K","","","","injury-status","BYE","-","-","-","-","-","-","-","-","-","-","-","-"
"2067","B. Cottom","B. Cottom","RB","","","","injury-status","BYE","-","-","-","-","-","-","-","-","-","-","-","-"
"2068","M. LaCosse","M. LaCosse","TE","NE","14","","injury-status","Final W 16-10 @ CIN","-","-","-","-","-","-","-","-","-","-","-","-"
"2069","D. Lawrence","D. Lawrence","WR","","","","injury-status","BYE","-","-","-","-","-","-","-","-","-","-","-","-"
"2070","D. Foxx","D. Foxx","WR","","","","injury-status","BYE","-","-","-","-","-","-","-","-","-","-","-","-"
"2071","B. Vogler","B. Vogler","TE","","","","injury-status","BYE","-","-","-","-","-","-","-","-","-","-","-","-"
"2072","R. Smith","R. Smith","RB","","","","injury-status","BYE","-","-","-","-","-","-","-","-","-","-","-","-"
"2073","D. Brees","D. Brees","QB","","","","injury-status","BYE","-","-","-","-","-","-","-","-","-","-","-","-"
"2074","Z. Laskey","Z. Laskey","RB","","","","injury-status","BYE","-","-","-","-","-","-","-","-","-","-","-","-"
"2075","D. Walker","D. Walker","TE","","","","injury-status","BYE","-","-","-","-","-","-","-","-","-","-","-","-"
"2076","K. Cook","K. Cook","WR","","","","injury-status","BYE","-","-","-","-","-","-","-","-","-","-","-","-"
"2077","A. Humphries","A. Humphries","WR","","","","injury-status","BYE","-","-","-","-","-","-","-","-","-","-","-","-"
"2078","J. Kumerow","J. Kumerow","WR","","","Ques","injury-status questionable","BYE","-","-","-","-","-","-","-","-","-","-","-","-"
"2079","M. Meyer","M. Meyer","K","","","","injury-status","BYE","-","-","-","-","-","-","-","-","-","-","-","-"
"2080","M. Palardy","M. Palardy","P, K - ARI(8)","","","","injury-status","Final L 28-34 @ BUF","-","-","-","-","-","-","-","-","-","-","-","-"
"2081","D. White","D. White","WR","","","Ques","injury-status questionable","BYE","-","-","-","-","-","-","-","-","-","-","-","-"
"2082","G. Johnson","G. Johnson","RB","","","","injury-status","BYE","-","-","-","-","-","-","-","-","-","-","-","-"
"2083","E. Tomlinson","E. Tomlinson","TE","LAC","12","","injury-status","Final W 22-10 vs LV","2","-","-","-","2","4","9","-","-","-","-","-"
"2084","R. Bailey","R. Bailey","WR","","","","injury-status","BYE","-","-","-","-","-","-","-","-","-","-","-","-"
"2085","D. Brown","D. Brown","TE","","","Ques","injury-status questionable","BYE","-","-","-","-","-","-","-","-","-","-","-","-"
"2086","A. Smith","A. Smith","QB","","","","injury-status","BYE","-","-","-","-","-","-","-","-","-","-","-","-"
"2087","J. Lambo","J. Lambo","K","","","","injury-status","BYE","-","-","-","-","-","-","-","-","-","-","-","-"
"2088","T. Long","T. Long","P, K","","","","injury-status","BYE","-","-","-","-","-","-","-","-","-","-","-","-"
"2089","J. Heaps","J. Heaps","QB","","","","injury-status","BYE","-","-","-","-","-","-","-","-","-","-","-","-"
"2090","D. Jennings","D. Jennings","WR","","","","injury-status","BYE","-","-","-","-","-","-","-","-","-","-","-","-"
"2091","T. Semisch","T. Semisch","TE","","","","injury-status","BYE","-","-","-","-","-","-","-","-","-","-","-","-"
"2092","A. Goodley","A. Goodley","WR","","","","injury-status","BYE","-","-","-","-","-","-","-","-","-","-","-","-"
"2093","M. Brown","M. Brown","RB","","","","injury-status","BYE","-","-","-","-","-","-","-","-","-","-","-","-"
"2094","D. Anderson","D. Anderson","WR","","","","injury-status","BYE","-","-","-","-","-","-","-","-","-","-","-","-"
"2095","T. Williams","T. Williams","WR","","","Ques","injury-status questionable","BYE","-","-","-","-","-","-","-","-","-","-","-","-"
"2096","T. Davis","T. Davis","WR","","","","injury-status","BYE","-","-","-","-","-","-","-","-","-","-","-","-"
"2097","Z. Zenner","Z. Zenner","RB","","","","injury-status","BYE","-","-","-","-","-","-","-","-","-","-","-","-"
"2098","R. Anderson","R. Anderson","TE","","","","injury-status","BYE","-","-","-","-","-","-","-","-","-","-","-","-"
"2099","G. Swaim","G. Swaim","TE","CLE","9","Ques","injury-status questionable","Final L 17-33 vs DAL","1","-","-","-","1","1","7","-","-","-","-","-"
"2100","D. Brown","D. Brown","WR","","","","injury-status","BYE","-","-","-","-","-","-","-","-","-","-","-","-"
"2101","B. Koyack","B. Koyack","TE","","","","injury-status","BYE","-","-","-","-","-","-","-","-","-","-","-","-"
"2102","D. Waller","D. Waller","TE","","","","injury-status","BYE","-","-","-","-","-","-","-","-","-","-","-","-"
"2103","M. Johnson","M. Johnson","RB","","","","injury-status","BYE","-","-","-","-","-","-","-","-","-","-","-","-"
"2104","N. O'Leary","N. O'Leary","TE","","","Ques","injury-status questionable","BYE","-","-","-","-","-","-","-","-","-","-","-","-"
"2105","G. Davis","G. Davis","WR","","","","injury-status","BYE","-","-","-","-","-","-","-","-","-","-","-","-"
"2106","J. O'Shaughnessy","J. O'Shaughnessy","TE","","","","injury-status","BYE","-","-","-","-","-","-","-","-","-","-","-","-"
"2107","N. Boyle","N. Boyle","TE","","","","injury-status","BYE","-","-","-","-","-","-","-","-","-","-","-","-"
"2108","M. Burton","M. Burton","RB","DEN","12","IR","injury-status ir","Final L 20-26 @ SEA","24","7","8","1","10","10","65","1","-","-","-","-"
"2109","K. Bell","K. Bell","WR","","","","injury-status","BYE","-","-","-","-","-","-","-","-","-","-","-","-"
"2110","J. James","J. James","TE","","","","injury-status","BYE","-","-","-","-","-","-","-","-","-","-","-","-"
"2111","J. Nelson","J. Nelson","WR","","","","injury-status","BYE","-","-","-","-","-","-","-","-","-","-","-","-"
"2112","C. Uzomah","C. Uzomah","TE","PHI","9","Ques","injury-status questionable","Final W 34-29 vs GB","-","-","-","-","-","-","-","-","-","-","-","-"
"2113","D. Sproles","D. Sproles","RB","","","","injury-status","BYE","-","-","-","-","-","-","-","-","-","-","-","-"
"2114","J. Ajayi","J. Ajayi","RB","","","","injury-status","BYE","-","-","-","-","-","-","-","-","-","-","-","-"
"2115","B. Hundley","B. Hundley","QB","","","","injury-status","BYE","-","-","-","-","-","-","-","-","-","-","-","-"
"2116","M. Davis","M. Davis","RB","","","","injury-status","BYE","-","-","-","-","-","-","-","-","-","-","-","-"
"2117","J. Allen","J. Allen","RB","","","","injury-status","BYE","-","-","-","-","-","-","-","-","-","-","-","-"
"2118","B. Bell","B. Bell","TE","","","","injury-status","BYE","-","-","-","-","-","-","-","-","-","-","-","-"
"2119","J. Hardy","J. Hardy","WR","","","","injury-status","BYE","-","-","-","-","-","-","-","-","-","-","-","-"
"2120","M. Ryan","M. Ryan","QB","","","","injury-status","BYE","-","-","-","-","-","-","-","-","-","-","-","-"
"2121","T. Montgomery","T. Montgomery","RB","","","","injury-status","BYE","-","-","-","-","-","-","-","-","-","-","-","-"
"2122","J. Heuerman","J. Heuerman","TE","","","","injury-status","BYE","-","-","-","-","-","-","-","-","-","-","-","-"
"2123","S. Mannion","S. Mannion","QB","","","","injury-status","BYE","-","-","-","-","-","-","-","-","-","-","-","-"
"2124","D. Johnson","D. Johnson","RB","","","","injury-status","BYE","-","-","-","-","-","-","-","-","-","-","-","-"
"2125","T. Kroft","T. Kroft","TE","","","","injury-status","BYE","-","-","-","-","-","-","-","-","-","-","-","-"
"2126","D. Johnson","D. Johnson","RB","","","","injury-status","BYE","-","-","-","-","-","-","-","-","-","-","-","-"
"2127","T. Coleman","T. Coleman","RB","","","","injury-status","BYE","-","-","-","-","-","-","-","-","-","-","-","-"
"2128","C. Walford","C. Walford","TE","","","","injury-status","BYE","-","-","-","-","-","-","-","-","-","-","-","-"
"2129","M. Williams","M. Williams","TE","","","","injury-status","BYE","-","-","-","-","-","-","-","-","-","-","-","-"
"2130","D. Funchess","D. Funchess","TE","","","","injury-status","BYE","-","-","-","-","-","-","-","-","-","-","-","-"
"2131","D. Smith","D. Smith","WR","","","","injury-status","BYE","-","-","-","-","-","-","-","-","-","-","-","-"
"2132","T. Yeldon","T. Yeldon","RB","","","","injury-status","BYE","-","-","-","-","-","-","-","-","-","-","-","-"
"2133","P. Dorsett","P. Dorsett","WR","ATL","5","","injury-status","Final L 10-18 vs PIT","-","-","-","-","-","-","-","-","-","-","-","-"
"2134","B. Perriman","B. Perriman","WR","","","","injury-status","BYE","-","-","-","-","-","-","-","-","-","-","-","-"
"2135","M. Moore","M. Moore","QB","","","","injury-status","BYE","-","-","-","-","-","-","-","-","-","-","-","-"
"2136","F. Gore","F. Gore","RB","","","","injury-status","BYE","-","-","-","-","-","-","-","-","-","-","-","-"
"2137","D. Parker","D. Parker","WR","","","","injury-status","BYE","-","-","-","-","-","-","-","-","-","-","-","-"
"2138","T. Gurley","T. Gurley","RB","","","","injury-status","BYE","-","-","-","-","-","-","-","-","-","-","-","-"
"2139","K. White","K. White","WR","","","","injury-status","BYE","-","-","-","-","-","-","-","-","-","-","-","-"
"2140","J. Cunningham","J. Cunningham","TE","","","","injury-status","BYE","-","-","-","-","-","-","-","-","-","-","-","-"
"2141","J. Witten","J. Witten","TE","","","","injury-status","BYE","-","-","-","-","-","-","-","-","-","-","-","-"
"2142","D. Inman","D. Inman","WR","","","","injury-status","BYE","-","-","-","-","-","-","-","-","-","-","-","-"
"2143","P. Richardson","P. Richardson","WR","","","","injury-status","BYE","-","-","-","-","-","-","-","-","-","-","-","-"
"2144","T. Millard","T. Millard","RB","","","","injury-status","BYE","-","-","-","-","-","-","-","-","-","-","-","-"
"2145","C. Hyde","C. Hyde","RB","","","","injury-status","BYE","-","-","-","-","-","-","-","-","-","-","-","-"
"2146","J. Brown","J. Brown","WR","","","","injury-status","BYE","-","-","-","-","-","-","-","-","-","-","-","-"
"2147","L. Fitzgerald","L. Fitzgerald","WR","","","","injury-status","BYE","-","-","-","-","-","-","-","-","-","-","-","-"
"2148","G. Gilbert","G. Gilbert","QB","","","","injury-status","BYE","-","-","-","-","-","-","-","-","-","-","-","-"
"2149","C. Brate","C. Brate","TE","","","","injury-status","BYE","-","-","-","-","-","-","-","-","-","-","-","-"
"2150","M. Lucas","M. Lucas","WR","","","","injury-status","BYE","-","-","-","-","-","-","-","-","-","-","-","-"
"2151","R. Nix","R. Nix","RB","","","","injury-status","BYE","-","-","-","-","-","-","-","-","-","-","-","-"
"2152","D. Freeman","D. Freeman","RB","","","","injury-status","BYE","-","-","-","-","-","-","-","-","-","-","-","-"
"2153","T. Bridgewater","T. Bridgewater","QB","DET","9","","injury-status","Final W 26-20 vs LAR","-","-","-","-","-","-","-","-","-","-","-","-"
"2154","R. Rodgers","R. Rodgers","TE","","","Ques","injury-status questionable","BYE","-","-","-","-","-","-","-","-","-","-","-","-"
"2155","R. Neal","R. Neal","RB","","","","injury-status","BYE","-","-","-","-","-","-","-","-","-","-","-","-"
"2156","T. Jones","T. Jones","WR","","","","injury-status","BYE","-","-","-","-","-","-","-","-","-","-","-","-"
"2157","E. Ebron","E. Ebron","TE","PIT","5","","injury-status","Final W 18-10 @ ATL","-","-","-","-","-","-","-","-","-","-","-","-"
"2158","S. Perry","S. Perry","RB","","","","injury-status","BYE","-","-","-","-","-","-","-","-","-","-","-","-"
"2159","D. Fales","D. Fales","QB","","","","injury-status","BYE","-","-","-","-","-","-","-","-","-","-","-","-"
"2160","R. Grant","R. Grant","WR","","","","injury-status","BYE","-","-","-","-","-","-","-","-","-","-","-","-"
"2161","X. Grimble","X. Grimble","TE","","","","injury-status","BYE","-","-","-","-","-","-","-","-","-","-","-","-"
"2162","J. McCown","J. McCown","QB","","","","injury-status","BYE","-","-","-","-","-","-","-","-","-","-","-","-"
"2163","K. Smith","K. Smith","RB","","","Ques","injury-status questionable","BYE","-","-","-","-","-","-","-","-","-","-","-","-"
"2164","S. Simonson","S. Simonson","TE","","","","injury-status","BYE","-","-","-","-","-","-","-","-","-","-","-","-"
"2165","S. Roberts","S. Roberts","WR","","","","injury-status","BYE","-","-","-","-","-","-","-","-","-","-","-","-"
"2166","A. Wilson","A. Wilson","WR","","","","injury-status","BYE","-","-","-","-","-","-","-","-","-","-","-","-"
"2167","D. Thomas","D. Thomas","WR","","","","injury-status","BYE","-","-","-","-","-","-","-","-","-","-","-","-"
"2168","C. Latimer","C. Latimer","WR","","","","injury-status","BYE","-","-","-","-","-","-","-","-","-","-","-","-"
"2169","B. Fowler","B. Fowler","WR","","","","injury-status","BYE","-","-","-","-","-","-","-","-","-","-","-","-"
"2170","V. Davis","V. Davis","TE","","","","injury-status","BYE","-","-","-","-","-","-","-","-","-","-","-","-"
"2171","M. Lee","M. Lee","WR","","","","injury-status","BYE","-","-","-","-","-","-","-","-","-","-","-","-"
"2172","A. Hurns","A. Hurns","WR","MIA","12","Ques","injury-status questionable","Final W 20-17 vs JAX","-","-","-","-","-","-","-","-","-","-","-","-"
"2173","B. Bortles","B. Bortles","QB","NO","11","","injury-status","Final W 47-10 vs CAR","-","-","-","-","-","-","-","-","-","-","-","-"
"2174","C. Parkey","C. Parkey","K","","","","injury-status","BYE","-","-","-","-","-","-","-","-","-","-","-","-"
"2175","D. Moncrief","D. Moncrief","WR","","","Ques","injury-status questionable","BYE","-","-","-","-","-","-","-","-","-","-","-","-"
"2176","D. Walker","D. Walker","WR","","","","injury-status","BYE","-","-","-","-","-","-","-","-","-","-","-","-"
"2177","M. Bryant","M. Bryant","WR","","","","injury-status","BYE","-","-","-","-","-","-","-","-","-","-","-","-"
"2178","W. Snead","W. Snead","WR","","","","injury-status","BYE","-","-","-","-","-","-","-","-","-","-","-","-"
"2179","T. Gabriel","T. Gabriel","WR","","","","injury-status","BYE","-","-","-","-","-","-","-","-","-","-","-","-"
"2180","A. McCarron","A. McCarron","QB","","","","injury-status","BYE","-","-","-","-","-","-","-","-","-","-","-","-"
"2181","S. Evans","S. Evans","WR","","","","injury-status","BYE","-","-","-","-","-","-","-","-","-","-","-","-"
"2182","Q. Enunwa","Q. Enunwa","WR","","","","injury-status","BYE","-","-","-","-","-","-","-","-","-","-","-","-"
"2183","J. White","J. White","RB","","","","injury-status","BYE","-","-","-","-","-","-","-","-","-","-","-","-"
"2184","S. Houston","S. Houston","RB","","","","injury-status","BYE","-","-","-","-","-","-","-","-","-","-","-","-"
"2185","A. Peterson","A. Peterson","RB","","","","injury-status","BYE","-","-","-","-","-","-","-","-","-","-","-","-"
"2186","D. Williams","D. Williams","RB","","","Ques","injury-status questionable","BYE","-","-","-","-","-","-","-","-","-","-","-","-"
"2187","J. Landry","J. Landry","WR","","","","injury-status","BYE","-","-","-","-","-","-","-","-","-","-","-","-"
"2188","S. Watkins","S. Watkins","WR","","","","injury-status","BYE","-","-","-","-","-","-","-","-","-","-","-","-"
"2189","D. Stanton","D. Stanton","QB","","","","injury-status","BYE","-","-","-","-","-","-","-","-","-","-","-","-"
"2190","D. Fluellen","D. Fluellen","RB","","","","injury-status","BYE","-","-","-","-","-","-","-","-","-","-","-","-"
"2191","T. Burton","T. Burton","TE","","","","injury-status","BYE","-","-","-","-","-","-","-","-","-","-","-","-"
"2192","M. Schaub","M. Schaub","QB","","","","injury-status","BYE","-","-","-","-","-","-","-","-","-","-","-","-"
"2193","J. Hill","J. Hill","TE","","","","injury-status","BYE","-","-","-","-","-","-","-","-","-","-","-","-"
"2194","D. Carrier","D. Carrier","TE","","","","injury-status","BYE","-","-","-","-","-","-","-","-","-","-","-","-"
"2195","J. Doyle","J. Doyle","TE","IND","11","","injury-status","Final L 27-29 vs HOU","-","-","-","-","-","-","-","-","-","-","-","-"
"2196","E. Rogers","E. Rogers","WR","","","","injury-status","BYE","-","-","-","-","-","-","-","-","-","-","-","-"
"2197","B. Williams","B. Williams","TE","","","","injury-status","BYE","-","-","-","-","-","-","-","-","-","-","-","-"
"2198","Z. Line","Z. Line","RB","","","","injury-status","BYE","-","-","-","-","-","-","-","-","-","-","-","-"
"2199","J. Brown","J. Brown","WR","","","","injury-status","BYE","-","-","-","-","-","-","-","-","-","-","-","-"
"2200","U. Nwachukwu","U. Nwachukwu","WR","","","","injury-status","BYE","-","-","-","-","-","-","-","-","-","-","-","-"
"2201","T. Brady","T. Brady","QB","","","","injury-status","BYE","-","-","-","-","-","-","-","-","-","-","-","-"
"2202","T. Sinkfield","T. Sinkfield","WR","","","","injury-status","BYE","-","-","-","-","-","-","-","-","-","-","-","-"
"2203","L. Toilolo","L. Toilolo","TE","NYG","14","Ques","injury-status questionable","Final L 6-28 vs MIN","-","-","-","-","-","-","-","-","-","-","-","-"
"2204","D. Harris","D. Harris","TE","","","","injury-status","BYE","-","-","-","-","-","-","-","-","-","-","-","-"
"2205","T. Bray","T. Bray","QB","","","","injury-status","BYE","-","-","-","-","-","-","-","-","-","-","-","-"
"2206","N. Williams","N. Williams","WR","DEN","12","","injury-status","Final L 20-26 @ SEA","-","-","-","-","-","-","-","-","-","-","-","-"
"2207","L. Willson","L. Willson","TE","","","","injury-status","BYE","-","-","-","-","-","-","-","-","-","-","-","-"
"2208","S. Ware","S. Ware","RB","","","","injury-status","BYE","-","-","-","-","-","-","-","-","-","-","-","-"
"2209","D. Fells","D. Fells","TE","TB","9","","injury-status","Final W 37-20 vs WAS","-","-","-","-","-","-","-","-","-","-","-","-"
"2210","V. McDonald","V. McDonald","TE","","","","injury-status","BYE","-","-","-","-","-","-","-","-","-","-","-","-"
"2211","T. Austin","T. Austin","WR","","","","injury-status","BYE","-","-","-","-","-","-","-","-","-","-","-","-"
"2212","M. Glennon","M. Glennon","QB","","","","injury-status","BYE","-","-","-","-","-","-","-","-","-","-","-","-"
"2213","K. Stills","K. Stills","WR","","","","injury-status","BYE","-","-","-","-","-","-","-","-","-","-","-","-"
"2214","R. Griffin","R. Griffin","QB","","","","injury-status","BYE","-","-","-","-","-","-","-","-","-","-","-","-"
"2215","K. Barner","K. Barner","RB","","","","injury-status","BYE","-","-","-","-","-","-","-","-","-","-","-","-"
"2216","T. Riddick","T. Riddick","RB","","","","injury-status","BYE","-","-","-","-","-","-","-","-","-","-","-","-"
"2217","C. Thompson","C. Thompson","RB","","","","injury-status","BYE","-","-","-","-","-","-","-","-","-","-","-","-"
"2218","J. Reed","J. Reed","TE","","","","injury-status","BYE","-","-","-","-","-","-","-","-","-","-","-","-"
"2219","D. Jackson","D. Jackson","WR","","","","injury-status","BYE","-","-","-","-","-","-","-","-","-","-","-","-"
"2220","C. Anderson","C. Anderson","RB","","","","injury-status","BYE","-","-","-","-","-","-","-","-","-","-","-","-"
"2221","R. Griffin","R. Griffin","TE","","","","injury-status","BYE","-","-","-","-","-","-","-","-","-","-","-","-"
"2222","L. Bell","L. Bell","RB","TB","9","","injury-status","Final W 37-20 vs WAS","-","-","-","-","-","-","-","-","-","-","-","-"
"2223","T. Eifert","T. Eifert","TE","","","","injury-status","BYE","-","-","-","-","-","-","-","-","-","-","-","-"
"2224","R. Burkhead","R. Burkhead","RB","","","","injury-status","BYE","-","-","-","-","-","-","-","-","-","-","-","-"
"2225","G. Bernard","G. Bernard","RB","","","","injury-status","BYE","-","-","-","-","-","-","-","-","-","-","-","-"
"2226","B. Roethlisberger","B. Roethlisberger","QB","PIT","5","","injury-status","Final W 18-10 @ ATL","-","-","-","-","-","-","-","-","-","-","-","-"
"2227","M. Barkley","M. Barkley","QB","","","","injury-status","BYE","-","-","-","-","-","-","-","-","-","-","-","-"
"2228","R. Shepard","R. Shepard","WR","","","","injury-status","BYE","-","-","-","-","-","-","-","-","-","-","-","-"
"2229","C. Hogan","C. Hogan","WR","","","","injury-status","BYE","-","-","-","-","-","-","-","-","-","-","-","-"
"2230","J. Bellamy","J. Bellamy","WR","","","","injury-status","BYE","-","-","-","-","-","-","-","-","-","-","-","-"
"2231","J. Olawale","J. Olawale","RB","","","","injury-status","BYE","-","-","-","-","-","-","-","-","-","-","-","-"
"2232","P. DiMarco","P. DiMarco","RB","","","","injury-status","BYE","-","-","-","-","-","-","-","-","-","-","-","-"
"2233","J. Develin","J. Develin","RB","","","","injury-status","BYE","-","-","-","-","-","-","-","-","-","-","-","-"
"2234","J. Kearse","J. Kearse","WR","","","","injury-status","BYE","-","-","-","-","-","-","-","-","-","-","-","-"
"2235","K. Forbath","K. Forbath","K","","","","injury-status","BYE","-","-","-","-","-","-","-","-","-","-","-","-"
"2236","F. Owusu","F. Owusu","WR","","","","injury-status","BYE","-","-","-","-","-","-","-","-","-","-","-","-"
"2237","M. Bryant","M. Bryant","K","","","","injury-status","BYE","-","-","-","-","-","-","-","-","-","-","-","-"
"2238","A. Tanney","A. Tanney","QB","","","","injury-status","BYE","-","-","-","-","-","-","-","-","-","-","-","-"
"2239","D. Garrison","D. Garrison","TE","","","","injury-status","BYE","-","-","-","-","-","-","-","-","-","-","-","-"
"2240","J. Gordon","J. Gordon","WR","","","","injury-status","BYE","-","-","-","-","-","-","-","-","-","-","-","-"
"2241","A. Hale","A. Hale","K","GB","5","Ques","injury-status questionable","Final L 29-34 @ PHI","-","-","-","-","-","-","-","-","-","-","-","-"
"2242","G. Spivey","G. Spivey","TE","","","","injury-status","BYE","-","-","-","-","-","-","-","-","-","-","-","-"
"2243","K. Robinson","K. Robinson","RB","","","","injury-status","BYE","-","-","-","-","-","-","-","-","-","-","-","-"
"2244","B. Bryant","B. Bryant","QB","","","","injury-status","BYE","-","-","-","-","-","-","-","-","-","-","-","-"
"2245","R. Starkey","R. Starkey","WR","","","Ques","injury-status questionable","BYE","-","-","-","-","-","-","-","-","-","-","-","-"
"2246","D. Wallis","D. Wallis","WR","","","","injury-status","BYE","-","-","-","-","-","-","-","-","-","-","-","-"
"2247","H. El-Zayat","H. El-Zayat","WR","","","Ques","injury-status questionable","BYE","-","-","-","-","-","-","-","-","-","-","-","-"
"2248","T. Jennings","T. Jennings","RB","NE","14","","injury-status","Final W 16-10 @ CIN","3","13","33","-","-","1","-","-","-","-","-","-"
"2249","J. Jackson","J. Jackson","WR","CHI","5","","injury-status","Final W 24-17 vs TEN","-","-","-","-","-","-","-","-","-","-","-","-"
"2250","M. Hiers","M. Hiers","QB","","","","injury-status","BYE","-","-","-","-","-","-","-","-","-","-","-","-"
"2251","C. Theaker","C. Theaker","K","","","","injury-status","BYE","-","-","-","-","-","-","-","-","-","-","-","-"
"2252","V. Ambrosio","V. Ambrosio","K","","","","injury-status","BYE","-","-","-","-","-","-","-","-","-","-","-","-"
"2253","R. Jefferson","R. Jefferson","RB","","","","injury-status","BYE","-","-","-","-","-","-","-","-","-","-","-","-"
"2254","C. Chapman","C. Chapman","WR","","","","injury-status","BYE","-","-","-","-","-","-","-","-","-","-","-","-"
"2255","J. Janke","J. Janke","WR","","","Ques","injury-status questionable","BYE","-","-","-","-","-","-","-","-","-","-","-","-"
"2256","T. Knue","T. Knue","WR","TB","9","","injury-status","Final W 37-20 vs WAS","-","-","-","-","-","-","-","-","-","-","-","-"
"2257","T. Mosley","T. Mosley","WR","","","","injury-status","BYE","-","-","-","-","-","-","-","-","-","-","-","-"
"2258","H. Rucci","H. Rucci","TE","","","","injury-status","BYE","-","-","-","-","-","-","-","-","-","-","-","-"
"2259","J. Jiles","J. Jiles","WR","NE","14","","injury-status","Final W 16-10 @ CIN","-","-","-","-","-","-","-","-","-","-","-","-"
"2260","B. Bates","B. Bates","TE","CLE","9","","injury-status","Final L 17-33 vs DAL","-","-","-","-","-","1","-","-","-","-","-","-"
"2261","P. LeBlanc","P. LeBlanc","WR","","","","injury-status","BYE","-","-","-","-","-","-","-","-","-","-","-","-"
"2262","V. Blanchard","V. Blanchard","K","","","","injury-status","BYE","-","-","-","-","-","-","-","-","-","-","-","-"
"2263","P. Olatoke","P. Olatoke","WR","CAR","14","","injury-status","Final L 10-47 @ NO","-","-","-","-","-","-","-","-","-","-","-","-"
"2264","X. Wade","X. Wade","WR","","","","injury-status","BYE","-","-","-","-","-","-","-","-","-","-","-","-"
"2265","A. Dennis","A. Dennis","QB","","","","injury-status","BYE","-","-","-","-","-","-","-","-","-","-","-","-"
"2266","L. Jones","L. Jones","WR","","","","injury-status","BYE","-","-","-","-","-","-","-","-","-","-","-","-"
"2267","D. Martin-Robinson","D. Martin-Robinson","TE","TEN","10","","injury-status","Final L 17-24 @ CHI","1","-","-","-","1","2","6","-","-","-","-","-"
"2268","J. Small","J. Small","RB","TEN","10","Ques","injury-status questionable","Final L 17-24 @ CHI","-","-","-","-","-","-","-","-","-","-","-","-"
"2269","T. Pratt","T. Pratt","WR","","","","injury-status","BYE","-","-","-","-","-","-","-","-","-","-","-","-"
"2270","E. Dean","E. Dean","TE","","","","injury-status","BYE","-","-","-","-","-","-","-","-","-","-","-","-"
"2271","J. Moussa","J. Moussa","QB","","","","injury-status","BYE","-","-","-","-","-","-","-","-","-","-","-","-"
"2272","A. Grant","A. Grant","RB","","","","injury-status","BYE","-","-","-","-","-","-","-","-","-","-","-","-"
"2273","M. Stepp","M. Stepp","RB","","","Ques","injury-status questionable","BYE","-","-","-","-","-","-","-","-","-","-","-","-"
"2274","A. Larson","A. Larson","TE","","","","injury-status","BYE","-","-","-","-","-","-","-","-","-","-","-","-"
"2275","D. Joyner","D. Joyner","WR","","","","injury-status","BYE","-","-","-","-","-","-","-","-","-","-","-","-"
"2276","W. Thompson","W. Thompson","QB","","","","injury-status","BYE","-","-","-","-","-","-","-","-","-","-","-","-"
"2277","T. Pickering","T. Pickering","TE","","","","injury-status","BYE","-","-","-","-","-","-","-","-","-","-","-","-"
"2278","R. Turbin","R. Turbin","RB","","","","injury-status","BYE","-","-","-","-","-","-","-","-","-","-","-","-"
"2279","B. Corrales","B. Corrales","WR","","","","injury-status","BYE","-","-","-","-","-","-","-","-","-","-","-","-"
"2280","N. Rauschenberg","N. Rauschenberg","K","","","","injury-status","BYE","-","-","-","-","-","-","-","-","-","-","-","-"
"2281","D. George","D. George","WR","","","","injury-status","BYE","-","-","-","-","-","-","-","-","-","-","-","-"
"2282","S. Evans","S. Evans","RB","","","","injury-status","BYE","-","-","-","-","-","-","-","-","-","-","-","-"
"2283","L. Webb","L. Webb","RB","","","","injury-status","BYE","-","-","-","-","-","-","-","-","-","-","-","-"
"2284","J. Lingenfelter","J. Lingenfelter","TE","","","","injury-status","BYE","-","-","-","-","-","-","-","-","-","-","-","-"
"2285","K. Horton","K. Horton","WR","","","","injury-status","BYE","-","-","-","-","-","-","-","-","-","-","-","-"
"2286","D. Caton","D. Caton","WR","","","","injury-status","BYE","-","-","-","-","-","-","-","-","-","-","-","-"
"2287","M. Severance","M. Severance","RB","","","","injury-status","BYE","-","-","-","-","-","-","-","-","-","-","-","-"
"2288","C. Peterson","C. Peterson","QB","","","","injury-status","BYE","-","-","-","-","-","-","-","-","-","-","-","-"
"2289","M. Herzog","M. Herzog","RB","","","","injury-status","BYE","-","-","-","-","-","-","-","-","-","-","-","-"
"2290","D. McDuffie","D. McDuffie","RB","","","","injury-status","BYE","-","-","-","-","-","-","-","-","-","-","-","-"
"2291","D. Stanley","D. Stanley","WR","","","","injury-status","BYE","-","-","-","-","-","-","-","-","-","-","-","-"
"2292","J. Sirmon","J. Sirmon","QB","","","","injury-status","BYE","-","-","-","-","-","-","-","-","-","-","-","-"
"2293","J. Matocha","J. Matocha","QB","","","","injury-status","BYE","-","-","-","-","-","-","-","-","-","-","-","-"
"2294","R. Mobley","R. Mobley","WR","","","","injury-status","BYE","-","-","-","-","-","-","-","-","-","-","-","-"
"2295","A. Peasley","A. Peasley","QB","","","","injury-status","BYE","-","-","-","-","-","-","-","-","-","-","-","-"
"2296","C. Suits","C. Suits","QB","","","","injury-status","BYE","-","-","-","-","-","-","-","-","-","-","-","-"
"2297","Q. Ismail","Q. Ismail","WR","BAL","7","","injury-status","Final L 20-27 @ KC","-","-","-","-","-","-","-","-","-","-","-","-"
"2298","C. Beck","C. Beck","WR","","","","injury-status","BYE","-","-","-","-","-","-","-","-","-","-","-","-"
"2299","M. Fairchild","M. Fairchild","TE","","","","injury-status","BYE","-","-","-","-","-","-","-","-","-","-","-","-"
"2300","T. Tagovailoa","T. Tagovailoa","QB","","","","injury-status","BYE","-","-","-","-","-","-","-","-","-","-","-","-"
"2301","B. Cupp","B. Cupp","TE","KC","10","","injury-status","Final W 27-20 vs BAL","-","-","-","-","-","1","-","-","-","-","-","-"
"2302","P. Brooks","P. Brooks","WR","","","","injury-status","BYE","-","-","-","-","-","-","-","-","-","-","-","-"
"2303","R. Sharp","R. Sharp","TE","","","","injury-status","BYE","-","-","-","-","-","-","-","-","-","-","-","-"
"2304","M. Rigerman","M. Rigerman","TE","","","","injury-status","BYE","-","-","-","-","-","-","-","-","-","-","-","-"
"2305","J. Baker","J. Baker","WR","","","","injury-status","BYE","-","-","-","-","-","-","-","-","-","-","-","-"
"2306","D. Hardy","D. Hardy","WR","","","","injury-status","BYE","-","-","-","-","-","-","-","-","-","-","-","-"
"2307","P. Jarrett","P. Jarrett","QB","","","","injury-status","BYE","-","-","-","-","-","-","-","-","-","-","-","-"
"2308","L. Sefcik","L. Sefcik","TE","","","","injury-status","BYE","-","-","-","-","-","-","-","-","-","-","-","-"
"2309","M. Riley","M. Riley","WR","","","Ques","injury-status questionable","BYE","-","-","-","-","-","-","-","-","-","-","-","-"
"2310","J. Laap","J. Laap","WR","","","","injury-status","BYE","-","-","-","-","-","-","-","-","-","-","-","-"
"2311","G. Celek","G. Celek","TE","","","","injury-status","BYE","-","-","-","-","-","-","-","-","-","-","-","-"
"2312","L. Lingard","L. Lingard","RB","","","","injury-status","BYE","-","-","-","-","-","-","-","-","-","-","-","-"
"2313","D. White","D. White","WR","JAX","8","","injury-status","Final L 17-20 @ MIA","-","-","-","-","-","-","-","-","-","-","-","-"
"2314","J. Scates","J. Scates","WR","","","","injury-status","BYE","-","-","-","-","-","-","-","-","-","-","-","-"
"2315","B. Easton","B. Easton","WR","","","","injury-status","BYE","-","-","-","-","-","-","-","-","-","-","-","-"
"2316","J. Jackson","J. Jackson","RB","","","","injury-status","BYE","-","-","-","-","-","-","-","-","-","-","-","-"
"2317","S. Bowman","S. Bowman","TE","JAX","8","","injury-status","Final L 17-20 @ MIA","-","-","-","-","-","-","-","-","-","-","-","-"
"2318","K. Foelsch","K. Foelsch","TE","","","","injury-status","BYE","-","-","-","-","-","-","-","-","-","-","-","-"
"2319","A. Stogner","A. Stogner","TE","","","","injury-status","BYE","-","-","-","-","-","-","-","-","-","-","-","-"
"2320","C. Burgess","C. Burgess","WR","CIN","10","","injury-status","Final L 10-16 vs NE","-","-","-","-","-","-","-","-","-","-","-","-"
"2321","W. Ruby","W. Ruby","WR","","","Ques","injury-status questionable","BYE","-","-","-","-","-","-","-","-","-","-","-","-"
"2322","J. Paddock","J. Paddock","QB","","","","injury-status","BYE","-","-","-","-","-","-","-","-","-","-","-","-"
"2323","T. Pennix","T. Pennix","TE","","","","injury-status","BYE","-","-","-","-","-","-","-","-","-","-","-","-"
"2324","J. Bean","J. Bean","QB","IND","11","","injury-status","Final L 27-29 vs HOU","-","-","-","-","-","-","-","-","-","-","-","-"
"2325","X. White","X. White","WR","","","","injury-status","BYE","-","-","-","-","-","-","-","-","-","-","-","-"
"2326","J. Strong","J. Strong","RB","","","","injury-status","BYE","-","-","-","-","-","-","-","-","-","-","-","-"
"2327","M. Epps","M. Epps","TE","","","","injury-status","BYE","-","-","-","-","-","-","-","-","-","-","-","-"
"2328","A. McNulty","A. McNulty","K","","","","injury-status","BYE","-","-","-","-","-","-","-","-","-","-","-","-"
"2329","J. Janke","J. Janke","WR","HOU","6","","injury-status","Final W 29-27 @ IND","-","-","-","-","-","-","-","-","-","-","-","-"
"2330","B. Brooks","B. Brooks","RB","HOU","6","","injury-status","Final W 29-27 @ IND","0","1","2","-","-","-","-","-","-","-","-","-"
"2331","J. Hayek","J. Hayek","WR","","","","injury-status","BYE","-","-","-","-","-","-","-","-","-","-","-","-"
"2332","R. Brown","R. Brown","WR","","","","injury-status","BYE","-","-","-","-","-","-","-","-","-","-","-","-"
"2333","Z. Mathis","Z. Mathis","WR","","","","injury-status","BYE","-","-","-","-","-","-","-","-","-","-","-","-"
"2334","T. Potts","T. Potts","RB","","","","injury-status","BYE","-","-","-","-","-","-","-","-","-","-","-","-"
"2335","S. Sanders","S. Sanders","QB","","","","injury-status","BYE","-","-","-","-","-","-","-","-","-","-","-","-"
"2336","J. Turner","J. Turner","K","","","","injury-status","BYE","-","-","-","-","-","-","-","-","-","-","-","-"
"2337","M. Swinson","M. Swinson","TE","GB","5","","injury-status","Final L 29-34 @ PHI","-","-","-","-","-","-","-","-","-","-","-","-"
"2338","J. Hicks","J. Hicks","WR","GB","5","","injury-status","Final L 29-34 @ PHI","-","-","-","-","-","-","-","-","-","-","-","-"
"2339","J. Howard","J. Howard","RB","","","Ques","injury-status questionable","BYE","-","-","-","-","-","-","-","-","-","-","-","-"
"2340","J. Wright","J. Wright","WR","","","","injury-status","BYE","-","-","-","-","-","-","-","-","-","-","-","-"
"2341","G. Hardison","G. Hardison","QB","","","","injury-status","BYE","-","-","-","-","-","-","-","-","-","-","-","-"
"2342","J. Burton","J. Burton","WR","","","","injury-status","BYE","-","-","-","-","-","-","-","-","-","-","-","-"
"2343","N. Johnson","N. Johnson","TE","","","","injury-status","BYE","-","-","-","-","-","-","-","-","-","-","-","-"
"2344","S. Wiglusz","S. Wiglusz","WR","","","","injury-status","BYE","-","-","-","-","-","-","-","-","-","-","-","-"
"2345","D. Stoops","D. Stoops","WR","LAR","8","Sus","injury-status sus","Final L 20-26 @ DET","-","-","-","-","-","-","-","-","-","-","-","-"
"2346","J. Calhoun","J. Calhoun","WR","","","","injury-status","BYE","-","-","-","-","-","-","-","-","-","-","-","-"
"2347","I. Rex","I. Rex","TE","","","","injury-status","BYE","-","-","-","-","-","-","-","-","-","-","-","-"
"2348","D. Fenwick","D. Fenwick","RB","GB","5","","injury-status","Final L 29-34 @ PHI","-","-","-","-","-","-","-","-","-","-","-","-"
"2349","J. Warren","J. Warren","TE","","","","injury-status","BYE","-","-","-","-","-","-","-","-","-","-","-","-"
"2350","J. Cephus","J. Cephus","WR","JAX","8","IR","injury-status ir","Final L 17-20 @ MIA","-","-","-","-","-","-","-","-","-","-","-","-"
"2351","T. Yassmin","T. Yassmin","TE","DEN","12","","injury-status","Final L 20-26 @ SEA","-","-","-","-","-","-","-","-","-","-","-","-"
"2352","C. Lewis","C. Lewis","K","","","","injury-status","BYE","-","-","-","-","-","-","-","-","-","-","-","-"
"2353","R. Ellison","R. Ellison","TE","","","","injury-status","BYE","-","-","-","-","-","-","-","-","-","-","-","-"
"2354","D. Leonard","D. Leonard","TE","","","","injury-status","BYE","-","-","-","-","-","-","-","-","-","-","-","-"
"2355","C. Autman-Bell","C. Autman-Bell","WR","","","","injury-status","BYE","-","-","-","-","-","-","-","-","-","-","-","-"
"2356","A. Asante","A. Asante","WR","","","","injury-status","BYE","-","-","-","-","-","-","-","-","-","-","-","-"
"2357","J. Mcafee","J. Mcafee","TE","","","","injury-status","BYE","-","-","-","-","-","-","-","-","-","-","-","-"
"2358","G. Porter","G. Porter","WR","","","","injury-status","BYE","-","-","-","-","-","-","-","-","-","-","-","-"
"2359","C. Crooms","C. Crooms","WR","","","Ques","injury-status questionable","BYE","-","-","-","-","-","-","-","-","-","-","-","-"
"2360","C. Johnson","C. Johnson","WR","","","","injury-status","BYE","-","-","-","-","-","-","-","-","-","-","-","-"
"2361","A. Holler","A. Holler","TE","","","","injury-status","BYE","-","-","-","-","-","-","-","-","-","-","-","-"
"2362","A. Robbins","A. Robbins","RB","CLE","9","","injury-status","Final L 17-33 vs DAL","-","-","-","-","-","-","-","-","-","-","-","-"
"2363","T. Welch","T. Welch","TE","NO","11","","injury-status","Final W 47-10 vs CAR","-","-","-","-","-","-","-","-","-","-","-","-"
"2364","L. Victor","L. Victor","WR","","","","injury-status","BYE","-","-","-","-","-","-","-","-","-","-","-","-"
"2365","T. Keaton","T. Keaton","WR","","","","injury-status","BYE","-","-","-","-","-","-","-","-","-","-","-","-"
"2366","M. Castles","M. Castles","TE","LAC","12","","injury-status","Final W 22-10 vs LV","-","-","-","-","-","-","-","-","-","-","-","-"
"2367","M. Pline","M. Pline","TE","SF","14","IR","injury-status ir","Final W 32-19 vs NYJ","-","-","-","-","-","-","-","-","-","-","-","-"
"2368","E. Collins","E. Collins","RB","","","","injury-status","BYE","-","-","-","-","-","-","-","-","-","-","-","-"
"2369","R. Lombardi","R. Lombardi","QB","","","","injury-status","BYE","-","-","-","-","-","-","-","-","-","-","-","-"
"2370","C. Grandy","C. Grandy","TE","CIN","10","","injury-status","Final L 10-16 vs NE","5","-","-","-","5","5","28","-","-","-","-","-"
"2371","N. Cain","N. Cain","RB","","","","injury-status","BYE","-","-","-","-","-","-","-","-","-","-","-","-"
"2372","C. Cordeiro","C. Cordeiro","QB","","","","injury-status","BYE","-","-","-","-","-","-","-","-","-","-","-","-"
"2373","J. Westover","J. Westover","TE","NE","14","","injury-status","Final W 16-10 @ CIN","-","-","-","-","-","-","-","-","-","-","-","-"
"2374","T. Ayo-Durojaiye","T. Ayo-Durojaiye","RB","","","","injury-status","BYE","-","-","-","-","-","-","-","-","-","-","-","-"
"2375","I. Wheeler","I. Wheeler","RB","CHI","5","IR","injury-status ir","Final W 24-17 vs TEN","-","-","-","-","-","-","-","-","-","-","-","-"
"2376","O. Hiliare","O. Hiliare","WR","","","","injury-status","BYE","-","-","-","-","-","-","-","-","-","-","-","-"
"2377","T. Harrell","T. Harrell","WR","","","","injury-status","BYE","-","-","-","-","-","-","-","-","-","-","-","-"
"2378","T. Williams","T. Williams","RB","","","","injury-status","BYE","-","-","-","-","-","-","-","-","-","-","-","-"
"2379","K. Lewis","K. Lewis","RB","","","","injury-status","BYE","-","-","-","-","-","-","-","-","-","-","-","-"
"2380","D. Carter","D. Carter","WR","","","Ques","injury-status questionable","BYE","-","-","-","-","-","-","-","-","-","-","-","-"
"2381","S. Pinckney","S. Pinckney","WR","","","","injury-status","BYE","-","-","-","-","-","-","-","-","-","-","-","-"
"2382","H. Mevis","H. Mevis","K","","","","injury-status","BYE","-","-","-","-","-","-","-","-","-","-","-","-"
"2383","J. Shirden","J. Shirden","RB","","","","injury-status","BYE","-","-","-","-","-","-","-","-","-","-","-","-"
"2384","J. Plummer","J. Plummer","QB","CAR","14","","injury-status","Final L 10-47 @ NO","-","-","-","-","-","-","-","-","-","-","-","-"
"2385","N. Peat","N. Peat","RB","","","","injury-status","BYE","-","-","-","-","-","-","-","-","-","-","-","-"
"2386","G. Watson","G. Watson","QB","","","","injury-status","BYE","-","-","-","-","-","-","-","-","-","-","-","-"
"2387","L. Keys","L. Keys","WR","","","Ques","injury-status questionable","BYE","-","-","-","-","-","-","-","-","-","-","-","-"
"2388","A. Vinatieri","A. Vinatieri","K","","","","injury-status","BYE","-","-","-","-","-","-","-","-","-","-","-","-"
"2389","Z. Annexstad","Z. Annexstad","QB","","","","injury-status","BYE","-","-","-","-","-","-","-","-","-","-","-","-"
"2390","D. Williams","D. Williams","RB","TB","9","Ques","injury-status questionable","Final W 37-20 vs WAS","-","-","-","-","-","-","-","-","-","-","-","-"
"2391","I. Washington","I. Washington","WR","","","Ques","injury-status questionable","BYE","-","-","-","-","-","-","-","-","-","-","-","-"
"2392","J. Terrell","J. Terrell","RB","","","","injury-status","BYE","-","-","-","-","-","-","-","-","-","-","-","-"
"2393","X. Johnson","X. Johnson","WR","HOU","6","Ques","injury-status questionable","Final W 29-27 @ IND","-","-","-","-","-","-","-","-","-","-","-","-"
"2394","D. Wade","D. Wade","WR","BAL","7","IR","injury-status ir","Final L 20-27 @ KC","-","-","-","-","-","-","-","-","-","-","-","-"
"2395","C. Collier","C. Collier","RB","LV","8","","injury-status","Final L 10-22 @ LAC","1","5","12","-","1","2","-4","-","-","-","-","-"
"2396","T. Robinson","T. Robinson","WR","","","Ques","injury-status questionable","BYE","-","-","-","-","-","-","-","-","-","-","-","-"
"2397","E. Jones","E. Jones","QB","ATL","5","IR","injury-status ir","Final L 10-18 vs PIT","-","-","-","-","-","-","-","-","-","-","-","-"
"2398","S. Stilianos","S. Stilianos","TE","","","","injury-status","BYE","-","-","-","-","-","-","-","-","-","-","-","-"
"2399","S. Schnee","S. Schnee","WR","","","","injury-status","BYE","-","-","-","-","-","-","-","-","-","-","-","-"
"2400","A. Jones","A. Jones","RB","","","","injury-status","BYE","-","-","-","-","-","-","-","-","-","-","-","-"
"2401","M. Wiley","M. Wiley","RB","WAS","12","","injury-status","Final L 20-37 @ TB","-","-","-","-","-","-","-","-","-","-","-","-"
"2402","C. Yankoff","C. Yankoff","TE","WAS","12","","injury-status","Final L 20-37 @ TB","-","-","-","-","-","-","-","-","-","-","-","-"
"2403","I. Wooden","I. Wooden","WR","","","","injury-status","BYE","-","-","-","-","-","-","-","-","-","-","-","-"
"2404","J. Jackson","J. Jackson","WR","NE","14","","injury-status","Final W 16-10 @ CIN","-","-","-","-","-","-","-","-","-","-","-","-"
"2405","M. DiLiello","M. DiLiello","QB","","","","injury-status","BYE","-","-","-","-","-","-","-","-","-","-","-","-"
"2406","A. Reed","A. Reed","QB","CHI","5","","injury-status","Final W 24-17 vs TEN","-","-","-","-","-","-","-","-","-","-","-","-"
"2407","T. Owens","T. Owens","WR","SF","14","","injury-status","Final W 32-19 vs NYJ","-","-","-","-","-","-","-","-","-","-","-","-"
"2408","T. Mordecai","T. Mordecai","QB","SF","14","IR","injury-status ir","Final W 32-19 vs NYJ","-","-","-","-","-","-","-","-","-","-","-","-"
"2409","X. Weaver","X. Weaver","WR","ARI","8","","injury-status","Final L 28-34 @ BUF","-","-","-","-","-","2","-","-","-","-","-","-"
"2410","A. Brown","A. Brown","WR","","","","injury-status","BYE","-","-","-","-","-","-","-","-","-","-","-","-"
"2411","D. Harper","D. Harper","WR","","","","injury-status","BYE","-","-","-","-","-","-","-","-","-","-","-","-"
"2412","J. Jones","J. Jones","WR","MIN","6","","injury-status","Final W 28-6 @ NYG","-","-","-","-","-","-","-","-","-","-","-","-"
"2413","T. James","T. James","WR","","","","injury-status","BYE","-","-","-","-","-","-","-","-","-","-","-","-"
"2414","K. Sheets","K. Sheets","WR","","","","injury-status","BYE","-","-","-","-","-","-","-","-","-","-","-","-"
"2415","J. Kibodi","J. Kibodi","RB","CLE","9","","injury-status","Final L 17-33 vs DAL","4","5","24","-","1","3","15","-","-","-","-","-"
"2416","T. Griffin","T. Griffin","WR","","","","injury-status","BYE","-","-","-","-","-","-","-","-","-","-","-","-"
"2417","R. Keyton","R. Keyton","WR","LV","8","","injury-status","Final L 10-22 @ LAC","1","-","-","-","1","3","7","-","-","-","-","-"
"2418","J. Johnson","J. Johnson","WR","LAC","12","Ques","injury-status questionable","Final W 22-10 vs LV","-","-","-","-","-","-","-","-","-","-","-","-"
"2419","J. Gill","J. Gill","WR","CLE","9","Ques","injury-status questionable","Final L 17-33 vs DAL","-","-","-","-","-","-","-","-","-","-","-","-"
"2420","Z. Heins","Z. Heins","TE","","","","injury-status","BYE","-","-","-","-","-","-","-","-","-","-","-","-"
"2421","L. Johnson","L. Johnson","WR","","","","injury-status","BYE","-","-","-","-","-","-","-","-","-","-","-","-"
"2422","L. Benson","L. Benson","TE","","","","injury-status","BYE","-","-","-","-","-","-","-","-","-","-","-","-"
"2423","J. Plumlee","J. Plumlee","QB","SEA","8","IR","injury-status ir","Final W 26-20 vs DEN","-","-","-","-","-","-","-","-","-","-","-","-"
"2424","D. Edwards","D. Edwards","RB","","","","injury-status","BYE","-","-","-","-","-","-","-","-","-","-","-","-"
"2425","C. Bradley","C. Bradley","QB","LV","8","IR","injury-status ir","Final L 10-22 @ LAC","-","-","-","-","-","-","-","-","-","-","-","-"
"2426","J. Foreman","J. Foreman","WR","LV","8","Ques","injury-status questionable","Final L 10-22 @ LAC","-","-","-","-","-","-","-","-","-","-","-","-"
"2427","C. Bauman","C. Bauman","QB","","","","injury-status","BYE","-","-","-","-","-","-","-","-","-","-","-","-"
"2428","A. Morris","A. Morris","RB","","","","injury-status","BYE","-","-","-","-","-","-","-","-","-","-","-","-"
"2429","R. Griffin","R. Griffin","QB","","","","injury-status","BYE","-","-","-","-","-","-","-","-","-","-","-","-"
"2430","D. Miller","D. Miller","RB","NYG","14","","injury-status","Final L 6-28 vs MIN","-","-","-","-","-","-","-","-","-","-","-","-"
"2431","C. Smyth","C. Smyth","K","NO","11","","injury-status","Final W 47-10 vs CAR","-","-","-","-","-","-","-","-","-","-","-","-"
"2432","L. Rees-Zammit","L. Rees-Zammit","RB","JAX","8","Ques","injury-status questionable","Final L 17-20 @ MIA","-","-","-","-","-","-","-","-","-","-","-","-"
"2433","K. Milton","K. Milton","RB","CIN","10","","injury-status","Final L 10-16 vs NE","-","-","-","-","-","-","-","-","-","-","-","-"
"2434","K. Slovis","K. Slovis","QB","HOU","6","","injury-status","Final W 29-27 @ IND","-","-","-","-","-","-","-","-","-","-","-","-"
"2435","P. Invalid","P. Invalid","WR","","","","injury-status","BYE","-","-","-","-","-","-","-","-","-","-","-","-"
"2436","P. Invalid","P. Invalid","WR","","","","injury-status","BYE","-","-","-","-","-","-","-","-","-","-","-","-"
"2437","P. Invalid","P. Invalid","WR","","","","injury-status","BYE","-","-","-","-","-","-","-","-","-","-","-","-"
"2438","B. McCoy","B. McCoy","WR","","","","injury-status","BYE","-","-","-","-","-","-","-","-","-","-","-","-"
"2439","I. Williams","I. Williams","WR","CIN","10","","injury-status","Final L 10-16 vs NE","2","-","-","-","2","3","6","-","-","-","-","-"
"2440","H. Hatten","H. Hatten","WR","","","","injury-status","BYE","-","-","-","-","-","-","-","-","-","-","-","-"
"2441","T. Knox","T. Knox","TE","","","Ques","injury-status questionable","BYE","-","-","-","-","-","-","-","-","-","-","-","-"
"2442","P. Invalid","P. Invalid","TE","","","","injury-status","BYE","-","-","-","-","-","-","-","-","-","-","-","-"
"2443","P. Invalid","P. Invalid","RB","","","","injury-status","BYE","-","-","-","-","-","-","-","-","-","-","-","-"
"2444","J. McCarthy","J. McCarthy","QB","MIN","6","","injury-status","Final W 28-6 @ NYG","-","-","-","-","-","-","-","-","-","-","-","-"
"2445","C. Cota","C. Cota","WR","","","","injury-status","BYE","-","-","-","-","-","-","-","-","-","-","-","-"
"2446","A. Dykes","A. Dykes","RB","","","","injury-status","BYE","-","-","-","-","-","-","-","-","-","-","-","-"
"2447","A. Davis","A. Davis","WR","","","","injury-status","BYE","-","-","-","-","-","-","-","-","-","-","-","-"
"2448","L. Pitts","L. Pitts","TE","","","","injury-status","BYE","-","-","-","-","-","-","-","-","-","-","-","-"
"2449","L. Pettway","L. Pettway","TE","","","","injury-status","BYE","-","-","-","-","-","-","-","-","-","-","-","-"
"2450","T. Clinton","T. Clinton","RB","","","","injury-status","BYE","-","-","-","-","-","-","-","-","-","-","-","-"
"2451","W. Taulapapa","W. Taulapapa","RB","","","","injury-status","BYE","-","-","-","-","-","-","-","-","-","-","-","-"
"2452","M. Wright","M. Wright","WR","","","Ques","injury-status questionable","BYE","-","-","-","-","-","-","-","-","-","-","-","-"
"2453","M. Trickett","M. Trickett","K","","","","injury-status","BYE","-","-","-","-","-","-","-","-","-","-","-","-"
"2454","N. Williams","N. Williams","WR","","","","injury-status","BYE","-","-","-","-","-","-","-","-","-","-","-","-"
"2455","E. Lee","E. Lee","WR","","","","injury-status","BYE","-","-","-","-","-","-","-","-","-","-","-","-"
"2456","G. Maag","G. Maag","WR","","","","injury-status","BYE","-","-","-","-","-","-","-","-","-","-","-","-"
"2457","M. Carter","M. Carter","WR","","","","injury-status","BYE","-","-","-","-","-","-","-","-","-","-","-","-"
"2458","I. Gathings","I. Gathings","TE","","","Ques","injury-status questionable","BYE","-","-","-","-","-","-","-","-","-","-","-","-"
"2459","C. Chrest","C. Chrest","WR","","","","injury-status","BYE","-","-","-","-","-","-","-","-","-","-","-","-"
"2460","J. Kapp","J. Kapp","WR","","","","injury-status","BYE","-","-","-","-","-","-","-","-","-","-","-","-"
"2461","J. Bonds","J. Bonds","WR","","","","injury-status","BYE","-","-","-","-","-","-","-","-","-","-","-","-"
"2462","L. Jackson","L. Jackson","WR","MIN","6","","injury-status","Final W 28-6 @ NYG","-","-","-","-","-","-","-","-","-","-","-","-"
"2463","J. Stephens","J. Stephens","TE","DAL","10","IR","injury-status ir","Final W 33-17 @ CLE","-","-","-","-","-","-","-","-","-","-","-","-"
"2464","P. Fant","P. Fant","TE","DAL","10","","injury-status","Final W 33-17 @ CLE","-","-","-","-","-","-","-","-","-","-","-","-"
"2465","J. Cropper","J. Cropper","WR","DAL","10","","injury-status","Final W 33-17 @ CLE","-","-","-","-","-","-","-","-","-","-","-","-"
"2466","D. Durden","D. Durden","WR","","","Ques","injury-status questionable","BYE","-","-","-","-","-","-","-","-","-","-","-","-"
"2467","J. Barbon","J. Barbon","WR","","","","injury-status","BYE","-","-","-","-","-","-","-","-","-","-","-","-"
"2468","B. Cobbs","B. Cobbs","WR","","","","injury-status","BYE","-","-","-","-","-","-","-","-","-","-","-","-"
"2469","B. Johnson","B. Johnson","WR","","","","injury-status","BYE","-","-","-","-","-","-","-","-","-","-","-","-"
"2470","B. Thompson","B. Thompson","WR","","","","injury-status","BYE","-","-","-","-","-","-","-","-","-","-","-","-"
"2471","J. Murray","J. Murray","TE","NYG","14","Ques","injury-status questionable","Final L 6-28 vs MIN","-","-","-","-","-","-","-","-","-","-","-","-"
"2472","A. Aune","A. Aune","QB","","","","injury-status","BYE","-","-","-","-","-","-","-","-","-","-","-","-"
"2473","A. Jeffery","A. Jeffery","WR","","","","injury-status","BYE","-","-","-","-","-","-","-","-","-","-","-","-"
"2474","Z. Ojile","Z. Ojile","RB","","","","injury-status","BYE","-","-","-","-","-","-","-","-","-","-","-","-"
"2475","E. Merriweather","E. Merriweather","RB","GB","5","Out","injury-status out","Final L 29-34 @ PHI","-","-","-","-","-","-","-","-","-","-","-","-"
"2476","G. Holmes","G. Holmes","WR","","","","injury-status","BYE","-","-","-","-","-","-","-","-","-","-","-","-"
"2477","D. Drummond","D. Drummond","WR","ATL","5","","injury-status","Final L 10-18 vs PIT","-","-","-","-","-","-","-","-","-","-","-","-"
"2478","A. Graham","A. Graham","RB","","","","injury-status","BYE","-","-","-","-","-","-","-","-","-","-","-","-"
"2479","J. Shenker","J. Shenker","TE","LV","8","","injury-status","Final L 10-22 @ LAC","1","-","-","-","1","1","7","-","-","-","-","-"
"2480","T. Wolff","T. Wolff","K","","","","injury-status","BYE","-","-","-","-","-","-","-","-","-","-","-","-"
"2481","T. Harrison","T. Harrison","WR","","","","injury-status","BYE","-","-","-","-","-","-","-","-","-","-","-","-"
"2482","J. Matthews","J. Matthews","WR","ATL","5","","injury-status","Final L 10-18 vs PIT","-","-","-","-","-","-","-","-","-","-","-","-"
"2483","K. Leach","K. Leach","TE","","","","injury-status","BYE","-","-","-","-","-","-","-","-","-","-","-","-"
"2484","T. Grimes","T. Grimes","WR","","","","injury-status","BYE","-","-","-","-","-","-","-","-","-","-","-","-"
"2485","C. Beasley","C. Beasley","WR","","","","injury-status","BYE","-","-","-","-","-","-","-","-","-","-","-","-"
"2486","D. Daniels","D. Daniels","WR","","","","injury-status","BYE","-","-","-","-","-","-","-","-","-","-","-","-"
"2487","N. Adkins","N. Adkins","TE","DEN","12","Out","injury-status out","Final L 20-26 @ SEA","37","-","-","-","14","15","115","3","-","-","-","-"
"2488","I. Bowser","I. Bowser","RB","","","","injury-status","BYE","-","-","-","-","-","-","-","-","-","-","-","-"
"2489","R. Miller","R. Miller","WR","TB","9","","injury-status","Final W 37-20 vs WAS","31","-","-","-","12","20","128","2","-","-","-","-"
"2490","K. Warner","K. Warner","WR","","","","injury-status","BYE","-","-","-","-","-","-","-","-","-","-","-","-"
"2491","T. Barber","T. Barber","WR","","","","injury-status","BYE","-","-","-","-","-","-","-","-","-","-","-","-"
"2492","T. Taula","T. Taula","TE","TB","9","","injury-status","Final W 37-20 vs WAS","-","-","-","-","-","-","-","-","-","-","-","-"
"2493","R. Brown","R. Brown","RB","","","","injury-status","BYE","-","-","-","-","-","-","-","-","-","-","-","-"
"2494","B. Burmeister","B. Burmeister","WR","","","","injury-status","BYE","-","-","-","-","-","-","-","-","-","-","-","-"
"2495","N. Henderson","N. Henderson","QB","","","","injury-status","BYE","-","-","-","-","-","-","-","-","-","-","-","-"
"2496","S. Ryan","S. Ryan","WR","","","","injury-status","BYE","-","-","-","-","-","-","-","-","-","-","-","-"
"2497","B. Walker","B. Walker","TE","","","","injury-status","BYE","-","-","-","-","-","-","-","-","-","-","-","-"
"2498","O. Wright","O. Wright","RB","BAL","7","","injury-status","Final L 20-27 @ KC","-","-","-","-","-","-","-","-","-","-","-","-"
"2499","D. Demus","D. Demus","WR","","","","injury-status","BYE","-","-","-","-","-","-","-","-","-","-","-","-"
"2500","T. Vokolek","T. Vokolek","TE","ARI","8","","injury-status","Final L 28-34 @ BUF","-","-","-","-","-","-","-","-","-","-","-","-"
"2501","J. Lumpkin","J. Lumpkin","TE","","","","injury-status","BYE","-","-","-","-","-","-","-","-","-","-","-","-"
"2502","J. Blackman","J. Blackman","QB","","","","injury-status","BYE","-","-","-","-","-","-","-","-","-","-","-","-"
"2503","D. Davis","D. Davis","WR","","","Ques","injury-status questionable","BYE","-","-","-","-","-","-","-","-","-","-","-","-"
"2504","C. Coleman","C. Coleman","WR","","","","injury-status","BYE","-","-","-","-","-","-","-","-","-","-","-","-"
"2505","K. Case","K. Case","WR","","","","injury-status","BYE","-","-","-","-","-","-","-","-","-","-","-","-"
"2506","T. Adams","T. Adams","WR","","","","injury-status","BYE","-","-","-","-","-","-","-","-","-","-","-","-"
"2507","T. Greaney","T. Greaney","TE","","","","injury-status","BYE","-","-","-","-","-","-","-","-","-","-","-","-"
"2508","C. Cota","C. Cota","WR","","","","injury-status","BYE","-","-","-","-","-","-","-","-","-","-","-","-"
"2509","K. Thompson","K. Thompson","WR","","","","injury-status","BYE","-","-","-","-","-","-","-","-","-","-","-","-"
"2510","J. Vann","J. Vann","WR","","","","injury-status","BYE","-","-","-","-","-","-","-","-","-","-","-","-"
"2511","T. Luther","T. Luther","WR","CAR","14","","injury-status","Final L 10-47 @ NO","-","-","-","-","-","-","-","-","-","-","-","-"
"2512","E. Jenkins","E. Jenkins","TE","PHI","9","","injury-status","Final W 34-29 vs GB","7","-","-","-","1","2","7","1","-","-","-","-"
"2513","B. Westfield","B. Westfield","WR","","","","injury-status","BYE","-","-","-","-","-","-","-","-","-","-","-","-"
"2514","Z. Scott","Z. Scott","RB","MIN","6","Ques","injury-status questionable","Final W 28-6 @ NYG","-","-","-","-","-","-","-","-","-","-","-","-"
"2515","R. Jones","R. Jones","TE","","","","injury-status","BYE","-","-","-","-","-","-","-","-","-","-","-","-"
"2516","C. Chrest","C. Chrest","WR","","","","injury-status","BYE","-","-","-","-","-","-","-","-","-","-","-","-"
"2517","D. Hagans","D. Hagans","RB","","","","injury-status","BYE","-","-","-","-","-","-","-","-","-","-","-","-"
"2518","J. King","J. King","WR","","","","injury-status","BYE","-","-","-","-","-","-","-","-","-","-","-","-"
"2519","B. Russell","B. Russell","TE","SEA","8","","injury-status","Final W 26-20 vs DEN","-","-","-","-","-","-","-","-","-","-","-","-"
"2520","J. Ngata","J. Ngata","WR","","","","injury-status","BYE","-","-","-","-","-","-","-","-","-","-","-","-"
"2521","H. Hall","H. Hall","RB","ARI","8","","injury-status","Final L 28-34 @ BUF","-","-","-","-","-","-","-","-","-","-","-","-"
"2522","A. Cruickshank","A. Cruickshank","WR","","","","injury-status","BYE","-","-","-","-","-","-","-","-","-","-","-","-"
"2523","T. Pitts","T. Pitts","WR","","","Ques","injury-status questionable","BYE","-","-","-","-","-","-","-","-","-","-","-","-"
"2524","D. Caffrey","D. Caffrey","TE","","","","injury-status","BYE","-","-","-","-","-","-","-","-","-","-","-","-"
"2525","A. Szmyt","A. Szmyt","K","","","","injury-status","BYE","-","-","-","-","-","-","-","-","-","-","-","-"
"2526","R. Burns","R. Burns","RB","CHI","5","","injury-status","Final W 24-17 vs TEN","-","-","-","-","-","-","-","-","-","-","-","-"
"2527","S. Jackson","S. Jackson","WR","LV","8","","injury-status","Final L 10-22 @ LAC","-","-","-","-","-","-","-","-","-","-","-","-"
"2528","C. Smith","C. Smith","RB","","","","injury-status","BYE","-","-","-","-","-","-","-","-","-","-","-","-"
"2529","M. Hippenhammer","M. Hippenhammer","WR","","","","injury-status","BYE","-","-","-","-","-","-","-","-","-","-","-","-"
"2530","P. Murtagh","P. Murtagh","TE","","","","injury-status","BYE","-","-","-","-","-","-","-","-","-","-","-","-"
"2531","J. Saylors","J. Saylors","RB","","","","injury-status","BYE","-","-","-","-","-","-","-","-","-","-","-","-"
"2532","I. Winstead","I. Winstead","WR","","","","injury-status","BYE","-","-","-","-","-","-","-","-","-","-","-","-"
"2533","C. Trahan","C. Trahan","TE","","","","injury-status","BYE","-","-","-","-","-","-","-","-","-","-","-","-"
"2534","C. Tyler","C. Tyler","RB","","","","injury-status","BYE","-","-","-","-","-","-","-","-","-","-","-","-"
"2535","T. Lindsey","T. Lindsey","WR","","","","injury-status","BYE","-","-","-","-","-","-","-","-","-","-","-","-"
"2536","N. Gindorff","N. Gindorff","TE","","","","injury-status","BYE","-","-","-","-","-","-","-","-","-","-","-","-"
"2537","G. Hebert","G. Hebert","TE","","","","injury-status","BYE","-","-","-","-","-","-","-","-","-","-","-","-"
"2538","J. Hall","J. Hall","WR","","","","injury-status","BYE","-","-","-","-","-","-","-","-","-","-","-","-"
"2539","M. Cooper","M. Cooper","RB","","","","injury-status","BYE","-","-","-","-","-","-","-","-","-","-","-","-"
"2540","H. Ahlers","H. Ahlers","QB","","","","injury-status","BYE","-","-","-","-","-","-","-","-","-","-","-","-"
"2541","T. Morgan","T. Morgan","QB","","","","injury-status","BYE","-","-","-","-","-","-","-","-","-","-","-","-"
"2542","C. McDonald","C. McDonald","TE","","","","injury-status","BYE","-","-","-","-","-","-","-","-","-","-","-","-"
"2543","H. Pearson","H. Pearson","RB","","","","injury-status","BYE","-","-","-","-","-","-","-","-","-","-","-","-"
"2544","D. Watts","D. Watts","WR","","","","injury-status","BYE","-","-","-","-","-","-","-","-","-","-","-","-"
"2545","J. Honigford","J. Honigford","TE","","","","injury-status","BYE","-","-","-","-","-","-","-","-","-","-","-","-"
"2546","M. Flowers","M. Flowers","WR","","","","injury-status","BYE","-","-","-","-","-","-","-","-","-","-","-","-"
"2547","J. Marshall","J. Marshall","WR","","","","injury-status","BYE","-","-","-","-","-","-","-","-","-","-","-","-"
"2548","K. Harris","K. Harris","WR","","","Ques","injury-status questionable","BYE","-","-","-","-","-","-","-","-","-","-","-","-"
"2549","Z. Malone","Z. Malone","WR","","","","injury-status","BYE","-","-","-","-","-","-","-","-","-","-","-","-"
"2550","D. Arias","D. Arias","WR","","","","injury-status","BYE","-","-","-","-","-","-","-","-","-","-","-","-"
"2551","R. Awatt","R. Awatt","RB","","","","injury-status","BYE","-","-","-","-","-","-","-","-","-","-","-","-"
"2552","K. Laborn","K. Laborn","RB","","","","injury-status","BYE","-","-","-","-","-","-","-","-","-","-","-","-"
"2553","J. Colletto","J. Colletto","RB","","","","injury-status","BYE","-","-","-","-","-","-","-","-","-","-","-","-"
"2554","S. Wyatt","S. Wyatt","WR","","","","injury-status","BYE","-","-","-","-","-","-","-","-","-","-","-","-"
"2555","D. Winn","D. Winn","QB","","","","injury-status","BYE","-","-","-","-","-","-","-","-","-","-","-","-"
"2556","T. DeMorat","T. DeMorat","QB","","","","injury-status","BYE","-","-","-","-","-","-","-","-","-","-","-","-"
"2557","Z. Bowens","Z. Bowens","WR","","","","injury-status","BYE","-","-","-","-","-","-","-","-","-","-","-","-"
"2558","J. Sample","J. Sample","WR","","","","injury-status","BYE","-","-","-","-","-","-","-","-","-","-","-","-"
"2559","B. Tremayne","B. Tremayne","WR","WAS","12","","injury-status","Final L 20-37 @ TB","0","-","-","-","1","1","-2","-","-","-","-","-"
"2560","C. Sims","C. Sims","TE","","","","injury-status","BYE","-","-","-","-","-","-","-","-","-","-","-","-"
"2561","T. Hudson","T. Hudson","WR","","","","injury-status","BYE","-","-","-","-","-","-","-","-","-","-","-","-"
"2562","C. Dunn","C. Dunn","K","","","","injury-status","BYE","-","-","-","-","-","-","-","-","-","-","-","-"
"2563","L. Taylor","L. Taylor","TE","","","Ques","injury-status questionable","BYE","-","-","-","-","-","-","-","-","-","-","-","-"
"2564","E. Cooks","E. Cooks","WR","JAX","8","","injury-status","Final L 17-20 @ MIA","-","-","-","-","-","-","-","-","-","-","-","-"
"2565","O. Martin","O. Martin","WR","","","","injury-status","BYE","-","-","-","-","-","-","-","-","-","-","-","-"
"2566","J. Jenkins","J. Jenkins","WR","","","","injury-status","BYE","-","-","-","-","-","-","-","-","-","-","-","-"
"2567","P. Wilson","P. Wilson","WR","","","","injury-status","BYE","-","-","-","-","-","-","-","-","-","-","-","-"
"2568","M. Ezeike","M. Ezeike","TE","","","","injury-status","BYE","-","-","-","-","-","-","-","-","-","-","-","-"
"2569","T. Hoosman","T. Hoosman","RB","","","","injury-status","BYE","-","-","-","-","-","-","-","-","-","-","-","-"
"2570","T. Bynum","T. Bynum","WR","","","","injury-status","BYE","-","-","-","-","-","-","-","-","-","-","-","-"
"2571","J. Wilson","J. Wilson","TE","CHI","5","","injury-status","Final W 24-17 vs TEN","-","-","-","-","-","-","-","-","-","-","-","-"
"2572","S. Barnett","S. Barnett","WR","","","","injury-status","BYE","-","-","-","-","-","-","-","-","-","-","-","-"
"2573","S. Davis","S. Davis","WR","","","","injury-status","BYE","-","-","-","-","-","-","-","-","-","-","-","-"
"2574","S. Thompson","S. Thompson","RB","","","","injury-status","BYE","-","-","-","-","-","-","-","-","-","-","-","-"
"2575","C. McClelland","C. McClelland","RB","","","","injury-status","BYE","-","-","-","-","-","-","-","-","-","-","-","-"
"2576","T. Hilton","T. Hilton","WR","","","","injury-status","BYE","-","-","-","-","-","-","-","-","-","-","-","-"
"2577","M. Lewis","M. Lewis","TE","CHI","5","","injury-status","Final W 24-17 vs TEN","1","-","-","-","1","2","2","-","-","-","-","-"
"2578","K. Jackson","K. Jackson","WR","NYG","14","","injury-status","Final L 6-28 vs MIN","-","-","-","-","-","-","-","-","-","-","-","-"
"2579","B. Potter","B. Potter","K","","","","injury-status","BYE","-","-","-","-","-","-","-","-","-","-","-","-"
"2580","J. Byrd","J. Byrd","WR","","","","injury-status","BYE","-","-","-","-","-","-","-","-","-","-","-","-"
"2581","M. Pottebaum","M. Pottebaum","RB","","","","injury-status","BYE","-","-","-","-","-","-","-","-","-","-","-","-"
"2582","B. Sims","B. Sims","TE","GB","5","","injury-status","Final L 29-34 @ PHI","6","-","-","-","4","5","42","-","-","-","-","-"
"2583","C. Johnson","C. Johnson","WR","","","","injury-status","BYE","-","-","-","-","-","-","-","-","-","-","-","-"
"2584","M. Knowles","M. Knowles","WR","","","","injury-status","BYE","-","-","-","-","-","-","-","-","-","-","-","-"
"2585","J. Podlesny","J. Podlesny","K","","","","injury-status","BYE","-","-","-","-","-","-","-","-","-","-","-","-"
"2586","T. Thomas","T. Thomas","WR","MIN","6","","injury-status","Final W 28-6 @ NYG","-","-","-","-","-","-","-","-","-","-","-","-"
"2587","K. Allen","K. Allen","WR","WAS","12","","injury-status","Final L 20-37 @ TB","-","-","-","-","-","-","-","-","-","-","-","-"
"2588","M. Tinsley","M. Tinsley","WR","WAS","12","","injury-status","Final L 20-37 @ TB","-","-","-","-","-","-","-","-","-","-","-","-"
"2589","A. Martinez","A. Martinez","QB","NYJ","9","","injury-status","Final L 19-32 @ SF","-","-","-","-","-","-","-","-","-","-","-","-"
"2590","R. Burns","R. Burns","RB","ATL","5","","injury-status","Final L 10-18 vs PIT","-","-","-","-","-","-","-","-","-","-","-","-"
"2591","J. Wayne","J. Wayne","WR","HOU","6","","injury-status","Final W 29-27 @ IND","-","-","-","-","-","-","-","-","-","-","-","-"
"2592","C. Dowell","C. Dowell","WR","TEN","10","","injury-status","Final L 17-24 @ CHI","-","-","-","-","-","-","-","-","-","-","-","-"
"2593","G. DuBose","G. DuBose","WR","MIA","12","Ques","injury-status questionable","Final W 20-17 vs JAX","2","-","-","-","2","4","11","-","-","-","-","-"
"2594","S. Gostkowski","S. Gostkowski","K","","","","injury-status","BYE","-","-","-","-","-","-","-","-","-","-","-","-"
"2595","M. Landers","M. Landers","WR","","","Ques","injury-status questionable","BYE","-","-","-","-","-","-","-","-","-","-","-","-"
"2596","T. Dye","T. Dye","RB","","","","injury-status","BYE","-","-","-","-","-","-","-","-","-","-","-","-"
"2597","X. Valladay","X. Valladay","RB","NO","11","","injury-status","Final W 47-10 vs CAR","-","-","-","-","-","-","-","-","-","-","-","-"
"2598","M. Cunningham","M. Cunningham","WR","BAL","7","","injury-status","Final L 20-27 @ KC","-","-","-","-","-","-","-","-","-","-","-","-"
"2599","A. Quevedo","A. Quevedo","K","","","","injury-status","BYE","-","-","-","-","-","-","-","-","-","-","-","-"
"2600","T. Benjamin","T. Benjamin","WR","","","","injury-status","BYE","-","-","-","-","-","-","-","-","-","-","-","-"
"2601","M. Sanu","M. Sanu","WR","","","","injury-status","BYE","-","-","-","-","-","-","-","-","-","-","-","-"
"2602","M. Jones","M. Jones","WR","","","","injury-status","BYE","-","-","-","-","-","-","-","-","-","-","-","-"
"2603","M. Ibrahim","M. Ibrahim","RB","","","","injury-status","BYE","-","-","-","-","-","-","-","-","-","-","-","-"
"2604","L. Miller","L. Miller","RB","","","","injury-status","BYE","-","-","-","-","-","-","-","-","-","-","-","-"
"2605","N. Foles","N. Foles","QB","","","","injury-status","BYE","-","-","-","-","-","-","-","-","-","-","-","-"
"2606","M. Duggan","M. Duggan","QB","","","","injury-status","BYE","-","-","-","-","-","-","-","-","-","-","-","-"
"2607","J. Wayne","J. Wayne","WR","","","","injury-status","BYE","-","-","-","-","-","-","-","-","-","-","-","-"
"2608","R. Rice","R. Rice","WR","KC","10","Sus","injury-status sus","Final W 27-20 vs BAL","53","1","1","-","24","29","288","2","-","-","-","-"
"2609","B. Willis","B. Willis","TE","SF","14","","injury-status","Final W 32-19 vs NYJ","-","-","-","-","-","2","-","-","-","-","-","-"
"2610","C. Peoples","C. Peoples","RB","","","","injury-status","BYE","-","-","-","-","-","-","-","-","-","-","-","-"
"2611","C. Latu","C. Latu","TE","CLE","9","","injury-status","Final L 17-33 vs DAL","-","-","-","-","-","-","-","-","-","-","-","-"
"2612","M. Golden","M. Golden","WR","GB","5","","injury-status","Final L 29-34 @ PHI","-","-","-","-","-","-","-","-","-","-","-","-"
"2613","J. Royals","J. Royals","WR","KC","10","Ques","injury-status questionable","Final W 27-20 vs BAL","-","-","-","-","-","-","-","-","-","-","-","-"
"2614","T. Rutenbeck","T. Rutenbeck","WR","","","","injury-status","BYE","-","-","-","-","-","-","-","-","-","-","-","-"
"2615","N. Noel","N. Noel","RB","","","","injury-status","BYE","-","-","-","-","-","-","-","-","-","-","-","-"
"2616","D. Edwards","D. Edwards","RB","WAS","12","","injury-status","Final L 20-37 @ TB","-","-","-","-","-","-","-","-","-","-","-","-"
"2617","D. Miller","D. Miller","WR","","","","injury-status","BYE","-","-","-","-","-","-","-","-","-","-","-","-"
"2618","K. Smith","K. Smith","WR","","","","injury-status","BYE","-","-","-","-","-","-","-","-","-","-","-","-"
"2619","A. Torres","A. Torres","TE","","","Ques","injury-status questionable","BYE","-","-","-","-","-","-","-","-","-","-","-","-"
"2620","M. Bernard","M. Bernard","RB","","","","injury-status","BYE","-","-","-","-","-","-","-","-","-","-","-","-"
"2621","Z. D'Orazio","Z. D'Orazio","WR","","","","injury-status","BYE","-","-","-","-","-","-","-","-","-","-","-","-"
"2622","K. Harper","K. Harper","RB","","","","injury-status","BYE","-","-","-","-","-","-","-","-","-","-","-","-"
"2623","P. Thorne","P. Thorne","QB","","","","injury-status","BYE","-","-","-","-","-","-","-","-","-","-","-","-"
"2624","D. Neal","D. Neal","WR","","","","injury-status","BYE","-","-","-","-","-","-","-","-","-","-","-","-"
"2625","R. Taylor","R. Taylor","WR","","","","injury-status","BYE","-","-","-","-","-","-","-","-","-","-","-","-"
"2626","J. Keeney-James","J. Keeney-James","WR","","","","injury-status","BYE","-","-","-","-","-","-","-","-","-","-","-","-"
"2627","R. Hamilton","R. Hamilton","TE","","","","injury-status","BYE","-","-","-","-","-","-","-","-","-","-","-","-"
"2628","C. Fajardo","C. Fajardo","QB","","","","injury-status","BYE","-","-","-","-","-","-","-","-","-","-","-","-"
"2629","R. Owens","R. Owens","WR","","","","injury-status","BYE","-","-","-","-","-","-","-","-","-","-","-","-"
"2630","J. Rumph","J. Rumph","WR","","","","injury-status","BYE","-","-","-","-","-","-","-","-","-","-","-","-"
"2631","Z. Brooks","Z. Brooks","RB","","","","injury-status","BYE","-","-","-","-","-","-","-","-","-","-","-","-"
"2632","P. Mafah","P. Mafah","RB","DAL","10","IR","injury-status ir","Final W 33-17 @ CLE","-","-","-","-","-","-","-","-","-","-","-","-"
"2633","T. Johnson","T. Johnson","WR","TB","9","","injury-status","Final W 37-20 vs WAS","-","-","-","-","-","-","-","-","-","-","-","-"
"2634","B. Collins","B. Collins","WR","NYG","14","","injury-status","Final L 6-28 vs MIN","-","-","-","-","-","-","-","-","-","-","-","-"
"2635","C. Stoudt","C. Stoudt","QB","","","","injury-status","BYE","-","-","-","-","-","-","-","-","-","-","-","-"
"2636","B. Green","B. Green","WR","","","","injury-status","BYE","-","-","-","-","-","-","-","-","-","-","-","-"
"2637","A. Marshall","A. Marshall","RB","CLE","9","","injury-status","Final L 17-33 vs DAL","-","-","-","-","-","-","-","-","-","-","-","-"
"2638","W. Sheppard","W. Sheppard","WR","GB","5","","injury-status","Final L 29-34 @ PHI","-","-","-","-","-","-","-","-","-","-","-","-"
"2639","J. Hawes","J. Hawes","TE","BUF","7","","injury-status","Final W 34-28 vs ARI","-","-","-","-","-","-","-","-","-","-","-","-"
"2640","J. Smith","J. Smith","WR","","","","injury-status","BYE","-","-","-","-","-","-","-","-","-","-","-","-"
"2641","J. Waters","J. Waters","QB","","","","injury-status","BYE","-","-","-","-","-","-","-","-","-","-","-","-"
"2642","G. Oakes","G. Oakes","TE","","","","injury-status","BYE","-","-","-","-","-","-","-","-","-","-","-","-"
"2643","U. Bentley","U. Bentley","RB","IND","11","","injury-status","Final L 27-29 vs HOU","-","-","-","-","-","-","-","-","-","-","-","-"
"2644","B. Heard","B. Heard","RB","","","","injury-status","BYE","-","-","-","-","-","-","-","-","-","-","-","-"
"2645","C. Knox","C. Knox","RB","","","","injury-status","BYE","-","-","-","-","-","-","-","-","-","-","-","-"
"2646","B. Sasser","B. Sasser","WR","","","","injury-status","BYE","-","-","-","-","-","-","-","-","-","-","-","-"
"2647","T. Harman","T. Harman","WR","","","","injury-status","BYE","-","-","-","-","-","-","-","-","-","-","-","-"
"2648","S. Pitz","S. Pitz","TE","","","","injury-status","BYE","-","-","-","-","-","-","-","-","-","-","-","-"
"2649","L. Stokes","L. Stokes","TE","","","","injury-status","BYE","-","-","-","-","-","-","-","-","-","-","-","-"
"2650","C. Burton","C. Burton","TE","","","","injury-status","BYE","-","-","-","-","-","-","-","-","-","-","-","-"
"2651","C. Acosta","C. Acosta","K","","","","injury-status","BYE","-","-","-","-","-","-","-","-","-","-","-","-"
"2652","D. Powell","D. Powell","WR","","","","injury-status","BYE","-","-","-","-","-","-","-","-","-","-","-","-"
"2653","Z. Franklin","Z. Franklin","WR","","","","injury-status","BYE","-","-","-","-","-","-","-","-","-","-","-","-"
"2654","R. Fairweather","R. Fairweather","TE","DAL","10","","injury-status","Final W 33-17 @ CLE","-","-","-","-","-","-","-","-","-","-","-","-"
"2655","T. Broden","T. Broden","WR","SEA","8","","injury-status","Final W 26-20 vs DEN","-","-","-","-","-","-","-","-","-","-","-","-"
"2656","K. Lambert-Smith","K. Lambert-Smith","WR","LAC","12","","injury-status","Final W 22-10 vs LV","-","-","-","-","-","-","-","-","-","-","-","-"
"2657","T. Sheffield","T. Sheffield","WR","","","","injury-status","BYE","-","-","-","-","-","-","-","-","-","-","-","-"
"2658","J. Milroe","J. Milroe","QB","SEA","8","","injury-status","Final W 26-20 vs DEN","-","-","-","-","-","-","-","-","-","-","-","-"
"2659","D. Bell","D. Bell","K","","","","injury-status","BYE","-","-","-","-","-","-","-","-","-","-","-","-"
"2660","B. Chancellor","B. Chancellor","WR","","","","injury-status","BYE","-","-","-","-","-","-","-","-","-","-","-","-"
"2661","B. Presley","B. Presley","WR","LAR","8","","injury-status","Final L 20-26 @ DET","-","-","-","-","-","-","-","-","-","-","-","-"
"2662","S. Powell","S. Powell","RB","","","","injury-status","BYE","-","-","-","-","-","-","-","-","-","-","-","-"
"2663","J. Galbreath","J. Galbreath","TE","PIT","5","","injury-status","Final W 18-10 @ ATL","-","-","-","-","-","-","-","-","-","-","-","-"
"2664","P. Conroy","P. Conroy","TE","","","","injury-status","BYE","-","-","-","-","-","-","-","-","-","-","-","-"
"2665","E. Frohnapfel","E. Frohnapfel","TE","","","","injury-status","BYE","-","-","-","-","-","-","-","-","-","-","-","-"
"2666","M. Price","M. Price","WR","MIN","6","","injury-status","Final W 28-6 @ NYG","-","-","-","-","-","-","-","-","-","-","-","-"
"2667","D. Felton","D. Felton","WR","","","IR","injury-status ir","BYE","-","-","-","-","-","-","-","-","-","-","-","-"
"2668","G. Jackson","G. Jackson","WR","","","","injury-status","BYE","-","-","-","-","-","-","-","-","-","-","-","-"
"2669","J. Richardson","J. Richardson","WR","CHI","5","","injury-status","Final W 24-17 vs TEN","-","-","-","-","-","-","-","-","-","-","-","-"
"2670","M. Lemonious-Craig","M. Lemonious-Craig","WR","","","Ques","injury-status questionable","BYE","-","-","-","-","-","-","-","-","-","-","-","-"
"2671","S. Ntoh","S. Ntoh","RB","","","","injury-status","BYE","-","-","-","-","-","-","-","-","-","-","-","-"
"2672","C. Granger","C. Granger","TE","","","Ques","injury-status questionable","BYE","-","-","-","-","-","-","-","-","-","-","-","-"
"2673","B. Ross","B. Ross","RB","","","","injury-status","BYE","-","-","-","-","-","-","-","-","-","-","-","-"
"2674","D. Luckett","D. Luckett","WR","","","","injury-status","BYE","-","-","-","-","-","-","-","-","-","-","-","-"
"2675","J. Hunter","J. Hunter","RB","LAR","8","","injury-status","Final L 20-26 @ DET","-","-","-","-","-","-","-","-","-","-","-","-"
"2676","J. Lovelocke","J. Lovelocke","QB","","","","injury-status","BYE","-","-","-","-","-","-","-","-","-","-","-","-"
"2677","J. Reese","J. Reese","WR","","","","injury-status","BYE","-","-","-","-","-","-","-","-","-","-","-","-"
"2678","K. Hill","K. Hill","RB","","","","injury-status","BYE","-","-","-","-","-","-","-","-","-","-","-","-"
"2679","J. Bergen","J. Bergen","WR","SF","14","","injury-status","Final W 32-19 vs NYJ","-","-","-","-","-","-","-","-","-","-","-","-"
"2680","L. Grimm","L. Grimm","WR","LAC","12","","injury-status","Final W 22-10 vs LV","-","-","-","-","-","-","-","-","-","-","-","-"
"2681","D. Johnson","D. Johnson","WR","","","","injury-status","BYE","-","-","-","-","-","-","-","-","-","-","-","-"
"2682","T. Jones","T. Jones","WR","","","","injury-status","BYE","-","-","-","-","-","-","-","-","-","-","-","-"
"2683","T. Loop","T. Loop","K","BAL","7","","injury-status","Final L 20-27 @ KC","-","-","-","-","-","-","-","-","-","-","-","-"
"2684","J. Lee","J. Lee","WR","","","","injury-status","BYE","-","-","-","-","-","-","-","-","-","-","-","-"
"2685","J. Lunsford","J. Lunsford","K","","","","injury-status","BYE","-","-","-","-","-","-","-","-","-","-","-","-"
"2686","J. Simon","J. Simon","TE","ATL","5","","injury-status","Final L 10-18 vs PIT","-","-","-","-","-","-","-","-","-","-","-","-"
"2687","A. Squirewell","A. Squirewell","RB","","","","injury-status","BYE","-","-","-","-","-","-","-","-","-","-","-","-"
"2688","K. Rowan","K. Rowan","WR","","","","injury-status","BYE","-","-","-","-","-","-","-","-","-","-","-","-"
"2689","R. Scheuerman","R. Scheuerman","RB","","","","injury-status","BYE","-","-","-","-","-","-","-","-","-","-","-","-"
"2690","C. Jackson","C. Jackson","WR","SEA","8","","injury-status","Final W 26-20 vs DEN","-","-","-","-","-","-","-","-","-","-","-","-"
"2691","B. Bennett","B. Bennett","QB","","","","injury-status","BYE","-","-","-","-","-","-","-","-","-","-","-","-"
"2692","C. Runyon","C. Runyon","TE","LV","8","","injury-status","Final L 10-22 @ LAC","-","-","-","-","-","-","-","-","-","-","-","-"
"2693","K. Robichaux","K. Robichaux","RB","DET","8","IR","injury-status ir","Final W 26-20 vs LAR","-","-","-","-","-","-","-","-","-","-","-","-"
"2694","J. Hunt","J. Hunt","WR","","","","injury-status","BYE","-","-","-","-","-","-","-","-","-","-","-","-"
"2695","L. Lundy","L. Lundy","RB","","","","injury-status","BYE","-","-","-","-","-","-","-","-","-","-","-","-"
"2696","M. Wittek","M. Wittek","QB","","","","injury-status","BYE","-","-","-","-","-","-","-","-","-","-","-","-"
"2697","H. Fannin","H. Fannin","TE","CLE","9","","injury-status","Final L 17-33 vs DAL","-","-","-","-","-","-","-","-","-","-","-","-"
"2698","I. Umodu","I. Umodu","WR","","","","injury-status","BYE","-","-","-","-","-","-","-","-","-","-","-","-"
"2699","L. Allen","L. Allen","RB","JAX","8","","injury-status","Final L 17-20 @ MIA","-","-","-","-","-","-","-","-","-","-","-","-"
"2700","K. Mullings","K. Mullings","RB","TEN","10","Ques","injury-status questionable","Final L 17-24 @ CHI","-","-","-","-","-","-","-","-","-","-","-","-"
"2701","Q. Skinner","Q. Skinner","WR","NYJ","9","","injury-status","Final L 19-32 @ SF","-","-","-","-","-","-","-","-","-","-","-","-"
"2702","J. Meeks","J. Meeks","WR","DET","8","","injury-status","Final W 26-20 vs LAR","-","-","-","-","-","-","-","-","-","-","-","-"
"2703","D. Davis","D. Davis","WR","","","","injury-status","BYE","-","-","-","-","-","-","-","-","-","-","-","-"
"2704","B. Gardner","B. Gardner","TE","","","","injury-status","BYE","-","-","-","-","-","-","-","-","-","-","-","-"
"2705","J. James","J. James","RB","SF","14","IR","injury-status ir","Final W 32-19 vs NYJ","-","-","-","-","-","-","-","-","-","-","-","-"
"2706","D. Giddens","D. Giddens","RB","IND","11","","injury-status","Final L 27-29 vs HOU","-","-","-","-","-","-","-","-","-","-","-","-"
"2707","M. Hull","M. Hull","WR","","","","injury-status","BYE","-","-","-","-","-","-","-","-","-","-","-","-"
"2708","D. Mahina","D. Mahina","TE","","","","injury-status","BYE","-","-","-","-","-","-","-","-","-","-","-","-"
"2709","A. Landphere","A. Landphere","TE","","","","injury-status","BYE","-","-","-","-","-","-","-","-","-","-","-","-"
"2710","D. Dabney","D. Dabney","TE","","","","injury-status","BYE","-","-","-","-","-","-","-","-","-","-","-","-"
"2711","W. Wright","W. Wright","WR","","","","injury-status","BYE","-","-","-","-","-","-","-","-","-","-","-","-"
"2712","I. Bond","I. Bond","WR","CLE","9","","injury-status","Final L 17-33 vs DAL","-","-","-","-","-","-","-","-","-","-","-","-"
"2713","T. Steelman","T. Steelman","WR","","","","injury-status","BYE","-","-","-","-","-","-","-","-","-","-","-","-"
"2714","J. Blue","J. Blue","WR","","","","injury-status","BYE","-","-","-","-","-","-","-","-","-","-","-","-"
"2715","A. Borregales","A. Borregales","K","NE","14","","injury-status","Final W 16-10 @ CIN","-","-","-","-","-","-","-","-","-","-","-","-"
"2716","M. Weisman","M. Weisman","RB","","","","injury-status","BYE","-","-","-","-","-","-","-","-","-","-","-","-"
"2717","J. Kim","J. Kim","K","","","","injury-status","BYE","-","-","-","-","-","-","-","-","-","-","-","-"
"2718","J. Higgins","J. Higgins","WR","HOU","6","","injury-status","Final W 29-27 @ IND","-","-","-","-","-","-","-","-","-","-","-","-"
"2719","J. Jackson","J. Jackson","RB","JAX","8","","injury-status","Final L 17-20 @ MIA","-","-","-","-","-","-","-","-","-","-","-","-"
"2720","E. Arroyo","E. Arroyo","TE","SEA","8","","injury-status","Final W 26-20 vs DEN","-","-","-","-","-","-","-","-","-","-","-","-"
"2721","X. Restrepo","X. Restrepo","WR","TEN","10","","injury-status","Final L 17-24 @ CHI","-","-","-","-","-","-","-","-","-","-","-","-"
"2722","B. Wooldridge","B. Wooldridge","QB","","","","injury-status","BYE","-","-","-","-","-","-","-","-","-","-","-","-"
"2723","Q. Ewers","Q. Ewers","QB","MIA","12","","injury-status","Final W 20-17 vs JAX","-","-","-","-","-","-","-","-","-","-","-","-"
"2724","L. Lachey","L. Lachey","TE","HOU","6","","injury-status","Final W 29-27 @ IND","-","-","-","-","-","-","-","-","-","-","-","-"
"2725","B. Sauls","B. Sauls","K","","","","injury-status","BYE","-","-","-","-","-","-","-","-","-","-","-","-"
"2726","J. Briningstool","J. Briningstool","TE","KC","10","IR","injury-status ir","Final W 27-20 vs BAL","-","-","-","-","-","-","-","-","-","-","-","-"
"2727","K. McCord","K. McCord","QB","PHI","9","","injury-status","Final W 34-29 vs GB","-","-","-","-","-","-","-","-","-","-","-","-"
"2728","D. Gabriel","D. Gabriel","QB","CLE","9","","injury-status","Final L 17-33 vs DAL","-","-","-","-","-","-","-","-","-","-","-","-"
"2729","C. Miller","C. Miller","QB","LV","8","","injury-status","Final L 10-22 @ LAC","-","-","-","-","-","-","-","-","-","-","-","-"
"2730","T. Wease","T. Wease","WR","MIA","12","","injury-status","Final W 20-17 vs JAX","-","-","-","-","-","-","-","-","-","-","-","-"
"2731","D. Aultman","D. Aultman","WR","","","","injury-status","BYE","-","-","-","-","-","-","-","-","-","-","-","-"
"2732","M. Dixon","M. Dixon","WR","","","","injury-status","BYE","-","-","-","-","-","-","-","-","-","-","-","-"
"2733","G. Mertz","G. Mertz","QB","HOU","6","","injury-status","Final W 29-27 @ IND","-","-","-","-","-","-","-","-","-","-","-","-"
"2734","K. Williams","K. Williams","WR","NE","14","Ques","injury-status questionable","Final W 16-10 @ CIN","-","-","-","-","-","-","-","-","-","-","-","-"
"2735","L. Deal","L. Deal","TE","","","Ques","injury-status questionable","BYE","-","-","-","-","-","-","-","-","-","-","-","-"
"2736","M. Van Vooren","M. Van Vooren","WR","","","","injury-status","BYE","-","-","-","-","-","-","-","-","-","-","-","-"
"2737","M. Dyer","M. Dyer","RB","","","","injury-status","BYE","-","-","-","-","-","-","-","-","-","-","-","-"
"2738","T. Neville","T. Neville","TE","","","","injury-status","BYE","-","-","-","-","-","-","-","-","-","-","-","-"
"2739","C. Skattebo","C. Skattebo","RB","NYG","14","","injury-status","Final L 6-28 vs MIN","-","-","-","-","-","-","-","-","-","-","-","-"
"2740","L. Toafili","L. Toafili","RB","","","","injury-status","BYE","-","-","-","-","-","-","-","-","-","-","-","-"
"2741","M. Taylor","M. Taylor","TE","NYJ","9","","injury-status","Final L 19-32 @ SF","-","-","-","-","-","-","-","-","-","-","-","-"
"2742","A. Henning","A. Henning","WR","MIA","12","","injury-status","Final W 20-17 vs JAX","-","-","-","-","-","-","-","-","-","-","-","-"
"2743","R. Sanders","R. Sanders","RB","CLE","9","","injury-status","Final L 17-33 vs DAL","-","-","-","-","-","-","-","-","-","-","-","-"
"2744","J. Jones","J. Jones","WR","WAS","12","","injury-status","Final L 20-37 @ TB","-","-","-","-","-","-","-","-","-","-","-","-"
"2745","K. Doe","K. Doe","WR","","","","injury-status","BYE","-","-","-","-","-","-","-","-","-","-","-","-"
"2746","G. Helm","G. Helm","TE","TEN","10","","injury-status","Final L 17-24 @ CHI","-","-","-","-","-","-","-","-","-","-","-","-"
"2747","J. Reed","J. Reed","WR","CAR","14","","injury-status","Final L 10-47 @ NO","-","-","-","-","-","-","-","-","-","-","-","-"
"2748","C. Prieskorn","C. Prieskorn","TE","","","","injury-status","BYE","-","-","-","-","-","-","-","-","-","-","-","-"
"2749","J. Tukes","J. Tukes","TE","","","","injury-status","BYE","-","-","-","-","-","-","-","-","-","-","-","-"
"2750","I. Ferguson","I. Ferguson","WR","","","","injury-status","BYE","-","-","-","-","-","-","-","-","-","-","-","-"
"2751","D. Light","D. Light","TE","","","","injury-status","BYE","-","-","-","-","-","-","-","-","-","-","-","-"
"2752","D. Sampson","D. Sampson","RB","CLE","9","","injury-status","Final L 17-33 vs DAL","-","-","-","-","-","-","-","-","-","-","-","-"
"2753","T. Horton","T. Horton","WR","SEA","8","Ques","injury-status questionable","Final W 26-20 vs DEN","-","-","-","-","-","-","-","-","-","-","-","-"
"2754","D. Cooper","D. Cooper","WR","PHI","9","","injury-status","Final W 34-29 vs GB","-","-","-","-","-","-","-","-","-","-","-","-"
"2755","M. Mang","M. Mang","TE","IND","11","","injury-status","Final L 27-29 vs HOU","-","-","-","-","-","-","-","-","-","-","-","-"
"2756","G. Larvadain","G. Larvadain","WR","CLE","9","","injury-status","Final L 17-33 vs DAL","-","-","-","-","-","-","-","-","-","-","-","-"
"2757","R. Seale","R. Seale","RB","","","","injury-status","BYE","-","-","-","-","-","-","-","-","-","-","-","-"
"2758","D. Reeves","D. Reeves","TE","","","","injury-status","BYE","-","-","-","-","-","-","-","-","-","-","-","-"
"2759","C. Worthy","C. Worthy","WR","","","","injury-status","BYE","-","-","-","-","-","-","-","-","-","-","-","-"
"2760","K. Monangai","K. Monangai","RB","CHI","5","Ques","injury-status questionable","Final W 24-17 vs TEN","-","-","-","-","-","-","-","-","-","-","-","-"
"2761","C. Dippre","C. Dippre","TE","NE","14","","injury-status","Final W 16-10 @ CIN","-","-","-","-","-","-","-","-","-","-","-","-"
"2762","D. Rodriguez","D. Rodriguez","WR","","","","injury-status","BYE","-","-","-","-","-","-","-","-","-","-","-","-"
"2763","B. Yurosek","B. Yurosek","TE","MIN","6","","injury-status","Final W 28-6 @ NYG","-","-","-","-","-","-","-","-","-","-","-","-"
"2764","T. Edwards","T. Edwards","WR","LAR","8","","injury-status","Final L 20-26 @ DET","-","-","-","-","-","-","-","-","-","-","-","-"
"2765","J. Lockhart","J. Lockhart","WR","","","Ques","injury-status questionable","BYE","-","-","-","-","-","-","-","-","-","-","-","-"
"2766","E. Young","E. Young","RB","","","","injury-status","BYE","-","-","-","-","-","-","-","-","-","-","-","-"
"2767","S. Brown","S. Brown","WR","","","","injury-status","BYE","-","-","-","-","-","-","-","-","-","-","-","-"
"2768","T. McMillan","T. McMillan","WR","CAR","14","Ques","injury-status questionable","Final L 10-47 @ NO","-","-","-","-","-","-","-","-","-","-","-","-"
"2769","P. Bryant","P. Bryant","WR","DEN","12","","injury-status","Final L 20-26 @ SEA","-","-","-","-","-","-","-","-","-","-","-","-"
"2770","J. Noel","J. Noel","WR","HOU","6","","injury-status","Final W 29-27 @ IND","-","-","-","-","-","-","-","-","-","-","-","-"
"2771","K. Jackson","K. Jackson","WR","","","","injury-status","BYE","-","-","-","-","-","-","-","-","-","-","-","-"
"2772","J. Waters","J. Waters","RB","","","","injury-status","BYE","-","-","-","-","-","-","-","-","-","-","-","-"
"2773","B. Cook","B. Cook","QB","NYJ","9","","injury-status","Final L 19-32 @ SF","-","-","-","-","-","-","-","-","-","-","-","-"
"2774","A. Tyus","A. Tyus","RB","","","","injury-status","BYE","-","-","-","-","-","-","-","-","-","-","-","-"
"2775","K. Mumpfield","K. Mumpfield","WR","LAR","8","","injury-status","Final L 20-26 @ DET","-","-","-","-","-","-","-","-","-","-","-","-"
"2776","L. Kilgore","L. Kilgore","QB","","","","injury-status","BYE","-","-","-","-","-","-","-","-","-","-","-","-"
"2777","D. Uiagalelei","D. Uiagalelei","QB","LAC","12","","injury-status","Final W 22-10 vs LV","-","-","-","-","-","-","-","-","-","-","-","-"
"2778","C. Owen","C. Owen","WR","IND","11","","injury-status","Final L 27-29 vs HOU","-","-","-","-","-","-","-","-","-","-","-","-"
"2779","J. Bell","J. Bell","TE","","","","injury-status","BYE","-","-","-","-","-","-","-","-","-","-","-","-"
"2780","D. Lassiter","D. Lassiter","WR","","","","injury-status","BYE","-","-","-","-","-","-","-","-","-","-","-","-"
"2781","N. McCollum","N. McCollum","WR","","","","injury-status","BYE","-","-","-","-","-","-","-","-","-","-","-","-"
"2782","D. Martinez","D. Martinez","RB","SEA","8","","injury-status","Final W 26-20 vs DEN","-","-","-","-","-","-","-","-","-","-","-","-"
"2783","K. Johnson","K. Johnson","WR","","","","injury-status","BYE","-","-","-","-","-","-","-","-","-","-","-","-"
"2784","D. Reaves","D. Reaves","WR","","","","injury-status","BYE","-","-","-","-","-","-","-","-","-","-","-","-"
"2785","J. Webb","J. Webb","WR","NE","14","","injury-status","Final W 16-10 @ CIN","-","-","-","-","-","-","-","-","-","-","-","-"
"2786","J. Watkins","J. Watkins","WR","SF","14","Ques","injury-status questionable","Final W 32-19 vs NYJ","-","-","-","-","-","-","-","-","-","-","-","-"
"2787","Q. Judkins","Q. Judkins","RB","CLE","9","","injury-status","Final L 17-33 vs DAL","-","-","-","-","-","-","-","-","-","-","-","-"
"2788","D. Lovett","D. Lovett","WR","DET","8","","injury-status","Final W 26-20 vs LAR","-","-","-","-","-","-","-","-","-","-","-","-"
"2789","G. Lutman","G. Lutman","WR","","","","injury-status","BYE","-","-","-","-","-","-","-","-","-","-","-","-"
"2790","D. Thornton","D. Thornton","WR","LV","8","","injury-status","Final L 10-22 @ LAC","-","-","-","-","-","-","-","-","-","-","-","-"
"2791","T. Franks","T. Franks","RB","","","","injury-status","BYE","-","-","-","-","-","-","-","-","-","-","-","-"
"2792","S. Klotz","S. Klotz","TE","","","","injury-status","BYE","-","-","-","-","-","-","-","-","-","-","-","-"
"2793","L. Larison","L. Larison","RB","NE","14","IR","injury-status ir","Final W 16-10 @ CIN","-","-","-","-","-","-","-","-","-","-","-","-"
"2794","A. Carlisle","A. Carlisle","WR","","","","injury-status","BYE","-","-","-","-","-","-","-","-","-","-","-","-"
"2795","J. Davis","J. Davis","WR","","","","injury-status","BYE","-","-","-","-","-","-","-","-","-","-","-","-"
"2796","A. Smith","A. Smith","WR","NYJ","9","","injury-status","Final L 19-32 @ SF","-","-","-","-","-","-","-","-","-","-","-","-"
"2797","Q. Jones","Q. Jones","RB","","","","injury-status","BYE","-","-","-","-","-","-","-","-","-","-","-","-"
"2798","D. Thomas-Jones","D. Thomas-Jones","TE","","","","injury-status","BYE","-","-","-","-","-","-","-","-","-","-","-","-"
"2799","T. Etienne","T. Etienne","RB","CAR","14","","injury-status","Final L 10-47 @ NO","-","-","-","-","-","-","-","-","-","-","-","-"
"2800","K. Rourke","K. Rourke","QB","SF","14","PUP","injury-status pup","Final W 32-19 vs NYJ","-","-","-","-","-","-","-","-","-","-","-","-"
"2801","J. Coker","J. Coker","QB","","","","injury-status","BYE","-","-","-","-","-","-","-","-","-","-","-","-"
"2802","M. Lang","M. Lang","TE","","","","injury-status","BYE","-","-","-","-","-","-","-","-","-","-","-","-"
"2803","R. Jones","R. Jones","RB","","","","injury-status","BYE","-","-","-","-","-","-","-","-","-","-","-","-"
"2804","M. Matavao","M. Matavao","TE","NO","11","","injury-status","Final W 47-10 vs CAR","-","-","-","-","-","-","-","-","-","-","-","-"
"2805","K. Taylor","K. Taylor","TE","","","","injury-status","BYE","-","-","-","-","-","-","-","-","-","-","-","-"
"2806","T. Flanders","T. Flanders","RB","","","","injury-status","BYE","-","-","-","-","-","-","-","-","-","-","-","-"
"2807","J. White","J. White","RB","","","Ques","injury-status questionable","BYE","-","-","-","-","-","-","-","-","-","-","-","-"
"2808","J. Harris","J. Harris","WR","","","","injury-status","BYE","-","-","-","-","-","-","-","-","-","-","-","-"
"2809","O. Cardenas","O. Cardenas","TE","","","","injury-status","BYE","-","-","-","-","-","-","-","-","-","-","-","-"
"2810","J. Bech","J. Bech","WR","LV","8","","injury-status","Final L 10-22 @ LAC","-","-","-","-","-","-","-","-","-","-","-","-"
"2811","Q. Bundrage","Q. Bundrage","WR","","","","injury-status","BYE","-","-","-","-","-","-","-","-","-","-","-","-"
"2812","T. Taua","T. Taua","RB","","","","injury-status","BYE","-","-","-","-","-","-","-","-","-","-","-","-"
"2813","J. Bly","J. Bly","WR","","","","injury-status","BYE","-","-","-","-","-","-","-","-","-","-","-","-"
"2814","A. Ajou","A. Ajou","WR","","","","injury-status","BYE","-","-","-","-","-","-","-","-","-","-","-","-"
"2815","M. Redman","M. Redman","TE","LAR","8","","injury-status","Final L 20-26 @ DET","-","-","-","-","-","-","-","-","-","-","-","-"
"2816","E. Ayomanor","E. Ayomanor","WR","TEN","10","","injury-status","Final L 17-24 @ CHI","-","-","-","-","-","-","-","-","-","-","-","-"
"2817","T. Morin","T. Morin","WR","","","","injury-status","BYE","-","-","-","-","-","-","-","-","-","-","-","-"
"2818","K. Closs","K. Closs","WR","","","","injury-status","BYE","-","-","-","-","-","-","-","-","-","-","-","-"
"2819","T. Fidone","T. Fidone","TE","NYG","14","","injury-status","Final L 6-28 vs MIN","-","-","-","-","-","-","-","-","-","-","-","-"
"2820","M. Trujillo","M. Trujillo","K","","","IR","injury-status ir","BYE","-","-","-","-","-","-","-","-","-","-","-","-"
"2821","B. Lampe","B. Lampe","RB","NE","14","IR","injury-status ir","Final W 16-10 @ CIN","-","-","-","-","-","-","-","-","-","-","-","-"
"2822","H. Presley","H. Presley","WR","","","","injury-status","BYE","-","-","-","-","-","-","-","-","-","-","-","-"
"2823","M. Williams","M. Williams","WR","","","Ques","injury-status questionable","BYE","-","-","-","-","-","-","-","-","-","-","-","-"
"2824","D. Wright","D. Wright","WR","","","","injury-status","BYE","-","-","-","-","-","-","-","-","-","-","-","-"
"2825","M. Muhammad","M. Muhammad","WR","","","Ques","injury-status questionable","BYE","-","-","-","-","-","-","-","-","-","-","-","-"
"2826","L. Krieg","L. Krieg","K","ATL","5","","injury-status","Final L 10-18 vs PIT","-","-","-","-","-","-","-","-","-","-","-","-"
"2827","J. Blue","J. Blue","RB","DAL","10","Ques","injury-status questionable","Final W 33-17 @ CLE","-","-","-","-","-","-","-","-","-","-","-","-"
"2828","N. Nash","N. Nash","WR","ATL","5","","injury-status","Final L 10-18 vs PIT","-","-","-","-","-","-","-","-","-","-","-","-"
"2829","J. Hoyland","J. Hoyland","K","","","","injury-status","BYE","-","-","-","-","-","-","-","-","-","-","-","-"
"2830","B. Tuten","B. Tuten","RB","JAX","8","","injury-status","Final L 17-20 @ MIA","-","-","-","-","-","-","-","-","-","-","-","-"
"2831","D. Martin","D. Martin","RB","","","","injury-status","BYE","-","-","-","-","-","-","-","-","-","-","-","-"
"2832","W. Howard","W. Howard","QB","PIT","5","IR","injury-status ir","Final W 18-10 @ ATL","-","-","-","-","-","-","-","-","-","-","-","-"
"2833","D. Neal","D. Neal","RB","NO","11","","injury-status","Final W 47-10 vs CAR","-","-","-","-","-","-","-","-","-","-","-","-"
"2834","D. Daniels","D. Daniels","WR","","","","injury-status","BYE","-","-","-","-","-","-","-","-","-","-","-","-"
"2835","D. Wilson","D. Wilson","WR","","","","injury-status","BYE","-","-","-","-","-","-","-","-","-","-","-","-"
"2836","T. Hunter","T. Hunter","WR, DB - JAX(8)","","","","injury-status","Final L 17-20 @ MIA","-","-","-","-","-","-","-","-","-","-","-","-"
"2837","R. Daniels","R. Daniels","WR","","","","injury-status","BYE","-","-","-","-","-","-","-","-","-","-","-","-"
"2838","H. Williams","H. Williams","QB","","","","injury-status","BYE","-","-","-","-","-","-","-","-","-","-","-","-"
"2839","C. McDonald","C. McDonald","WR","","","IR","injury-status ir","BYE","-","-","-","-","-","-","-","-","-","-","-","-"
"2840","N. Kallerup","N. Kallerup","TE","SEA","8","","injury-status","Final W 26-20 vs DEN","-","-","-","-","-","-","-","-","-","-","-","-"
"2841","A. Johnson","A. Johnson","RB","LAC","12","","injury-status","Final W 22-10 vs LV","-","-","-","-","-","-","-","-","-","-","-","-"
"2842","J. Copenhaver","J. Copenhaver","TE","","","","injury-status","BYE","-","-","-","-","-","-","-","-","-","-","-","-"
"2843","C. Bazelak","C. Bazelak","QB","TB","9","","injury-status","Final W 37-20 vs WAS","-","-","-","-","-","-","-","-","-","-","-","-"
"2844","P. Herbert","P. Herbert","TE","JAX","8","","injury-status","Final L 17-20 @ MIA","-","-","-","-","-","-","-","-","-","-","-","-"
"2845","M. Brosmer","M. Brosmer","QB","MIN","6","","injury-status","Final W 28-6 @ NYG","-","-","-","-","-","-","-","-","-","-","-","-"
"2846","E. Wilson","E. Wilson","TE","","","","injury-status","BYE","-","-","-","-","-","-","-","-","-","-","-","-"
"2847","M. Baldwin","M. Baldwin","WR","","","","injury-status","BYE","-","-","-","-","-","-","-","-","-","-","-","-"
"2848","A. Armstrong","A. Armstrong","WR","","","","injury-status","BYE","-","-","-","-","-","-","-","-","-","-","-","-"
"2849","D. Parks","D. Parks","WR","","","","injury-status","BYE","-","-","-","-","-","-","-","-","-","-","-","-"
"2850","O. Gordon","O. Gordon","RB","MIA","12","","injury-status","Final W 20-17 vs JAX","-","-","-","-","-","-","-","-","-","-","-","-"
"2851","J. Sinz","J. Sinz","TE","","","","injury-status","BYE","-","-","-","-","-","-","-","-","-","-","-","-"
"2852","R. Brown","R. Brown","TE","","","","injury-status","BYE","-","-","-","-","-","-","-","-","-","-","-","-"
"2853","C. Tyree","C. Tyree","WR","","","Ques","injury-status questionable","BYE","-","-","-","-","-","-","-","-","-","-","-","-"
"2854","J. Dangerfield","J. Dangerfield","WR","","","","injury-status","BYE","-","-","-","-","-","-","-","-","-","-","-","-"
"2855","X. Guillory","X. Guillory","WR","","","Ques","injury-status questionable","BYE","-","-","-","-","-","-","-","-","-","-","-","-"
"2856","L. Bester","L. Bester","WR","","","","injury-status","BYE","-","-","-","-","-","-","-","-","-","-","-","-"
"2857","C. Neighbors","C. Neighbors","RB","","","","injury-status","BYE","-","-","-","-","-","-","-","-","-","-","-","-"
"2858","T. Holden","T. Holden","WR","DAL","10","","injury-status","Final W 33-17 @ CLE","-","-","-","-","-","-","-","-","-","-","-","-"
"2859","A. Wells","A. Wells","WR","","","","injury-status","BYE","-","-","-","-","-","-","-","-","-","-","-","-"
"2860","L. Ward","L. Ward","RB","","","","injury-status","BYE","-","-","-","-","-","-","-","-","-","-","-","-"
"2861","S. Bolden","S. Bolden","WR","HOU","6","","injury-status","Final W 29-27 @ IND","-","-","-","-","-","-","-","-","-","-","-","-"
"2862","M. Evans","M. Evans","TE","CAR","14","","injury-status","Final L 10-47 @ NO","-","-","-","-","-","-","-","-","-","-","-","-"
"2863","R. Leonard","R. Leonard","QB","IND","11","","injury-status","Final L 27-29 vs HOU","-","-","-","-","-","-","-","-","-","-","-","-"
"2864","A. Jeanty","A. Jeanty","RB","LV","8","","injury-status","Final L 10-22 @ LAC","-","-","-","-","-","-","-","-","-","-","-","-"
"2865","P. Sims","P. Sims","QB","","","","injury-status","BYE","-","-","-","-","-","-","-","-","-","-","-","-"
"2866","A. Gleichert","A. Gleichert","TE","","","","injury-status","BYE","-","-","-","-","-","-","-","-","-","-","-","-"
"2867","C. Clear","C. Clear","TE","","","","injury-status","BYE","-","-","-","-","-","-","-","-","-","-","-","-"
"2868","J. Williams","J. Williams","RB","TB","9","","injury-status","Final W 37-20 vs WAS","-","-","-","-","-","-","-","-","-","-","-","-"
"2869","K. Ings","K. Ings","WR","","","","injury-status","BYE","-","-","-","-","-","-","-","-","-","-","-","-"
"2870","J. Croskey-Merritt","J. Croskey-Merritt","RB","WAS","12","","injury-status","Final L 20-37 @ TB","-","-","-","-","-","-","-","-","-","-","-","-"
"2871","J. Dart","J. Dart","QB","NYG","14","","injury-status","Final L 6-28 vs MIN","-","-","-","-","-","-","-","-","-","-","-","-"
"2872","D. Davis","D. Davis","WR","","","","injury-status","BYE","-","-","-","-","-","-","-","-","-","-","-","-"
"2873","T. Creecy","T. Creecy","RB","","","","injury-status","BYE","-","-","-","-","-","-","-","-","-","-","-","-"
"2874","D. Anthrop","D. Anthrop","WR","","","","injury-status","BYE","-","-","-","-","-","-","-","-","-","-","-","-"
"2875","J. Lane","J. Lane","WR","WAS","12","","injury-status","Final L 20-37 @ TB","-","-","-","-","-","-","-","-","-","-","-","-"
"2876","D. Cambre","D. Cambre","WR","","","","injury-status","BYE","-","-","-","-","-","-","-","-","-","-","-","-"
"2877","S. Gosnell","S. Gosnell","WR","BUF","7","","injury-status","Final W 34-28 vs ARI","-","-","-","-","-","-","-","-","-","-","-","-"
"2878","M. Morgan","M. Morgan","K","","","","injury-status","BYE","-","-","-","-","-","-","-","-","-","-","-","-"
"2879","Z. Horton","Z. Horton","TE","DET","8","","injury-status","Final W 26-20 vs LAR","-","-","-","-","-","-","-","-","-","-","-","-"
"2880","K. Hudson","K. Hudson","WR","","","","injury-status","BYE","-","-","-","-","-","-","-","-","-","-","-","-"
"2881","T. Sloat","T. Sloat","TE","","","","injury-status","BYE","-","-","-","-","-","-","-","-","-","-","-","-"
"2882","H. Dekkers","H. Dekkers","QB","NO","11","","injury-status","Final W 47-10 vs CAR","-","-","-","-","-","-","-","-","-","-","-","-"
"2883","K. Prather","K. Prather","WR","","","Ques","injury-status questionable","BYE","-","-","-","-","-","-","-","-","-","-","-","-"
"2884","C. Dike","C. Dike","WR","TEN","10","","injury-status","Final L 17-24 @ CHI","-","-","-","-","-","-","-","-","-","-","-","-"
"2885","C. Camper","C. Camper","WR","","","","injury-status","BYE","-","-","-","-","-","-","-","-","-","-","-","-"
"2886","R. Collins","R. Collins","WR","","","","injury-status","BYE","-","-","-","-","-","-","-","-","-","-","-","-"
"2887","K. Latu","K. Latu","TE","BUF","7","","injury-status","Final W 34-28 vs ARI","-","-","-","-","-","-","-","-","-","-","-","-"
"2888","T. Watson","T. Watson","TE","KC","10","","injury-status","Final W 27-20 vs BAL","-","-","-","-","-","-","-","-","-","-","-","-"
"2889","C. Davis","C. Davis","K","","","","injury-status","BYE","-","-","-","-","-","-","-","-","-","-","-","-"
"2890","R. Ouzts","R. Ouzts","RB","SEA","8","","injury-status","Final W 26-20 vs DEN","-","-","-","-","-","-","-","-","-","-","-","-"
"2891","T. Felton","T. Felton","WR","MIN","6","Ques","injury-status questionable","Final W 28-6 @ NYG","-","-","-","-","-","-","-","-","-","-","-","-"
"2892","C. Ward","C. Ward","QB","TEN","10","","injury-status","Final L 17-24 @ CHI","-","-","-","-","-","-","-","-","-","-","-","-"
"2893","M. Miller","M. Miller","TE","","","","injury-status","BYE","-","-","-","-","-","-","-","-","-","-","-","-"
"2894","E. Pancol","E. Pancol","WR","","","Ques","injury-status questionable","BYE","-","-","-","-","-","-","-","-","-","-","-","-"
"2895","N. Wright","N. Wright","RB","","","","injury-status","BYE","-","-","-","-","-","-","-","-","-","-","-","-"
"2896","M. Clark","M. Clark","WR","","","","injury-status","BYE","-","-","-","-","-","-","-","-","-","-","-","-"
"2897","P. Lutz","P. Lutz","WR","","","","injury-status","BYE","-","-","-","-","-","-","-","-","-","-","-","-"
"2898","C. Schlee","C. Schlee","QB","","","","injury-status","BYE","-","-","-","-","-","-","-","-","-","-","-","-"
"2899","T. Elgersma","T. Elgersma","QB","","","","injury-status","BYE","-","-","-","-","-","-","-","-","-","-","-","-"
"2900","S. Williams","S. Williams","WR","GB","5","Ques","injury-status questionable","Final L 29-34 @ PHI","-","-","-","-","-","-","-","-","-","-","-","-"
"2901","D. Brown","D. Brown","RB","","","","injury-status","BYE","-","-","-","-","-","-","-","-","-","-","-","-"
"2902","R. Harvey","R. Harvey","RB","DEN","12","","injury-status","Final L 20-26 @ SEA","-","-","-","-","-","-","-","-","-","-","-","-"
"2903","J. Horn","J. Horn","WR","CAR","14","","injury-status","Final L 10-47 @ NO","-","-","-","-","-","-","-","-","-","-","-","-"
"2904","P. Browning","P. Browning","WR","","","","injury-status","BYE","-","-","-","-","-","-","-","-","-","-","-","-"
"2905","I. Neyor","I. Neyor","WR","GB","5","","injury-status","Final L 29-34 @ PHI","-","-","-","-","-","-","-","-","-","-","-","-"
"2906","W. Marks","W. Marks","RB","HOU","6","","injury-status","Final W 29-27 @ IND","-","-","-","-","-","-","-","-","-","-","-","-"
"2907","K. Johnson","K. Johnson","RB","PIT","5","","injury-status","Final W 18-10 @ ATL","-","-","-","-","-","-","-","-","-","-","-","-"
"2908","B. Pierre","B. Pierre","TE","CAR","14","","injury-status","Final L 10-47 @ NO","-","-","-","-","-","-","-","-","-","-","-","-"
"2909","L. Scott","L. Scott","RB","BAL","7","","injury-status","Final L 20-27 @ KC","-","-","-","-","-","-","-","-","-","-","-","-"
"2910","T. Brooks","T. Brooks","RB","CIN","10","","injury-status","Final L 10-16 vs NE","-","-","-","-","-","-","-","-","-","-","-","-"
"2911","C. Powell","C. Powell","RB","","","","injury-status","BYE","-","-","-","-","-","-","-","-","-","-","-","-"
"2912","D. Jackson","D. Jackson","WR","","","","injury-status","BYE","-","-","-","-","-","-","-","-","-","-","-","-"
"2913","J. Haggins","J. Haggins","WR","","","","injury-status","BYE","-","-","-","-","-","-","-","-","-","-","-","-"
"2914","C. Lohner","C. Lohner","TE","DEN","12","","injury-status","Final L 20-26 @ SEA","-","-","-","-","-","-","-","-","-","-","-","-"
"2915","V. Johnson","V. Johnson","WR","","","","injury-status","BYE","-","-","-","-","-","-","-","-","-","-","-","-"
"2916","Q. Skinner","Q. Skinner","WR","","","","injury-status","BYE","-","-","-","-","-","-","-","-","-","-","-","-"
"2917","T. Ferguson","T. Ferguson","TE","LAR","8","","injury-status","Final L 20-26 @ DET","-","-","-","-","-","-","-","-","-","-","-","-"
"2918","S. Watts","S. Watts","RB","","","","injury-status","BYE","-","-","-","-","-","-","-","-","-","-","-","-"
"2919","R. Coe","R. Coe","K","","","","injury-status","BYE","-","-","-","-","-","-","-","-","-","-","-","-"
"2920","E. Egbuka","E. Egbuka","WR","TB","9","","injury-status","Final W 37-20 vs WAS","-","-","-","-","-","-","-","-","-","-","-","-"
"2921","T. Stewart","T. Stewart","RB","","","","injury-status","BYE","-","-","-","-","-","-","-","-","-","-","-","-"
"2922","J. Moore","J. Moore","WR","CIN","10","","injury-status","Final L 10-16 vs NE","-","-","-","-","-","-","-","-","-","-","-","-"
"2923","B. Braylon","B. Braylon","WR","","","","injury-status","BYE","-","-","-","-","-","-","-","-","-","-","-","-"
"2924","G. Bartholomew","G. Bartholomew","TE","MIN","6","PUP","injury-status pup","Final W 28-6 @ NYG","-","-","-","-","-","-","-","-","-","-","-","-"
"2925","O. Wilson","O. Wilson","WR","","","","injury-status","BYE","-","-","-","-","-","-","-","-","-","-","-","-"
"2926","A. Kelly","A. Kelly","WR","","","","injury-status","BYE","-","-","-","-","-","-","-","-","-","-","-","-"
"2927","N. King","N. King","WR","","","","injury-status","BYE","-","-","-","-","-","-","-","-","-","-","-","-"
"2928","D. Fleming","D. Fleming","WR","MIN","6","","injury-status","Final W 28-6 @ NYG","-","-","-","-","-","-","-","-","-","-","-","-"
"2929","J. Newton","J. Newton","WR","","","","injury-status","BYE","-","-","-","-","-","-","-","-","-","-","-","-"
"2930","T. Mellott","T. Mellott","WR","","","","injury-status","BYE","-","-","-","-","-","-","-","-","-","-","-","-"
"2931","T. Harris","T. Harris","WR","LAC","12","Ques","injury-status questionable","Final W 22-10 vs LV","-","-","-","-","-","-","-","-","-","-","-","-"
"2932","N. Carter","N. Carter","RB","ATL","5","","injury-status","Final L 10-18 vs PIT","-","-","-","-","-","-","-","-","-","-","-","-"
"2933","E. Ruffin","E. Ruffin","WR","","","","injury-status","BYE","-","-","-","-","-","-","-","-","-","-","-","-"
"2934","K. Akharaiyi","K. Akharaiyi","WR","","","","injury-status","BYE","-","-","-","-","-","-","-","-","-","-","-","-"
"2935","T. Warren","T. Warren","TE","IND","11","","injury-status","Final L 27-29 vs HOU","-","-","-","-","-","-","-","-","-","-","-","-"
"2936","D. Porter","D. Porter","WR","","","","injury-status","BYE","-","-","-","-","-","-","-","-","-","-","-","-"
"2937","M. Colburn","M. Colburn","RB","","","","injury-status","BYE","-","-","-","-","-","-","-","-","-","-","-","-"
"2938","T. Shough","T. Shough","QB","NO","11","","injury-status","Final W 47-10 vs CAR","-","-","-","-","-","-","-","-","-","-","-","-"
"2939","B. Nesbit","B. Nesbit","TE","MIN","6","","injury-status","Final W 28-6 @ NYG","-","-","-","-","-","-","-","-","-","-","-","-"
"2940","K. Lynch-Adams","K. Lynch-Adams","RB","","","","injury-status","BYE","-","-","-","-","-","-","-","-","-","-","-","-"
"2941","D. Campbell","D. Campbell","WR","CAR","14","","injury-status","Final L 10-47 @ NO","-","-","-","-","-","-","-","-","-","-","-","-"
"2942","B. Smith","B. Smith","RB","KC","10","","injury-status","Final W 27-20 vs BAL","-","-","-","-","-","-","-","-","-","-","-","-"
"2943","M. Foster","M. Foster","WR","","","Ques","injury-status questionable","BYE","-","-","-","-","-","-","-","-","-","-","-","-"
"2944","S. Days","S. Days","RB","","","","injury-status","BYE","-","-","-","-","-","-","-","-","-","-","-","-"
"2945","L. Burden","L. Burden","WR","CHI","5","","injury-status","Final W 24-17 vs TEN","-","-","-","-","-","-","-","-","-","-","-","-"
"2946","Q. Conley","Q. Conley","RB","","","","injury-status","BYE","-","-","-","-","-","-","-","-","-","-","-","-"
"2947","M. Johnson","M. Johnson","RB","","","","injury-status","BYE","-","-","-","-","-","-","-","-","-","-","-","-"
"2948","L. Floriea","L. Floriea","WR","","","Ques","injury-status questionable","BYE","-","-","-","-","-","-","-","-","-","-","-","-"
"2949","M. Yarns","M. Yarns","RB","","","","injury-status","BYE","-","-","-","-","-","-","-","-","-","-","-","-"
"2950","G. Greene","G. Greene","QB","TB","9","","injury-status","Final W 37-20 vs WAS","-","-","-","-","-","-","-","-","-","-","-","-"
"2951","J. Banks","J. Banks","WR","","","","injury-status","BYE","-","-","-","-","-","-","-","-","-","-","-","-"
"2952","S. Sanders","S. Sanders","QB","CLE","9","","injury-status","Final L 17-33 vs DAL","-","-","-","-","-","-","-","-","-","-","-","-"
"2953","J. Holiday","J. Holiday","WR","KC","10","","injury-status","Final W 27-20 vs BAL","-","-","-","-","-","-","-","-","-","-","-","-"
"2954","M. McNamee","M. McNamee","K","GB","5","","injury-status","Final L 29-34 @ PHI","-","-","-","-","-","-","-","-","-","-","-","-"
"2955","D. Blankumsee","D. Blankumsee","WR","","","","injury-status","BYE","-","-","-","-","-","-","-","-","-","-","-","-"
"2956","J. Chisholm","J. Chisholm","RB","","","","injury-status","BYE","-","-","-","-","-","-","-","-","-","-","-","-"
"2957","J. Harper","J. Harper","WR","","","","injury-status","BYE","-","-","-","-","-","-","-","-","-","-","-","-"
"2958","R. Baker","R. Baker","RB","","","Ques","injury-status questionable","BYE","-","-","-","-","-","-","-","-","-","-","-","-"
"2959","T. Gordon","T. Gordon","TE","","","","injury-status","BYE","-","-","-","-","-","-","-","-","-","-","-","-"
"2960","C. Brayboy","C. Brayboy","WR","JAX","8","","injury-status","Final L 17-20 @ MIA","-","-","-","-","-","-","-","-","-","-","-","-"
"2961","J. Mayes","J. Mayes","WR","","","","injury-status","BYE","-","-","-","-","-","-","-","-","-","-","-","-"
"2962","R. Douglas","R. Douglas","WR","","","","injury-status","BYE","-","-","-","-","-","-","-","-","-","-","-","-"
"2963","J. Franklin","J. Franklin","QB","","","","injury-status","BYE","-","-","-","-","-","-","-","-","-","-","-","-"
"2964","J. Petaia","J. Petaia","TE","","","Ques","injury-status questionable","BYE","-","-","-","-","-","-","-","-","-","-","-","-"
"2965","E. Badger","E. Badger","WR","","","","injury-status","BYE","-","-","-","-","-","-","-","-","-","-","-","-"
"2966","J. Terry","J. Terry","TE","","","IR","injury-status ir","BYE","-","-","-","-","-","-","-","-","-","-","-","-"
"2967","S. Carden","S. Carden","QB","","","","injury-status","BYE","-","-","-","-","-","-","-","-","-","-","-","-"
"2968","D. Hankins","D. Hankins","RB","CHI","5","IR","injury-status ir","Final W 24-17 vs TEN","-","-","-","-","-","-","-","-","-","-","-","-"
"2969","E. Garbers","E. Garbers","QB","","","","injury-status","BYE","-","-","-","-","-","-","-","-","-","-","-","-"
"2970","R. White","R. White","WR","SEA","8","","injury-status","Final W 26-20 vs DEN","-","-","-","-","-","-","-","-","-","-","-","-"
"2971","R. Lewis","R. Lewis","WR","","","","injury-status","BYE","-","-","-","-","-","-","-","-","-","-","-","-"
"2972","S. Henigan","S. Henigan","QB","JAX","8","","injury-status","Final L 17-20 @ MIA","-","-","-","-","-","-","-","-","-","-","-","-"
"2973","M. Coprich","M. Coprich","RB","","","","injury-status","BYE","-","-","-","-","-","-","-","-","-","-","-","-"
"2974","C. Kiner","C. Kiner","RB","SF","14","Ques","injury-status questionable","Final W 32-19 vs NYJ","-","-","-","-","-","-","-","-","-","-","-","-"
"2975","I. TeSlaa","I. TeSlaa","WR","DET","8","","injury-status","Final W 26-20 vs LAR","-","-","-","-","-","-","-","-","-","-","-","-"
"2976","M. Major","M. Major","RB","","","","injury-status","BYE","-","-","-","-","-","-","-","-","-","-","-","-"
"2977","J. Jones","J. Jones","WR","","","","injury-status","BYE","-","-","-","-","-","-","-","-","-","-","-","-"
"2978","T. Henderson","T. Henderson","RB","NE","14","","injury-status","Final W 16-10 @ CIN","-","-","-","-","-","-","-","-","-","-","-","-"
"2979","R. Fitzgerald","R. Fitzgerald","K","CAR","14","","injury-status","Final L 10-47 @ NO","-","-","-","-","-","-","-","-","-","-","-","-"
"2980","J. Manton","J. Manton","K","","","","injury-status","BYE","-","-","-","-","-","-","-","-","-","-","-","-"
"2981","L. Parker","L. Parker","WR","","","","injury-status","BYE","-","-","-","-","-","-","-","-","-","-","-","-"
"2982","J. Wright","J. Wright","RB","SEA","8","","injury-status","Final W 26-20 vs DEN","-","-","-","-","-","-","-","-","-","-","-","-"
"2983","J. Walker","J. Walker","WR","CHI","5","","injury-status","Final W 24-17 vs TEN","-","-","-","-","-","-","-","-","-","-","-","-"
"2984","R. Mueller","R. Mueller","RB","","","","injury-status","BYE","-","-","-","-","-","-","-","-","-","-","-","-"
"2985","J. Conyers","J. Conyers","TE","MIA","12","IR","injury-status ir","Final W 20-17 vs JAX","-","-","-","-","-","-","-","-","-","-","-","-"
"2986","E. Brun","E. Brun","TE","","","","injury-status","BYE","-","-","-","-","-","-","-","-","-","-","-","-"
"2987","A. Coxson","A. Coxson","WR","","","","injury-status","BYE","-","-","-","-","-","-","-","-","-","-","-","-"
"2988","J. Smith","J. Smith","WR","","","IR","injury-status ir","BYE","-","-","-","-","-","-","-","-","-","-","-","-"
"2989","A. Boone","A. Boone","QB","","","","injury-status","BYE","-","-","-","-","-","-","-","-","-","-","-","-"
"2990","S. Houma","S. Houma","RB","","","","injury-status","BYE","-","-","-","-","-","-","-","-","-","-","-","-"
"2991","J. Edwards","J. Edwards","RB","","","","injury-status","BYE","-","-","-","-","-","-","-","-","-","-","-","-"
"2992","G. Scott","G. Scott","TE","","","","injury-status","BYE","-","-","-","-","-","-","-","-","-","-","-","-"
"2993","J. Brooks","J. Brooks","WR","WAS","12","","injury-status","Final L 20-37 @ TB","-","-","-","-","-","-","-","-","-","-","-","-"
"2994","C. Louks","C. Louks","WR","","","","injury-status","BYE","-","-","-","-","-","-","-","-","-","-","-","-"
"2995","M. Johnson","M. Johnson","WR","","","","injury-status","BYE","-","-","-","-","-","-","-","-","-","-","-","-"
"2996","J. Sifrin","J. Sifrin","TE","","","","injury-status","BYE","-","-","-","-","-","-","-","-","-","-","-","-"
"2997","E. Chism","E. Chism","WR","NE","14","Ques","injury-status questionable","Final W 16-10 @ CIN","-","-","-","-","-","-","-","-","-","-","-","-"
"2998","T. Kahmann","T. Kahmann","WR","","","","injury-status","BYE","-","-","-","-","-","-","-","-","-","-","-","-"
"2999","H. Spears","H. Spears","TE","","","","injury-status","BYE","-","-","-","-","-","-","-","-","-","-","-","-"
"3000","C. Loveland","C. Loveland","TE","CHI","5","","injury-status","Final W 24-17 vs TEN","-","-","-","-","-","-","-","-","-","-","-","-"
"3001","J. Pritchett","J. Pritchett","WR","NYJ","9","","injury-status","Final L 19-32 @ SF","-","-","-","-","-","-","-","-","-","-","-","-"
"3002","M. Williams","M. Williams","QB","","","","injury-status","BYE","-","-","-","-","-","-","-","-","-","-","-","-"
"3003","C. King","C. King","WR","","","","injury-status","BYE","-","-","-","-","-","-","-","-","-","-","-","-"
"3004","D. Gardner","D. Gardner","WR","","","","injury-status","BYE","-","-","-","-","-","-","-","-","-","-","-","-"
"3005","M. Dalena","M. Dalena","WR","","","","injury-status","BYE","-","-","-","-","-","-","-","-","-","-","-","-"
"3006","B. Taylor","B. Taylor","WR","","","","injury-status","BYE","-","-","-","-","-","-","-","-","-","-","-","-"
"3007","R. Williams","R. Williams","RB","","","","injury-status","BYE","-","-","-","-","-","-","-","-","-","-","-","-"
"3008","K. Williams","K. Williams","WR","PIT","5","","injury-status","Final W 18-10 @ ATL","-","-","-","-","-","-","-","-","-","-","-","-"
"3009","J. Kelly","J. Kelly","WR","HOU","6","","injury-status","Final W 29-27 @ IND","-","-","-","-","-","-","-","-","-","-","-","-"
"3010","J. Fleming","J. Fleming","WR","","","","injury-status","BYE","-","-","-","-","-","-","-","-","-","-","-","-"
"3011","I. Adeyi","I. Adeyi","WR","","","","injury-status","BYE","-","-","-","-","-","-","-","-","-","-","-","-"
"3012","J. George","J. George","WR","","","","injury-status","BYE","-","-","-","-","-","-","-","-","-","-","-","-"
"3013","L. Wester","L. Wester","WR","BAL","7","","injury-status","Final L 20-27 @ KC","-","-","-","-","-","-","-","-","-","-","-","-"
"3014","O. Gadsden","O. Gadsden","TE","LAC","12","","injury-status","Final W 22-10 vs LV","-","-","-","-","-","-","-","-","-","-","-","-"
"3015","O. Hampton","O. Hampton","RB","LAC","12","","injury-status","Final W 22-10 vs LV","-","-","-","-","-","-","-","-","-","-","-","-"
"3016","D. Singer","D. Singer","WR","","","","injury-status","BYE","-","-","-","-","-","-","-","-","-","-","-","-"
"3017","B. Gabbert","B. Gabbert","QB","","","","injury-status","BYE","-","-","-","-","-","-","-","-","-","-","-","-"
"3018","K. Dent","K. Dent","QB","","","","injury-status","BYE","-","-","-","-","-","-","-","-","-","-","-","-"