"index","short_name","name","position","team","bye_week","injury_text","injury_class","game_status","points","stat_2","stat_3","stat_4","stat_5","stat_6","stat_7","stat_8","stat_9","stat_10","stat_11","stat_12","stat_13"
"1","J. Allen","J. Allen","QB","BUF","7","","injury-status","Final W 34-28 vs ARI","359","20.2","111","550","9","-","-","-","-","355","544","4035","27"
"2","L. Jackson","L. Jackson","QB","BAL","7","Ques","injury-status questionable","Final L 20-27 @ KC","350","36.3","161","945","5","-","-","-","-","305","464","3516","25"
"3","J. Hurts","J. Hurts","QB","PHI","9","","injury-status","Final W 34-29 vs GB","346","31.3","151","649","10","-","-","-","-","323","493","3614","23"
"4","J. Daniels","J. Daniels","QB","WAS","12","","injury-status","Final L 20-37 @ TB","342","112.0","146","844","8","-","-","-","-","350","509","3665","20"
"5","P. Mahomes","P. Mahomes","QB","KC","10","","injury-status","Final W 27-20 vs BAL","326","32.8","67","350","2","-","-","-","-","384","583","4255","32"
"6","C. Stroud","C. Stroud","QB","HOU","6","","injury-status","Final W 29-27 @ IND","322","46.2","46","195","2","-","-","-","-","374","579","4367","33"
"7","K. Murray","K. Murray","QB","ARI","8","","injury-status","Final L 28-34 @ BUF","317","69.9","101","572","5","-","-","-","-","346","536","3833","23"
"8","J. Burrow","J. Burrow","QB","CIN","10","","injury-status","Final L 10-16 vs NE","312","62.3","53","184","2","-","-","-","-","401","594","4301","32"
"9","B. Purdy","B. Purdy","QB","SF","14","","injury-status","Final W 32-19 vs NYJ","307","97.5","40","168","2","-","-","-","-","345","512","4234","31"
"10","J. Love","J. Love","QB","GB","5","","injury-status","Final L 29-34 @ PHI","306","82.5","46","222","3","-","-","-","-","362","559","4045","30"
"11","D. Prescott","D. Prescott","QB","DAL","10","","injury-status","Final W 33-17 @ CLE","298","76.6","53","222","2","-","-","-","-","372","551","4028","30"
"12","G. Smith","G. Smith","QB","SEA","8","","injury-status","Final W 26-20 vs DEN","298","206.4","38","159","2","-","-","-","-","419","625","4505","27"
"13","B. Mayfield","B. Mayfield","QB","TB","9","","injury-status","Final W 37-20 vs WAS","287","178.6","61","210","2","-","-","-","-","375","561","4077","27"
"14","J. Goff","J. Goff","QB","DET","8","","injury-status","Final W 26-20 vs LAR","281","113.8","26","57","1","-","-","-","-","375","572","4207","29"
"15","T. Tagovailoa","T. Tagovailoa","QB","MIA","12","","injury-status","Final W 20-17 vs JAX","280","106.1","33","95","1","-","-","-","-","354","524","4104","29"
"16","T. Lawrence","T. Lawrence","QB","JAX","8","","injury-status","Final L 17-20 @ MIA","279","127.0","68","310","3","-","-","-","-","361","549","3834","24"
"17","C. Williams","C. Williams","QB","CHI","5","","injury-status","Final W 24-17 vs TEN","278","99.4","68","292","3","-","-","-","-","347","545","3852","24"
"18","D. Henry","D. Henry","RB","BAL","7","","injury-status","Final L 20-27 @ KC","278","18.6","301","1575","15","20","-","145","1","-","-","-","-"
"19","A. Richardson","A. Richardson","QB","IND","11","","injury-status","Final L 27-29 vs HOU","276","53.7","122","599","7","-","-","-","-","255","468","3235","17"
"20","S. Darnold","S. Darnold","QB","MIN","6","","injury-status","Final W 28-6 @ NYG","275","254.3","55","213","2","-","-","-","-","340","544","3842","26"
"21","J. Herbert","J. Herbert","QB","LAC","12","","injury-status","Final W 22-10 vs LV","273","123.0","50","197","3","-","-","-","-","351","534","3799","25"
"22","A. Rodgers","A. Rodgers","QB","NYJ","9","","injury-status","Final L 19-32 @ SF","270","150.4","32","96","1","-","-","-","-","352","545","3897","28"
"23","J. Fields","J. Fields","QB","PIT","5","","injury-status","Final W 18-10 @ ATL","267","209.2","135","744","6","-","-","-","-","264","432","3030","16"
"24","K. Cousins","K. Cousins","QB","ATL","5","","injury-status","Final L 10-18 vs PIT","261","152.8","30","75","1","-","-","-","-","373","553","3990","26"
"25","S. Barkley","S. Barkley","RB","PHI","9","","injury-status","Final W 34-29 vs GB","260","12.1","299","1501","8","42","-","311","2","-","-","-","-"
"26","T. Hill","T. Hill","WR","MIA","12","Ques","injury-status questionable","Final W 20-17 vs JAX","258","2.1","5","36","-","108","-","1486","9","-","-","-","-"
"27","B. Hall","B. Hall","RB","NYJ","9","","injury-status","Final L 19-32 @ SF","257","8.6","270","1244","9","55","-","408","2","-","-","-","-"
"28","J. Chase","J. Chase","WR","CIN","10","","injury-status","Final L 10-16 vs NE","256","5.6","3","16","-","105","-","1437","10","-","-","-","-"
"29","M. Stafford","M. Stafford","QB","LAR","8","","injury-status","Final L 20-26 @ DET","253","166.3","16","68","1","-","-","-","-","363","551","3856","26"
"30","D. Watson","D. Watson","QB","CLE","9","PUP","injury-status pup","Final L 17-33 vs DAL","251","188.9","78","397","4","-","-","-","-","301","496","3222","19"
"31","C. McCaffrey","C. McCaffrey","RB","SF","14","","injury-status","Final W 32-19 vs NYJ","250","1.5","230","1106","9","55","-","423","3","-","-","-","-"
"32","B. Nix","B. Nix","QB","DEN","12","","injury-status","Final L 20-26 @ SEA","248","220.8","95","455","4","-","-","-","-","300","466","3110","18"
"33","W. Levis","W. Levis","QB","TEN","10","IR","injury-status ir","Final L 17-24 @ CHI","247","204.1","48","169","2","-","-","-","-","338","550","3721","22"
"34","B. Robinson","B. Robinson","RB","ATL","5","","injury-status","Final L 10-18 vs PIT","240","6.1","247","1140","8","56","-","418","2","-","-","-","-"
"35","J. Jefferson","J. Jefferson","WR","MIN","6","Ques","injury-status questionable","Final W 28-6 @ NYG","236","4.3","2","12","-","92","-","1427","8","-","-","-","-"
"36","D. Carr","D. Carr","QB","NO","11","NA","injury-status na","Final W 47-10 vs CAR","232","244.4","31","68","1","-","-","-","-","354","531","3650","22"
"37","C. Lamb","C. Lamb","WR","DAL","10","","injury-status","Final W 33-17 @ CLE","230","3.9","15","82","1","111","-","1205","7","-","-","-","-"
"38","J. Brissett","J. Brissett","QB","NE","14","","injury-status","Final W 16-10 @ CIN","230","607.2","57","283","3","-","-","-","-","280","468","3146","19"
"39","J. Taylor","J. Taylor","RB","IND","11","","injury-status","Final L 27-29 vs HOU","227","11.8","266","1229","10","32","-","244","1","-","-","-","-"
"40","A. Brown","A. Brown","WR","PHI","9","Ques","injury-status questionable","Final W 34-29 vs GB","223","9.1","1","6","-","88","-","1324","8","-","-","-","-"
"41","D. Jones","D. Jones","QB","MIN","6","","injury-status","Final W 28-6 @ NYG","222","240.9","84","414","3","-","-","-","-","266","423","2901","15"
"42","I. Pacheco","I. Pacheco","RB","KC","10","","injury-status","Final W 27-20 vs BAL","215","27.4","230","1041","8","43","-","318","2","-","-","-","-"
"43","D. Achane","D. Achane","RB","MIA","12","Ques","injury-status questionable","Final W 20-17 vs JAX","214","23.0","189","883","7","59","-","439","2","-","-","-","-"
"44","A. St. Brown","A. St. Brown","WR","DET","8","","injury-status","Final W 26-20 vs LAR","213","6.2","6","34","-","105","-","1166","7","-","-","-","-"
"45","A. Kamara","A. Kamara","RB","NO","11","","injury-status","Final W 47-10 vs CAR","211","50.9","208","893","7","56","-","420","2","-","-","-","-"
"46","K. Williams","K. Williams","RB","LAR","8","","injury-status","Final L 20-26 @ DET","209","17.8","242","1075","9","35","-","260","1","-","-","-","-"
"47","J. Gibbs","J. Gibbs","RB","DET","8","","injury-status","Final W 26-20 vs LAR","209","10.3","191","905","7","53","-","397","2","-","-","-","-"
"48","P. Nacua","P. Nacua","WR","LAR","8","","injury-status","Final L 20-26 @ DET","208","15.9","8","40","-","89","-","1194","7","-","-","-","-"
"49","A. Cooper","A. Cooper","WR","BUF","7","","injury-status","Final W 34-28 vs ARI","206","55.2","1","5","-","84","-","1171","8","-","-","-","-"
"50","J. Mixon","J. Mixon","RB","HOU","6","PUP","injury-status pup","Final W 29-27 @ IND","204","43.2","238","1031","8","40","-","291","1","-","-","-","-"
"51","T. Etienne","T. Etienne","RB","JAX","8","","injury-status","Final L 17-20 @ MIA","204","16.3","249","1032","7","45","-","338","1","-","-","-","-"
"52","D. Swift","D. Swift","RB","CHI","5","","injury-status","Final W 24-17 vs TEN","203","64.1","239","1000","7","46","-","339","1","-","-","-","-"
"53","C. Godwin","C. Godwin","WR","TB","9","Doub","injury-status doubtful","Final W 37-20 vs WAS","203","79.3","4","27","-","95","-","1126","7","-","-","-","-"
"54","N. Collins","N. Collins","WR","HOU","6","","injury-status","Final W 29-27 @ IND","202","33.5","2","10","-","81","-","1206","7","-","-","-","-"
"55","J. Jacobs","J. Jacobs","RB","GB","5","","injury-status","Final L 29-34 @ PHI","202","24.0","238","1060","8","36","-","260","1","-","-","-","-"
"56","D. Adams","D. Adams","WR","NYJ","9","","injury-status","Final L 19-32 @ SF","201","20.7","1","5","-","86","-","1118","8","-","-","-","-"
"57","J. Cook","J. Cook","RB","BUF","7","","injury-status","Final W 34-28 vs ARI","201","40.2","213","953","7","42","-","324","2","-","-","-","-"
"58","G. Wilson","G. Wilson","WR","NYJ","9","","injury-status","Final L 19-32 @ SF","200","13.3","5","28","-","89","-","1130","7","-","-","-","-"
"59","T. Pollard","T. Pollard","RB","TEN","10","","injury-status","Final L 17-24 @ CHI","200","78.5","259","1071","7","39","-","276","1","-","-","-","-"
"60","M. Harrison","M. Harrison","WR","ARI","8","","injury-status","Final L 28-34 @ BUF","197","14.0","1","7","-","76","-","1121","8","-","-","-","-"
"61","R. Stevenson","R. Stevenson","RB","NE","14","Ques","injury-status questionable","Final W 16-10 @ CIN","197","66.1","249","1048","7","37","-","273","1","-","-","-","-"
"62","M. Evans","M. Evans","WR","TB","9","","injury-status","Final W 37-20 vs WAS","195","29.9","1","5","-","74","-","1119","8","-","-","-","-"
"63","D. London","D. London","WR","ATL","5","","injury-status","Final L 10-18 vs PIT","195","19.4","2","11","-","85","-","1109","7","-","-","-","-"
"64","R. White","R. White","RB","TB","9","Ques","injury-status questionable","Final W 37-20 vs WAS","194","37.6","215","883","6","50","-","370","2","-","-","-","-"
"65","M. Nabers","M. Nabers","WR","NYG","14","Ques","injury-status questionable","Final L 6-28 vs MIN","192","42.0","2","17","-","93","-","1101","6","-","-","-","-"
"66","D. Metcalf","D. Metcalf","WR","SEA","8","","injury-status","Final W 26-20 vs DEN","192","41.9","1","5","-","75","-","1080","8","-","-","-","-"
"67","T. McLaurin","T. McLaurin","WR","WAS","12","","injury-status","Final L 20-37 @ TB","192","68.0","1","6","-","79","-","1118","7","-","-","-","-"
"68","C. Kupp","C. Kupp","WR","LAR","8","","injury-status","Final L 20-26 @ DET","190","39.1","4","26","-","95","-","1003","7","-","-","-","-"
"69","G. Minshew","G. Minshew","QB","LV","8","","injury-status","Final L 10-22 @ LAC","188","268.3","40","159","2","-","-","-","-","274","424","2856","15"
"70","D. Moore","D. Moore","WR","CHI","5","","injury-status","Final W 24-17 vs TEN","187","38.6","4","24","-","78","-","1055","7","-","-","-","-"
"71","T. Higgins","T. Higgins","WR","CIN","10","","injury-status","Final L 10-16 vs NE","187","57.3","1","6","-","79","-","1065","7","-","-","-","-"
"72","S. Diggs","S. Diggs","WR","HOU","6","Ques","injury-status questionable","Final W 29-27 @ IND","186","34.7","1","5","-","88","-","1016","7","-","-","-","-"
"73","J. Waddle","J. Waddle","WR","MIA","12","","injury-status","Final W 20-17 vs JAX","186","34.9","3","18","-","81","-","1097","6","-","-","-","-"
"74","R. Wilson","R. Wilson","QB","PIT","5","","injury-status","Final W 18-10 @ ATL","184","246.8","40","171","2","-","-","-","-","209","326","2501","16"
"75","B. Thomas","B. Thomas","WR","JAX","8","","injury-status","Final L 17-20 @ MIA","183","104.5","2","19","-","76","-","1033","7","-","-","-","-"
"76","D. Montgomery","D. Montgomery","RB","DET","8","","injury-status","Final W 26-20 vs LAR","182","62.8","206","913","10","22","-","160","1","-","-","-","-"
"77","N. Harris","N. Harris","RB","PIT","5","Ques","injury-status questionable","Final W 18-10 @ ATL","182","69.3","242","989","7","31","-","212","1","-","-","-","-"
"78","A. Jones","A. Jones","RB","MIN","6","","injury-status","Final W 28-6 @ NYG","182","55.8","203","909","6","36","-","267","2","-","-","-","-"
"79","D. Smith","D. Smith","WR","PHI","9","Ques","injury-status questionable","Final W 34-29 vs GB","181","47.3","1","6","-","85","-","1041","6","-","-","-","-"
"80","B. Aiyuk","B. Aiyuk","WR","SF","14","PUP","injury-status pup","Final W 32-19 vs NYJ","181","26.4","1","5","-","72","-","1046","7","-","-","-","-"
"81","K. Walker","K. Walker","RB","SEA","8","","injury-status","Final W 26-20 vs DEN","181","45.1","231","970","7","31","-","226","1","-","-","-","-"
"82","D. Johnson","D. Johnson","WR","HOU","6","","injury-status","Final W 29-27 @ IND","180","94.7","2","13","-","85","-","1024","6","-","-","-","-"
"83","Z. Flowers","Z. Flowers","WR","BAL","7","","injury-status","Final L 20-27 @ KC","180","52.7","8","54","-","85","-","979","6","-","-","-","-"
"84","D. Samuel","D. Samuel","WR","SF","14","","injury-status","Final W 32-19 vs NYJ","179","27.4","41","172","2","62","-","851","6","-","-","-","-"
"85","G. Pickens","G. Pickens","WR","PIT","5","","injury-status","Final W 18-10 @ ATL","179","60.8","2","10","-","73","-","1072","6","-","-","-","-"
"86","C. Hubbard","C. Hubbard","RB","CAR","14","","injury-status","Final L 10-47 @ NO","178","130.6","198","866","7","38","-","265","1","-","-","-","-"
"87","T. Dell","T. Dell","WR","HOU","6","PUP","injury-status pup","Final W 29-27 @ IND","178","54.9","16","87","1","72","-","934","6","-","-","-","-"
"88","C. Sutton","C. Sutton","WR","DEN","12","","injury-status","Final L 20-26 @ SEA","178","114.2","1","5","-","75","-","999","7","-","-","-","-"
"89","J. Williams","J. Williams","WR","DET","8","","injury-status","Final W 26-20 vs LAR","177","111.1","8","44","-","61","-","1023","7","-","-","-","-"
"90","L. McConkey","L. McConkey","WR","LAC","12","","injury-status","Final W 22-10 vs LV","177","88.0","1","12","-","77","-","949","7","-","-","-","-"
"91","J. Conner","J. Conner","RB","ARI","8","","injury-status","Final L 28-34 @ BUF","175","59.7","204","882","7","33","-","246","1","-","-","-","-"
"92","B. Robinson","B. Robinson","RB","WAS","12","","injury-status","Final L 20-37 @ TB","175","103.9","232","932","7","29","-","212","1","-","-","-","-"
"93","J. Reed","J. Reed","WR","GB","5","Ques","injury-status questionable","Final L 29-34 @ PHI","175","74.1","19","107","1","71","-","886","6","-","-","-","-"
"94","B. Young","B. Young","QB","CAR","14","","injury-status","Final L 10-47 @ NO","174","228.5","37","170","2","-","-","-","-","238","394","2551","14"
"95","G. Kittle","G. Kittle","TE","SF","14","","injury-status","Final W 32-19 vs NYJ","171","58.9","1","6","-","72","-","947","7","-","-","-","-"
"96","T. Kelce","T. Kelce","TE","KC","10","","injury-status","Final W 27-20 vs BAL","171","25.6","1","4","-","84","-","886","7","-","-","-","-"
"97","C. Ridley","C. Ridley","WR","TEN","10","Ques","injury-status questionable","Final L 17-24 @ CHI","171","80.2","6","34","-","68","-","995","6","-","-","-","-"
"98","C. Olave","C. Olave","WR","NO","11","","injury-status","Final W 47-10 vs CAR","171","22.6","1","4","-","75","-","989","6","-","-","-","-"
"99","R. Shaheed","R. Shaheed","WR","NO","11","","injury-status","Final W 47-10 vs CAR","170","151.7","16","88","1","60","-","915","6","-","-","-","-"
"100","C. Kirk","C. Kirk","WR","JAX","8","","injury-status","Final L 17-20 @ MIA","168","67.7","2","11","-","76","-","951","6","-","-","-","-"
"101","J. Addison","J. Addison","WR","MIN","6","Sus","injury-status sus","Final W 28-6 @ NYG","165","83.5","3","18","-","69","-","951","6","-","-","-","-"
"102","T. McBride","T. McBride","TE","ARI","8","","injury-status","Final L 28-34 @ BUF","161","48.2","-","-","-","82","-","863","6","-","-","-","-"
"103","J. Meyers","J. Meyers","WR","LV","8","","injury-status","Final L 10-22 @ LAC","161","144.5","6","26","-","76","-","858","6","1","2","15","-"
"104","J. Williams","J. Williams","RB","DEN","12","","injury-status","Final L 20-26 @ SEA","161","90.4","202","814","5","37","-","267","1","-","-","-","-"
"105","J. Smith-Njigba","J. Smith-Njigba","WR","SEA","8","","injury-status","Final W 26-20 vs DEN","160","102.2","2","12","-","78","-","853","6","-","-","-","-"
"106","B. Bowers","B. Bowers","TE","LV","8","","injury-status","Final L 10-22 @ LAC","159","83.2","-","-","-","78","-","861","6","-","-","-","-"
"107","D. Singletary","D. Singletary","RB","NYG","14","","injury-status","Final L 6-28 vs MIN","157","96.5","206","853","5","31","-","217","1","-","-","-","-"
"108","X. Worthy","X. Worthy","WR","KC","10","","injury-status","Final W 27-20 vs BAL","156","76.3","3","22","-","64","-","858","6","-","-","-","-"
"109","D. Maye","D. Maye","QB","NE","14","","injury-status","Final W 16-10 @ CIN","155","226.5","51","202","2","-","-","-","-","203","330","2172","12"
"110","Z. Moss","Z. Moss","RB","CIN","10","Ques","injury-status questionable","Final L 10-16 vs NE","155","89.0","183","757","6","32","-","232","1","-","-","-","-"
"111","K. Allen","K. Allen","WR","CHI","5","","injury-status","Final W 24-17 vs TEN","153","65.5","2","10","-","76","-","801","6","-","-","-","-"
"112","J. Dobbins","J. Dobbins","RB","LAC","12","","injury-status","Final W 22-10 vs LV","153","131.8","167","708","5","33","-","252","2","-","-","-","-"
"113","G. Edwards","G. Edwards","RB","LAC","12","","injury-status","Final W 22-10 vs LV","147","104.3","189","810","7","16","-","120","1","-","-","-","-"
"114","S. LaPorta","S. LaPorta","TE","DET","8","","injury-status","Final W 26-20 vs LAR","146","30.0","-","-","-","73","-","755","6","-","-","-","-"
"115","R. Mostert","R. Mostert","RB","MIA","12","","injury-status","Final W 20-17 vs JAX","146","75.6","164","764","6","24","-","174","1","-","-","-","-"
"116","R. Odunze","R. Odunze","WR","CHI","5","","injury-status","Final W 24-17 vs TEN","146","72.8","1","6","-","59","-","817","6","-","-","-","-"
"117","D. Kincaid","D. Kincaid","TE","BUF","7","","injury-status","Final W 34-28 vs ARI","145","51.3","-","-","-","76","-","789","5","-","-","-","-"
"118","W. Robinson","W. Robinson","WR","NYG","14","","injury-status","Final L 6-28 vs MIN","145","231.0","13","72","-","81","-","751","4","-","-","-","-"
"119","C. Brown","C. Brown","RB","CIN","10","","injury-status","Final L 10-16 vs NE","144","117.0","153","636","5","36","-","279","1","-","-","-","-"
"120","C. Watson","C. Watson","WR","GB","5","PUP","injury-status pup","Final L 29-34 @ PHI","143","100.5","5","27","-","57","-","782","6","-","-","-","-"
"121","K. Shakir","K. Shakir","WR","BUF","7","Ques","injury-status questionable","Final W 34-28 vs ARI","141","125.9","1","8","-","68","-","763","5","-","-","-","-"
"122","R. Doubs","R. Doubs","WR","GB","5","","injury-status","Final L 29-34 @ PHI","140","121.5","1","5","-","64","-","799","5","-","-","-","-"
"123","M. Pittman","M. Pittman","WR","IND","11","","injury-status","Final L 27-29 vs HOU","140","44.7","1","4","-","67","-","779","5","-","-","-","-"
"124","J. Jeudy","J. Jeudy","WR","CLE","9","","injury-status","Final L 17-33 vs DAL","139","148.7","2","13","-","60","-","797","5","-","-","-","-"
"125","D. Hopkins","D. Hopkins","WR","KC","10","Ques","injury-status questionable","Final W 27-20 vs BAL","138","101.6","2","7","-","63","-","717","6","-","-","-","-"
"126","J. Downs","J. Downs","WR","IND","11","Ques","injury-status questionable","Final L 27-29 vs HOU","138","172.9","3","24","-","65","-","749","5","-","-","-","-"
"127","T. Lockett","T. Lockett","WR","SEA","8","","injury-status","Final W 26-20 vs DEN","137","122.5","1","5","-","64","-","768","5","-","-","-","-"
"128","N. Chubb","N. Chubb","RB","CLE","9","","injury-status","Final L 17-33 vs DAL","137","86.7","180","787","6","14","-","109","1","-","-","-","-"
"129","J. Warren","J. Warren","RB","PIT","5","","injury-status","Final W 18-10 @ ATL","136","93.4","133","584","4","36","-","260","2","-","-","-","-"
"130","J. Ford","J. Ford","RB","CLE","9","","injury-status","Final L 17-33 vs DAL","134","116.0","134","564","4","41","-","292","1","-","-","-","-"
"131","J. Ferguson","J. Ferguson","TE","DAL","10","","injury-status","Final W 33-17 @ CLE","133","85.5","-","-","-","68","-","711","5","-","-","-","-"
"132","D. Njoku","D. Njoku","TE","CLE","9","","injury-status","Final L 17-33 vs DAL","132","87.6","-","-","-","66","-","711","5","-","-","-","-"
"133","D. Goedert","D. Goedert","TE","PHI","9","Ques","injury-status questionable","Final W 34-29 vs GB","129","107.4","-","-","-","68","-","732","4","-","-","-","-"
"134","E. Engram","E. Engram","TE","JAX","8","","injury-status","Final L 17-20 @ MIA","129","71.6","-","-","-","73","-","705","4","-","-","-","-"
"135","J. Jennings","J. Jennings","WR","SF","14","Ques","injury-status questionable","Final W 32-19 vs NYJ","129","588.4","1","14","-","55","-","699","5","-","-","-","-"
"136","G. Davis","G. Davis","WR","JAX","8","Ques","injury-status questionable","Final L 17-20 @ MIA","128","157.8","1","5","-","55","-","722","5","-","-","-","-"
"137","T. Bigsby","T. Bigsby","RB","JAX","8","","injury-status","Final L 17-20 @ MIA","127","222.0","151","658","6","19","-","137","1","-","-","-","-"
"138","A. Mattison","A. Mattison","RB","LV","8","IR","injury-status ir","Final L 10-22 @ LAC","127","229.3","153","614","4","31","-","221","1","-","-","-","-"
"139","Q. Johnston","Q. Johnston","WR","LAC","12","Ques","injury-status questionable","Final W 22-10 vs LV","126","193.8","1","7","-","52","-","695","5","-","-","-","-"
"140","A. Thielen","A. Thielen","WR","CAR","14","","injury-status","Final L 10-47 @ NO","125","179.3","1","7","-","68","-","680","4","-","-","-","-"
"141","K. Pitts","K. Pitts","TE","ATL","5","","injury-status","Final L 10-18 vs PIT","124","61.3","-","-","-","55","-","685","5","-","-","-","-"
"142","C. Kmet","C. Kmet","TE","CHI","5","","injury-status","Final W 24-17 vs TEN","121","129.7","-","-","-","61","-","624","5","-","-","-","-"
"143","T. Tucker","T. Tucker","WR","LV","8","","injury-status","Final L 10-22 @ LAC","121","283.4","11","63","1","54","-","576","4","-","-","-","-"
"144","T. Spears","T. Spears","RB","TEN","10","IR","injury-status ir","Final L 17-24 @ CHI","120","108.4","121","521","3","32","-","237","2","-","-","-","-"
"145","D. Robinson","D. Robinson","WR","LAR","8","Sus","injury-status sus","Final L 20-26 @ DET","120","225.2","1","12","-","48","-","704","4","-","-","-","-"
"146","D. Schultz","D. Schultz","TE","HOU","6","","injury-status","Final W 29-27 @ IND","120","118.0","-","-","-","59","-","620","5","-","-","-","-"
"147","R. Wilson","R. Wilson","WR","PIT","5","","injury-status","Final W 18-10 @ ATL","119","200.0","4","29","-","50","-","672","4","-","-","-","-"
"148","A. Ekeler","A. Ekeler","RB","WAS","12","","injury-status","Final L 20-37 @ TB","119","95.5","101","431","3","38","-","287","2","-","-","-","-"
"149","R. Dowdle","R. Dowdle","RB","DAL","10","","injury-status","Final W 33-17 @ CLE","119","146.6","141","576","4","27","-","194","1","-","-","-","-"
"150","D. Mooney","D. Mooney","WR","ATL","5","Ques","injury-status questionable","Final L 10-18 vs PIT","118","181.6","2","15","-","50","-","675","4","-","-","-","-"
"151","H. Henry","H. Henry","TE","NE","14","","injury-status","Final W 16-10 @ CIN","117","194.7","-","-","-","62","-","622","4","-","-","-","-"
"152","M. Wilson","M. Wilson","WR","ARI","8","","injury-status","Final L 28-34 @ BUF","117","201.7","1","5","-","50","-","674","4","-","-","-","-"
"153","T. Allgeier","T. Allgeier","RB","ATL","5","","injury-status","Final L 10-18 vs PIT","116","156.9","149","629","4","21","-","146","1","-","-","-","-"
"154","B. Cooks","B. Cooks","WR","DAL","10","","injury-status","Final W 33-17 @ CLE","116","158.7","3","17","-","50","-","612","5","-","-","-","-"
"155","X. Legette","X. Legette","WR","CAR","14","","injury-status","Final L 10-47 @ NO","115","149.2","3","20","-","50","-","642","4","-","-","-","-"
"156","J. McLaughlin","J. McLaughlin","RB","DEN","12","","injury-status","Final L 20-26 @ SEA","115","175.0","121","532","3","32","-","237","1","-","-","-","-"
"157","D. Wicks","D. Wicks","WR","GB","5","Ques","injury-status questionable","Final L 29-34 @ PHI","115","169.7","3","14","-","46","-","601","5","-","-","-","-"
"158","M. Andrews","M. Andrews","TE","BAL","7","","injury-status","Final L 20-27 @ KC","114","48.3","-","-","-","49","-","617","5","-","-","-","-"
"159","P. Freiermuth","P. Freiermuth","TE","PIT","5","","injury-status","Final W 18-10 @ ATL","113","124.9","-","-","-","59","-","616","4","-","-","-","-"
"160","Z. White","Z. White","RB","LV","8","","injury-status","Final L 10-22 @ LAC","113","73.8","146","605","4","20","-","142","1","-","-","-","-"
"161","T. Hockenson","T. Hockenson","TE","MIN","6","","injury-status","Final W 28-6 @ NYG","112","118.7","-","-","-","59","-","605","4","-","-","-","-"
"162","B. Irving","B. Irving","RB","TB","9","","injury-status","Final W 37-20 vs WAS","112","199.3","114","517","4","26","-","193","1","-","-","-","-"
"163","New York. Jets","New York. Jets","DEF","NYJ","9","","injury-status","Final L 19-32 @ SF","112","166.7","-","-","-","-","-","-","-","-","-","-","-"
"164","J. Brooks","J. Brooks","RB","CAR","14","PUP","injury-status pup","Final L 10-47 @ NO","110","90.0","122","524","4","23","-","176","1","-","-","-","-"
"165","J. Palmer","J. Palmer","WR","LAC","12","","injury-status","Final W 22-10 vs LV","109","145.4","1","6","-","50","-","617","4","-","-","-","-"
"166","San Francisco. 49ers","San Francisco. 49ers","DEF","SF","14","","injury-status","Final W 32-19 vs NYJ","109","155.6","-","-","-","-","-","-","-","-","-","-","-"
"167","T. Benson","T. Benson","RB","ARI","8","","injury-status","Final L 28-34 @ BUF","108","109.7","130","545","4","21","-","152","1","-","-","-","-"
"168","J. Tucker","J. Tucker","K","BAL","7","Sus","injury-status sus","Final L 20-27 @ KC","108","132.6","-","-","-","-","-","-","-","-","-","-","-"
"169","Pittsburgh. Steelers","Pittsburgh. Steelers","DEF","PIT","5","","injury-status","Final W 18-10 @ ATL","108","207.9","-","-","-","-","-","-","-","-","-","-","-"
"170","R. Davis","R. Davis","RB","BUF","7","","injury-status","Final W 34-28 vs ARI","107","183.5","128","551","4","19","-","146","1","-","-","-","-"
"171","T. Hill","T. Hill","TE","NO","11","PUP","injury-status pup","Final W 47-10 vs CAR","107","167.9","80","344","4","22","-","226","2","7","11","77","-"
"172","E. McPherson","E. McPherson","K","CIN","10","","injury-status","Final L 10-16 vs NE","107","139.1","-","-","-","-","-","-","-","-","-","-","-"
"173","Kansas City. Chiefs","Kansas City. Chiefs","DEF","KC","10","","injury-status","Final W 27-20 vs BAL","107","205.8","-","-","-","-","-","-","-","-","-","-","-"
"174","Dallas. Cowboys","Dallas. Cowboys","DEF","DAL","10","","injury-status","Final W 33-17 @ CLE","107","205.1","-","-","-","-","-","-","-","-","-","-","-"
"175","R. Bateman","R. Bateman","WR","BAL","7","","injury-status","Final L 20-27 @ KC","106","208.9","1","5","-","46","-","587","4","-","-","-","-"
"176","Baltimore. Ravens","Baltimore. Ravens","DEF","BAL","7","","injury-status","Final L 20-27 @ KC","106","203.9","-","-","-","-","-","-","-","-","-","-","-"
"177","T. Tracy","T. Tracy","RB","NYG","14","","injury-status","Final L 6-28 vs MIN","106","195.3","124","518","3","24","-","180","1","-","-","-","-"
"178","D. Douglas","D. Douglas","WR","NE","14","","injury-status","Final W 16-10 @ CIN","105","195.3","5","31","-","54","-","589","3","-","-","-","-"
"179","Cleveland. Browns","Cleveland. Browns","DEF","CLE","9","","injury-status","Final L 17-33 vs DAL","104","208.1","-","-","-","-","-","-","-","-","-","-","-"
"180","Buffalo. Bills","Buffalo. Bills","DEF","BUF","7","","injury-status","Final W 34-28 vs ARI","104","259.5","-","-","-","-","-","-","-","-","-","-","-"
"181","D. Slayton","D. Slayton","WR","NYG","14","","injury-status","Final L 6-28 vs MIN","103","272.6","1","6","-","40","-","584","4","-","-","-","-"
"182","Miami. Dolphins","Miami. Dolphins","DEF","MIA","12","","injury-status","Final W 20-17 vs JAX","103","208.9","-","-","-","-","-","-","-","-","-","-","-"
"183","Houston. Texans","Houston. Texans","DEF","HOU","6","","injury-status","Final W 29-27 @ IND","103","261.5","-","-","-","-","-","-","-","-","-","-","-"
"184","Detroit. Lions","Detroit. Lions","DEF","DET","8","","injury-status","Final W 26-20 vs LAR","103","254.5","-","-","-","-","-","-","-","-","-","-","-"
"185","E. Elliott","E. Elliott","RB","","","","injury-status","BYE","103","110.8","128","501","4","20","-","147","1","-","-","-","-"
"186","A. Gibson","A. Gibson","RB","NE","14","","injury-status","Final W 16-10 @ CIN","102","174.3","89","366","3","35","-","260","1","-","-","-","-"
"187","G. Dortch","G. Dortch","WR","ARI","8","","injury-status","Final L 28-34 @ BUF","102","227.4","5","25","-","55","-","540","3","-","-","-","-"
"188","H. Butker","H. Butker","K","KC","10","","injury-status","Final W 27-20 vs BAL","102","134.6","-","-","-","-","-","-","-","-","-","-","-"
"189","K. Coleman","K. Coleman","WR","BUF","7","","injury-status","Final W 34-28 vs ARI","101","97.6","1","4","-","43","-","574","4","-","-","-","-"
"190","Seattle. Seahawks","Seattle. Seahawks","DEF","SEA","8","","injury-status","Final W 26-20 vs DEN","101","216.9","-","-","-","-","-","-","-","-","-","-","-"
"191","Philadelphia. Eagles","Philadelphia. Eagles","DEF","PHI","9","","injury-status","Final W 34-29 vs GB","101","209.2","-","-","-","-","-","-","-","-","-","-","-"
"192","T. Chandler","T. Chandler","RB","MIN","6","","injury-status","Final W 28-6 @ NYG","100","153.0","120","492","3","23","-","174","1","-","-","-","-"
"193","Chicago. Bears","Chicago. Bears","DEF","CHI","5","","injury-status","Final W 24-17 vs TEN","100","284.8","-","-","-","-","-","-","-","-","-","-","-"
"194","C. Otton","C. Otton","TE","TB","9","Ques","injury-status questionable","Final W 37-20 vs WAS","99","190.3","-","-","-","50","-","503","4","-","-","-","-"
"195","J. Tolbert","J. Tolbert","WR","DAL","10","","injury-status","Final W 33-17 @ CLE","99","255.8","1","9","-","47","-","566","3","-","-","-","-"
"196","B. Aubrey","B. Aubrey","K","DAL","10","","injury-status","Final W 33-17 @ CLE","99","138.8","-","-","-","-","-","-","-","-","-","-","-"
"197","New England. Patriots","New England. Patriots","DEF","NE","14","","injury-status","Final W 16-10 @ CIN","99","257.5","-","-","-","-","-","-","-","-","-","-","-"
"198","Las Vegas. Raiders","Las Vegas. Raiders","DEF","LV","8","","injury-status","Final L 10-22 @ LAC","99","262.4","-","-","-","-","-","-","-","-","-","-","-"
"199","Los Angeles. Chargers","Los Angeles. Chargers","DEF","LAC","12","","injury-status","Final W 22-10 vs LV","99","292.0","-","-","-","-","-","-","-","-","-","-","-"
"200","Green Bay. Packers","Green Bay. Packers","DEF","GB","5","","injury-status","Final L 29-34 @ PHI","99","292.6","-","-","-","-","-","-","-","-","-","-","-"
"201","Z. Charbonnet","Z. Charbonnet","RB","SEA","8","","injury-status","Final W 26-20 vs DEN","98","128.8","106","445","3","26","-","187","1","-","-","-","-"
"202","I. Likely","I. Likely","TE","BAL","7","Ques","injury-status questionable","Final L 20-27 @ KC","98","192.9","-","-","-","46","-","510","4","-","-","-","-"
"203","New Orleans. Saints","New Orleans. Saints","DEF","NO","11","","injury-status","Final W 47-10 vs CAR","98","257.1","-","-","-","-","-","-","-","-","-","-","-"
"204","Jacksonville. Jaguars","Jacksonville. Jaguars","DEF","JAX","8","","injury-status","Final L 17-20 @ MIA","98","296.8","-","-","-","-","-","-","-","-","-","-","-"
"205","Cincinnati. Bengals","Cincinnati. Bengals","DEF","CIN","10","","injury-status","Final L 10-16 vs NE","98","556.6","-","-","-","-","-","-","-","-","-","-","-"
"206","Atlanta. Falcons","Atlanta. Falcons","DEF","ATL","5","","injury-status","Final L 10-18 vs PIT","98","564.7","-","-","-","-","-","-","-","-","-","-","-"
"207","J. Whittington","J. Whittington","WR","LAR","8","","injury-status","Final L 20-26 @ DET","97","453.1","-","-","-","44","-","512","4","-","-","-","-"
"208","Tennessee. Titans","Tennessee. Titans","DEF","TEN","10","","injury-status","Final L 17-24 @ CHI","97","259.1","-","-","-","-","-","-","-","-","-","-","-"
"209","Tampa Bay. Buccaneers","Tampa Bay. Buccaneers","DEF","TB","9","","injury-status","Final W 37-20 vs WAS","97","214.2","-","-","-","-","-","-","-","-","-","-","-"
"210","Minnesota. Vikings","Minnesota. Vikings","DEF","MIN","6","","injury-status","Final W 28-6 @ NYG","97","265.2","-","-","-","-","-","-","-","-","-","-","-"
"211","J. Polk","J. Polk","WR","NE","14","IR","injury-status ir","Final W 16-10 @ CIN","97","167.7","1","12","-","48","-","535","3","-","-","-","-"
"212","T. Kraft","T. Kraft","TE","GB","5","","injury-status","Final L 29-34 @ PHI","97","274.2","-","-","-","47","-","490","4","-","-","-","-"
"213","A. Lazard","A. Lazard","WR","NYJ","9","Ques","injury-status questionable","Final L 19-32 @ SF","96","652.3","4","8","-","40","-","512","4","-","-","-","-"
"214","Y. Koo","Y. Koo","K","ATL","5","","injury-status","Final L 10-18 vs PIT","96","142.8","-","-","-","-","-","-","-","-","-","-","-"
"215","Los Angeles. Rams","Los Angeles. Rams","DEF","LAR","8","","injury-status","Final L 20-26 @ DET","96","294.9","-","-","-","-","-","-","-","-","-","-","-"
"216","G. Zuerlein","G. Zuerlein","K","NYJ","9","Ques","injury-status questionable","Final L 19-32 @ SF","95","482.1","-","-","-","-","-","-","-","-","-","-","-"
"217","Washington. Commanders","Washington. Commanders","DEF","WAS","12","","injury-status","Final L 20-37 @ TB","95","214.7","-","-","-","-","-","-","-","-","-","-","-"
"218","New York. Giants","New York. Giants","DEF","NYG","14","","injury-status","Final L 6-28 vs MIN","95","265.2","-","-","-","-","-","-","-","-","-","-","-"
"219","Indianapolis. Colts","Indianapolis. Colts","DEF","IND","11","","injury-status","Final L 27-29 vs HOU","95","295.0","-","-","-","-","-","-","-","-","-","-","-"
"220","Carolina. Panthers","Carolina. Panthers","DEF","CAR","14","","injury-status","Final L 10-47 @ NO","95","594.1","-","-","-","-","-","-","-","-","-","-","-"
"221","C. Dicker","C. Dicker","K","LAC","12","","injury-status","Final W 22-10 vs LV","94","164.1","-","-","-","-","-","-","-","-","-","-","-"
"222","K. Fairbairn","K. Fairbairn","K","HOU","6","","injury-status","Final W 29-27 @ IND","94","163.9","-","-","-","-","-","-","-","-","-","-","-"
"223","Denver. Broncos","Denver. Broncos","DEF","DEN","12","","injury-status","Final L 20-26 @ SEA","94","598.1","-","-","-","-","-","-","-","-","-","-","-"
"224","N. Fant","N. Fant","TE","SEA","8","","injury-status","Final W 26-20 vs DEN","94","223.2","-","-","-","50","-","506","3","-","-","-","-"
"225","J. Smith-Schuster","J. Smith-Schuster","WR","KC","10","","injury-status","Final W 27-20 vs BAL","93","654.6","4","4","-","44","-","468","4","-","-","-","-"
"226","J. Moody","J. Moody","K","SF","14","","injury-status","Final W 32-19 vs NYJ","93","160.5","-","-","-","-","-","-","-","-","-","-","-"
"227","Arizona. Cardinals","Arizona. Cardinals","DEF","ARI","8","","injury-status","Final L 28-34 @ BUF","93","593.1","-","-","-","-","-","-","-","-","-","-","-"
"228","N. Brown","N. Brown","WR","WAS","12","Ques","injury-status questionable","Final L 20-37 @ TB","92","631.8","2","6","-","36","-","498","4","-","-","-","-"
"229","T. Conklin","T. Conklin","TE","NYJ","9","","injury-status","Final L 19-32 @ SF","91","202.4","-","-","-","49","-","489","3","-","-","-","-"
"230","J. Sanders","J. Sanders","K","MIA","12","IR","injury-status ir","Final W 20-17 vs JAX","91","188.7","-","-","-","-","-","-","-","-","-","-","-"
"231","J. Elliott","J. Elliott","K","PHI","9","","injury-status","Final W 34-29 vs GB","91","159.7","-","-","-","-","-","-","-","-","-","-","-"
"232","D. Hopkins","D. Hopkins","K","CLE","9","","injury-status","Final L 17-33 vs DAL","91","567.0","-","-","-","-","-","-","-","-","-","-","-"
"233","J. Bates","J. Bates","K","DET","8","","injury-status","Final W 26-20 vs LAR","91","437.0","-","-","-","-","-","-","-","-","-","-","-"
"234","A. Mitchell","A. Mitchell","WR","IND","11","","injury-status","Final L 27-29 vs HOU","91","125.4","1","6","-","40","-","522","3","-","-","-","-"
"235","B. Allen","B. Allen","RB","NYJ","9","","injury-status","Final L 19-32 @ SF","90","191.0","101","420","3","18","-","132","2","-","-","-","-"
"236","T. Bass","T. Bass","K","BUF","7","","injury-status","Final W 34-28 vs ARI","90","165.4","-","-","-","-","-","-","-","-","-","-","-"
"237","B. Narveson","B. Narveson","K","","","","injury-status","BYE","90","587.6","-","-","-","-","-","-","-","-","-","-","-"
"238","J. Karty","J. Karty","K","LAR","8","","injury-status","Final L 20-26 @ DET","89","549.5","-","-","-","-","-","-","-","-","-","-","-"
"239","J. Mason","J. Mason","RB","SF","14","","injury-status","Final W 32-19 vs NYJ","89","250.6","93","433","4","14","-","104","1","-","-","-","-"
"240","C. Parkinson","C. Parkinson","TE","LAR","8","","injury-status","Final L 20-26 @ DET","88","262.4","-","-","-","41","-","439","4","-","-","-","-"
"241","K. Bourne","K. Bourne","WR","NE","14","Ques","injury-status questionable","Final W 16-10 @ CIN","88","275.7","2","12","-","39","-","493","3","-","-","-","-"
"242","D. Carlson","D. Carlson","K","LV","8","","injury-status","Final L 10-22 @ LAC","88","219.2","-","-","-","-","-","-","-","-","-","-","-"
"243","C. Santos","C. Santos","K","CHI","5","","injury-status","Final W 24-17 vs TEN","88","499.7","-","-","-","-","-","-","-","-","-","-","-"
"244","J. Reynolds","J. Reynolds","WR","JAX","8","","injury-status","Final L 17-20 @ MIA","88","287.3","1","6","-","40","-","493","3","-","-","-","-"
"245","K. Hunt","K. Hunt","RB","KC","10","","injury-status","Final W 27-20 vs BAL","87","639.8","114","455","4","11","-","80","1","-","-","-","-"
"246","A. Iosivas","A. Iosivas","WR","CIN","10","","injury-status","Final L 10-16 vs NE","87","657.9","1","11","-","39","-","481","3","-","-","-","-"
"247","T. Burks","T. Burks","WR","TEN","10","IR","injury-status ir","Final L 17-24 @ CHI","87","282.1","7","34","-","36","-","491","3","-","-","-","-"
"248","M. Gay","M. Gay","K","IND","11","","injury-status","Final L 27-29 vs HOU","86","556.3","-","-","-","-","-","-","-","-","-","-","-"
"249","T. Franklin","T. Franklin","WR","DEN","12","","injury-status","Final L 20-26 @ SEA","86","181.6","2","5","-","39","-","476","3","-","-","-","-"
"250","L. McCaffrey","L. McCaffrey","WR","WAS","12","","injury-status","Final L 20-37 @ TB","85","207.6","5","22","-","41","-","446","3","-","-","-","-"
"251","C. McLaughlin","C. McLaughlin","K","TB","9","","injury-status","Final W 37-20 vs WAS","85","660.0","-","-","-","-","-","-","-","-","-","-","-"
"252","C. Boswell","C. Boswell","K","PIT","5","","injury-status","Final W 18-10 @ ATL","85","519.5","-","-","-","-","-","-","-","-","-","-","-"
"253","M. Prater","M. Prater","K","ARI","8","Ques","injury-status questionable","Final L 28-34 @ BUF","85","506.8","-","-","-","-","-","-","-","-","-","-","-"
"254","T. Patrick","T. Patrick","WR","DET","8","","injury-status","Final W 26-20 vs LAR","85","593.7","2","9","-","38","-","467","3","-","-","-","-"
"255","B. Corum","B. Corum","RB","LAR","8","","injury-status","Final L 20-26 @ DET","84","115.3","94","414","3","17","-","124","1","-","-","-","-"
"256","B. Grupe","B. Grupe","K","NO","11","","injury-status","Final W 47-10 vs CAR","84","622.6","-","-","-","-","-","-","-","-","-","-","-"
"257","J. Dotson","J. Dotson","WR","PHI","9","","injury-status","Final W 34-29 vs GB","83","170.3","1","8","-","37","-","480","3","-","-","-","-"
"258","J. Myers","J. Myers","K","SEA","8","","injury-status","Final W 26-20 vs DEN","83","215.5","-","-","-","-","-","-","-","-","-","-","-"
"259","W. Reichard","W. Reichard","K","MIN","6","","injury-status","Final W 28-6 @ NYG","83","463.6","-","-","-","-","-","-","-","-","-","-","-"
"260","C. Little","C. Little","K","JAX","8","","injury-status","Final L 17-20 @ MIA","83","484.6","-","-","-","-","-","-","-","-","-","-","-"
"261","E. Wilson","E. Wilson","RB","GB","5","","injury-status","Final L 29-34 @ PHI","83","431.3","81","333","3","22","-","165","1","-","-","-","-"
"262","T. Boyd","T. Boyd","WR","TEN","10","","injury-status","Final L 17-24 @ CHI","82","243.1","2","8","-","43","-","441","3","-","-","-","-"
"263","W. Lutz","W. Lutz","K","DEN","12","","injury-status","Final L 20-26 @ SEA","82","587.4","-","-","-","-","-","-","-","-","-","-","-"
"264","O. Zaccheaus","O. Zaccheaus","WR","WAS","12","","injury-status","Final L 20-37 @ TB","82","393.0","3","15","-","36","-","441","3","-","-","-","-"
"265","J. Hill","J. Hill","RB","BAL","7","","injury-status","Final L 20-27 @ KC","82","253.5","54","230","2","33","-","240","1","-","-","-","-"
"266","M. Lloyd","M. Lloyd","RB","GB","5","IR","injury-status ir","Final L 29-34 @ PHI","81","171.9","90","389","3","16","-","120","1","-","-","-","-"
"267","R. McCloud","R. McCloud","WR","ATL","5","","injury-status","Final L 10-18 vs PIT","81","569.3","9","53","-","36","-","393","3","-","-","-","-"
"268","C. York","C. York","K","CIN","10","","injury-status","Final L 10-16 vs NE","80","396.9","-","-","-","-","-","-","-","-","-","-","-"
"269","E. Moore","E. Moore","WR","CLE","9","","injury-status","Final L 17-33 vs DAL","80","267.0","4","18","-","38","-","412","3","-","-","-","-"
"270","J. Slye","J. Slye","K","NE","14","","injury-status","Final W 16-10 @ CIN","80","661.0","-","-","-","-","-","-","-","-","-","-","-"
"271","C. Samuel","C. Samuel","WR","BUF","7","Ques","injury-status questionable","Final W 34-28 vs ARI","80","120.0","9","51","1","32","-","365","3","-","-","-","-"
"272","K. Boutte","K. Boutte","WR","NE","14","","injury-status","Final W 16-10 @ CIN","80","643.8","3","15","-","33","-","435","3","-","-","-","-"
"273","S. Tucker","S. Tucker","RB","TB","9","","injury-status","Final W 37-20 vs WAS","78","662.8","91","391","3","14","-","103","1","-","-","-","-"
"274","O. Beckham","O. Beckham","WR","","","","injury-status","BYE","78","247.9","1","7","-","34","-","423","3","-","-","-","-"
"275","N. Folk","N. Folk","K","TEN","10","","injury-status","Final L 17-24 @ CHI","78","620.9","-","-","-","-","-","-","-","-","-","-","-"
"276","G. Gano","G. Gano","K","NYG","14","","injury-status","Final L 6-28 vs MIN","78","475.0","-","-","-","-","-","-","-","-","-","-","-"
"277","M. Gesicki","M. Gesicki","TE","CIN","10","Ques","injury-status questionable","Final L 10-16 vs NE","77","233.8","-","-","-","37","-","408","3","-","-","-","-"
"278","K. Vidal","K. Vidal","RB","LAC","12","","injury-status","Final W 22-10 vs LV","77","180.0","94","397","3","17","-","128","-","-","-","-","-"
"279","J. Burton","J. Burton","WR","CIN","10","Ques","injury-status questionable","Final L 10-16 vs NE","77","205.8","1","8","-","33","-","417","3","-","-","-","-"
"280","E. Pineiro","E. Pineiro","K","CAR","14","","injury-status","Final L 10-47 @ NO","76","430.1","-","-","-","-","-","-","-","-","-","-","-"
"281","J. Winston","J. Winston","QB","CLE","9","","injury-status","Final L 17-33 vs DAL","76","697.7","17","70","1","-","-","-","-","96","146","1042","7"
"282","D. Chark","D. Chark","WR","LAC","12","","injury-status","Final W 22-10 vs LV","75","241.5","1","6","-","31","-","411","3","-","-","-","-"
"283","D. Walker","D. Walker","WR","BAL","7","","injury-status","Final L 20-27 @ KC","74","271.1","1","7","-","32","-","394","3","-","-","-","-"
"284","A. Dalton","A. Dalton","QB","CAR","14","Ques","injury-status questionable","Final L 10-47 @ NO","73","999.0","13","45","1","-","-","-","-","105","165","1123","6"
"285","J. Smith","J. Smith","TE","MIA","12","Ques","injury-status questionable","Final W 20-17 vs JAX","72","239.3","-","-","-","36","-","364","3","-","-","-","-"
"286","Z. Ertz","Z. Ertz","TE","WAS","12","","injury-status","Final L 20-37 @ TB","72","263.1","-","-","-","40","-","398","2","-","-","-","-"
"287","A. Seibert","A. Seibert","K","WAS","12","Ques","injury-status questionable","Final L 20-37 @ TB","71","663.0","-","-","-","-","-","-","-","-","-","-","-"
"288","A. Pierce","A. Pierce","WR","IND","11","","injury-status","Final L 27-29 vs HOU","71","615.6","1","5","-","25","-","399","3","-","-","-","-"
"289","Z. Jones","Z. Jones","WR","ARI","8","","injury-status","Final L 28-34 @ BUF","71","272.2","2","6","-","32","-","383","3","-","-","-","-"
"290","D. Pierce","D. Pierce","RB","HOU","6","","injury-status","Final W 29-27 @ IND","71","202.5","106","436","3","9","-","67","-","-","-","-","-"
"291","J. Johnson","J. Johnson","TE","NO","11","","injury-status","Final W 47-10 vs CAR","70","248.4","-","-","-","32","-","359","3","-","-","-","-"
"292","J. Williams","J. Williams","RB","NO","11","","injury-status","Final W 47-10 vs CAR","70","258.7","96","383","3","11","-","80","-","-","-","-","-"
"293","S. Perine","S. Perine","RB","KC","10","","injury-status","Final W 27-20 vs BAL","70","290.2","56","238","2","24","-","178","1","-","-","-","-"
"294","J. Sanders","J. Sanders","TE","CAR","14","","injury-status","Final L 10-47 @ NO","70","232.4","-","-","-","32","-","355","3","-","-","-","-"
"295","C. Okonkwo","C. Okonkwo","TE","TEN","10","","injury-status","Final L 17-24 @ CHI","69","211.9","1","3","-","35","-","354","3","-","-","-","-"
"296","T. Johnson","T. Johnson","TE","NYG","14","","injury-status","Final L 6-28 vs MIN","68","258.1","-","-","-","32","-","341","3","-","-","-","-"
"297","N. Gray","N. Gray","TE","KC","10","","injury-status","Final W 27-20 vs BAL","68","596.7","-","-","-","32","-","338","3","-","-","-","-"
"298","N. Westbrook-Ikhine","N. Westbrook-Ikhine","WR","TEN","10","","injury-status","Final L 17-24 @ CHI","68","999.0","2","8","-","26","-","360","3","-","-","-","-"
"299","E. All","E. All","TE","CIN","10","PUP","injury-status pup","Final L 10-16 vs NE","67","679.2","-","-","-","34","-","322","3","-","-","-","-"
"300","D. Turner","D. Turner","WR","LV","8","Ques","injury-status questionable","Final L 10-22 @ LAC","67","999.0","10","56","1","26","-","304","2","-","-","-","-"
"301","I. Guerendo","I. Guerendo","RB","SF","14","","injury-status","Final W 32-19 vs NYJ","67","242.4","79","336","3","12","-","91","-","-","-","-","-"
"302","B. Sinnott","B. Sinnott","TE","WAS","12","","injury-status","Final L 20-37 @ TB","67","177.8","-","-","-","31","-","330","3","-","-","-","-"
"303","K. Turpin","K. Turpin","WR","DAL","10","","injury-status","Final W 33-17 @ CLE","66","566.5","13","81","1","20","-","299","2","-","-","-","-"
"304","B. Melton","B. Melton","WR","GB","5","","injury-status","Final L 29-34 @ PHI","66","655.5","1","9","-","26","-","341","3","-","-","-","-"
"305","K. Herbert","K. Herbert","RB","CIN","10","","injury-status","Final L 10-16 vs NE","66","198.2","75","320","3","8","-","57","1","-","-","-","-"
"306","C. Austin","C. Austin","WR","PIT","5","Ques","injury-status questionable","Final W 18-10 @ ATL","65","677.0","9","55","-","30","-","321","2","-","-","-","-"
"307","D. Knox","D. Knox","TE","BUF","7","","injury-status","Final W 34-28 vs ARI","64","270.7","-","-","-","29","-","317","3","-","-","-","-"
"308","M. Williams","M. Williams","WR","PIT","5","DNR","injury-status dnr","Final W 18-10 @ ATL","64","147.0","1","2","-","26","-","350","3","-","-","-","-"
"309","D. Ridder","D. Ridder","QB","LV","8","","injury-status","Final L 10-22 @ LAC","64","378.0","18","86","1","-","-","-","-","80","132","881","5"
"310","G. Dulcich","G. Dulcich","TE","NYG","14","","injury-status","Final L 6-28 vs MIN","63","264.5","-","-","-","33","-","341","2","-","-","-","-"
"311","R. Pearsall","R. Pearsall","WR","SF","14","","injury-status","Final W 32-19 vs NYJ","63","176.4","2","9","-","26","-","307","3","-","-","-","-"
"312","J. Wright","J. Wright","RB","MIA","12","Doub","injury-status doubtful","Final W 20-17 vs JAX","61","155.2","66","294","2","13","-","87","1","-","-","-","-"
"313","W. Shipley","W. Shipley","RB","PHI","9","","injury-status","Final W 34-29 vs GB","61","223.5","67","286","2","11","-","84","1","-","-","-","-"
"314","J. Flacco","J. Flacco","QB","IND","11","","injury-status","Final L 27-29 vs HOU","60","700.8","7","21","-","-","-","-","-","90","138","933","6"
"315","K. Raymond","K. Raymond","WR","DET","8","","injury-status","Final W 26-20 vs LAR","60","651.3","7","44","-","25","-","314","2","-","-","-","-"
"316","J. Mingo","J. Mingo","WR","DAL","10","IR","injury-status ir","Final W 33-17 @ CLE","58","285.4","1","8","-","27","-","319","2","-","-","-","-"
"317","J. Hyatt","J. Hyatt","WR","NYG","14","","injury-status","Final L 6-28 vs MIN","58","269.2","1","3","-","23","-","343","2","-","-","-","-"
"318","J. Nailor","J. Nailor","WR","MIN","6","Ques","injury-status questionable","Final W 28-6 @ NYG","58","554.1","-","-","-","28","-","316","2","-","-","-","-"
"319","E. Gray","E. Gray","RB","NYG","14","PUP","injury-status pup","Final L 6-28 vs MIN","58","647.2","60","247","2","12","-","88","1","-","-","-","-"
"320","K. Granson","K. Granson","TE","IND","11","","injury-status","Final L 27-29 vs HOU","57","559.5","-","-","-","30","-","303","2","-","-","-","-"
"321","R. Johnson","R. Johnson","RB","CHI","5","Ques","injury-status questionable","Final W 24-17 vs TEN","57","236.6","50","207","2","16","-","121","1","-","-","-","-"
"322","J. Coker","J. Coker","WR","CAR","14","IR","injury-status ir","Final L 10-47 @ NO","56","623.5","-","-","-","26","-","314","2","-","-","-","-"
"323","J. McMillan","J. McMillan","WR","TB","9","IR","injury-status ir","Final W 37-20 vs WAS","56","235.8","2","11","-","28","-","292","2","-","-","-","-"
"324","T. Sermon","T. Sermon","RB","IND","11","","injury-status","Final L 27-29 vs HOU","56","257.4","75","318","2","10","-","75","-","-","-","-","-"
"325","A. O'Connell","A. O'Connell","QB","LV","8","IR","injury-status ir","Final L 10-22 @ LAC","56","294.1","9","20","-","-","-","-","-","85","136","906","6"
"326","D. Laube","D. Laube","RB","LV","8","","injury-status","Final L 10-22 @ LAC","56","256.8","62","256","2","15","-","110","-","-","-","-","-"
"327","V. Jefferson","V. Jefferson","WR","PIT","5","","injury-status","Final W 18-10 @ ATL","56","595.5","2","12","-","24","-","307","2","-","-","-","-"
"328","T. DeVito","T. DeVito","QB","NYG","14","","injury-status","Final L 6-28 vs MIN","56","410.3","16","68","1","-","-","-","-","73","121","799","4"
"329","K. Miller","K. Miller","RB","NO","11","","injury-status","Final W 47-10 vs CAR","56","173.1","59","244","2","11","-","78","1","-","-","-","-"
"330","H. Hurst","H. Hurst","TE","LAC","12","","injury-status","Final W 22-10 vs LV","55","287.6","-","-","-","28","-","288","2","-","-","-","-"
"331","L. Musgrave","L. Musgrave","TE","GB","5","","injury-status","Final L 29-34 @ PHI","55","153.9","-","-","-","26","-","297","2","-","-","-","-"
"332","D. Foreman","D. Foreman","RB","CLE","9","","injury-status","Final L 17-33 vs DAL","55","244.5","72","302","2","10","-","74","-","-","-","-","-"
"333","A. Perry","A. Perry","WR","DEN","12","","injury-status","Final L 20-26 @ SEA","55","295.1","1","4","-","22","-","312","2","-","-","-","-"
"334","M. Mayer","M. Mayer","TE","LV","8","","injury-status","Final L 10-22 @ LAC","54","276.3","-","-","-","27","-","287","2","-","-","-","-"
"335","D. Brown","D. Brown","WR","WAS","12","","injury-status","Final L 20-37 @ TB","53","585.0","2","6","-","24","-","286","2","-","-","-","-"
"336","J. Brooks","J. Brooks","WR","DAL","10","","injury-status","Final W 33-17 @ CLE","53","641.2","-","-","-","24","-","291","2","-","-","-","-"
"337","B. Means","B. Means","WR","NO","11","IR","injury-status ir","Final W 47-10 vs CAR","53","628.4","-","-","-","24","-","290","2","-","-","-","-"
"338","C. Tillman","C. Tillman","WR","CLE","9","","injury-status","Final L 17-33 vs DAL","53","657.1","1","5","-","22","-","294","2","-","-","-","-"
"339","T. Atwell","T. Atwell","WR","LAR","8","","injury-status","Final L 20-26 @ DET","53","659.8","3","20","-","22","-","278","2","-","-","-","-"
"340","D. Vele","D. Vele","WR","DEN","12","","injury-status","Final L 20-26 @ SEA","53","615.0","-","-","-","25","-","283","2","-","-","-","-"
"341","L. Humphrey","L. Humphrey","WR","DEN","12","","injury-status","Final L 20-26 @ SEA","52","461.5","-","-","-","24","-","284","2","-","-","-","-"
"342","R. Woods","R. Woods","WR","HOU","6","","injury-status","Final W 29-27 @ IND","52","570.6","2","8","-","26","-","266","2","-","-","-","-"
"343","X. Hutchinson","X. Hutchinson","WR","HOU","6","","injury-status","Final W 29-27 @ IND","52","999.0","4","28","-","22","-","262","2","-","-","-","-"
"344","J. Watson","J. Watson","WR","KC","10","","injury-status","Final W 27-20 vs BAL","52","633.2","-","-","-","22","-","288","2","-","-","-","-"
"345","D. Cook","D. Cook","RB","DAL","10","","injury-status","Final W 33-17 @ CLE","51","617.1","66","278","2","9","-","68","-","-","-","-","-"
"346","T. Scott","T. Scott","WR","CHI","5","","injury-status","Final W 24-17 vs TEN","51","688.0","6","29","-","22","-","249","2","-","-","-","-"
"347","A. Estime","A. Estime","RB","DEN","12","","injury-status","Final L 20-26 @ SEA","51","213.6","56","238","2","12","-","88","-","-","-","-","-"
"348","T. Goodson","T. Goodson","RB","IND","11","Ques","injury-status questionable","Final L 27-29 vs HOU","50","526.8","44","181","1","16","-","120","1","-","-","-","-"
"349","G. Everett","G. Everett","TE","CHI","5","","injury-status","Final W 24-17 vs TEN","50","610.8","-","-","-","25","-","254","2","-","-","-","-"
"350","P. Washington","P. Washington","WR","JAX","8","","injury-status","Final L 17-20 @ MIA","49","675.6","2","8","-","23","-","251","2","-","-","-","-"
"351","C. Wilson","C. Wilson","WR","NO","11","","injury-status","Final W 47-10 vs CAR","49","625.0","1","6","-","22","-","256","2","-","-","-","-"
"352","T. Tremble","T. Tremble","TE","CAR","14","Ques","injury-status questionable","Final L 10-47 @ NO","49","999.0","-","-","-","24","-","251","2","-","-","-","-"
"353","M. Tipton","M. Tipton","WR","NO","11","","injury-status","Final W 47-10 vs CAR","49","584.0","-","-","-","24","-","251","2","-","-","-","-"
"354","C. Edwards-Helaire","C. Edwards-Helaire","RB","NO","11","","injury-status","Final W 47-10 vs CAR","49","221.5","44","183","1","15","-","112","1","-","-","-","-"
"355","J. Bell","J. Bell","TE","NE","14","","injury-status","Final W 16-10 @ CIN","49","685.3","-","-","-","23","-","253","2","-","-","-","-"
"356","K. Gainwell","K. Gainwell","RB","PHI","9","","injury-status","Final W 34-29 vs GB","48","261.8","45","188","1","14","-","104","1","-","-","-","-"
"357","E. Demercado","E. Demercado","RB","ARI","8","","injury-status","Final L 28-34 @ BUF","48","639.4","36","152","1","17","-","124","1","-","-","-","-"
"358","K. Osborn","K. Osborn","WR","WAS","12","","injury-status","Final L 20-37 @ TB","48","293.5","1","4","-","20","-","256","2","-","-","-","-"
"359","M. Thomas","M. Thomas","WR","","","","injury-status","BYE","48","614.9","1","2","-","23","-","240","2","-","-","-","-"
"360","T. Higbee","T. Higbee","TE","LAR","8","","injury-status","Final L 20-26 @ DET","48","668.5","-","-","-","23","-","241","2","-","-","-","-"
"361","N. Agholor","N. Agholor","WR","BAL","7","","injury-status","Final L 20-27 @ KC","47","691.8","2","6","-","20","-","248","2","-","-","-","-"
"362","C. Steele","C. Steele","RB","KC","10","","injury-status","Final W 27-20 vs BAL","47","459.1","51","213","2","11","-","83","-","-","-","-","-"
"363","J. Whyle","J. Whyle","TE","TEN","10","","injury-status","Final L 17-24 @ CHI","47","627.4","-","-","-","23","-","236","2","-","-","-","-"
"364","J. Bobo","J. Bobo","WR","SEA","8","Ques","injury-status questionable","Final W 26-20 vs DEN","47","561.7","1","4","-","20","-","246","2","-","-","-","-"
"365","K. Harris","K. Harris","RB","NE","14","","injury-status","Final W 16-10 @ CIN","47","599.5","60","250","2","8","-","58","-","-","-","-","-"
"366","M. Hardman","M. Hardman","WR","KC","10","","injury-status","Final W 27-20 vs BAL","46","999.0","6","40","-","16","-","216","2","-","-","-","-"
"367","M. Hollins","M. Hollins","WR","BUF","7","","injury-status","Final W 34-28 vs ARI","45","421.8","-","-","-","20","-","233","2","-","-","-","-"
"368","T. Johnson","T. Johnson","RB","BUF","7","","injury-status","Final W 34-28 vs ARI","45","582.2","38","160","1","14","-","101","1","-","-","-","-"
"369","T. Hudson","T. Hudson","TE","CIN","10","","injury-status","Final L 10-16 vs NE","45","999.0","-","-","-","22","-","221","2","-","-","-","-"
"370","C. Akers","C. Akers","RB","MIN","6","","injury-status","Final W 28-6 @ NYG","44","617.4","60","248","2","6","-","44","-","-","-","-","-"
"371","C. Rodriguez","C. Rodriguez","RB","WAS","12","","injury-status","Final L 20-37 @ TB","44","642.9","57","235","2","7","-","51","-","-","-","-","-"
"372","M. Penix","M. Penix","QB","ATL","5","","injury-status","Final L 10-18 vs PIT","43","260.7","11","38","-","-","-","-","-","63","102","659","4"
"373","D. Smythe","D. Smythe","TE","MIA","12","","injury-status","Final W 20-17 vs JAX","41","688.1","-","-","-","19","-","192","2","-","-","-","-"
"374","K. Mitchell","K. Mitchell","RB","BAL","7","","injury-status","Final L 20-27 @ KC","39","237.3","45","205","1","10","-","75","-","-","-","-","-"
"375","R. Ahmed","R. Ahmed","K","","","","injury-status","BYE","37","999.0","-","-","-","-","-","-","-","-","-","-","-"
"376","J. McClellan","J. McClellan","RB","ATL","5","","injury-status","Final L 10-18 vs PIT","36","662.8","29","118","1","10","-","75","1","-","-","-","-"
"377","S. Howell","S. Howell","QB","SEA","8","","injury-status","Final W 26-20 vs DEN","36","999.0","8","41","1","-","-","-","-","43","66","452","3"
"378","D. Parham","D. Parham","TE","DEN","12","IR","injury-status ir","Final L 20-26 @ SEA","36","999.0","-","-","-","15","-","160","2","-","-","-","-"
"379","E. Hull","E. Hull","RB","IND","11","","injury-status","Final L 27-29 vs HOU","35","289.3","32","134","1","8","-","59","1","-","-","-","-"
"380","K. Toney","K. Toney","WR","","","","injury-status","BYE","35","571.2","8","49","-","14","-","172","1","-","-","-","-"
"381","S. Shrader","S. Shrader","K","KC","10","","injury-status","Final W 27-20 vs BAL","35","638.3","-","-","-","-","-","-","-","-","-","-","-"
"382","J. Ruckert","J. Ruckert","TE","NYJ","9","","injury-status","Final L 19-32 @ SF","34","681.0","-","-","-","18","-","189","1","-","-","-","-"
"383","D. Montgomery","D. Montgomery","WR","IND","11","IR","injury-status ir","Final L 27-29 vs HOU","34","999.0","1","6","-","16","-","192","1","-","-","-","-"
"384","C. Patterson","C. Patterson","RB","PIT","5","","injury-status","Final W 18-10 @ ATL","34","698.3","36","153","1","10","-","75","-","-","-","-","-"
"385","R. Ali","R. Ali","RB","BAL","7","","injury-status","Final L 20-27 @ KC","33","284.7","45","196","1","6","-","44","-","-","-","-","-"
"386","S. Shepard","S. Shepard","WR","TB","9","","injury-status","Final W 37-20 vs WAS","33","439.5","-","-","-","17","-","181","1","-","-","-","-"
"387","J. Mundt","J. Mundt","TE","MIN","6","","injury-status","Final W 28-6 @ NYG","32","999.0","-","-","-","17","-","175","1","-","-","-","-"
"388","I. Hodgins","I. Hodgins","WR","NYG","14","","injury-status","Final L 6-28 vs MIN","32","428.0","1","4","-","14","-","183","1","-","-","-","-"
"389","R. Jarrett","R. Jarrett","WR","TB","9","","injury-status","Final W 37-20 vs WAS","32","471.8","2","10","-","14","-","175","1","-","-","-","-"
"390","T. Palmer","T. Palmer","WR","TB","9","","injury-status","Final W 37-20 vs WAS","31","683.4","2","10","-","14","-","172","1","-","-","-","-"
"391","J. Hasty","J. Hasty","RB","NE","14","","injury-status","Final W 16-10 @ CIN","31","340.0","31","127","1","10","-","74","-","-","-","-","-"
"392","D. Peoples-Jones","D. Peoples-Jones","WR","DET","8","","injury-status","Final W 26-20 vs LAR","31","601.2","1","4","-","13","-","181","1","-","-","-","-"
"393","M. Sanders","M. Sanders","RB","CAR","14","Ques","injury-status questionable","Final L 10-47 @ NO","31","291.3","47","194","1","6","-","44","-","-","-","-","-"
"394","D. Vaughn","D. Vaughn","RB","DAL","10","","injury-status","Final W 33-17 @ CLE","31","279.7","31","133","1","9","-","70","-","-","-","-","-"
"395","J. Baker","J. Baker","WR","NE","14","","injury-status","Final W 16-10 @ CIN","31","237.3","1","8","-","14","-","170","1","-","-","-","-"
"396","I. Smith-Marsette","I. Smith-Marsette","WR","NYG","14","","injury-status","Final L 6-28 vs MIN","31","999.0","6","26","-","15","-","144","1","-","-","-","-"
"397","M. Washington","M. Washington","WR","MIA","12","","injury-status","Final W 20-17 vs JAX","31","281.8","2","14","-","13","-","166","1","-","-","-","-"
"398","J. Wilson","J. Wilson","WR","PHI","9","IR","injury-status ir","Final W 34-29 vs GB","30","593.4","1","5","-","14","-","167","1","-","-","-","-"
"399","L. Farrell","L. Farrell","TE","JAX","8","","injury-status","Final L 17-20 @ MIA","30","559.5","-","-","-","16","-","161","1","-","-","-","-"
"400","D. Davis","D. Davis","WR","LAC","12","","injury-status","Final W 22-10 vs LV","30","362.3","5","30","-","12","-","151","1","-","-","-","-"
"401","J. Metchie","J. Metchie","WR","HOU","6","","injury-status","Final W 29-27 @ IND","30","653.0","1","8","-","14","-","162","1","-","-","-","-"
"402","C. Jones","C. Jones","WR","CIN","10","","injury-status","Final L 10-16 vs NE","30","999.0","1","5","-","13","-","167","1","-","-","-","-"
"403","T. Sherfield","T. Sherfield","WR","MIN","6","","injury-status","Final W 28-6 @ NYG","30","460.0","1","4","-","13","-","167","1","-","-","-","-"
"404","D. Thompkins","D. Thompkins","WR","CAR","14","","injury-status","Final L 10-47 @ NO","30","999.0","6","36","-","12","-","139","1","-","-","-","-"
"405","L. Krull","L. Krull","TE","DEN","12","","injury-status","Final L 20-26 @ SEA","30","999.0","-","-","-","15","-","160","1","-","-","-","-"
"406","B. Powell","B. Powell","WR","MIN","6","","injury-status","Final W 28-6 @ NYG","29","622.0","4","23","-","14","-","141","1","-","-","-","-"
"407","C. Stover","C. Stover","TE","HOU","6","","injury-status","Final W 29-27 @ IND","29","606.9","-","-","-","15","-","159","1","-","-","-","-"
"408","B. Berrios","B. Berrios","WR","MIA","12","","injury-status","Final W 20-17 vs JAX","29","673.9","1","8","-","15","-","149","1","-","-","-","-"
"409","J. Stidham","J. Stidham","QB","DEN","12","","injury-status","Final L 20-26 @ SEA","29","660.1","4","19","1","-","-","-","-","41","66","431","2"
"410","J. McKinnon","J. McKinnon","RB","","","","injury-status","BYE","29","608.9","14","59","-","14","-","102","1","-","-","-","-"
"411","M. Carter","M. Carter","RB","ARI","8","","injury-status","Final L 28-34 @ BUF","29","680.8","27","111","1","10","-","69","-","-","-","-","-"
"412","D. Washington","D. Washington","TE","PIT","5","","injury-status","Final W 18-10 @ ATL","29","678.3","-","-","-","15","-","153","1","-","-","-","-"
"413","R. Tonyan","R. Tonyan","TE","KC","10","","injury-status","Final W 27-20 vs BAL","29","999.0","-","-","-","15","-","153","1","-","-","-","-"
"414","E. Higgins","E. Higgins","TE","ARI","8","","injury-status","Final L 28-34 @ BUF","29","563.0","-","-","-","15","-","153","1","-","-","-","-"
"415","P. Campbell","P. Campbell","WR","PHI","9","Ques","injury-status questionable","Final W 34-29 vs GB","29","656.0","1","5","-","14","-","152","1","-","-","-","-"
"416","H. Brown","H. Brown","WR","KC","10","Ques","injury-status questionable","Final W 27-20 vs BAL","29","92.1","1","3","-","12","-","164","1","-","-","-","-"
"417","M. Mims","M. Mims","WR","DEN","12","Ques","injury-status questionable","Final L 20-26 @ SEA","29","209.6","1","7","-","12","-","160","1","-","-","-","-"
"418","C. Edmonds","C. Edmonds","RB","TB","9","","injury-status","Final W 37-20 vs WAS","29","637.3","22","88","1","11","-","83","-","-","-","-","-"
"419","J. Jackson","J. Jackson","WR","NO","11","","injury-status","Final W 47-10 vs CAR","29","999.0","-","-","-","13","-","161","1","-","-","-","-"
"420","L. Murray","L. Murray","RB","","","","injury-status","BYE","29","999.0","39","164","1","5","-","36","-","-","-","-","-"
"421","C. Johnson","C. Johnson","WR","GB","5","","injury-status","Final L 29-34 @ PHI","28","603.7","-","-","-","11","-","166","1","-","-","-","-"
"422","G. Calcaterra","G. Calcaterra","TE","PHI","9","","injury-status","Final W 34-29 vs GB","28","999.0","-","-","-","17","-","135","1","-","-","-","-"
"423","A. Barner","A. Barner","TE","SEA","8","","injury-status","Final W 26-20 vs DEN","28","999.0","-","-","-","14","-","150","1","-","-","-","-"
"424","A. Abdullah","A. Abdullah","RB","LV","8","Ques","injury-status questionable","Final L 10-22 @ LAC","28","663.0","11","46","1","9","-","68","1","-","-","-","-"
"425","N. Mullens","N. Mullens","QB","MIN","6","","injury-status","Final W 28-6 @ NYG","28","514.0","2","10","-","-","-","-","-","42","68","472","3"
"426","F. Gore","F. Gore","RB","BUF","7","","injury-status","Final W 34-28 vs ARI","28","286.3","34","145","1","6","-","43","-","-","-","-","-"
"427","C. Reynolds","C. Reynolds","RB","DET","8","","injury-status","Final W 26-20 vs LAR","27","556.2","33","138","1","6","-","45","-","-","-","-","-"
"428","L. Thomas","L. Thomas","TE","","","","injury-status","BYE","27","647.1","-","-","-","14","-","143","1","-","-","-","-"
"429","D. Lock","D. Lock","QB","NYG","14","","injury-status","Final L 6-28 vs MIN","27","999.0","6","21","-","-","-","-","-","38","62","428","3"
"430","J. Akins","J. Akins","TE","CLE","9","","injury-status","Final L 17-33 vs DAL","27","512.7","-","-","-","14","-","141","1","-","-","-","-"
"431","T. Shavers","T. Shavers","WR","BUF","7","","injury-status","Final W 34-28 vs ARI","27","999.0","-","-","-","12","-","151","1","-","-","-","-"
"432","T. Johnson","T. Johnson","WR","LAR","8","","injury-status","Final L 20-26 @ DET","27","999.0","-","-","-","13","-","144","1","-","-","-","-"
"433","D. Bell","D. Bell","WR","CLE","9","PUP","injury-status pup","Final L 17-33 vs DAL","27","999.0","1","4","-","13","-","138","1","-","-","-","-"
"434","X. Gipson","X. Gipson","WR","NYJ","9","Ques","injury-status questionable","Final L 19-32 @ SF","27","585.5","3","18","-","12","-","128","1","-","-","-","-"
"435","C. Claypool","C. Claypool","WR","","","Ques","injury-status questionable","BYE","26","278.5","1","5","-","11","-","143","1","-","-","-","-"
"436","C. Moore","C. Moore","WR","WAS","12","","injury-status","Final L 20-37 @ TB","26","535.5","2","10","-","11","-","138","1","-","-","-","-"
"437","P. Strong","P. Strong","RB","CLE","9","IR","injury-status ir","Final L 17-33 vs DAL","26","999.0","30","128","1","6","-","44","-","-","-","-","-"
"438","K. Juszczyk","K. Juszczyk","RB","SF","14","","injury-status","Final W 32-19 vs NYJ","26","650.7","5","16","-","13","-","121","1","-","-","-","-"
"439","J. Thrash","J. Thrash","WR","CLE","9","","injury-status","Final L 17-33 vs DAL","26","581.0","1","6","-","11","-","141","1","-","-","-","-"
"440","A. Smith","A. Smith","WR","PHI","9","","injury-status","Final W 34-29 vs GB","26","691.0","1","6","-","11","-","141","1","-","-","-","-"
"441","B. Jordan","B. Jordan","TE","HOU","6","IR","injury-status ir","Final W 29-27 @ IND","26","999.0","-","-","-","13","-","136","1","-","-","-","-"
"442","A. Green","A. Green","WR","DET","8","Ques","injury-status questionable","Final W 26-20 vs LAR","26","398.8","-","-","-","12","-","141","1","-","-","-","-"
"443","D. Bellinger","D. Bellinger","TE","NYG","14","","injury-status","Final L 6-28 vs MIN","26","292.5","-","-","-","13","-","135","1","-","-","-","-"
"444","D. Culp","D. Culp","TE","TB","9","","injury-status","Final W 37-20 vs WAS","26","999.0","-","-","-","13","-","135","1","-","-","-","-"
"445","D. Holker","D. Holker","TE","NO","11","","injury-status","Final W 47-10 vs CAR","26","559.7","-","-","-","13","-","135","1","-","-","-","-"
"446","A. Shampklin","A. Shampklin","RB","PIT","5","","injury-status","Final W 18-10 @ ATL","26","999.0","30","125","1","6","-","44","-","-","-","-","-"
"447","S. Moore","S. Moore","WR","KC","10","","injury-status","Final W 27-20 vs BAL","26","594.5","2","9","-","12","-","129","1","-","-","-","-"
"448","D. Allen","D. Allen","TE","LAR","8","","injury-status","Final L 20-26 @ DET","26","695.4","-","-","-","13","-","132","1","-","-","-","-"
"449","B. Rice","B. Rice","WR","LAC","12","","injury-status","Final W 22-10 vs LV","26","265.9","1","4","-","11","-","138","1","-","-","-","-"
"450","B. Strange","B. Strange","TE","JAX","8","","injury-status","Final L 17-20 @ MIA","26","999.0","-","-","-","13","-","131","1","-","-","-","-"
"451","P. Hendershot","P. Hendershot","TE","KC","10","","injury-status","Final W 27-20 vs BAL","26","999.0","-","-","-","13","-","131","1","-","-","-","-"
"452","A. Trautman","A. Trautman","TE","DEN","12","","injury-status","Final L 20-26 @ SEA","26","689.0","-","-","-","13","-","131","1","-","-","-","-"
"453","J. Brownlee","J. Brownlee","WR","NYJ","9","","injury-status","Final L 19-32 @ SF","26","422.0","1","3","-","11","-","138","1","-","-","-","-"
"454","P. Durham","P. Durham","TE","TB","9","","injury-status","Final W 37-20 vs WAS","26","605.0","-","-","-","13","-","131","1","-","-","-","-"
"455","M. Corley","M. Corley","WR","NYJ","9","","injury-status","Final L 19-32 @ SF","26","212.2","1","8","-","12","-","127","1","-","-","-","-"
"456","J. Kelley","J. Kelley","RB","TEN","10","","injury-status","Final L 17-24 @ CHI","26","699.0","32","134","1","5","-","36","-","-","-","-","-"
"457","H. Renfrow","H. Renfrow","WR","","","","injury-status","BYE","26","681.0","1","2","-","13","-","128","1","-","-","-","-"
"458","J. Cowing","J. Cowing","WR","SF","14","IR","injury-status ir","Final W 32-19 vs NYJ","26","666.9","1","6","-","11","-","134","1","-","-","-","-"
"459","S. Zylstra","S. Zylstra","TE","DET","8","","injury-status","Final W 26-20 vs LAR","25","999.0","-","-","-","13","-","128","1","-","-","-","-"
"460","R. Bell","R. Bell","WR","SF","14","","injury-status","Final W 32-19 vs NYJ","25","451.1","1","4","-","11","-","134","1","-","-","-","-"
"461","T. Badie","T. Badie","RB","DEN","12","","injury-status","Final L 20-26 @ SEA","25","557.8","31","123","1","6","-","39","-","-","-","-","-"
"462","S. Fehoko","S. Fehoko","WR","LAC","12","","injury-status","Final W 22-10 vs LV","25","999.0","-","-","-","12","-","131","1","-","-","-","-"
"463","J. Matthews","J. Matthews","TE","CAR","14","","injury-status","Final L 10-47 @ NO","25","999.0","-","-","-","12","-","130","1","-","-","-","-"
"464","J. Wiley","J. Wiley","TE","KC","10","","injury-status","Final W 27-20 vs BAL","25","599.5","-","-","-","12","-","128","1","-","-","-","-"
"465","I. Davis","I. Davis","RB","NYJ","9","Ques","injury-status questionable","Final L 19-32 @ SF","25","685.1","30","125","1","5","-","37","-","-","-","-","-"
"466","D. Sample","D. Sample","TE","CIN","10","Ques","injury-status questionable","Final L 10-16 vs NE","25","417.0","-","-","-","12","-","126","1","-","-","-","-"
"467","T. Washington","T. Washington","WR","MIA","12","","injury-status","Final W 20-17 vs JAX","25","999.0","-","-","-","11","-","131","1","-","-","-","-"
"468","D. Moore","D. Moore","WR","CAR","14","","injury-status","Final L 10-47 @ NO","25","697.0","1","5","-","9","-","135","1","-","-","-","-"
"469","M. Valdes-Scantling","M. Valdes-Scantling","WR","NO","11","","injury-status","Final W 47-10 vs CAR","24","629.2","1","2","-","9","-","136","1","-","-","-","-"
"470","T. McLachlan","T. McLachlan","TE","CIN","10","IR","injury-status ir","Final L 10-16 vs NE","24","999.0","-","-","-","12","-","123","1","-","-","-","-"
"471","B. Spann-Ford","B. Spann-Ford","TE","DAL","10","","injury-status","Final W 33-17 @ CLE","24","999.0","-","-","-","13","-","118","1","-","-","-","-"
"472","H. Bryant","H. Bryant","TE","LV","8","","injury-status","Final L 10-22 @ LAC","24","628.0","-","-","-","12","-","122","1","-","-","-","-"
"473","J. Crowder","J. Crowder","WR","WAS","12","","injury-status","Final L 20-37 @ TB","24","999.0","-","-","-","12","-","122","1","-","-","-","-"
"474","M. Rosemy-Jacksaint","M. Rosemy-Jacksaint","WR","","","","injury-status","BYE","24","542.5","1","6","-","10","-","126","1","-","-","-","-"
"475","R. Flournoy","R. Flournoy","WR","DAL","10","","injury-status","Final W 33-17 @ CLE","24","999.0","-","-","-","11","-","126","1","-","-","-","-"
"476","T. Reiman","T. Reiman","TE","ARI","8","","injury-status","Final L 28-34 @ BUF","24","999.0","-","-","-","12","-","121","1","-","-","-","-"
"477","B. Johnson","B. Johnson","WR","PIT","5","Ques","injury-status questionable","Final W 18-10 @ ATL","24","400.0","1","7","-","10","-","124","1","-","-","-","-"
"478","B. Maher","B. Maher","K","","","","injury-status","BYE","24","999.0","-","-","-","-","-","-","-","-","-","-","-"
"479","N. Remigio","N. Remigio","WR","KC","10","","injury-status","Final W 27-20 vs BAL","24","999.0","-","-","-","10","-","130","1","-","-","-","-"
"480","J. Haener","J. Haener","QB","NO","11","","injury-status","Final W 47-10 vs CAR","24","692.5","8","23","-","-","-","-","-","35","66","365","3"
"481","C. Washington","C. Washington","WR","ATL","5","","injury-status","Final L 10-18 vs PIT","24","999.0","-","-","-","10","-","127","1","-","-","-","-"
"482","T. Palmer","T. Palmer","WR","ARI","8","","injury-status","Final L 28-34 @ BUF","24","496.5","-","-","-","11","-","122","1","-","-","-","-"
"483","J. Taylor","J. Taylor","RB","HOU","6","","injury-status","Final W 29-27 @ IND","24","282.0","34","139","1","3","-","22","-","-","-","-","-"
"484","Q. Watkins","Q. Watkins","WR","PIT","5","Ques","injury-status questionable","Final W 18-10 @ ATL","24","665.3","1","3","-","9","-","127","1","-","-","-","-"
"485","D. McBride","D. McBride","RB","","","","injury-status","BYE","24","674.0","30","125","1","4","-","30","-","-","-","-","-"
"486","C. Woerner","C. Woerner","TE","ATL","5","","injury-status","Final L 10-18 vs PIT","24","999.0","-","-","-","12","-","115","1","-","-","-","-"
"487","K. Hamler","K. Hamler","WR","BUF","7","","injury-status","Final W 34-28 vs ARI","24","999.0","1","5","-","9","-","125","1","-","-","-","-"
"488","W. Mallory","W. Mallory","TE","IND","11","","injury-status","Final L 27-29 vs HOU","23","999.0","-","-","-","11","-","118","1","-","-","-","-"
"489","R. Cobb","R. Cobb","WR","","","","injury-status","BYE","23","659.9","1","4","-","11","-","114","1","-","-","-","-"
"490","D. Ogletree","D. Ogletree","TE","IND","11","","injury-status","Final L 27-29 vs HOU","23","350.0","-","-","-","11","-","117","1","-","-","-","-"
"491","I. McKenzie","I. McKenzie","WR","MIA","12","","injury-status","Final W 20-17 vs JAX","23","999.0","2","10","-","11","-","107","1","-","-","-","-"
"492","A. Robinson","A. Robinson","WR","DET","8","","injury-status","Final W 26-20 vs LAR","23","517.7","1","4","-","11","-","113","1","-","-","-","-"
"493","I. Smith","I. Smith","TE","HOU","6","IR","injury-status ir","Final W 29-27 @ IND","23","474.0","-","-","-","11","-","116","1","-","-","-","-"
"494","F. Moreau","F. Moreau","TE","NO","11","PUP","injury-status pup","Final W 47-10 vs CAR","23","540.5","-","-","-","11","-","116","1","-","-","-","-"
"495","J. Oliver","J. Oliver","TE","MIN","6","","injury-status","Final W 28-6 @ NYG","23","999.0","-","-","-","11","-","116","1","-","-","-","-"
"496","T. Thornton","T. Thornton","WR","KC","10","","injury-status","Final W 27-20 vs BAL","23","999.0","2","8","-","9","-","117","1","-","-","-","-"
"497","N. Vannett","N. Vannett","TE","TEN","10","","injury-status","Final L 17-24 @ CHI","23","999.0","-","-","-","14","-","100","1","-","-","-","-"
"498","T. Brown","T. Brown","K","","","","injury-status","BYE","23","700.0","-","-","-","-","-","-","-","-","-","-","-"
"499","D. Henderson","D. Henderson","RB","","","","injury-status","BYE","23","999.0","31","130","1","3","-","23","-","-","-","-","-"
"500","L. Fournette","L. Fournette","RB","","","","injury-status","BYE","23","619.0","31","130","1","3","-","23","-","-","-","-","-"
"501","J. Jordan","J. Jordan","RB","HOU","6","","injury-status","Final W 29-27 @ IND","23","645.0","30","121","1","4","-","27","-","-","-","-","-"
"502","M. Woods","M. Woods","WR","CLE","9","Ques","injury-status questionable","Final L 17-33 vs DAL","23","534.6","1","4","-","9","-","119","1","-","-","-","-"
"503","T. Irwin","T. Irwin","WR","CAR","14","","injury-status","Final L 10-47 @ NO","23","380.0","1","4","-","9","-","119","1","-","-","-","-"
"504","J. Guyton","J. Guyton","WR","","","","injury-status","BYE","23","623.0","1","4","-","9","-","119","1","-","-","-","-"
"505","Z. Pascal","Z. Pascal","WR","ARI","8","","injury-status","Final L 28-34 @ BUF","23","999.0","1","4","-","9","-","119","1","-","-","-","-"
"506","B. Whiteheart","B. Whiteheart","TE","CLE","9","Ques","injury-status questionable","Final L 17-33 vs DAL","23","473.0","-","-","-","13","-","102","1","-","-","-","-"
"507","R. Gage","R. Gage","WR","SF","14","Ques","injury-status questionable","Final W 32-19 vs NYJ","23","999.0","1","3","-","10","-","114","1","-","-","-","-"
"508","P. Taylor","P. Taylor","RB","SF","14","IR","injury-status ir","Final W 32-19 vs NYJ","23","586.0","24","73","1","8","-","53","-","-","-","-","-"
"509","R. James","R. James","WR","","","","injury-status","BYE","23","999.0","1","7","-","10","-","108","1","-","-","-","-"
"510","B. Wright","B. Wright","TE","DET","8","","injury-status","Final W 26-20 vs LAR","22","406.0","-","-","-","11","-","109","1","-","-","-","-"
"511","A. Hooper","A. Hooper","TE","NE","14","","injury-status","Final W 16-10 @ CIN","22","545.0","-","-","-","11","-","109","1","-","-","-","-"
"512","D. Prince","D. Prince","RB","MIA","12","IR","injury-status ir","Final W 20-17 vs JAX","22","613.9","27","113","1","4","-","29","-","-","-","-","-"
"513","B. Skowronek","B. Skowronek","WR","PIT","5","","injury-status","Final W 18-10 @ ATL","22","999.0","1","4","-","9","-","111","1","-","-","-","-"
"514","M. Wright","M. Wright","K","TEN","10","","injury-status","Final L 17-24 @ CHI","22","662.0","-","-","-","-","-","-","-","-","-","-","-"
"515","R. Chosen","R. Chosen","WR","","","","injury-status","BYE","22","652.0","1","4","-","9","-","111","1","-","-","-","-"
"516","C. Conley","C. Conley","WR","SF","14","","injury-status","Final W 32-19 vs NYJ","22","999.0","1","4","-","9","-","111","1","-","-","-","-"
"517","A. Carlson","A. Carlson","K","","","","injury-status","BYE","22","624.9","-","-","-","-","-","-","-","-","-","-","-"
"518","R. Bullock","R. Bullock","K","","","","injury-status","BYE","22","700.0","-","-","-","-","-","-","-","-","-","-","-"
"519","M. Pruitt","M. Pruitt","TE","PIT","5","","injury-status","Final W 18-10 @ ATL","22","999.0","-","-","-","12","-","99","1","-","-","-","-"
"520","K. Johnson","K. Johnson","WR","TB","9","","injury-status","Final W 37-20 vs WAS","22","999.0","-","-","-","9","-","112","1","-","-","-","-"
"521","B. Watson","B. Watson","RB","DEN","12","Ques","injury-status questionable","Final L 20-26 @ SEA","22","999.0","26","108","1","4","-","29","-","-","-","-","-"
"522","M. Heath","M. Heath","WR","GB","5","","injury-status","Final L 29-34 @ PHI","22","999.0","1","3","-","9","-","108","1","-","-","-","-"
"523","J. Wilson","J. Wilson","RB","MIA","12","","injury-status","Final W 20-17 vs JAX","22","658.6","25","106","1","4","-","29","-","-","-","-","-"
"524","M. Alie-Cox","M. Alie-Cox","TE","IND","11","","injury-status","Final L 27-29 vs HOU","22","293.5","-","-","-","10","-","105","1","-","-","-","-"
"525","M. Gordon","M. Gordon","RB","","","","injury-status","BYE","22","685.9","31","130","1","2","-","15","-","-","-","-","-"
"526","M. Goodwin","M. Goodwin","WR","","","","injury-status","BYE","21","363.5","2","13","-","7","-","106","1","-","-","-","-"
"527","A. Gould","A. Gould","WR","IND","11","","injury-status","Final L 27-29 vs HOU","21","999.0","-","-","-","9","-","109","1","-","-","-","-"
"528","I. Spiller","I. Spiller","RB","LV","8","","injury-status","Final L 10-22 @ LAC","21","575.8","25","106","1","4","-","27","-","-","-","-","-"
"529","W. Dissly","W. Dissly","TE","LAC","12","","injury-status","Final W 22-10 vs LV","21","694.8","-","-","-","10","-","102","1","-","-","-","-"
"530","R. Rivers","R. Rivers","RB","LAR","8","","injury-status","Final L 20-26 @ DET","21","999.0","25","105","1","4","-","26","-","-","-","-","-"
"531","A. Dulin","A. Dulin","WR","IND","11","Ques","injury-status questionable","Final L 27-29 vs HOU","21","464.0","1","4","-","9","-","102","1","-","-","-","-"
"532","J. Reagor","J. Reagor","WR","LAC","12","Out","injury-status out","Final W 22-10 vs LV","21","661.5","1","4","-","8","-","106","1","-","-","-","-"
"533","D. Harty","D. Harty","WR","BAL","7","Ques","injury-status questionable","Final L 20-27 @ KC","21","999.0","3","15","-","8","-","95","1","-","-","-","-"
"534","G. Joseph","G. Joseph","K","NYJ","9","","injury-status","Final L 19-32 @ SF","21","664.0","-","-","-","-","-","-","-","-","-","-","-"
"535","B. McManus","B. McManus","K","GB","5","","injury-status","Final L 29-34 @ PHI","21","676.5","-","-","-","-","-","-","-","-","-","-","-"
"536","A. Erickson","A. Erickson","WR","NE","14","","injury-status","Final W 16-10 @ CIN","21","999.0","1","6","-","8","-","103","1","-","-","-","-"
"537","K. Austin","K. Austin","WR","NO","11","","injury-status","Final W 47-10 vs CAR","21","999.0","-","-","-","13","-","82","1","-","-","-","-"
"538","J. Jones","J. Jones","WR","","","","injury-status","BYE","21","629.1","1","4","-","8","-","103","1","-","-","-","-"
"539","D. Johnson","D. Johnson","RB","","","","injury-status","BYE","20","999.0","26","107","1","3","-","22","-","-","-","-","-"
"540","J. Ross","J. Ross","WR","KC","10","","injury-status","Final W 27-20 vs BAL","20","558.8","-","-","-","8","-","103","1","-","-","-","-"
"541","J. Stoll","J. Stoll","TE","MIA","12","","injury-status","Final W 20-17 vs JAX","20","404.0","-","-","-","9","-","95","1","-","-","-","-"
"542","M. Ammendola","M. Ammendola","K, P","","","","injury-status","BYE","20","999.0","-","-","-","-","-","-","-","-","-","-","-"
"543","R. Blankenship","R. Blankenship","K","","","","injury-status","BYE","20","700.0","-","-","-","-","-","-","-","-","-","-","-"
"544","J. Fortson","J. Fortson","TE","KC","10","Ques","injury-status questionable","Final W 27-20 vs BAL","20","999.0","-","-","-","9","-","95","1","-","-","-","-"
"545","M. Crosby","M. Crosby","K","","","","injury-status","BYE","20","541.3","-","-","-","-","-","-","-","-","-","-","-"
"546","T. Vizcaino","T. Vizcaino","K","","","","injury-status","BYE","20","700.0","-","-","-","-","-","-","-","-","-","-","-"
"547","Z. Gonzalez","Z. Gonzalez","K","WAS","12","","injury-status","Final L 20-37 @ TB","20","999.0","-","-","-","-","-","-","-","-","-","-","-"
"548","R. Succop","R. Succop","K","","","","injury-status","BYE","20","999.0","-","-","-","-","-","-","-","-","-","-","-"
"549","C. Ryland","C. Ryland","K","ARI","8","","injury-status","Final L 28-34 @ BUF","20","345.0","-","-","-","-","-","-","-","-","-","-","-"
"550","T. Jones","T. Jones","WR","JAX","8","","injury-status","Final L 17-20 @ MIA","20","999.0","1","4","-","8","-","95","1","-","-","-","-"
"551","B. Scott","B. Scott","RB","","","","injury-status","BYE","20","597.3","23","99","1","3","-","22","-","-","-","-","-"
"552","D. Ogunbowale","D. Ogunbowale","RB","HOU","6","","injury-status","Final W 29-27 @ IND","19","999.0","11","46","-","12","-","88","-","-","-","-","-"
"553","S. Rattler","S. Rattler","QB","NO","11","","injury-status","Final W 47-10 vs CAR","19","630.3","10","28","-","-","-","-","-","33","58","315","2"
"554","C. Brooks","C. Brooks","RB","GB","5","","injury-status","Final L 29-34 @ PHI","19","509.7","23","92","1","4","-","22","-","-","-","-","-"
"555","D. Gray","D. Gray","WR","PHI","9","Ques","injury-status questionable","Final W 34-29 vs GB","19","999.0","1","4","-","7","-","94","1","-","-","-","-"
"556","K. Hodge","K. Hodge","WR","ATL","5","","injury-status","Final L 10-18 vs PIT","19","999.0","-","-","-","6","-","101","1","-","-","-","-"
"557","E. St. Brown","E. St. Brown","WR","NO","11","Ques","injury-status questionable","Final W 47-10 vs CAR","19","528.1","1","4","-","7","-","91","1","-","-","-","-"
"558","J. Hill","J. Hill","TE","MIA","12","","injury-status","Final W 20-17 vs JAX","19","491.6","-","-","-","11","-","75","1","-","-","-","-"
"559","J. Browning","J. Browning","QB","CIN","10","","injury-status","Final L 10-16 vs NE","19","666.8","5","22","-","-","-","-","-","22","35","238","2"
"560","S. Smartt","S. Smartt","TE","LAC","12","","injury-status","Final W 22-10 vs LV","19","330.0","-","-","-","8","-","87","1","-","-","-","-"
"561","C. Turner","C. Turner","TE","WAS","12","","injury-status","Final L 20-37 @ TB","19","333.0","-","-","-","8","-","87","1","-","-","-","-"
"562","L. Schoonmaker","L. Schoonmaker","TE","DAL","10","Ques","injury-status questionable","Final W 33-17 @ CLE","19","671.0","-","-","-","8","-","87","1","-","-","-","-"
"563","S. McCormick","S. McCormick","RB","LV","8","","injury-status","Final L 10-22 @ LAC","18","999.0","23","101","1","2","-","12","-","-","-","-","-"
"564","C. Davis","C. Davis","WR","","","","injury-status","BYE","18","999.0","-","-","-","7","-","88","1","-","-","-","-"
"565","M. Boone","M. Boone","RB","CAR","14","","injury-status","Final L 10-47 @ NO","18","317.0","16","66","1","5","-","30","-","-","-","-","-"
"566","Q. Morris","Q. Morris","TE","BUF","7","","injury-status","Final W 34-28 vs ARI","18","999.0","-","-","-","8","-","80","1","-","-","-","-"
"567","M. Breida","M. Breida","RB","","","","injury-status","BYE","18","646.8","19","80","1","3","-","23","-","-","-","-","-"
"568","J. McNichols","J. McNichols","RB","WAS","12","","injury-status","Final L 20-37 @ TB","17","999.0","15","62","-","9","-","66","-","-","-","-","-"
"569","K. Drake","K. Drake","RB","","","","injury-status","BYE","17","999.0","21","88","1","2","-","15","-","-","-","-","-"
"570","J. Mims","J. Mims","RB","NO","11","","injury-status","Final W 47-10 vs CAR","17","657.9","19","77","1","3","-","18","-","-","-","-","-"
"571","R. Blackshear","R. Blackshear","RB","CAR","14","Ques","injury-status questionable","Final L 10-47 @ NO","17","999.0","13","55","-","9","-","68","-","-","-","-","-"
"572","P. Brown","P. Brown","TE","SEA","8","","injury-status","Final W 26-20 vs DEN","17","999.0","-","-","-","7","-","73","1","-","-","-","-"
"573","J. Garoppolo","J. Garoppolo","QB","LAR","8","","injury-status","Final L 20-26 @ DET","16","605.4","3","7","-","-","-","-","-","20","31","217","2"
"574","M. Trubisky","M. Trubisky","QB","BUF","7","","injury-status","Final W 34-28 vs ARI","16","683.3","3","15","-","-","-","-","-","18","29","194","2"
"575","R. Tannehill","R. Tannehill","QB","","","","injury-status","BYE","16","682.0","12","49","-","-","-","-","-","19","31","207","1"
"576","R. Penny","R. Penny","RB","","","","injury-status","BYE","16","608.1","18","76","1","2","-","15","-","-","-","-","-"
"577","R. Patterson","R. Patterson","K","ATL","5","","injury-status","Final L 10-18 vs PIT","16","666.0","-","-","-","-","-","-","-","-","-","-","-"
"578","R. Freeman","R. Freeman","RB","CHI","5","","injury-status","Final W 24-17 vs TEN","16","531.7","17","52","1","4","-","26","-","-","-","-","-"
"579","H. Luepke","H. Luepke","RB","DAL","10","","injury-status","Final W 33-17 @ CLE","16","562.5","7","20","1","7","-","42","-","-","-","-","-"
"580","K. Yeboah","K. Yeboah","TE","NYJ","9","IR","injury-status ir","Final L 19-32 @ SF","16","999.0","-","-","-","6","-","66","1","-","-","-","-"
"581","L. Shenault","L. Shenault","WR","LAC","12","","injury-status","Final W 22-10 vs LV","15","999.0","11","52","-","6","-","69","-","-","-","-","-"
"582","P. Romo","P. Romo","K","NE","14","","injury-status","Final W 16-10 @ CIN","15","530.0","-","-","-","-","-","-","-","-","-","-","-"
"583","T. Fisk","T. Fisk","TE","LAC","12","","injury-status","Final W 22-10 vs LV","15","451.0","-","-","-","7","-","53","1","-","-","-","-"
"584","H. Hooker","H. Hooker","QB","DET","8","","injury-status","Final W 26-20 vs LAR","14","999.0","5","26","-","-","-","-","-","20","32","218","1"
"585","T. Taylor","T. Taylor","QB","NYJ","9","Ques","injury-status questionable","Final L 19-32 @ SF","14","999.0","6","23","-","-","-","-","-","20","32","218","1"
"586","C. Washington","C. Washington","RB","ATL","5","","injury-status","Final L 10-18 vs PIT","14","999.0","10","37","1","4","-","22","-","-","-","-","-"
"587","J. Johnson","J. Johnson","QB","BAL","7","","injury-status","Final L 20-27 @ KC","14","644.3","7","25","-","-","-","-","-","20","38","201","1"
"588","T. Huntley","T. Huntley","QB","MIA","12","","injury-status","Final W 20-17 vs JAX","13","999.0","5","24","-","-","-","-","-","20","31","202","1"
"589","T. Bagent","T. Bagent","QB","CHI","5","","injury-status","Final W 24-17 vs TEN","13","580.7","6","29","-","-","-","-","-","17","29","188","1"
"590","S. Thompson","S. Thompson","QB","MIA","12","","injury-status","Final W 20-17 vs JAX","13","999.0","5","20","-","-","-","-","-","19","31","210","1"
"591","M. Jones","M. Jones","QB","JAX","8","Ques","injury-status questionable","Final L 17-20 @ MIA","13","668.0","5","20","-","-","-","-","-","20","32","210","1"
"592","K. Vaughn","K. Vaughn","RB","SF","14","","injury-status","Final W 32-19 vs NYJ","13","999.0","12","43","1","3","-","16","-","-","-","-","-"
"593","M. Willis","M. Willis","QB","GB","5","","injury-status","Final L 29-34 @ PHI","13","999.0","6","29","-","-","-","-","-","17","28","185","1"
"594","J. Dobbs","J. Dobbs","QB","SF","14","","injury-status","Final W 32-19 vs NYJ","13","671.2","5","26","-","-","-","-","-","18","28","190","1"
"595","C. Rush","C. Rush","QB","DAL","10","","injury-status","Final W 33-17 @ CLE","13","999.0","3","13","-","-","-","-","-","20","31","219","1"
"596","C. Wentz","C. Wentz","QB","KC","10","","injury-status","Final W 27-20 vs BAL","13","602.4","3","13","-","-","-","-","-","21","33","219","1"
"597","D. Mills","D. Mills","QB","HOU","6","","injury-status","Final W 29-27 @ IND","13","579.7","3","13","-","-","-","-","-","21","31","218","1"
"598","B. Oliver","B. Oliver","WR","TEN","10","","injury-status","Final L 17-24 @ CHI","13","999.0","-","-","-","7","-","95","-","-","-","-","-"
"599","M. Mariota","M. Mariota","QB","WAS","12","Ques","injury-status questionable","Final L 20-37 @ TB","13","667.4","3","13","-","-","-","-","-","19","31","217","1"
"600","E. Stick","E. Stick","QB","LAC","12","","injury-status","Final W 22-10 vs LV","13","536.0","3","13","-","-","-","-","-","21","33","215","1"
"601","K. Trask","K. Trask","QB","TB","9","","injury-status","Final W 37-20 vs WAS","13","537.0","3","10","-","-","-","-","-","19","31","220","1"
"602","C. Tune","C. Tune","QB","ARI","8","","injury-status","Final L 28-34 @ BUF","13","555.0","3","13","-","-","-","-","-","19","31","211","1"
"603","T. Lance","T. Lance","QB","DAL","10","","injury-status","Final W 33-17 @ CLE","13","669.1","5","19","-","-","-","-","-","17","28","195","1"
"604","Z. Wilson","Z. Wilson","QB","DEN","12","","injury-status","Final L 20-26 @ SEA","13","492.4","4","17","-","-","-","-","-","18","29","200","1"
"605","S. Ahmed","S. Ahmed","RB","IND","11","IR","injury-status ir","Final L 27-29 vs HOU","13","999.0","12","52","-","6","-","45","-","-","-","-","-"
"606","N. Miller-Hines","N. Miller-Hines","RB","CLE","9","","injury-status","Final L 17-33 vs DAL","13","598.5","7","29","-","8","-","57","-","-","-","-","-"
"607","J. Hall","J. Hall","QB","SEA","8","","injury-status","Final W 26-20 vs DEN","13","488.5","5","26","-","-","-","-","-","16","26","174","1"
"608","M. Rudolph","M. Rudolph","QB","TEN","10","","injury-status","Final L 17-24 @ CHI","13","512.3","1","4","-","-","-","-","-","22","33","229","1"
"609","C. Keenum","C. Keenum","QB","HOU","6","Ques","injury-status questionable","Final W 29-27 @ IND","12","999.0","2","8","-","-","-","-","-","19","29","205","1"
"610","M. Pratt","M. Pratt","QB","TB","9","Ques","injury-status questionable","Final W 37-20 vs WAS","12","315.0","3","12","-","-","-","-","-","17","30","190","1"
"611","J. Travis","J. Travis","QB","NYJ","9","NA","injury-status na","Final L 19-32 @ SF","12","999.0","3","10","-","-","-","-","-","17","28","188","1"
"612","K. Pickett","K. Pickett","QB","PHI","9","Ques","injury-status questionable","Final W 34-29 vs GB","11","999.0","3","14","-","-","-","-","-","21","33","225","1"
"613","T. Heinicke","T. Heinicke","QB","LAC","12","","injury-status","Final W 22-10 vs LV","11","331.0","4","14","-","-","-","-","-","19","32","220","1"
"614","T. McAllister","T. McAllister","RB","LV","8","","injury-status","Final L 10-22 @ LAC","11","454.0","5","22","-","6","-","59","-","-","-","-","-"
"615","D. Dallas","D. Dallas","RB","ARI","8","","injury-status","Final L 28-34 @ BUF","11","999.0","11","46","-","5","-","36","-","-","-","-","-"
"616","S. Vaki","S. Vaki","RB","DET","8","","injury-status","Final W 26-20 vs LAR","11","671.6","16","67","-","3","-","23","-","-","-","-","-"
"617","T. Homer","T. Homer","RB","CHI","5","IR","injury-status ir","Final W 24-17 vs TEN","10","999.0","13","55","-","4","-","28","-","-","-","-","-"
"618","E. Saubert","E. Saubert","TE","SF","14","","injury-status","Final W 32-19 vs NYJ","10","999.0","-","-","-","7","-","68","-","-","-","-","-"
"619","J. Milton","J. Milton","QB","NE","14","","injury-status","Final W 16-10 @ CIN","10","541.4","4","17","-","-","-","-","-","17","30","190","1"
"620","D. Johnson","D. Johnson","RB","JAX","8","","injury-status","Final L 17-20 @ MIA","10","999.0","15","63","-","3","-","23","-","-","-","-","-"
"621","K. Allen","K. Allen","QB","PIT","5","","injury-status","Final W 18-10 @ ATL","10","385.0","2","10","-","-","-","-","-","14","22","149","1"
"622","B. Allen","B. Allen","QB","SF","14","","injury-status","Final W 32-19 vs NYJ","10","402.8","2","10","-","-","-","-","-","14","22","149","1"
"623","S. Clifford","S. Clifford","QB","GB","5","","injury-status","Final L 29-34 @ PHI","10","999.0","2","8","-","-","-","-","-","15","22","154","1"
"624","M. White","M. White","QB","BUF","7","","injury-status","Final W 34-28 vs ARI","10","647.5","1","7","-","-","-","-","-","15","22","155","1"
"625","B. Zappe","B. Zappe","QB","CLE","9","","injury-status","Final L 17-33 vs DAL","10","999.0","4","11","-","-","-","-","-","13","22","140","1"
"626","C. Beathard","C. Beathard","QB","JAX","8","","injury-status","Final L 17-20 @ MIA","10","999.0","3","11","-","-","-","-","-","13","21","140","1"
"627","P. Ricard","P. Ricard","RB","BAL","7","Ques","injury-status questionable","Final L 20-27 @ KC","10","650.5","1","2","-","4","-","15","1","-","-","-","-"
"628","C. Heyward","C. Heyward","TE","PIT","5","","injury-status","Final W 18-10 @ ATL","10","999.0","-","-","-","6","-","66","-","-","-","-","-"
"629","I. Thomas","I. Thomas","TE","CAR","14","","injury-status","Final L 10-47 @ NO","10","999.0","-","-","-","6","-","66","-","-","-","-","-"
"630","B. Gabbert","B. Gabbert","QB","","","","injury-status","BYE","10","486.0","3","13","-","-","-","-","-","12","22","132","1"
"631","M. Davis","M. Davis","RB","DAL","10","","injury-status","Final W 33-17 @ CLE","9","999.0","13","55","-","3","-","23","-","-","-","-","-"
"632","T. Wallace","T. Wallace","WR","BAL","7","","injury-status","Final L 20-27 @ KC","9","999.0","1","4","-","5","-","64","-","-","-","-","-"
"633","T. Marshall","T. Marshall","WR","LV","8","","injury-status","Final L 10-22 @ LAC","9","999.0","1","4","-","5","-","64","-","-","-","-","-"
"634","S. Miller","S. Miller","WR","PIT","5","","injury-status","Final W 18-10 @ ATL","9","480.5","1","4","-","5","-","64","-","-","-","-","-"
"635","J. Chestnut","J. Chestnut","RB","TEN","10","","injury-status","Final L 17-24 @ CHI","9","999.0","13","53","-","3","-","22","-","-","-","-","-"
"636","S. Bennett","S. Bennett","QB","LAR","8","","injury-status","Final L 20-26 @ DET","9","631.0","3","13","-","-","-","-","-","8","13","92","1"
"637","S. Hartman","S. Hartman","QB","WAS","12","","injury-status","Final L 20-37 @ TB","9","999.0","2","7","-","-","-","-","-","9","15","100","1"
"638","D. Byrd","D. Byrd","WR","","","","injury-status","BYE","9","999.0","1","4","-","4","-","61","-","-","-","-","-"
"639","R. Cracraft","R. Cracraft","WR","MIA","12","","injury-status","Final W 20-17 vs JAX","9","999.0","-","-","-","6","-","55","-","-","-","-","-"
"640","D. Eskridge","D. Eskridge","WR","MIA","12","Ques","injury-status questionable","Final W 20-17 vs JAX","8","999.0","1","6","-","4","-","56","-","-","-","-","-"
"641","C. McCoy","C. McCoy","QB","","","","injury-status","BYE","8","468.0","2","8","-","-","-","-","-","8","13","85","1"
"642","D. Duvernay","D. Duvernay","WR","JAX","8","","injury-status","Final L 17-20 @ MIA","8","573.7","2","10","-","4","-","51","-","-","-","-","-"
"643","T. McKee","T. McKee","QB","PHI","9","Ques","injury-status questionable","Final W 34-29 vs GB","8","999.0","2","8","-","-","-","-","-","7","12","80","1"
"644","J. McAtamney","J. McAtamney","K","NYG","14","","injury-status","Final L 6-28 vs MIN","8","667.0","-","-","-","-","-","-","-","-","-","-","-"
"645","C. Thompson","C. Thompson","WR","TB","9","","injury-status","Final W 37-20 vs WAS","8","999.0","-","-","-","4","-","59","-","-","-","-","-"
"646","S. Ehlinger","S. Ehlinger","QB","IND","11","","injury-status","Final L 27-29 vs HOU","8","618.4","2","8","-","-","-","-","-","7","12","76","1"
"647","C. Kolar","C. Kolar","TE","BAL","7","","injury-status","Final L 20-27 @ KC","8","695.0","-","-","-","5","-","51","-","-","-","-","-"
"648","J. Bates","J. Bates","TE","WAS","12","","injury-status","Final L 20-37 @ TB","8","999.0","-","-","-","5","-","51","-","-","-","-","-"
"649","J. Deguara","J. Deguara","TE","JAX","8","","injury-status","Final L 17-20 @ MIA","8","999.0","-","-","-","5","-","51","-","-","-","-","-"
"650","T. Williams","T. Williams","RB","CIN","10","","injury-status","Final L 10-16 vs NE","8","999.0","10","41","-","3","-","20","-","-","-","-","-"
"651","J. Patterson","J. Patterson","RB","LAC","12","Ques","injury-status questionable","Final W 22-10 vs LV","8","589.4","12","50","-","2","-","15","-","-","-","-","-"
"652","H. Long","H. Long","TE","LAR","8","","injury-status","Final L 20-26 @ DET","8","999.0","-","-","-","6","-","45","-","-","-","-","-"
"653","E. Bailey","E. Bailey","RB","CAR","14","","injury-status","Final L 10-47 @ NO","8","999.0","11","47","-","2","-","18","-","-","-","-","-"
"654","K. McIntosh","K. McIntosh","RB","SEA","8","IR","injury-status ir","Final W 26-20 vs DEN","8","376.0","12","50","-","2","-","15","-","-","-","-","-"
"655","P. Invalid","P. Invalid","RB","","","","injury-status","BYE","7","611.0","13","53","-","2","-","11","-","-","-","-","-"
"656","C. Huntley","C. Huntley","RB","","","","injury-status","BYE","7","631.0","11","46","-","2","-","15","-","-","-","-","-"
"657","X. Smith","X. Smith","WR","LAR","8","","injury-status","Final L 20-26 @ DET","7","999.0","1","8","-","6","-","33","-","-","-","-","-"
"658","I. Abanikanda","I. Abanikanda","RB","SF","14","","injury-status","Final W 32-19 vs NYJ","7","999.0","11","46","-","2","-","14","-","-","-","-","-"
"659","K. Nwangwu","K. Nwangwu","RB","NYJ","9","","injury-status","Final L 19-32 @ SF","7","670.0","12","49","-","2","-","11","-","-","-","-","-"
"660","H. Haskins","H. Haskins","RB","LAC","12","","injury-status","Final W 22-10 vs LV","7","522.0","11","46","-","2","-","11","-","-","-","-","-"
"661","T. Smith","T. Smith","WR","","","","injury-status","BYE","7","999.0","-","-","-","4","-","45","-","-","-","-","-"
"662","B. Covey","B. Covey","WR","PHI","9","","injury-status","Final W 34-29 vs GB","6","999.0","-","-","-","4","-","41","-","-","-","-","-"
"663","J. Jackson","J. Jackson","WR","TEN","10","","injury-status","Final L 17-24 @ CHI","6","999.0","-","-","-","4","-","41","-","-","-","-","-"
"664","K. Philips","K. Philips","WR","PHI","9","","injury-status","Final W 34-29 vs GB","6","999.0","-","1","-","4","-","40","-","-","-","-","-"
"665","J. Jefferson","J. Jefferson","RB","DET","8","","injury-status","Final W 26-20 vs LAR","6","999.0","13","41","-","2","-","9","-","-","-","-","-"
"666","K. Robinson","K. Robinson","RB","JAX","8","","injury-status","Final L 17-20 @ MIA","6","641.5","8","33","-","2","-","15","-","-","-","-","-"
"667","B. Pringle","B. Pringle","WR","","","","injury-status","BYE","5","999.0","-","2","-","3","-","35","-","-","-","-","-"
"668","K. Ingram","K. Ingram","RB","KC","10","IR","injury-status ir","Final W 27-20 vs BAL","5","698.4","7","30","-","2","-","10","-","-","-","-","-"
"669","E. Dotson","E. Dotson","RB","ATL","5","","injury-status","Final L 10-18 vs PIT","5","999.0","6","24","-","2","-","15","-","-","-","-","-"
"670","D. Thompson-Robinson","D. Thompson-Robinson","QB","CLE","9","","injury-status","Final L 17-33 vs DAL","5","635.6","3","13","-","-","-","-","-","8","13","87","-"
"671","M. Gaskin","M. Gaskin","RB","JAX","8","","injury-status","Final L 17-20 @ MIA","5","471.9","7","26","-","2","-","11","-","-","-","-","-"
"672","Z. Evans","Z. Evans","RB","NYJ","9","","injury-status","Final L 19-32 @ SF","5","999.0","8","32","-","1","-","9","-","-","-","-","-"
"673","V. Jones","V. Jones","WR","CAR","14","","injury-status","Final L 10-47 @ NO","5","580.5","1","6","-","2","-","30","-","-","-","-","-"
"674","L. Perine","L. Perine","RB","","","","injury-status","BYE","5","321.0","7","25","-","2","-","11","-","-","-","-","-"
"675","G. Holani","G. Holani","RB","SEA","8","","injury-status","Final W 26-20 vs DEN","4","999.0","8","31","-","1","-","5","-","-","-","-","-"
"676","T. Siemian","T. Siemian","QB","TEN","10","","injury-status","Final L 17-24 @ CHI","4","999.0","1","4","-","-","-","-","-","9","14","92","-"
"677","D. Carter","D. Carter","WR","CHI","5","","injury-status","Final W 24-17 vs TEN","4","999.0","1","6","-","2","-","21","-","-","-","-","-"
"678","K. Abram","K. Abram","WR","","","","injury-status","BYE","3","439.0","-","-","-","2","-","22","-","-","-","-","-"
"679","C. Schrader","C. Schrader","RB","LAR","8","","injury-status","Final L 20-26 @ DET","3","604.0","5","23","-","1","-","2","-","-","-","-","-"
"680","B. Bolden","B. Bolden","RB","","","","injury-status","BYE","3","999.0","4","17","-","1","-","6","-","-","-","-","-"
"681","D. Chisena","D. Chisena","WR","CAR","14","Ques","injury-status questionable","Final L 10-47 @ NO","3","637.0","-","-","-","2","-","17","-","-","-","-","-"
"682","D. Leary","D. Leary","QB","BAL","7","","injury-status","Final L 20-27 @ KC","3","999.0","-","-","-","-","-","-","-","6","10","65","-"
"683","T. Davis-Price","T. Davis-Price","RB","PHI","9","","injury-status","Final W 34-29 vs GB","3","999.0","4","17","-","1","-","3","-","-","-","-","-"
"684","J. Kelly","J. Kelly","RB","CLE","9","","injury-status","Final L 17-33 vs DAL","2","999.0","4","15","-","1","-","3","-","-","-","-","-"
"685","T. Davis","T. Davis","K","","","","injury-status","BYE","-","697.0","-","-","-","-","-","-","-","-","-","-","-"
"686","B. Miller","B. Miller","RB","","","","injury-status","BYE","-","999.0","-","-","-","-","-","-","-","-","-","-","-"
"687","C. Johnson","C. Johnson","WR","","","","injury-status","BYE","-","999.0","-","-","-","-","-","-","-","-","-","-","-"
"688","A. Sherman","A. Sherman","RB","","","","injury-status","BYE","-","681.7","-","-","-","-","-","-","-","-","-","-","-"
"689","L. Kendricks","L. Kendricks","TE","","","","injury-status","BYE","-","479.2","-","-","-","-","-","-","-","-","-","-","-"
"690","L. Stocker","L. Stocker","TE","","","","injury-status","BYE","-","497.5","-","-","-","-","-","-","-","-","-","-","-"
"691","M. Ingram","M. Ingram","RB","","","","injury-status","BYE","-","288.0","-","-","-","-","-","-","-","-","-","-","-"
"692","C. Newton","C. Newton","QB","","","","injury-status","BYE","-","438.0","-","-","-","-","-","-","-","-","-","-","-"
"693","L. Nichols","L. Nichols","RB","","","","injury-status","BYE","-","674.0","-","-","-","-","-","-","-","-","-","-","-"
"694","T. Swen","T. Swen","RB","","","","injury-status","BYE","-","650.0","-","-","-","-","-","-","-","-","-","-","-"
"695","J. Copeland","J. Copeland","WR","","","","injury-status","BYE","-","999.0","-","-","-","-","-","-","-","-","-","-","-"
"696","B. Ford-Wheaton","B. Ford-Wheaton","WR","NYG","14","IR","injury-status ir","Final L 6-28 vs MIN","-","554.0","-","-","-","-","-","-","-","-","-","-","-"
"697","J. Haselwood","J. Haselwood","WR","","","","injury-status","BYE","-","593.0","-","-","-","-","-","-","-","-","-","-","-"
"698","S. James","S. James","WR","","","","injury-status","BYE","-","999.0","-","-","-","-","-","-","-","-","-","-","-"
"699","T. Scott","T. Scott","WR","","","","injury-status","BYE","-","999.0","-","-","-","-","-","-","-","-","-","-","-"
"700","J. Shorter","J. Shorter","WR","LV","8","","injury-status","Final L 10-22 @ LAC","-","999.0","-","-","-","-","-","-","-","-","-","-","-"
"701","Z. Kuntz","Z. Kuntz","TE","NYJ","9","","injury-status","Final L 19-32 @ SF","-","621.0","-","-","-","-","-","-","-","-","-","-","-"
"702","K. Rudolph","K. Rudolph","TE","","","","injury-status","BYE","-","487.5","-","-","-","-","-","-","-","-","-","-","-"
"703","T. Evans","T. Evans","RB","","","","injury-status","BYE","-","389.0","-","-","-","-","-","-","-","-","-","-","-"
"704","D. Harris","D. Harris","WR","","","Ques","injury-status questionable","BYE","-","634.8","-","-","-","-","-","-","-","-","-","-","-"
"705","D. Bailey","D. Bailey","K","","","","injury-status","BYE","-","700.0","-","-","-","-","-","-","-","-","-","-","-"
"706","N. Rourke","N. Rourke","QB","","","","injury-status","BYE","-","324.0","-","-","-","-","-","-","-","-","-","-","-"
"707","P. White","P. White","K","","","","injury-status","BYE","-","999.0","-","-","-","-","-","-","-","-","-","-","-"
"708","C. Ratkovich","C. Ratkovich","RB","","","","injury-status","BYE","-","601.5","-","-","-","-","-","-","-","-","-","-","-"
"709","L. Havrisik","L. Havrisik","K","","","","injury-status","BYE","-","999.0","-","-","-","-","-","-","-","-","-","-","-"
"710","J. Ali","J. Ali","WR","","","","injury-status","BYE","-","628.5","-","-","-","-","-","-","-","-","-","-","-"
"711","D. Baldwin","D. Baldwin","WR","","","","injury-status","BYE","-","999.0","-","-","-","-","-","-","-","-","-","-","-"
"712","T. Odukoya","T. Odukoya","TE","TEN","10","","injury-status","Final L 17-24 @ CHI","-","690.0","-","-","-","-","-","-","-","-","-","-","-"
"713","M. Alexander","M. Alexander","WR","DET","8","","injury-status","Final W 26-20 vs LAR","-","999.0","-","-","-","-","-","-","-","-","-","-","-"
"714","D. Plitt","D. Plitt","QB","","","","injury-status","BYE","-","607.0","-","-","-","-","-","-","-","-","-","-","-"
"715","B. Lewis","B. Lewis","WR","","","","injury-status","BYE","-","547.0","-","-","-","-","-","-","-","-","-","-","-"
"716","T. Koontz","T. Koontz","TE","","","","injury-status","BYE","-","999.0","-","-","-","-","-","-","-","-","-","-","-"
"717","C. Henne","C. Henne","QB","","","","injury-status","BYE","-","531.8","-","-","-","-","-","-","-","-","-","-","-"
"718","N. Sciba","N. Sciba","K","","","","injury-status","BYE","-","999.0","-","-","-","-","-","-","-","-","-","-","-"
"719","K. Wheatfall","K. Wheatfall","WR","","","","injury-status","BYE","-","397.0","-","-","-","-","-","-","-","-","-","-","-"
"720","R. McDaniel","R. McDaniel","WR","","","","injury-status","BYE","-","684.5","-","-","-","-","-","-","-","-","-","-","-"
"721","N. Bohannon","N. Bohannon","TE","","","","injury-status","BYE","-","999.0","-","-","-","-","-","-","-","-","-","-","-"
"722","K. Brown","K. Brown","WR","","","","injury-status","BYE","-","999.0","-","-","-","-","-","-","-","-","-","-","-"
"723","J. Howland","J. Howland","TE","","","","injury-status","BYE","-","467.5","-","-","-","-","-","-","-","-","-","-","-"
"724","W. Johnson","W. Johnson","WR","","","Ques","injury-status questionable","BYE","-","417.0","-","-","-","-","-","-","-","-","-","-","-"
"725","J. Scott","J. Scott","TE","","","","injury-status","BYE","-","450.0","-","-","-","-","-","-","-","-","-","-","-"
"726","K. Kassis","K. Kassis","WR","","","","injury-status","BYE","-","421.0","-","-","-","-","-","-","-","-","-","-","-"
"727","B. Beise","B. Beise","TE","","","","injury-status","BYE","-","472.0","-","-","-","-","-","-","-","-","-","-","-"
"728","K. Geiger","K. Geiger","WR","","","","injury-status","BYE","-","422.0","-","-","-","-","-","-","-","-","-","-","-"
"729","I. Charles","I. Charles","WR","NYJ","9","PUP","injury-status pup","Final L 19-32 @ SF","-","999.0","-","-","-","-","-","-","-","-","-","-","-"
"730","T. Jones","T. Jones","RB","","","","injury-status","BYE","-","999.0","-","-","-","-","-","-","-","-","-","-","-"
"731","T. Conner","T. Conner","TE","MIA","12","","injury-status","Final W 20-17 vs JAX","-","999.0","-","-","-","-","-","-","-","-","-","-","-"
"732","C. Fotheringham","C. Fotheringham","TE","","","","injury-status","BYE","-","999.0","-","-","-","-","-","-","-","-","-","-","-"
"733","E. Fernea","E. Fernea","WR","","","","injury-status","BYE","-","999.0","-","-","-","-","-","-","-","-","-","-","-"
"734","M. Young","M. Young","WR","","","","injury-status","BYE","-","307.0","-","-","-","-","-","-","-","-","-","-","-"
"735","K. Crawford","K. Crawford","WR","","","Ques","injury-status questionable","BYE","-","438.0","-","-","-","-","-","-","-","-","-","-","-"
"736","S. Nacua","S. Nacua","WR","","","","injury-status","BYE","-","999.0","-","-","-","-","-","-","-","-","-","-","-"
"737","T. Hairston","T. Hairston","RB","HOU","6","","injury-status","Final W 29-27 @ IND","-","501.5","-","-","-","-","-","-","-","-","-","-","-"
"738","N. Givan","N. Givan","TE","","","","injury-status","BYE","-","464.0","-","-","-","-","-","-","-","-","-","-","-"
"739","A. Turner","A. Turner","WR","","","","injury-status","BYE","-","462.0","-","-","-","-","-","-","-","-","-","-","-"
"740","J. Garibay","J. Garibay","K","","","","injury-status","BYE","-","366.0","-","-","-","-","-","-","-","-","-","-","-"
"741","D. Houston","D. Houston","WR","TB","9","","injury-status","Final W 37-20 vs WAS","-","676.1","-","-","-","-","-","-","-","-","-","-","-"
"742","Z. Mitchell-Paden","Z. Mitchell-Paden","TE","BAL","7","","injury-status","Final L 20-27 @ KC","-","999.0","-","-","-","-","-","-","-","-","-","-","-"
"743","F. Harper","F. Harper","QB","","","","injury-status","BYE","-","499.0","-","-","-","-","-","-","-","-","-","-","-"
"744","K. Pryor","K. Pryor","WR","CIN","10","","injury-status","Final L 10-16 vs NE","-","477.0","-","-","-","-","-","-","-","-","-","-","-"
"745","J. Rigg","J. Rigg","TE","","","","injury-status","BYE","-","999.0","-","-","-","-","-","-","-","-","-","-","-"
"746","A. Mevis","A. Mevis","K","","","","injury-status","BYE","-","700.0","-","-","-","-","-","-","-","-","-","-","-"
"747","M. Williams","M. Williams","WR","","","","injury-status","BYE","-","492.0","-","-","-","-","-","-","-","-","-","-","-"
"748","J. Bist","J. Bist","TE","","","","injury-status","BYE","-","534.0","-","-","-","-","-","-","-","-","-","-","-"
"749","D. Miller","D. Miller","TE","","","","injury-status","BYE","-","503.0","-","-","-","-","-","-","-","-","-","-","-"
"750","R. Williams","R. Williams","TE","","","","injury-status","BYE","-","999.0","-","-","-","-","-","-","-","-","-","-","-"
"751","K. Davis","K. Davis","WR","CLE","9","","injury-status","Final L 17-33 vs DAL","-","999.0","-","-","-","-","-","-","-","-","-","-","-"
"752","D. Parham","D. Parham","TE","","","","injury-status","BYE","-","535.0","-","-","-","-","-","-","-","-","-","-","-"
"753","R. Carter","R. Carter","TE","","","","injury-status","BYE","-","999.0","-","-","-","-","-","-","-","-","-","-","-"
"754","L. McCutcheon","L. McCutcheon","WR","","","","injury-status","BYE","-","504.0","-","-","-","-","-","-","-","-","-","-","-"
"755","J. Pettigrew","J. Pettigrew","TE","","","","injury-status","BYE","-","999.0","-","-","-","-","-","-","-","-","-","-","-"
"756","R. Webb","R. Webb","WR","","","","injury-status","BYE","-","999.0","-","-","-","-","-","-","-","-","-","-","-"
"757","S. Bridges","S. Bridges","WR","","","","injury-status","BYE","-","539.0","-","-","-","-","-","-","-","-","-","-","-"
"758","D. Tuggle","D. Tuggle","RB","","","","injury-status","BYE","-","353.0","-","-","-","-","-","-","-","-","-","-","-"
"759","T. Fleet-Davis","T. Fleet-Davis","RB","","","","injury-status","BYE","-","440.0","-","-","-","-","-","-","-","-","-","-","-"
"760","K. Oginni","K. Oginni","TE","","","","injury-status","BYE","-","549.0","-","-","-","-","-","-","-","-","-","-","-"
"761","L. Lenoir","L. Lenoir","WR","","","","injury-status","BYE","-","999.0","-","-","-","-","-","-","-","-","-","-","-"
"762","S. Scarver","S. Scarver","WR","","","","injury-status","BYE","-","999.0","-","-","-","-","-","-","-","-","-","-","-"
"763","C. Holder","C. Holder","WR","","","","injury-status","BYE","-","999.0","-","-","-","-","-","-","-","-","-","-","-"
"764","J. Tonges","J. Tonges","TE","SF","14","","injury-status","Final W 32-19 vs NYJ","-","547.0","-","-","-","-","-","-","-","-","-","-","-"
"765","K. Shaa","K. Shaa","WR","","","","injury-status","BYE","-","548.0","-","-","-","-","-","-","-","-","-","-","-"
"766","H. Litwin","H. Litwin","WR","","","","injury-status","BYE","-","574.0","-","-","-","-","-","-","-","-","-","-","-"
"767","J. Herslow","J. Herslow","WR","","","","injury-status","BYE","-","999.0","-","-","-","-","-","-","-","-","-","-","-"
"768","J. Mitchell","J. Mitchell","TE","","","","injury-status","BYE","-","646.3","-","-","-","-","-","-","-","-","-","-","-"
"769","V. Green","V. Green","TE","","","Ques","injury-status questionable","BYE","-","592.0","-","-","-","-","-","-","-","-","-","-","-"
"770","A. Rogers","A. Rogers","TE","ATL","5","Ques","injury-status questionable","Final L 10-18 vs PIT","-","999.0","-","-","-","-","-","-","-","-","-","-","-"
"771","J. Bernhardt","J. Bernhardt","WR","","","","injury-status","BYE","-","556.0","-","-","-","-","-","-","-","-","-","-","-"
"772","L. Watson","L. Watson","TE","MIN","6","","injury-status","Final W 28-6 @ NYG","-","691.3","-","-","-","-","-","-","-","-","-","-","-"
"773","T. James","T. James","WR","","","","injury-status","BYE","-","999.0","-","-","-","-","-","-","-","-","-","-","-"
"774","L. Winningham","L. Winningham","WR","","","","injury-status","BYE","-","540.0","-","-","-","-","-","-","-","-","-","-","-"
"775","G. Gunter","G. Gunter","TE","","","","injury-status","BYE","-","557.4","-","-","-","-","-","-","-","-","-","-","-"
"776","C. Pierce","C. Pierce","TE","","","","injury-status","BYE","-","999.0","-","-","-","-","-","-","-","-","-","-","-"
"777","S. Robinson","S. Robinson","WR","","","","injury-status","BYE","-","557.0","-","-","-","-","-","-","-","-","-","-","-"
"778","J. Payton","J. Payton","WR","","","","injury-status","BYE","-","550.0","-","-","-","-","-","-","-","-","-","-","-"
"779","J. Kirklin","J. Kirklin","WR","","","","injury-status","BYE","-","999.0","-","-","-","-","-","-","-","-","-","-","-"
"780","C. Hodge","C. Hodge","WR","","","","injury-status","BYE","-","999.0","-","-","-","-","-","-","-","-","-","-","-"
"781","G. Walston","G. Walston","TE","","","","injury-status","BYE","-","999.0","-","-","-","-","-","-","-","-","-","-","-"
"782","T. Mack","T. Mack","WR","","","","injury-status","BYE","-","419.0","-","-","-","-","-","-","-","-","-","-","-"
"783","D. Davis","D. Davis","WR","","","","injury-status","BYE","-","586.0","-","-","-","-","-","-","-","-","-","-","-"
"784","K. McGowan","K. McGowan","WR","","","","injury-status","BYE","-","999.0","-","-","-","-","-","-","-","-","-","-","-"
"785","M. Santos-Silva","M. Santos-Silva","TE","","","","injury-status","BYE","-","999.0","-","-","-","-","-","-","-","-","-","-","-"
"786","T. Bradford","T. Bradford","WR","","","","injury-status","BYE","-","999.0","-","-","-","-","-","-","-","-","-","-","-"
"787","B. Peters","B. Peters","QB","","","","injury-status","BYE","-","591.0","-","-","-","-","-","-","-","-","-","-","-"
"788","J. McCourt","J. McCourt","K","","","","injury-status","BYE","-","405.7","-","-","-","-","-","-","-","-","-","-","-"
"789","E. Krommenhoek","E. Krommenhoek","TE","","","","injury-status","BYE","-","338.0","-","-","-","-","-","-","-","-","-","-","-"
"790","T. Limi-Jones","T. Limi-Jones","WR","","","","injury-status","BYE","-","641.0","-","-","-","-","-","-","-","-","-","-","-"
"791","A. Parchment","A. Parchment","WR","","","Ques","injury-status questionable","BYE","-","594.0","-","-","-","-","-","-","-","-","-","-","-"
"792","R. Henry","R. Henry","WR","","","Ques","injury-status questionable","BYE","-","620.0","-","-","-","-","-","-","-","-","-","-","-"
"793","D. Wright","D. Wright","WR","","","Ques","injury-status questionable","BYE","-","588.0","-","-","-","-","-","-","-","-","-","-","-"
"794","J. Lovett","J. Lovett","RB","","","","injury-status","BYE","-","999.0","-","-","-","-","-","-","-","-","-","-","-"
"795","D. Cheek","D. Cheek","QB","","","","injury-status","BYE","-","277.0","-","-","-","-","-","-","-","-","-","-","-"
"796","J. Babicz","J. Babicz","TE","","","","injury-status","BYE","-","604.1","-","-","-","-","-","-","-","-","-","-","-"
"797","T. Ford","T. Ford","QB","","","","injury-status","BYE","-","999.0","-","-","-","-","-","-","-","-","-","-","-"
"798","T. Clark","T. Clark","WR","","","","injury-status","BYE","-","668.0","-","-","-","-","-","-","-","-","-","-","-"
"799","D. Estrada","D. Estrada","WR","","","Ques","injury-status questionable","BYE","-","616.0","-","-","-","-","-","-","-","-","-","-","-"
"800","S. Green","S. Green","TE","","","","injury-status","BYE","-","999.0","-","-","-","-","-","-","-","-","-","-","-"
"801","C. Shudak","C. Shudak","K","","","","injury-status","BYE","-","700.0","-","-","-","-","-","-","-","-","-","-","-"
"802","D. Young","D. Young","WR","SEA","8","","injury-status","Final W 26-20 vs DEN","-","999.0","-","-","-","-","-","-","-","-","-","-","-"
"803","N. Muse","N. Muse","TE","MIN","6","","injury-status","Final W 28-6 @ NYG","-","628.8","-","-","-","-","-","-","-","-","-","-","-"
"804","J. FitzPatrick","J. FitzPatrick","TE","GB","5","","injury-status","Final L 29-34 @ PHI","-","609.8","-","-","-","-","-","-","-","-","-","-","-"
"805","K. Kieft","K. Kieft","TE","TB","9","","injury-status","Final W 37-20 vs WAS","-","999.0","-","-","-","-","-","-","-","-","-","-","-"
"806","M. Washington","M. Washington","WR","","","","injury-status","BYE","-","501.3","-","-","-","-","-","-","-","-","-","-","-"
"807","J. Guarantano","J. Guarantano","QB","","","","injury-status","BYE","-","999.0","-","-","-","-","-","-","-","-","-","-","-"
"808","J. Hall","J. Hall","WR","","","","injury-status","BYE","-","651.0","-","-","-","-","-","-","-","-","-","-","-"
"809","D. Robertson","D. Robertson","WR","","","","injury-status","BYE","-","639.0","-","-","-","-","-","-","-","-","-","-","-"
"810","C. Sutton","C. Sutton","WR","","","","injury-status","BYE","-","999.0","-","-","-","-","-","-","-","-","-","-","-"
"811","T. Hennigan","T. Hennigan","WR","","","","injury-status","BYE","-","678.6","-","-","-","-","-","-","-","-","-","-","-"
"812","N. Pau'u","N. Pau'u","WR","","","","injury-status","BYE","-","999.0","-","-","-","-","-","-","-","-","-","-","-"
"813","K. Lassiter","K. Lassiter","WR","","","","injury-status","BYE","-","999.0","-","-","-","-","-","-","-","-","-","-","-"
"814","C. Brewer","C. Brewer","TE","","","","injury-status","BYE","-","523.9","-","-","-","-","-","-","-","-","-","-","-"
"815","C. Garbers","C. Garbers","QB","","","","injury-status","BYE","-","595.0","-","-","-","-","-","-","-","-","-","-","-"
"816","L. Lewis","L. Lewis","QB","","","","injury-status","BYE","-","999.0","-","-","-","-","-","-","-","-","-","-","-"
"817","Z. Horvath","Z. Horvath","RB","","","","injury-status","BYE","-","555.0","-","-","-","-","-","-","-","-","-","-","-"
"818","K. Marks","K. Marks","RB","","","","injury-status","BYE","-","999.0","-","-","-","-","-","-","-","-","-","-","-"
"819","B. Brown","B. Brown","RB","SEA","8","","injury-status","Final W 26-20 vs DEN","-","999.0","-","-","-","-","-","-","-","-","-","-","-"
"820","M. Harley","M. Harley","WR","","","","injury-status","BYE","-","999.0","-","-","-","-","-","-","-","-","-","-","-"
"821","J. Sorenson","J. Sorenson","WR","","","","injury-status","BYE","-","999.0","-","-","-","-","-","-","-","-","-","-","-"
"822","S. Berryhill","S. Berryhill","WR","","","","injury-status","BYE","-","999.0","-","-","-","-","-","-","-","-","-","-","-"
"823","J. Smart","J. Smart","WR","","","","injury-status","BYE","-","999.0","-","-","-","-","-","-","-","-","-","-","-"
"824","J. Virgil","J. Virgil","WR","BUF","7","Ques","injury-status questionable","Final W 34-28 vs ARI","-","999.0","-","-","-","-","-","-","-","-","-","-","-"
"825","C. Oladokun","C. Oladokun","QB","KC","10","","injury-status","Final W 27-20 vs BAL","-","560.0","-","-","-","-","-","-","-","-","-","-","-"
"826","D. Allen","D. Allen","WR","","","","injury-status","BYE","-","999.0","-","-","-","-","-","-","-","-","-","-","-"
"827","J. Ezzard","J. Ezzard","WR","","","Ques","injury-status questionable","BYE","-","487.0","-","-","-","-","-","-","-","-","-","-","-"
"828","T. Snead","T. Snead","WR","","","","injury-status","BYE","-","999.0","-","-","-","-","-","-","-","-","-","-","-"
"829","T. Pledger","T. Pledger","RB","","","","injury-status","BYE","-","589.0","-","-","-","-","-","-","-","-","-","-","-"
"830","A. Green","A. Green","WR","","","","injury-status","BYE","-","377.5","-","-","-","-","-","-","-","-","-","-","-"
"831","G. Brkic","G. Brkic","K","","","","injury-status","BYE","-","700.0","-","-","-","-","-","-","-","-","-","-","-"
"832","T. Harris","T. Harris","WR","","","","injury-status","BYE","-","999.0","-","-","-","-","-","-","-","-","-","-","-"
"833","C. Jackson","C. Jackson","WR","","","","injury-status","BYE","-","688.0","-","-","-","-","-","-","-","-","-","-","-"
"834","T. Martin","T. Martin","WR","TEN","10","","injury-status","Final L 17-24 @ CHI","-","999.0","-","-","-","-","-","-","-","-","-","-","-"
"835","K. Pimpleton","K. Pimpleton","WR","","","","injury-status","BYE","-","999.0","-","-","-","-","-","-","-","-","-","-","-"
"836","G. Prince","G. Prince","TE","","","","injury-status","BYE","-","999.0","-","-","-","-","-","-","-","-","-","-","-"
"837","B. Koback","B. Koback","RB","","","","injury-status","BYE","-","573.0","-","-","-","-","-","-","-","-","-","-","-"
"838","D. Deese","D. Deese","TE","","","","injury-status","BYE","-","510.5","-","-","-","-","-","-","-","-","-","-","-"
"839","D. Torrey","D. Torrey","RB","","","","injury-status","BYE","-","676.0","-","-","-","-","-","-","-","-","-","-","-"
"840","S. Jones","S. Jones","RB","","","","injury-status","BYE","-","587.3","-","-","-","-","-","-","-","-","-","-","-"
"841","A. Brown","A. Brown","QB","ARI","8","","injury-status","Final L 28-34 @ BUF","-","999.0","-","-","-","-","-","-","-","-","-","-","-"
"842","B. Baylor","B. Baylor","RB","","","","injury-status","BYE","-","645.0","-","-","-","-","-","-","-","-","-","-","-"
"843","R. Person","R. Person","RB","","","","injury-status","BYE","-","616.0","-","-","-","-","-","-","-","-","-","-","-"
"844","E. Emezie","E. Emezie","WR","","","","injury-status","BYE","-","999.0","-","-","-","-","-","-","-","-","-","-","-"
"845","J. Sterns","J. Sterns","WR","","","","injury-status","BYE","-","999.0","-","-","-","-","-","-","-","-","-","-","-"
"846","S. Toure","S. Toure","WR","CHI","5","","injury-status","Final W 24-17 vs TEN","-","999.0","-","-","-","-","-","-","-","-","-","-","-"
"847","J. Heiligh","J. Heiligh","WR","","","","injury-status","BYE","-","999.0","-","-","-","-","-","-","-","-","-","-","-"
"848","M. Durant","M. Durant","RB","","","","injury-status","BYE","-","526.0","-","-","-","-","-","-","-","-","-","-","-"
"849","J. Roberson","J. Roberson","WR","","","","injury-status","BYE","-","999.0","-","-","-","-","-","-","-","-","-","-","-"
"850","I. Weston","I. Weston","WR","","","","injury-status","BYE","-","999.0","-","-","-","-","-","-","-","-","-","-","-"
"851","T. Quitoriano","T. Quitoriano","TE","HOU","6","","injury-status","Final W 29-27 @ IND","-","999.0","-","-","-","-","-","-","-","-","-","-","-"
"852","G. Bell","G. Bell","RB","","","","injury-status","BYE","-","659.0","-","-","-","-","-","-","-","-","-","-","-"
"853","C. Kelley","C. Kelley","QB","","","","injury-status","BYE","-","999.0","-","-","-","-","-","-","-","-","-","-","-"
"854","J. Johnson","J. Johnson","WR","","","","injury-status","BYE","-","999.0","-","-","-","-","-","-","-","-","-","-","-"
"855","J. Woods","J. Woods","TE","IND","11","","injury-status","Final L 27-29 vs HOU","-","265.5","-","-","-","-","-","-","-","-","-","-","-"
"856","M. Borghi","M. Borghi","RB","","","","injury-status","BYE","-","999.0","-","-","-","-","-","-","-","-","-","-","-"
"857","L. Brown","L. Brown","RB","","","","injury-status","BYE","-","999.0","-","-","-","-","-","-","-","-","-","-","-"
"858","A. Allen","A. Allen","TE","","","","injury-status","BYE","-","999.0","-","-","-","-","-","-","-","-","-","-","-"
"859","D. Dixon","D. Dixon","WR","","","","injury-status","BYE","-","484.5","-","-","-","-","-","-","-","-","-","-","-"
"860","D. Crum","D. Crum","QB","","","","injury-status","BYE","-","651.0","-","-","-","-","-","-","-","-","-","-","-"
"861","M. Polk","M. Polk","WR","","","","injury-status","BYE","-","999.0","-","-","-","-","-","-","-","-","-","-","-"
"862","J. Hall","J. Hall","TE","","","","injury-status","BYE","-","999.0","-","-","-","-","-","-","-","-","-","-","-"
"863","J. Coan","J. Coan","QB","","","","injury-status","BYE","-","999.0","-","-","-","-","-","-","-","-","-","-","-"
"864","D. King","D. King","QB","","","","injury-status","BYE","-","999.0","-","-","-","-","-","-","-","-","-","-","-"
"865","C. Rambo","C. Rambo","WR","","","Ques","injury-status questionable","BYE","-","999.0","-","-","-","-","-","-","-","-","-","-","-"
"866","T. Fryfogle","T. Fryfogle","WR","","","","injury-status","BYE","-","999.0","-","-","-","-","-","-","-","-","-","-","-"
"867","J. Corbin","J. Corbin","RB","","","","injury-status","BYE","-","999.0","-","-","-","-","-","-","-","-","-","-","-"
"868","E. Perry","E. Perry","QB","","","","injury-status","BYE","-","999.0","-","-","-","-","-","-","-","-","-","-","-"
"869","C. Hodges","C. Hodges","TE","","","Ques","injury-status questionable","BYE","-","999.0","-","-","-","-","-","-","-","-","-","-","-"
"870","S. Bolden","S. Bolden","WR","","","","injury-status","BYE","-","999.0","-","-","-","-","-","-","-","-","-","-","-"
"871","A. Smith","A. Smith","RB","","","","injury-status","BYE","-","999.0","-","-","-","-","-","-","-","-","-","-","-"
"872","T. Ebner","T. Ebner","RB","","","Ques","injury-status questionable","BYE","-","999.0","-","-","-","-","-","-","-","-","-","-","-"
"873","C. Verdell","C. Verdell","RB","","","","injury-status","BYE","-","489.8","-","-","-","-","-","-","-","-","-","-","-"
"874","D. Williams","D. Williams","WR","","","","injury-status","BYE","-","999.0","-","-","-","-","-","-","-","-","-","-","-"
"875","J. Johnson","J. Johnson","WR","HOU","6","Ques","injury-status questionable","Final W 29-27 @ IND","-","999.0","-","-","-","-","-","-","-","-","-","-","-"
"876","D. Price","D. Price","RB","","","","injury-status","BYE","-","684.0","-","-","-","-","-","-","-","-","-","-","-"
"877","C. Allen","C. Allen","TE","","","","injury-status","BYE","-","999.0","-","-","-","-","-","-","-","-","-","-","-"
"878","B. Powell","B. Powell","RB","","","","injury-status","BYE","-","999.0","-","-","-","-","-","-","-","-","-","-","-"
"879","S. Conner","S. Conner","RB","","","","injury-status","BYE","-","999.0","-","-","-","-","-","-","-","-","-","-","-"
"880","B. Sanders","B. Sanders","WR","NE","14","","injury-status","Final W 16-10 @ CIN","-","508.8","-","-","-","-","-","-","-","-","-","-","-"
"881","R. Roberson","R. Roberson","WR","","","","injury-status","BYE","-","999.0","-","-","-","-","-","-","-","-","-","-","-"
"882","Z. White","Z. White","RB","","","","injury-status","BYE","-","999.0","-","-","-","-","-","-","-","-","-","-","-"
"883","J. Mitchell","J. Mitchell","TE","DET","8","","injury-status","Final W 26-20 vs LAR","-","999.0","-","-","-","-","-","-","-","-","-","-","-"
"884","T. Turner","T. Turner","WR","","","","injury-status","BYE","-","999.0","-","-","-","-","-","-","-","-","-","-","-"
"885","D. Drummond","D. Drummond","WR","","","","injury-status","BYE","-","999.0","-","-","-","-","-","-","-","-","-","-","-"
"886","M. Corral","M. Corral","QB","","","","injury-status","BYE","-","521.0","-","-","-","-","-","-","-","-","-","-","-"
"887","C. Strong","C. Strong","QB","","","","injury-status","BYE","-","999.0","-","-","-","-","-","-","-","-","-","-","-"
"888","K. Brooks","K. Brooks","RB","","","","injury-status","BYE","-","572.0","-","-","-","-","-","-","-","-","-","-","-"
"889","M. Teague","M. Teague","RB","","","","injury-status","BYE","-","999.0","-","-","-","-","-","-","-","-","-","-","-"
"890","B. Knight","B. Knight","RB","NYJ","9","","injury-status","Final L 19-32 @ SF","-","635.2","-","-","-","-","-","-","-","-","-","-","-"
"891","J. Ealy","J. Ealy","RB","","","","injury-status","BYE","-","999.0","-","-","-","-","-","-","-","-","-","-","-"
"892","L. Smith","L. Smith","TE","ATL","5","","injury-status","Final L 10-18 vs PIT","-","999.0","-","-","-","-","-","-","-","-","-","-","-"
"893","J. Wydermyer","J. Wydermyer","TE","","","","injury-status","BYE","-","999.0","-","-","-","-","-","-","-","-","-","-","-"
"894","E. Ezukanma","E. Ezukanma","WR","MIA","12","","injury-status","Final W 20-17 vs JAX","-","692.0","-","-","-","-","-","-","-","-","-","-","-"
"895","D. Dedmon","D. Dedmon","WR","","","","injury-status","BYE","-","999.0","-","-","-","-","-","-","-","-","-","-","-"
"896","N. Kalinic","N. Kalinic","TE","LAR","8","","injury-status","Final L 20-26 @ DET","-","493.5","-","-","-","-","-","-","-","-","-","-","-"
"897","B. Lenius","B. Lenius","TE","","","","injury-status","BYE","-","344.0","-","-","-","-","-","-","-","-","-","-","-"
"898","R. Willis","R. Willis","QB","","","","injury-status","BYE","-","999.0","-","-","-","-","-","-","-","-","-","-","-"
"899","D. Williams","D. Williams","TE","","","","injury-status","BYE","-","999.0","-","-","-","-","-","-","-","-","-","-","-"
"900","M. Vital","M. Vital","TE","","","","injury-status","BYE","-","999.0","-","-","-","-","-","-","-","-","-","-","-"
"901","G. Adomitis","G. Adomitis","TE","","","","injury-status","BYE","-","999.0","-","-","-","-","-","-","-","-","-","-","-"
"902","M. Jacobson","M. Jacobson","TE","NO","11","","injury-status","Final W 47-10 vs CAR","-","999.0","-","-","-","-","-","-","-","-","-","-","-"
"903","C. Taylor","C. Taylor","RB","","","","injury-status","BYE","-","999.0","-","-","-","-","-","-","-","-","-","-","-"
"904","D. Crawford","D. Crawford","TE","","","","injury-status","BYE","-","591.9","-","-","-","-","-","-","-","-","-","-","-"
"905","S. Cannella","S. Cannella","TE","","","","injury-status","BYE","-","999.0","-","-","-","-","-","-","-","-","-","-","-"
"906","K. Jackson","K. Jackson","TE","MIA","12","","injury-status","Final W 20-17 vs JAX","-","999.0","-","-","-","-","-","-","-","-","-","-","-"
"907","K. Costello","K. Costello","QB","","","","injury-status","BYE","-","498.0","-","-","-","-","-","-","-","-","-","-","-"
"908","M. Sargent","M. Sargent","RB","","","","injury-status","BYE","-","999.0","-","-","-","-","-","-","-","-","-","-","-"
"909","O. Anderson","O. Anderson","RB","","","","injury-status","BYE","-","328.0","-","-","-","-","-","-","-","-","-","-","-"
"910","M. Bandy","M. Bandy","WR","DEN","12","","injury-status","Final L 20-26 @ SEA","-","471.0","-","-","-","-","-","-","-","-","-","-","-"
"911","M. Seybert","M. Seybert","TE","","","","injury-status","BYE","-","999.0","-","-","-","-","-","-","-","-","-","-","-"
"912","T. Toivonen","T. Toivonen","WR","","","","injury-status","BYE","-","999.0","-","-","-","-","-","-","-","-","-","-","-"
"913","C. Saunders","C. Saunders","WR","","","","injury-status","BYE","-","999.0","-","-","-","-","-","-","-","-","-","-","-"
"914","J. Hausmann","J. Hausmann","TE","","","","injury-status","BYE","-","507.0","-","-","-","-","-","-","-","-","-","-","-"
"915","N. McCrary","N. McCrary","RB","","","Ques","injury-status questionable","BYE","-","474.3","-","-","-","-","-","-","-","-","-","-","-"
"916","K. Bahar","K. Bahar","QB","","","","injury-status","BYE","-","999.0","-","-","-","-","-","-","-","-","-","-","-"
"917","J. Verity","J. Verity","K","","","","injury-status","BYE","-","999.0","-","-","-","-","-","-","-","-","-","-","-"
"918","B. Johnson","B. Johnson","K","","","","injury-status","BYE","-","999.0","-","-","-","-","-","-","-","-","-","-","-"
"919","D. Sylencieux","D. Sylencieux","WR","","","Ques","injury-status questionable","BYE","-","999.0","-","-","-","-","-","-","-","-","-","-","-"
"920","J. Johnson","J. Johnson","RB","","","Ques","injury-status questionable","BYE","-","565.4","-","-","-","-","-","-","-","-","-","-","-"
"921","C. Naggar","C. Naggar","K","","","","injury-status","BYE","-","700.0","-","-","-","-","-","-","-","-","-","-","-"
"922","Q. Nordin","Q. Nordin","K","","","Ques","injury-status questionable","BYE","-","999.0","-","-","-","-","-","-","-","-","-","-","-"
"923","J. Blount","J. Blount","TE","","","","injury-status","BYE","-","999.0","-","-","-","-","-","-","-","-","-","-","-"
"924","N. Guggemos","N. Guggemos","TE","","","","injury-status","BYE","-","999.0","-","-","-","-","-","-","-","-","-","-","-"
"925","B. Seikovits","B. Seikovits","TE","ARI","8","","injury-status","Final L 28-34 @ BUF","-","999.0","-","-","-","-","-","-","-","-","-","-","-"
"926","T. Harbison","T. Harbison","RB","","","Ques","injury-status questionable","BYE","-","999.0","-","-","-","-","-","-","-","-","-","-","-"
"927","L. Rice","L. Rice","TE","","","","injury-status","BYE","-","999.0","-","-","-","-","-","-","-","-","-","-","-"
"928","A. Prentice","A. Prentice","RB","NO","11","","injury-status","Final W 47-10 vs CAR","-","999.0","-","-","-","-","-","-","-","-","-","-","-"
"929","B. Mack","B. Mack","WR","","","","injury-status","BYE","-","999.0","-","-","-","-","-","-","-","-","-","-","-"
"930","D. Dukes","D. Dukes","WR","","","","injury-status","BYE","-","999.0","-","-","-","-","-","-","-","-","-","-","-"
"931","S. Beyer","S. Beyer","TE","","","","injury-status","BYE","-","999.0","-","-","-","-","-","-","-","-","-","-","-"
"932","C. Clay","C. Clay","TE","","","","injury-status","BYE","-","999.0","-","-","-","-","-","-","-","-","-","-","-"
"933","J. Imatorbhebhe","J. Imatorbhebhe","WR","","","","injury-status","BYE","-","413.9","-","-","-","-","-","-","-","-","-","-","-"
"934","T. Black","T. Black","WR","MIA","12","","injury-status","Final W 20-17 vs JAX","-","999.0","-","-","-","-","-","-","-","-","-","-","-"
"935","S. Buechele","S. Buechele","QB","BUF","7","","injury-status","Final W 34-28 vs ARI","-","999.0","-","-","-","-","-","-","-","-","-","-","-"
"936","D. Stoner","D. Stoner","WR","","","","injury-status","BYE","-","999.0","-","-","-","-","-","-","-","-","-","-","-"
"937","T. Ragas","T. Ragas","RB","","","Ques","injury-status questionable","BYE","-","999.0","-","-","-","-","-","-","-","-","-","-","-"
"938","M. Bushman","M. Bushman","TE","","","","injury-status","BYE","-","588.7","-","-","-","-","-","-","-","-","-","-","-"
"939","G. Groshek","G. Groshek","RB","","","","injury-status","BYE","-","999.0","-","-","-","-","-","-","-","-","-","-","-"
"940","R. Lees","R. Lees","WR","","","","injury-status","BYE","-","999.0","-","-","-","-","-","-","-","-","-","-","-"
"941","P. Wells","P. Wells","TE","","","","injury-status","BYE","-","599.5","-","-","-","-","-","-","-","-","-","-","-"
"942","C. Hill","C. Hill","QB","","","","injury-status","BYE","-","999.0","-","-","-","-","-","-","-","-","-","-","-"
"943","J. Raine","J. Raine","TE","","","","injury-status","BYE","-","999.0","-","-","-","-","-","-","-","-","-","-","-"
"944","T. Walker","T. Walker","WR","","","","injury-status","BYE","-","349.0","-","-","-","-","-","-","-","-","-","-","-"
"945","T. Poljan","T. Poljan","TE","","","","injury-status","BYE","-","309.0","-","-","-","-","-","-","-","-","-","-","-"
"946","J. Borregales","J. Borregales","K","","","","injury-status","BYE","-","999.0","-","-","-","-","-","-","-","-","-","-","-"
"947","T. Simmons","T. Simmons","WR","","","","injury-status","BYE","-","999.0","-","-","-","-","-","-","-","-","-","-","-"
"948","C. Johnson","C. Johnson","WR","","","","injury-status","BYE","-","999.0","-","-","-","-","-","-","-","-","-","-","-"
"949","C. Wedington","C. Wedington","WR","","","","injury-status","BYE","-","999.0","-","-","-","-","-","-","-","-","-","-","-"
"950","B. Emmons","B. Emmons","RB","","","","injury-status","BYE","-","664.0","-","-","-","-","-","-","-","-","-","-","-"
"951","T. Grimes","T. Grimes","WR","","","Ques","injury-status questionable","BYE","-","999.0","-","-","-","-","-","-","-","-","-","-","-"
"952","M. Strachan","M. Strachan","WR","","","","injury-status","BYE","-","999.0","-","-","-","-","-","-","-","-","-","-","-"
"953","Z. Davidson","Z. Davidson","TE","BUF","7","","injury-status","Final W 34-28 vs ARI","-","589.2","-","-","-","-","-","-","-","-","-","-","-"
"954","N. Ralston","N. Ralston","RB","","","","injury-status","BYE","-","999.0","-","-","-","-","-","-","-","-","-","-","-"
"955","H. Kampmoyer","H. Kampmoyer","TE","","","","injury-status","BYE","-","999.0","-","-","-","-","-","-","-","-","-","-","-"
"956","E. Stove","E. Stove","WR","","","","injury-status","BYE","-","404.7","-","-","-","-","-","-","-","-","-","-","-"
"957","A. Kessman","A. Kessman","K","CAR","14","","injury-status","Final L 10-47 @ NO","-","308.0","-","-","-","-","-","-","-","-","-","-","-"
"958","C. Tucker","C. Tucker","TE","","","","injury-status","BYE","-","623.8","-","-","-","-","-","-","-","-","-","-","-"
"959","A. Rose","A. Rose","RB","","","","injury-status","BYE","-","999.0","-","-","-","-","-","-","-","-","-","-","-"
"960","L. Akers","L. Akers","WR","","","","injury-status","BYE","-","999.0","-","-","-","-","-","-","-","-","-","-","-"
"961","D. Soehner","D. Soehner","TE","","","Ques","injury-status questionable","BYE","-","999.0","-","-","-","-","-","-","-","-","-","-","-"
"962","S. Scott","S. Scott","RB","","","","injury-status","BYE","-","529.5","-","-","-","-","-","-","-","-","-","-","-"
"963","B. Moore","B. Moore","TE","","","","injury-status","BYE","-","691.3","-","-","-","-","-","-","-","-","-","-","-"
"964","R. Bussey","R. Bussey","WR","","","","injury-status","BYE","-","443.5","-","-","-","-","-","-","-","-","-","-","-"
"965","I. McKoy","I. McKoy","WR","","","","injury-status","BYE","-","999.0","-","-","-","-","-","-","-","-","-","-","-"
"966","R. Rivers","R. Rivers","QB","","","","injury-status","BYE","-","476.2","-","-","-","-","-","-","-","-","-","-","-"
"967","D. Mills","D. Mills","RB","","","","injury-status","BYE","-","999.0","-","-","-","-","-","-","-","-","-","-","-"
"968","J. McKinley","J. McKinley","WR","","","","injury-status","BYE","-","999.0","-","-","-","-","-","-","-","-","-","-","-"
"969","B. Gaither","B. Gaither","WR","","","","injury-status","BYE","-","999.0","-","-","-","-","-","-","-","-","-","-","-"
"970","D. Lewis","D. Lewis","RB","","","","injury-status","BYE","-","999.0","-","-","-","-","-","-","-","-","-","-","-"
"971","J. Haydel","J. Haydel","WR","","","","injury-status","BYE","-","999.0","-","-","-","-","-","-","-","-","-","-","-"
"972","M. Stokke","M. Stokke","RB","CAR","14","","injury-status","Final L 10-47 @ NO","-","999.0","-","-","-","-","-","-","-","-","-","-","-"
"973","S. Brown","S. Brown","RB","","","","injury-status","BYE","-","999.0","-","-","-","-","-","-","-","-","-","-","-"
"974","B. Smith","B. Smith","WR","NYJ","9","","injury-status","Final L 19-32 @ SF","-","624.0","-","-","-","-","-","-","-","-","-","-","-"
"975","A. Lynn","A. Lynn","TE","","","","injury-status","BYE","-","999.0","-","-","-","-","-","-","-","-","-","-","-"
"976","J. Hardy","J. Hardy","RB","","","","injury-status","BYE","-","999.0","-","-","-","-","-","-","-","-","-","-","-"
"977","T. Vasher","T. Vasher","WR","","","","injury-status","BYE","-","999.0","-","-","-","-","-","-","-","-","-","-","-"
"978","O. Mitchell","O. Mitchell","WR","","","Ques","injury-status questionable","BYE","-","656.0","-","-","-","-","-","-","-","-","-","-","-"
"979","N. Eubanks","N. Eubanks","TE","","","","injury-status","BYE","-","999.0","-","-","-","-","-","-","-","-","-","-","-"
"980","B. Knox","B. Knox","RB","","","","injury-status","BYE","-","999.0","-","-","-","-","-","-","-","-","-","-","-"
"981","B. Haubeil","B. Haubeil","K","","","","injury-status","BYE","-","999.0","-","-","-","-","-","-","-","-","-","-","-"
"982","M. Forristall","M. Forristall","TE","","","Ques","injury-status questionable","BYE","-","653.0","-","-","-","-","-","-","-","-","-","-","-"
"983","T. Carter","T. Carter","RB","","","","injury-status","BYE","-","449.5","-","-","-","-","-","-","-","-","-","-","-"
"984","S. Harrington","S. Harrington","TE","","","","injury-status","BYE","-","560.0","-","-","-","-","-","-","-","-","-","-","-"
"985","A. Williams","A. Williams","RB","ATL","5","","injury-status","Final L 10-18 vs PIT","-","999.0","-","-","-","-","-","-","-","-","-","-","-"
"986","B. Mason","B. Mason","TE","","","Ques","injury-status questionable","BYE","-","388.0","-","-","-","-","-","-","-","-","-","-","-"
"987","C. Evans","C. Evans","RB","CIN","10","","injury-status","Final L 10-16 vs NE","-","999.0","-","-","-","-","-","-","-","-","-","-","-"
"988","R. McMath","R. McMath","WR","","","","injury-status","BYE","-","529.5","-","-","-","-","-","-","-","-","-","-","-"
"989","J. Camp","J. Camp","WR","","","","injury-status","BYE","-","999.0","-","-","-","-","-","-","-","-","-","-","-"
"990","J. Funk","J. Funk","RB","","","","injury-status","BYE","-","999.0","-","-","-","-","-","-","-","-","-","-","-"
"991","K. Baker","K. Baker","WR","","","","injury-status","BYE","-","999.0","-","-","-","-","-","-","-","-","-","-","-"
"992","D. Milne","D. Milne","WR","CAR","14","","injury-status","Final L 10-47 @ NO","-","999.0","-","-","-","-","-","-","-","-","-","-","-"
"993","S. Hauschka","S. Hauschka","K","","","","injury-status","BYE","-","700.0","-","-","-","-","-","-","-","-","-","-","-"
"994","A. Trammell","A. Trammell","WR","JAX","8","","injury-status","Final L 17-20 @ MIA","-","999.0","-","-","-","-","-","-","-","-","-","-","-"
"995","A. Nunn","A. Nunn","WR","","","","injury-status","BYE","-","999.0","-","-","-","-","-","-","-","-","-","-","-"
"996","C. Angeline","C. Angeline","TE","","","","injury-status","BYE","-","562.8","-","-","-","-","-","-","-","-","-","-","-"
"997","B. Labelle","B. Labelle","TE","","","Ques","injury-status questionable","BYE","-","999.0","-","-","-","-","-","-","-","-","-","-","-"
"998","J. Pederson","J. Pederson","TE","","","Ques","injury-status questionable","BYE","-","478.8","-","-","-","-","-","-","-","-","-","-","-"
"999","D. Fitzpatrick","D. Fitzpatrick","WR","LAC","12","Ques","injury-status questionable","Final W 22-10 vs LV","-","999.0","-","-","-","-","-","-","-","-","-","-","-"
"1000","J. Darden","J. Darden","WR","SEA","8","","injury-status","Final W 26-20 vs DEN","-","999.0","-","-","-","-","-","-","-","-","-","-","-"
"1001","J. Harris","J. Harris","WR","","","","injury-status","BYE","-","580.1","-","-","-","-","-","-","-","-","-","-","-"
"1002","C. Williams","C. Williams","TE","","","","injury-status","BYE","-","999.0","-","-","-","-","-","-","-","-","-","-","-"
"1003","D. Roberson","D. Roberson","WR","","","","injury-status","BYE","-","999.0","-","-","-","-","-","-","-","-","-","-","-"
"1004","S. Reyes","S. Reyes","TE","MIN","6","","injury-status","Final W 28-6 @ NYG","-","999.0","-","-","-","-","-","-","-","-","-","-","-"
"1005","M. Sexton","M. Sexton","WR","","","","injury-status","BYE","-","439.0","-","-","-","-","-","-","-","-","-","-","-"
"1006","M. Simon","M. Simon","WR","CAR","14","","injury-status","Final L 10-47 @ NO","-","999.0","-","-","-","-","-","-","-","-","-","-","-"
"1007","K. Locksley","K. Locksley","WR","","","","injury-status","BYE","-","999.0","-","-","-","-","-","-","-","-","-","-","-"
"1008","D. Clark","D. Clark","RB","","","Ques","injury-status questionable","BYE","-","999.0","-","-","-","-","-","-","-","-","-","-","-"
"1009","J. Adams","J. Adams","WR","","","","injury-status","BYE","-","999.0","-","-","-","-","-","-","-","-","-","-","-"
"1010","D. Felton","D. Felton","RB","","","","injury-status","BYE","-","348.0","-","-","-","-","-","-","-","-","-","-","-"
"1011","S. Smith","S. Smith","WR","","","Sus","injury-status sus","BYE","-","999.0","-","-","-","-","-","-","-","-","-","-","-"
"1012","R. Moore","R. Moore","WR","ATL","5","IR","injury-status ir","Final L 10-18 vs PIT","-","271.7","-","-","-","-","-","-","-","-","-","-","-"
"1013","I. Book","I. Book","QB","PHI","9","","injury-status","Final W 34-29 vs GB","-","361.0","-","-","-","-","-","-","-","-","-","-","-"
"1014","D. Newsome","D. Newsome","WR","","","","injury-status","BYE","-","999.0","-","-","-","-","-","-","-","-","-","-","-"
"1015","B. Eagles","B. Eagles","WR","","","","injury-status","BYE","-","999.0","-","-","-","-","-","-","-","-","-","-","-"
"1016","J. Ausbon","J. Ausbon","WR","","","","injury-status","BYE","-","599.0","-","-","-","-","-","-","-","-","-","-","-"
"1017","K. Mond","K. Mond","QB","","","","injury-status","BYE","-","999.0","-","-","-","-","-","-","-","-","-","-","-"
"1018","K. McClain","K. McClain","WR","","","","injury-status","BYE","-","513.0","-","-","-","-","-","-","-","-","-","-","-"
"1019","A. Watkins","A. Watkins","WR","","","","injury-status","BYE","-","999.0","-","-","-","-","-","-","-","-","-","-","-"
"1020","M. Mitchell","M. Mitchell","WR","","","","injury-status","BYE","-","999.0","-","-","-","-","-","-","-","-","-","-","-"
"1021","S. Surratt","S. Surratt","TE","","","Ques","injury-status questionable","BYE","-","999.0","-","-","-","-","-","-","-","-","-","-","-"
"1022","L. Rountree","L. Rountree","RB","","","","injury-status","BYE","-","999.0","-","-","-","-","-","-","-","-","-","-","-"
"1023","D. Hazelton","D. Hazelton","WR","","","","injury-status","BYE","-","999.0","-","-","-","-","-","-","-","-","-","-","-"
"1024","K. Hill","K. Hill","RB","","","","injury-status","BYE","-","999.0","-","-","-","-","-","-","-","-","-","-","-"
"1025","J. Hawkins","J. Hawkins","RB","","","","injury-status","BYE","-","999.0","-","-","-","-","-","-","-","-","-","-","-"
"1026","E. Mitchell","E. Mitchell","RB","SF","14","","injury-status","Final W 32-19 vs NYJ","-","197.6","-","-","-","-","-","-","-","-","-","-","-"
"1027","P. Williams","P. Williams","RB","","","","injury-status","BYE","-","999.0","-","-","-","-","-","-","-","-","-","-","-"
"1028","W. Philyor","W. Philyor","WR","","","","injury-status","BYE","-","999.0","-","-","-","-","-","-","-","-","-","-","-"
"1029","M. Stevenson","M. Stevenson","WR","","","","injury-status","BYE","-","999.0","-","-","-","-","-","-","-","-","-","-","-"
"1030","J. Newman","J. Newman","QB","","","","injury-status","BYE","-","999.0","-","-","-","-","-","-","-","-","-","-","-"
"1031","T. McKitty","T. McKitty","TE","CLE","9","","injury-status","Final L 17-33 vs DAL","-","502.6","-","-","-","-","-","-","-","-","-","-","-"
"1032","B. Proehl","B. Proehl","WR","","","","injury-status","BYE","-","999.0","-","-","-","-","-","-","-","-","-","-","-"
"1033","D. Jackson","D. Jackson","RB","","","","injury-status","BYE","-","625.0","-","-","-","-","-","-","-","-","-","-","-"
"1034","W. Jackson","W. Jackson","WR","","","Ques","injury-status questionable","BYE","-","640.3","-","-","-","-","-","-","-","-","-","-","-"
"1035","C. Marable","C. Marable","RB","","","","injury-status","BYE","-","999.0","-","-","-","-","-","-","-","-","-","-","-"
"1036","T. Vaughns","T. Vaughns","WR","","","","injury-status","BYE","-","999.0","-","-","-","-","-","-","-","-","-","-","-"
"1037","T. Nixon","T. Nixon","WR","","","","injury-status","BYE","-","999.0","-","-","-","-","-","-","-","-","-","-","-"
"1038","M. Williams","M. Williams","WR","","","","injury-status","BYE","-","371.0","-","-","-","-","-","-","-","-","-","-","-"
"1039","C. Powell","C. Powell","WR","SEA","8","","injury-status","Final W 26-20 vs DEN","-","999.0","-","-","-","-","-","-","-","-","-","-","-"
"1040","A. Rodgers","A. Rodgers","WR","","","","injury-status","BYE","-","524.5","-","-","-","-","-","-","-","-","-","-","-"
"1041","G. Doaks","G. Doaks","RB","","","","injury-status","BYE","-","447.3","-","-","-","-","-","-","-","-","-","-","-"
"1042","S. Williams","S. Williams","WR","DAL","10","Ques","injury-status questionable","Final W 33-17 @ CLE","-","999.0","-","-","-","-","-","-","-","-","-","-","-"
"1043","A. Schwartz","A. Schwartz","WR","MIA","12","Ques","injury-status questionable","Final W 20-17 vs JAX","-","999.0","-","-","-","-","-","-","-","-","-","-","-"
"1044","R. Boyd","R. Boyd","RB","","","","injury-status","BYE","-","999.0","-","-","-","-","-","-","-","-","-","-","-"
"1045","F. Franks","F. Franks","TE","CAR","14","","injury-status","Final L 10-47 @ NO","-","999.0","-","-","-","-","-","-","-","-","-","-","-"
"1046","F. Darby","F. Darby","WR","","","","injury-status","BYE","-","440.0","-","-","-","-","-","-","-","-","-","-","-"
"1047","G. Brightwell","G. Brightwell","RB","CIN","10","","injury-status","Final L 10-16 vs NE","-","999.0","-","-","-","-","-","-","-","-","-","-","-"
"1048","H. Thedford","H. Thedford","TE","","","","injury-status","BYE","-","999.0","-","-","-","-","-","-","-","-","-","-","-"
"1049","C. Blair","C. Blair","WR","ATL","5","","injury-status","Final L 10-18 vs PIT","-","999.0","-","-","-","-","-","-","-","-","-","-","-"
"1050","T. Russolino","T. Russolino","K","","","","injury-status","BYE","-","700.0","-","-","-","-","-","-","-","-","-","-","-"
"1051","S. Castillo","S. Castillo","K","","","","injury-status","BYE","-","999.0","-","-","-","-","-","-","-","-","-","-","-"
"1052","C. Davis","C. Davis","TE","","","","injury-status","BYE","-","999.0","-","-","-","-","-","-","-","-","-","-","-"
"1053","D. Dafney","D. Dafney","TE","CAR","14","","injury-status","Final L 10-47 @ NO","-","999.0","-","-","-","-","-","-","-","-","-","-","-"
"1054","P. Quessenberry","P. Quessenberry","TE","","","","injury-status","BYE","-","999.0","-","-","-","-","-","-","-","-","-","-","-"
"1055","F. Green","F. Green","TE","","","","injury-status","BYE","-","999.0","-","-","-","-","-","-","-","-","-","-","-"
"1056","C. Harrell","C. Harrell","TE","","","","injury-status","BYE","-","465.0","-","-","-","-","-","-","-","-","-","-","-"
"1057","N. Maxwell","N. Maxwell","RB","","","","injury-status","BYE","-","695.0","-","-","-","-","-","-","-","-","-","-","-"
"1058","N. Cottrell","N. Cottrell","RB","","","Ques","injury-status questionable","BYE","-","999.0","-","-","-","-","-","-","-","-","-","-","-"
"1059","N. Tiano","N. Tiano","QB","","","","injury-status","BYE","-","999.0","-","-","-","-","-","-","-","-","-","-","-"
"1060","C. Slomka","C. Slomka","RB","","","","injury-status","BYE","-","618.0","-","-","-","-","-","-","-","-","-","-","-"
"1061","S. Guidry","S. Guidry","WR","","","","injury-status","BYE","-","999.0","-","-","-","-","-","-","-","-","-","-","-"
"1062","J. Burt","J. Burt","TE","","","","injury-status","BYE","-","553.4","-","-","-","-","-","-","-","-","-","-","-"
"1063","I. Zuber","I. Zuber","WR","","","Ques","injury-status questionable","BYE","-","999.0","-","-","-","-","-","-","-","-","-","-","-"
"1064","M. Dereus","M. Dereus","WR","","","","injury-status","BYE","-","999.0","-","-","-","-","-","-","-","-","-","-","-"
"1065","J. Hurst","J. Hurst","WR","","","Ques","injury-status questionable","BYE","-","999.0","-","-","-","-","-","-","-","-","-","-","-"
"1066","T. Jonsen","T. Jonsen","WR","","","","injury-status","BYE","-","999.0","-","-","-","-","-","-","-","-","-","-","-"
"1067","J. Pearson","J. Pearson","WR","","","","injury-status","BYE","-","999.0","-","-","-","-","-","-","-","-","-","-","-"
"1068","M. Lynch","M. Lynch","RB","","","","injury-status","BYE","-","524.3","-","-","-","-","-","-","-","-","-","-","-"
"1069","T. McCann","T. McCann","K","","","","injury-status","BYE","-","700.0","-","-","-","-","-","-","-","-","-","-","-"
"1070","T. Hudson","T. Hudson","TE","","","Ques","injury-status questionable","BYE","-","999.0","-","-","-","-","-","-","-","-","-","-","-"
"1071","K. Wilkerson","K. Wilkerson","WR","LV","8","","injury-status","Final L 10-22 @ LAC","-","388.0","-","-","-","-","-","-","-","-","-","-","-"
"1072","K. Williams","K. Williams","WR","","","","injury-status","BYE","-","693.0","-","-","-","-","-","-","-","-","-","-","-"
"1073","M. Kinsey","M. Kinsey","WR","TEN","10","","injury-status","Final L 17-24 @ CHI","-","999.0","-","-","-","-","-","-","-","-","-","-","-"
"1074","C. Scarlett","C. Scarlett","RB","","","","injury-status","BYE","-","999.0","-","-","-","-","-","-","-","-","-","-","-"
"1075","T. Mabry","T. Mabry","TE","SEA","8","Ques","injury-status questionable","Final W 26-20 vs DEN","-","999.0","-","-","-","-","-","-","-","-","-","-","-"
"1076","S. Dawkins","S. Dawkins","WR","","","","injury-status","BYE","-","999.0","-","-","-","-","-","-","-","-","-","-","-"
"1077","P. Carr","P. Carr","RB","","","Ques","injury-status questionable","BYE","-","999.0","-","-","-","-","-","-","-","-","-","-","-"
"1078","A. Jones","A. Jones","RB","","","","injury-status","BYE","-","999.0","-","-","-","-","-","-","-","-","-","-","-"
"1079","J. Hokit","J. Hokit","RB","","","","injury-status","BYE","-","999.0","-","-","-","-","-","-","-","-","-","-","-"
"1080","B. Rutter","B. Rutter","QB","","","","injury-status","BYE","-","999.0","-","-","-","-","-","-","-","-","-","-","-"
"1081","J. Johnson","J. Johnson","WR","","","","injury-status","BYE","-","355.0","-","-","-","-","-","-","-","-","-","-","-"
"1082","S. Platzgummer","S. Platzgummer","RB","","","","injury-status","BYE","-","999.0","-","-","-","-","-","-","-","-","-","-","-"
"1083","I. Wright","I. Wright","WR","","","","injury-status","BYE","-","583.0","-","-","-","-","-","-","-","-","-","-","-"
"1084","N. Togiai","N. Togiai","TE","","","","injury-status","BYE","-","584.7","-","-","-","-","-","-","-","-","-","-","-"
"1085","K. Tate","K. Tate","WR","","","","injury-status","BYE","-","999.0","-","-","-","-","-","-","-","-","-","-","-"
"1086","M. Bailey","M. Bailey","WR","","","","injury-status","BYE","-","999.0","-","-","-","-","-","-","-","-","-","-","-"
"1087","P. Houston","P. Houston","TE","","","","injury-status","BYE","-","461.0","-","-","-","-","-","-","-","-","-","-","-"
"1088","D. Phelps","D. Phelps","WR","","","","injury-status","BYE","-","476.8","-","-","-","-","-","-","-","-","-","-","-"
"1089","R. Medaris","R. Medaris","WR","","","","injury-status","BYE","-","426.0","-","-","-","-","-","-","-","-","-","-","-"
"1090","J. Braswell","J. Braswell","WR","","","","injury-status","BYE","-","524.6","-","-","-","-","-","-","-","-","-","-","-"
"1091","G. Campbell","G. Campbell","WR","","","","injury-status","BYE","-","999.0","-","-","-","-","-","-","-","-","-","-","-"
"1092","R. John","R. John","TE","","","","injury-status","BYE","-","999.0","-","-","-","-","-","-","-","-","-","-","-"
"1093","K. Markway","K. Markway","TE","","","","injury-status","BYE","-","565.1","-","-","-","-","-","-","-","-","-","-","-"
"1094","C. Cookus","C. Cookus","QB","","","","injury-status","BYE","-","507.0","-","-","-","-","-","-","-","-","-","-","-"
"1095","J. Ward","J. Ward","WR","","","","injury-status","BYE","-","999.0","-","-","-","-","-","-","-","-","-","-","-"
"1096","S. Riley","S. Riley","WR","","","","injury-status","BYE","-","477.3","-","-","-","-","-","-","-","-","-","-","-"
"1097","W. Hastings","W. Hastings","WR","","","","injury-status","BYE","-","999.0","-","-","-","-","-","-","-","-","-","-","-"
"1098","N. Griffin-Stewart","N. Griffin-Stewart","TE","","","","injury-status","BYE","-","999.0","-","-","-","-","-","-","-","-","-","-","-"
"1099","J. Bargas","J. Bargas","RB","","","","injury-status","BYE","-","999.0","-","-","-","-","-","-","-","-","-","-","-"
"1100","M. Cole","M. Cole","WR","","","","injury-status","BYE","-","999.0","-","-","-","-","-","-","-","-","-","-","-"
"1101","K. Merritt","K. Merritt","WR","","","","injury-status","BYE","-","999.0","-","-","-","-","-","-","-","-","-","-","-"
"1102","B. Polk","B. Polk","WR","","","","injury-status","BYE","-","999.0","-","-","-","-","-","-","-","-","-","-","-"
"1103","J. Koski","J. Koski","WR","","","","injury-status","BYE","-","999.0","-","-","-","-","-","-","-","-","-","-","-"
"1104","E. Winston","E. Winston","WR","NYJ","9","","injury-status","Final L 19-32 @ SF","-","999.0","-","-","-","-","-","-","-","-","-","-","-"
"1105","J. Gilbert","J. Gilbert","RB","","","","injury-status","BYE","-","384.0","-","-","-","-","-","-","-","-","-","-","-"
"1106","B. Perkins","B. Perkins","QB","","","","injury-status","BYE","-","638.0","-","-","-","-","-","-","-","-","-","-","-"
"1107","E. Edwards","E. Edwards","WR","","","","injury-status","BYE","-","999.0","-","-","-","-","-","-","-","-","-","-","-"
"1108","D. Schoen","D. Schoen","WR","","","","injury-status","BYE","-","999.0","-","-","-","-","-","-","-","-","-","-","-"
"1109","J. Cotton","J. Cotton","WR","","","Ques","injury-status questionable","BYE","-","999.0","-","-","-","-","-","-","-","-","-","-","-"
"1110","G. Nabers","G. Nabers","RB","","","","injury-status","BYE","-","999.0","-","-","-","-","-","-","-","-","-","-","-"
"1111","J. Rice","J. Rice","TE","","","","injury-status","BYE","-","611.3","-","-","-","-","-","-","-","-","-","-","-"
"1112","D. Bradwell","D. Bradwell","RB","","","","injury-status","BYE","-","999.0","-","-","-","-","-","-","-","-","-","-","-"
"1113","B. Holly","B. Holly","RB","","","","injury-status","BYE","-","464.0","-","-","-","-","-","-","-","-","-","-","-"
"1114","D. Eberle","D. Eberle","K","","","","injury-status","BYE","-","999.0","-","-","-","-","-","-","-","-","-","-","-"
"1115","S. Mariner","S. Mariner","WR","","","","injury-status","BYE","-","999.0","-","-","-","-","-","-","-","-","-","-","-"
"1116","N. Bowers","N. Bowers","TE","","","","injury-status","BYE","-","670.7","-","-","-","-","-","-","-","-","-","-","-"
"1117","J. Shelton-Mosley","J. Shelton-Mosley","WR","","","","injury-status","BYE","-","999.0","-","-","-","-","-","-","-","-","-","-","-"
"1118","B. Wright","B. Wright","P, K","","","","injury-status","BYE","-","999.0","-","-","-","-","-","-","-","-","-","-","-"
"1119","B. Ellefson","B. Ellefson","TE","","","","injury-status","BYE","-","999.0","-","-","-","-","-","-","-","-","-","-","-"
"1120","J. Hammond","J. Hammond","WR","","","","injury-status","BYE","-","999.0","-","-","-","-","-","-","-","-","-","-","-"
"1121","M. Ross","M. Ross","WR","","","","injury-status","BYE","-","999.0","-","-","-","-","-","-","-","-","-","-","-"
"1122","D. Harris","D. Harris","WR","","","","injury-status","BYE","-","999.0","-","-","-","-","-","-","-","-","-","-","-"
"1123","T. Simmons","T. Simmons","WR","","","","injury-status","BYE","-","999.0","-","-","-","-","-","-","-","-","-","-","-"
"1124","D. Stapleton","D. Stapleton","TE","","","","injury-status","BYE","-","677.0","-","-","-","-","-","-","-","-","-","-","-"
"1125","J. Jones","J. Jones","RB","","","","injury-status","BYE","-","999.0","-","-","-","-","-","-","-","-","-","-","-"
"1126","J. Morton","J. Morton","QB","IND","11","","injury-status","Final L 27-29 vs HOU","-","999.0","-","-","-","-","-","-","-","-","-","-","-"
"1127","L. Sellers","L. Sellers","RB","","","","injury-status","BYE","-","698.0","-","-","-","-","-","-","-","-","-","-","-"
"1128","N. Wieting","N. Wieting","TE","","","","injury-status","BYE","-","999.0","-","-","-","-","-","-","-","-","-","-","-"
"1129","J. Bradley","J. Bradley","WR","","","","injury-status","BYE","-","999.0","-","-","-","-","-","-","-","-","-","-","-"
"1130","K. Davidson","K. Davidson","QB","","","","injury-status","BYE","-","999.0","-","-","-","-","-","-","-","-","-","-","-"
"1131","S. Washington","S. Washington","WR","BAL","7","","injury-status","Final L 20-27 @ KC","-","999.0","-","-","-","-","-","-","-","-","-","-","-"
"1132","D. Whaley","D. Whaley","RB","","","","injury-status","BYE","-","999.0","-","-","-","-","-","-","-","-","-","-","-"
"1133","A. Hifo","A. Hifo","WR","","","","injury-status","BYE","-","379.0","-","-","-","-","-","-","-","-","-","-","-"
"1134","M. Ffrench","M. Ffrench","WR","","","","injury-status","BYE","-","320.0","-","-","-","-","-","-","-","-","-","-","-"
"1135","A. Baccellia","A. Baccellia","WR","ARI","8","","injury-status","Final L 28-34 @ BUF","-","999.0","-","-","-","-","-","-","-","-","-","-","-"
"1136","A. Wagner","A. Wagner","WR","","","","injury-status","BYE","-","999.0","-","-","-","-","-","-","-","-","-","-","-"
"1137","A. Pierce","A. Pierce","RB","","","","injury-status","BYE","-","999.0","-","-","-","-","-","-","-","-","-","-","-"
"1138","C. Sutton","C. Sutton","TE","","","","injury-status","BYE","-","699.5","-","-","-","-","-","-","-","-","-","-","-"
"1139","T. Hights","T. Hights","WR","","","","injury-status","BYE","-","999.0","-","-","-","-","-","-","-","-","-","-","-"
"1140","G. Ricci","G. Ricci","TE","","","","injury-status","BYE","-","329.0","-","-","-","-","-","-","-","-","-","-","-"
"1141","S. Nigh","S. Nigh","RB","","","","injury-status","BYE","-","482.8","-","-","-","-","-","-","-","-","-","-","-"
"1142","Z. Manning","Z. Manning","WR","","","","injury-status","BYE","-","999.0","-","-","-","-","-","-","-","-","-","-","-"
"1143","K. Hinton","K. Hinton","WR","","","","injury-status","BYE","-","999.0","-","-","-","-","-","-","-","-","-","-","-"
"1144","R. Gilliam","R. Gilliam","RB","BUF","7","","injury-status","Final W 34-28 vs ARI","-","473.5","-","-","-","-","-","-","-","-","-","-","-"
"1145","A. Williams","A. Williams","RB","","","","injury-status","BYE","-","679.0","-","-","-","-","-","-","-","-","-","-","-"
"1146","N. Vogel","N. Vogel","K","","","","injury-status","BYE","-","431.0","-","-","-","-","-","-","-","-","-","-","-"
"1147","J. Moore","J. Moore","WR","","","Ques","injury-status questionable","BYE","-","999.0","-","-","-","-","-","-","-","-","-","-","-"
"1148","B. Rechsteiner","B. Rechsteiner","RB","","","","injury-status","BYE","-","999.0","-","-","-","-","-","-","-","-","-","-","-"
"1149","C. Repp","C. Repp","TE","","","","injury-status","BYE","-","999.0","-","-","-","-","-","-","-","-","-","-","-"
"1150","C. Rowland","C. Rowland","WR","","","","injury-status","BYE","-","999.0","-","-","-","-","-","-","-","-","-","-","-"
"1151","J. Green","J. Green","WR","","","","injury-status","BYE","-","999.0","-","-","-","-","-","-","-","-","-","-","-"
"1152","J. McCleskey","J. McCleskey","WR","","","","injury-status","BYE","-","999.0","-","-","-","-","-","-","-","-","-","-","-"
"1153","M. Daniel","M. Daniel","RB","","","","injury-status","BYE","-","999.0","-","-","-","-","-","-","-","-","-","-","-"
"1154","R. Becker","R. Becker","TE","","","","injury-status","BYE","-","999.0","-","-","-","-","-","-","-","-","-","-","-"
"1155","S. Leatherbury","S. Leatherbury","WR","","","","injury-status","BYE","-","999.0","-","-","-","-","-","-","-","-","-","-","-"
"1156","R. Sinnett","R. Sinnett","QB","","","","injury-status","BYE","-","447.5","-","-","-","-","-","-","-","-","-","-","-"
"1157","R. Neal","R. Neal","QB","","","","injury-status","BYE","-","999.0","-","-","-","-","-","-","-","-","-","-","-"
"1158","J. Love","J. Love","QB","","","","injury-status","BYE","-","677.0","-","-","-","-","-","-","-","-","-","-","-"
"1159","J. Smith","J. Smith","QB","","","","injury-status","BYE","-","999.0","-","-","-","-","-","-","-","-","-","-","-"
"1160","S. Sloman","S. Sloman","K","","","","injury-status","BYE","-","999.0","-","-","-","-","-","-","-","-","-","-","-"
"1161","T. Stevens","T. Stevens","QB","NYG","14","","injury-status","Final L 6-28 vs MIN","-","363.0","-","-","-","-","-","-","-","-","-","-","-"
"1162","B. DiNucci","B. DiNucci","QB","NO","11","","injury-status","Final W 47-10 vs CAR","-","485.0","-","-","-","-","-","-","-","-","-","-","-"
"1163","F. Swain","F. Swain","WR","","","Ques","injury-status questionable","BYE","-","999.0","-","-","-","-","-","-","-","-","-","-","-"
"1164","T. Davis","T. Davis","TE","GB","5","","injury-status","Final L 29-34 @ PHI","-","999.0","-","-","-","-","-","-","-","-","-","-","-"
"1165","J. Rohrwasser","J. Rohrwasser","K","","","","injury-status","BYE","-","999.0","-","-","-","-","-","-","-","-","-","-","-"
"1166","M. Perry","M. Perry","WR","","","","injury-status","BYE","-","999.0","-","-","-","-","-","-","-","-","-","-","-"
"1167","J. Huntley","J. Huntley","RB","","","","injury-status","BYE","-","999.0","-","-","-","-","-","-","-","-","-","-","-"
"1168","L. Cager","L. Cager","TE","","","","injury-status","BYE","-","693.0","-","-","-","-","-","-","-","-","-","-","-"
"1169","T. Feaster","T. Feaster","RB","ARI","8","","injury-status","Final L 28-34 @ BUF","-","999.0","-","-","-","-","-","-","-","-","-","-","-"
"1170","R. Smith","R. Smith","RB","","","","injury-status","BYE","-","999.0","-","-","-","-","-","-","-","-","-","-","-"
"1171","D. Dillon","D. Dillon","WR","","","","injury-status","BYE","-","999.0","-","-","-","-","-","-","-","-","-","-","-"
"1172","T. Williams","T. Williams","RB","","","","injury-status","BYE","-","999.0","-","-","-","-","-","-","-","-","-","-","-"
"1173","A. MacGinnis","A. MacGinnis","K","","","","injury-status","BYE","-","700.0","-","-","-","-","-","-","-","-","-","-","-"
"1174","L. Hajrullahu","L. Hajrullahu","K","","","","injury-status","BYE","-","700.0","-","-","-","-","-","-","-","-","-","-","-"
"1175","A. Killins","A. Killins","RB","DEN","12","","injury-status","Final L 20-26 @ SEA","-","999.0","-","-","-","-","-","-","-","-","-","-","-"
"1176","C. Finke","C. Finke","WR","","","","injury-status","BYE","-","999.0","-","-","-","-","-","-","-","-","-","-","-"
"1177","A. Parker","A. Parker","WR","","","","injury-status","BYE","-","999.0","-","-","-","-","-","-","-","-","-","-","-"
"1178","X. Jones","X. Jones","RB","","","Ques","injury-status questionable","BYE","-","999.0","-","-","-","-","-","-","-","-","-","-","-"
"1179","J. Ward","J. Ward","RB","PIT","5","","injury-status","Final W 18-10 @ ATL","-","999.0","-","-","-","-","-","-","-","-","-","-","-"
"1180","J. Hightower","J. Hightower","WR","","","","injury-status","BYE","-","999.0","-","-","-","-","-","-","-","-","-","-","-"
"1181","I. Coulter","I. Coulter","WR","","","","injury-status","BYE","-","999.0","-","-","-","-","-","-","-","-","-","-","-"
"1182","J. Luton","J. Luton","QB","LV","8","","injury-status","Final L 10-22 @ LAC","-","652.0","-","-","-","-","-","-","-","-","-","-","-"
"1183","D. Keene","D. Keene","TE","HOU","6","Ques","injury-status questionable","Final W 29-27 @ IND","-","999.0","-","-","-","-","-","-","-","-","-","-","-"
"1184","J. Morgan","J. Morgan","QB","","","","injury-status","BYE","-","446.3","-","-","-","-","-","-","-","-","-","-","-"
"1185","O. Bayless","O. Bayless","WR","","","","injury-status","BYE","-","999.0","-","-","-","-","-","-","-","-","-","-","-"
"1186","P. Guerriero","P. Guerriero","RB","","","","injury-status","BYE","-","999.0","-","-","-","-","-","-","-","-","-","-","-"
"1187","T. Brown","T. Brown","WR","","","","injury-status","BYE","-","523.0","-","-","-","-","-","-","-","-","-","-","-"
"1188","J. Thomas","J. Thomas","WR","","","","injury-status","BYE","-","999.0","-","-","-","-","-","-","-","-","-","-","-"
"1189","J. Molson","J. Molson","K","","","","injury-status","BYE","-","999.0","-","-","-","-","-","-","-","-","-","-","-"
"1190","E. Wolf","E. Wolf","TE","","","","injury-status","BYE","-","999.0","-","-","-","-","-","-","-","-","-","-","-"
"1191","D. Evans","D. Evans","RB","CHI","5","Ques","injury-status questionable","Final W 24-17 vs TEN","-","999.0","-","-","-","-","-","-","-","-","-","-","-"
"1192","S. Patterson","S. Patterson","QB","","","","injury-status","BYE","-","999.0","-","-","-","-","-","-","-","-","-","-","-"
"1193","D. Stewart","D. Stewart","WR","","","","injury-status","BYE","-","999.0","-","-","-","-","-","-","-","-","-","-","-"
"1194","S. Olonilua","S. Olonilua","RB","","","Ques","injury-status questionable","BYE","-","999.0","-","-","-","-","-","-","-","-","-","-","-"
"1195","B. LeMay","B. LeMay","RB","CLE","9","","injury-status","Final L 17-33 vs DAL","-","514.2","-","-","-","-","-","-","-","-","-","-","-"
"1196","C. White","C. White","WR","SEA","8","","injury-status","Final W 26-20 vs DEN","-","999.0","-","-","-","-","-","-","-","-","-","-","-"
"1197","D. Anderson","D. Anderson","RB","","","","injury-status","BYE","-","455.3","-","-","-","-","-","-","-","-","-","-","-"
"1198","K. Rogers","K. Rogers","WR","","","","injury-status","BYE","-","999.0","-","-","-","-","-","-","-","-","-","-","-"
"1199","T. Cleveland","T. Cleveland","WR","","","","injury-status","BYE","-","999.0","-","-","-","-","-","-","-","-","-","-","-"
"1200","J. Breeland","J. Breeland","TE","","","","injury-status","BYE","-","515.3","-","-","-","-","-","-","-","-","-","-","-"
"1201","S. Montez","S. Montez","QB","","","","injury-status","BYE","-","999.0","-","-","-","-","-","-","-","-","-","-","-"
"1202","T. Jackson","T. Jackson","WR","MIN","6","IR","injury-status ir","Final W 28-6 @ NYG","-","999.0","-","-","-","-","-","-","-","-","-","-","-"
"1203","B. Lewerke","B. Lewerke","QB","","","","injury-status","BYE","-","577.0","-","-","-","-","-","-","-","-","-","-","-"
"1204","S. Phillips","S. Phillips","RB","","","","injury-status","BYE","-","999.0","-","-","-","-","-","-","-","-","-","-","-"
"1205","B. Herrien","B. Herrien","RB","","","","injury-status","BYE","-","999.0","-","-","-","-","-","-","-","-","-","-","-"
"1206","D. Wood-Anderson","D. Wood-Anderson","TE","","","","injury-status","BYE","-","632.0","-","-","-","-","-","-","-","-","-","-","-"
"1207","M. Warren","M. Warren","RB","DET","8","","injury-status","Final W 26-20 vs LAR","-","312.0","-","-","-","-","-","-","-","-","-","-","-"
"1208","M. Callaway","M. Callaway","WR","TB","9","","injury-status","Final W 37-20 vs WAS","-","999.0","-","-","-","-","-","-","-","-","-","-","-"
"1209","R. Calais","R. Calais","RB","","","","injury-status","BYE","-","999.0","-","-","-","-","-","-","-","-","-","-","-"
"1210","D. Patmon","D. Patmon","WR","","","","injury-status","BYE","-","999.0","-","-","-","-","-","-","-","-","-","-","-"
"1211","T. Jones","T. Jones","RB","ARI","8","","injury-status","Final L 28-34 @ BUF","-","629.6","-","-","-","-","-","-","-","-","-","-","-"
"1212","C. O'Grady","C. O'Grady","TE","","","","injury-status","BYE","-","999.0","-","-","-","-","-","-","-","-","-","-","-"
"1213","S. Sullivan","S. Sullivan","TE","CAR","14","Out","injury-status out","Final L 10-47 @ NO","-","999.0","-","-","-","-","-","-","-","-","-","-","-"
"1214","A. Fuller","A. Fuller","WR","","","","injury-status","BYE","-","999.0","-","-","-","-","-","-","-","-","-","-","-"
"1215","J. Leake","J. Leake","RB","","","","injury-status","BYE","-","999.0","-","-","-","-","-","-","-","-","-","-","-"
"1216","S. McKeon","S. McKeon","TE","IND","11","","injury-status","Final L 27-29 vs HOU","-","999.0","-","-","-","-","-","-","-","-","-","-","-"
"1217","L. Bellamy","L. Bellamy","RB","","","","injury-status","BYE","-","999.0","-","-","-","-","-","-","-","-","-","-","-"
"1218","J. Proche","J. Proche","WR","CLE","9","","injury-status","Final L 17-33 vs DAL","-","999.0","-","-","-","-","-","-","-","-","-","-","-"
"1219","D. Asiasi","D. Asiasi","TE","","","","injury-status","BYE","-","999.0","-","-","-","-","-","-","-","-","-","-","-"
"1220","J. Robinson","J. Robinson","RB","","","","injury-status","BYE","-","573.4","-","-","-","-","-","-","-","-","-","-","-"
"1221","C. McDonald","C. McDonald","QB","","","","injury-status","BYE","-","999.0","-","-","-","-","-","-","-","-","-","-","-"
"1222","E. Benjamin","E. Benjamin","RB","","","","injury-status","BYE","-","999.0","-","-","-","-","-","-","-","-","-","-","-"
"1223","T. Ginn","T. Ginn","WR","","","","injury-status","BYE","-","999.0","-","-","-","-","-","-","-","-","-","-","-"
"1224","B. Victor","B. Victor","WR","","","","injury-status","BYE","-","999.0","-","-","-","-","-","-","-","-","-","-","-"
"1225","C. Taumoepeau","C. Taumoepeau","TE","","","","injury-status","BYE","-","999.0","-","-","-","-","-","-","-","-","-","-","-"
"1226","B. Hopkins","B. Hopkins","TE","","","","injury-status","BYE","-","999.0","-","-","-","-","-","-","-","-","-","-","-"
"1227","T. Moss","T. Moss","TE","","","","injury-status","BYE","-","351.0","-","-","-","-","-","-","-","-","-","-","-"
"1228","J. Reed","J. Reed","WR","","","Ques","injury-status questionable","BYE","-","999.0","-","-","-","-","-","-","-","-","-","-","-"
"1229","L. Bowden","L. Bowden","WR","","","","injury-status","BYE","-","472.5","-","-","-","-","-","-","-","-","-","-","-"
"1230","A. Gandy-Golden","A. Gandy-Golden","TE","","","","injury-status","BYE","-","999.0","-","-","-","-","-","-","-","-","-","-","-"
"1231","A. Gordon","A. Gordon","QB","","","","injury-status","BYE","-","999.0","-","-","-","-","-","-","-","-","-","-","-"
"1232","Q. Cephus","Q. Cephus","WR","LAR","8","","injury-status","Final L 20-26 @ DET","-","999.0","-","-","-","-","-","-","-","-","-","-","-"
"1233","M. Wilcox","M. Wilcox","TE","NE","14","","injury-status","Final W 16-10 @ CIN","-","999.0","-","-","-","-","-","-","-","-","-","-","-"
"1234","N. Stanley","N. Stanley","QB","","","","injury-status","BYE","-","564.5","-","-","-","-","-","-","-","-","-","-","-"
"1235","Q. Davis","Q. Davis","WR","","","Ques","injury-status questionable","BYE","-","512.2","-","-","-","-","-","-","-","-","-","-","-"
"1236","A. McFarland","A. McFarland","RB","","","","injury-status","BYE","-","999.0","-","-","-","-","-","-","-","-","-","-","-"
"1237","A. Mack","A. Mack","WR","","","","injury-status","BYE","-","999.0","-","-","-","-","-","-","-","-","-","-","-"
"1238","B. Edwards","B. Edwards","WR","","","","injury-status","BYE","-","510.3","-","-","-","-","-","-","-","-","-","-","-"
"1239","K. Hill","K. Hill","WR","LAC","12","","injury-status","Final W 22-10 vs LV","-","387.5","-","-","-","-","-","-","-","-","-","-","-"
"1240","C. Johnson","C. Johnson","WR","CHI","5","","injury-status","Final W 24-17 vs TEN","-","429.0","-","-","-","-","-","-","-","-","-","-","-"
"1241","D. Mims","D. Mims","WR","","","","injury-status","BYE","-","999.0","-","-","-","-","-","-","-","-","-","-","-"
"1242","H. Bryant","H. Bryant","TE","","","Ques","injury-status questionable","BYE","-","678.0","-","-","-","-","-","-","-","-","-","-","-"
"1243","A. Okwuegbunam","A. Okwuegbunam","TE","IND","11","","injury-status","Final L 27-29 vs HOU","-","999.0","-","-","-","-","-","-","-","-","-","-","-"
"1244","J. Pinkney","J. Pinkney","TE","","","Ques","injury-status questionable","BYE","-","999.0","-","-","-","-","-","-","-","-","-","-","-"
"1245","K. Lipscomb","K. Lipscomb","WR","","","","injury-status","BYE","-","999.0","-","-","-","-","-","-","-","-","-","-","-"
"1246","A. Dillon","A. Dillon","RB","GB","5","","injury-status","Final L 29-34 @ PHI","-","234.0","-","-","-","-","-","-","-","-","-","-","-"
"1247","J. Eason","J. Eason","QB","","","","injury-status","BYE","-","999.0","-","-","-","-","-","-","-","-","-","-","-"
"1248","J. Fromm","J. Fromm","QB","DET","8","","injury-status","Final W 26-20 vs LAR","-","999.0","-","-","-","-","-","-","-","-","-","-","-"
"1249","H. Ruggs","H. Ruggs","WR","","","","injury-status","BYE","-","481.6","-","-","-","-","-","-","-","-","-","-","-"
"1250","C. Streveler","C. Streveler","QB","","","","injury-status","BYE","-","636.0","-","-","-","-","-","-","-","-","-","-","-"
"1251","R. Begelton","R. Begelton","WR","","","","injury-status","BYE","-","611.0","-","-","-","-","-","-","-","-","-","-","-"
"1252","D. Clark","D. Clark","TE","","","","injury-status","BYE","-","486.0","-","-","-","-","-","-","-","-","-","-","-"
"1253","L. McCoy","L. McCoy","RB","","","","injury-status","BYE","-","614.0","-","-","-","-","-","-","-","-","-","-","-"
"1254","T. Salter","T. Salter","WR","","","NA","injury-status na","BYE","-","451.0","-","-","-","-","-","-","-","-","-","-","-"
"1255","D. Gore","D. Gore","RB","","","","injury-status","BYE","-","999.0","-","-","-","-","-","-","-","-","-","-","-"
"1256","G. Ward","G. Ward","WR","","","","injury-status","BYE","-","999.0","-","-","-","-","-","-","-","-","-","-","-"
"1257","M. Young","M. Young","RB","","","","injury-status","BYE","-","687.0","-","-","-","-","-","-","-","-","-","-","-"
"1258","M. Crum","M. Crum","TE","","","","injury-status","BYE","-","999.0","-","-","-","-","-","-","-","-","-","-","-"
"1259","J. Ta'amu","J. Ta'amu","QB","","","","injury-status","BYE","-","432.5","-","-","-","-","-","-","-","-","-","-","-"
"1260","J. Harris","J. Harris","TE","","","","injury-status","BYE","-","999.0","-","-","-","-","-","-","-","-","-","-","-"
"1261","J. Walker","J. Walker","WR","","","","injury-status","BYE","-","496.0","-","-","-","-","-","-","-","-","-","-","-"
"1262","V. Testaverde","V. Testaverde","QB","","","","injury-status","BYE","-","637.0","-","-","-","-","-","-","-","-","-","-","-"
"1263","J. Way","J. Way","WR","","","","injury-status","BYE","-","999.0","-","-","-","-","-","-","-","-","-","-","-"
"1264","M. Simms","M. Simms","WR","","","Ques","injury-status questionable","BYE","-","999.0","-","-","-","-","-","-","-","-","-","-","-"
"1265","J. Caldwell","J. Caldwell","RB","","","","injury-status","BYE","-","999.0","-","-","-","-","-","-","-","-","-","-","-"
"1266","T. McGowan","T. McGowan","RB","","","","injury-status","BYE","-","999.0","-","-","-","-","-","-","-","-","-","-","-"
"1267","F. Trevillion","F. Trevillion","WR","","","","injury-status","BYE","-","999.0","-","-","-","-","-","-","-","-","-","-","-"
"1268","M. Sutton","M. Sutton","RB","","","","injury-status","BYE","-","999.0","-","-","-","-","-","-","-","-","-","-","-"
"1269","G. Olszewski","G. Olszewski","WR","NYG","14","","injury-status","Final L 6-28 vs MIN","-","533.3","-","-","-","-","-","-","-","-","-","-","-"
"1270","F. Allen","F. Allen","WR","","","","injury-status","BYE","-","999.0","-","-","-","-","-","-","-","-","-","-","-"
"1271","J. Horn","J. Horn","WR","","","","injury-status","BYE","-","471.3","-","-","-","-","-","-","-","-","-","-","-"
"1272","J. Horn","J. Horn","WR","","","","injury-status","BYE","-","999.0","-","-","-","-","-","-","-","-","-","-","-"
"1273","J. Greene","J. Greene","WR","","","","injury-status","BYE","-","999.0","-","-","-","-","-","-","-","-","-","-","-"
"1274","A. Ouellette","A. Ouellette","RB","","","","injury-status","BYE","-","999.0","-","-","-","-","-","-","-","-","-","-","-"
"1275","M. Wright","M. Wright","WR","","","","injury-status","BYE","-","999.0","-","-","-","-","-","-","-","-","-","-","-"
"1276","P. Hesse","P. Hesse","TE","","","","injury-status","BYE","-","443.3","-","-","-","-","-","-","-","-","-","-","-"
"1277","J. Parker","J. Parker","WR","","","","injury-status","BYE","-","999.0","-","-","-","-","-","-","-","-","-","-","-"
"1278","N. Evans","N. Evans","RB","","","","injury-status","BYE","-","999.0","-","-","-","-","-","-","-","-","-","-","-"
"1279","B. Watson","B. Watson","TE","","","","injury-status","BYE","-","469.5","-","-","-","-","-","-","-","-","-","-","-"
"1280","B. Burt","B. Burt","WR","","","","injury-status","BYE","-","999.0","-","-","-","-","-","-","-","-","-","-","-"
"1281","V. Bryant","V. Bryant","WR","","","","injury-status","BYE","-","999.0","-","-","-","-","-","-","-","-","-","-","-"
"1282","I. Zico","I. Zico","WR","","","","injury-status","BYE","-","999.0","-","-","-","-","-","-","-","-","-","-","-"
"1283","C. Hatfield","C. Hatfield","K","","","","injury-status","BYE","-","700.0","-","-","-","-","-","-","-","-","-","-","-"
"1284","J. Baron","J. Baron","K","","","","injury-status","BYE","-","700.0","-","-","-","-","-","-","-","-","-","-","-"
"1285","I. Searight","I. Searight","TE","","","","injury-status","BYE","-","999.0","-","-","-","-","-","-","-","-","-","-","-"
"1286","A. Lindsey","A. Lindsey","WR","","","","injury-status","BYE","-","999.0","-","-","-","-","-","-","-","-","-","-","-"
"1287","N. Fitzgerald","N. Fitzgerald","QB","","","","injury-status","BYE","-","999.0","-","-","-","-","-","-","-","-","-","-","-"
"1288","C. Simpson","C. Simpson","WR","","","","injury-status","BYE","-","999.0","-","-","-","-","-","-","-","-","-","-","-"
"1289","J. McClendon","J. McClendon","QB","","","","injury-status","BYE","-","557.5","-","-","-","-","-","-","-","-","-","-","-"
"1290","D. Hodges","D. Hodges","QB","","","","injury-status","BYE","-","999.0","-","-","-","-","-","-","-","-","-","-","-"
"1291","S. Schnell","S. Schnell","WR","","","","injury-status","BYE","-","999.0","-","-","-","-","-","-","-","-","-","-","-"
"1292","D. Strickland","D. Strickland","RB","","","","injury-status","BYE","-","999.0","-","-","-","-","-","-","-","-","-","-","-"
"1293","C. Jones","C. Jones","TE","","","","injury-status","BYE","-","999.0","-","-","-","-","-","-","-","-","-","-","-"
"1294","M. Colubiale","M. Colubiale","TE","","","","injury-status","BYE","-","999.0","-","-","-","-","-","-","-","-","-","-","-"
"1295","T. Kennedy","T. Kennedy","WR","DET","8","","injury-status","Final W 26-20 vs LAR","-","999.0","-","-","-","-","-","-","-","-","-","-","-"
"1296","M. Stephens","M. Stephens","TE","","","","injury-status","BYE","-","999.0","-","-","-","-","-","-","-","-","-","-","-"
"1297","T. Brooks-James","T. Brooks-James","RB","","","","injury-status","BYE","-","999.0","-","-","-","-","-","-","-","-","-","-","-"
"1298","M. Nugent","M. Nugent","K","","","","injury-status","BYE","-","700.0","-","-","-","-","-","-","-","-","-","-","-"
"1299","J. Smith","J. Smith","WR","","","Ques","injury-status questionable","BYE","-","999.0","-","-","-","-","-","-","-","-","-","-","-"
"1300","S. Poindexter","S. Poindexter","WR","","","","injury-status","BYE","-","999.0","-","-","-","-","-","-","-","-","-","-","-"
"1301","A. Walter","A. Walter","RB","","","Ques","injury-status questionable","BYE","-","999.0","-","-","-","-","-","-","-","-","-","-","-"
"1302","M. Henry","M. Henry","WR","","","","injury-status","BYE","-","999.0","-","-","-","-","-","-","-","-","-","-","-"
"1303","D. Willis","D. Willis","WR","","","","injury-status","BYE","-","999.0","-","-","-","-","-","-","-","-","-","-","-"
"1304","M. Marshall","M. Marshall","RB","","","","injury-status","BYE","-","999.0","-","-","-","-","-","-","-","-","-","-","-"
"1305","D. Thompkins","D. Thompkins","WR","GB","5","Ques","injury-status questionable","Final L 29-34 @ PHI","-","999.0","-","-","-","-","-","-","-","-","-","-","-"
"1306","D. Jackson","D. Jackson","RB","","","","injury-status","BYE","-","999.0","-","-","-","-","-","-","-","-","-","-","-"
"1307","N. Becker","N. Becker","TE","","","Ques","injury-status questionable","BYE","-","999.0","-","-","-","-","-","-","-","-","-","-","-"
"1308","C. Myarick","C. Myarick","TE","","","","injury-status","BYE","-","999.0","-","-","-","-","-","-","-","-","-","-","-"
"1309","J. Jordan","J. Jordan","WR","","","","injury-status","BYE","-","999.0","-","-","-","-","-","-","-","-","-","-","-"
"1310","T. Linta","T. Linta","QB","","","","injury-status","BYE","-","999.0","-","-","-","-","-","-","-","-","-","-","-"
"1311","D. Shepherd","D. Shepherd","WR","","","Ques","injury-status questionable","BYE","-","999.0","-","-","-","-","-","-","-","-","-","-","-"
"1312","T. Gray","T. Gray","RB","","","","injury-status","BYE","-","527.1","-","-","-","-","-","-","-","-","-","-","-"
"1313","C. Conrad","C. Conrad","TE","","","","injury-status","BYE","-","999.0","-","-","-","-","-","-","-","-","-","-","-"
"1314","C. Hedlund","C. Hedlund","K","","","","injury-status","BYE","-","999.0","-","-","-","-","-","-","-","-","-","-","-"
"1315","J. Johnson","J. Johnson","TE","","","","injury-status","BYE","-","604.0","-","-","-","-","-","-","-","-","-","-","-"
"1316","T. Wright","T. Wright","WR","","","","injury-status","BYE","-","999.0","-","-","-","-","-","-","-","-","-","-","-"
"1317","A. Choice","A. Choice","RB","","","","injury-status","BYE","-","999.0","-","-","-","-","-","-","-","-","-","-","-"
"1318","M. Deane","M. Deane","TE","","","","injury-status","BYE","-","999.0","-","-","-","-","-","-","-","-","-","-","-"
"1319","T. Christion","T. Christion","QB","","","","injury-status","BYE","-","999.0","-","-","-","-","-","-","-","-","-","-","-"
"1320","C. Scarff","C. Scarff","TE","","","","injury-status","BYE","-","999.0","-","-","-","-","-","-","-","-","-","-","-"
"1321","D. Koppenhaver","D. Koppenhaver","TE","","","","injury-status","BYE","-","999.0","-","-","-","-","-","-","-","-","-","-","-"
"1322","M. Eaton","M. Eaton","WR","","","","injury-status","BYE","-","473.8","-","-","-","-","-","-","-","-","-","-","-"
"1323","T. Ives","T. Ives","WR","CHI","5","Ques","injury-status questionable","Final W 24-17 vs TEN","-","999.0","-","-","-","-","-","-","-","-","-","-","-"
"1324","E. Richardson","E. Richardson","TE","","","","injury-status","BYE","-","675.0","-","-","-","-","-","-","-","-","-","-","-"
"1325","C. Herdman","C. Herdman","TE","","","","injury-status","BYE","-","500.5","-","-","-","-","-","-","-","-","-","-","-"
"1326","S. Modster","S. Modster","WR","","","","injury-status","BYE","-","999.0","-","-","-","-","-","-","-","-","-","-","-"
"1327","S. Carlson","S. Carlson","TE","CHI","5","","injury-status","Final W 24-17 vs TEN","-","615.0","-","-","-","-","-","-","-","-","-","-","-"
"1328","D. Blough","D. Blough","QB","","","","injury-status","BYE","-","999.0","-","-","-","-","-","-","-","-","-","-","-"
"1329","D. Baker","D. Baker","WR","","","","injury-status","BYE","-","999.0","-","-","-","-","-","-","-","-","-","-","-"
"1330","D. Hall","D. Hall","RB","","","","injury-status","BYE","-","999.0","-","-","-","-","-","-","-","-","-","-","-"
"1331","J. Hilliman","J. Hilliman","RB","","","","injury-status","BYE","-","610.5","-","-","-","-","-","-","-","-","-","-","-"
"1332","E. Dungey","E. Dungey","QB","","","","injury-status","BYE","-","494.5","-","-","-","-","-","-","-","-","-","-","-"
"1333","H. Hentges","H. Hentges","TE","","","","injury-status","BYE","-","999.0","-","-","-","-","-","-","-","-","-","-","-"
"1334","K. McKnight","K. McKnight","WR","","","","injury-status","BYE","-","999.0","-","-","-","-","-","-","-","-","-","-","-"
"1335","G. Aston","G. Aston","RB","","","","injury-status","BYE","-","999.0","-","-","-","-","-","-","-","-","-","-","-"
"1336","J. Johnson","J. Johnson","WR","","","","injury-status","BYE","-","999.0","-","-","-","-","-","-","-","-","-","-","-"
"1337","G. Tate","G. Tate","WR","","","","injury-status","BYE","-","687.5","-","-","-","-","-","-","-","-","-","-","-"
"1338","S. Sims","S. Sims","WR","BAL","7","Ques","injury-status questionable","Final L 20-27 @ KC","-","517.7","-","-","-","-","-","-","-","-","-","-","-"
"1339","T. Rahming","T. Rahming","WR","","","","injury-status","BYE","-","999.0","-","-","-","-","-","-","-","-","-","-","-"
"1340","K. Dillon","K. Dillon","TE","","","","injury-status","BYE","-","999.0","-","-","-","-","-","-","-","-","-","-","-"
"1341","A. Fort","A. Fort","TE","","","","injury-status","BYE","-","999.0","-","-","-","-","-","-","-","-","-","-","-"
"1342","T. Benson","T. Benson","WR","","","","injury-status","BYE","-","999.0","-","-","-","-","-","-","-","-","-","-","-"
"1343","R. Guerrier","R. Guerrier","WR","","","","injury-status","BYE","-","999.0","-","-","-","-","-","-","-","-","-","-","-"
"1344","J. Lloyd","J. Lloyd","WR","","","","injury-status","BYE","-","999.0","-","-","-","-","-","-","-","-","-","-","-"
"1345","K. Brown","K. Brown","TE","","","","injury-status","BYE","-","999.0","-","-","-","-","-","-","-","-","-","-","-"
"1346","R. Brooker","R. Brooker","TE","","","","injury-status","BYE","-","999.0","-","-","-","-","-","-","-","-","-","-","-"
"1347","N. Webster","N. Webster","WR","CHI","5","","injury-status","Final W 24-17 vs TEN","-","999.0","-","-","-","-","-","-","-","-","-","-","-"
"1348","A. Bachman","A. Bachman","WR","LV","8","","injury-status","Final L 10-22 @ LAC","-","999.0","-","-","-","-","-","-","-","-","-","-","-"
"1349","M. Colburn","M. Colburn","RB","","","","injury-status","BYE","-","999.0","-","-","-","-","-","-","-","-","-","-","-"
"1350","J. Sumpter","J. Sumpter","WR","","","","injury-status","BYE","-","999.0","-","-","-","-","-","-","-","-","-","-","-"
"1351","A. Hollins","A. Hollins","WR","","","","injury-status","BYE","-","999.0","-","-","-","-","-","-","-","-","-","-","-"
"1352","D. Davis","D. Davis","WR","","","","injury-status","BYE","-","999.0","-","-","-","-","-","-","-","-","-","-","-"
"1353","K. Blasingame","K. Blasingame","RB","PHI","9","","injury-status","Final W 34-29 vs GB","-","445.8","-","-","-","-","-","-","-","-","-","-","-"
"1354","J. Washington","J. Washington","TE","","","","injury-status","BYE","-","999.0","-","-","-","-","-","-","-","-","-","-","-"
"1355","D. Belcher","D. Belcher","TE","","","","injury-status","BYE","-","490.3","-","-","-","-","-","-","-","-","-","-","-"
"1356","A. Richardson","A. Richardson","WR","","","","injury-status","BYE","-","999.0","-","-","-","-","-","-","-","-","-","-","-"
"1357","X. Turner","X. Turner","RB","","","","injury-status","BYE","-","999.0","-","-","-","-","-","-","-","-","-","-","-"
"1358","D. Anderson","D. Anderson","QB","","","","injury-status","BYE","-","610.0","-","-","-","-","-","-","-","-","-","-","-"
"1359","D. Jeanpiere","D. Jeanpiere","WR","","","","injury-status","BYE","-","999.0","-","-","-","-","-","-","-","-","-","-","-"
"1360","C. Meier","C. Meier","TE","","","","injury-status","BYE","-","999.0","-","-","-","-","-","-","-","-","-","-","-"
"1361","P. White","P. White","WR","","","","injury-status","BYE","-","999.0","-","-","-","-","-","-","-","-","-","-","-"
"1362","M. Walker","M. Walker","WR","","","Ques","injury-status questionable","BYE","-","999.0","-","-","-","-","-","-","-","-","-","-","-"
"1363","D. Snelson","D. Snelson","WR","","","","injury-status","BYE","-","999.0","-","-","-","-","-","-","-","-","-","-","-"
"1364","R. Leonard","R. Leonard","WR","","","","injury-status","BYE","-","999.0","-","-","-","-","-","-","-","-","-","-","-"
"1365","C. Worton","C. Worton","WR","","","","injury-status","BYE","-","999.0","-","-","-","-","-","-","-","-","-","-","-"
"1366","K. Lewis","K. Lewis","WR","","","","injury-status","BYE","-","999.0","-","-","-","-","-","-","-","-","-","-","-"
"1367","S. Bane","S. Bane","WR","","","","injury-status","BYE","-","654.5","-","-","-","-","-","-","-","-","-","-","-"
"1368","M. Wilkins","M. Wilkins","QB","","","","injury-status","BYE","-","372.5","-","-","-","-","-","-","-","-","-","-","-"
"1369","S. Louis","S. Louis","WR","","","","injury-status","BYE","-","999.0","-","-","-","-","-","-","-","-","-","-","-"
"1370","D. Crockett","D. Crockett","RB","","","","injury-status","BYE","-","999.0","-","-","-","-","-","-","-","-","-","-","-"
"1371","A. Beck","A. Beck","RB","HOU","6","","injury-status","Final W 29-27 @ IND","-","494.5","-","-","-","-","-","-","-","-","-","-","-"
"1372","X. Ubosi","X. Ubosi","WR","","","","injury-status","BYE","-","999.0","-","-","-","-","-","-","-","-","-","-","-"
"1373","J. Duhart","J. Duhart","WR","","","","injury-status","BYE","-","485.8","-","-","-","-","-","-","-","-","-","-","-"
"1374","J. Ellis","J. Ellis","RB","","","","injury-status","BYE","-","999.0","-","-","-","-","-","-","-","-","-","-","-"
"1375","J. Dolegala","J. Dolegala","QB","","","","injury-status","BYE","-","999.0","-","-","-","-","-","-","-","-","-","-","-"
"1376","P. Laird","P. Laird","RB","","","","injury-status","BYE","-","999.0","-","-","-","-","-","-","-","-","-","-","-"
"1377","I. Bunting","I. Bunting","TE","","","Ques","injury-status questionable","BYE","-","999.0","-","-","-","-","-","-","-","-","-","-","-"
"1378","C. Cox","C. Cox","RB","","","","injury-status","BYE","-","999.0","-","-","-","-","-","-","-","-","-","-","-"
"1379","C. Gillaspia","C. Gillaspia","RB","","","Ques","injury-status questionable","BYE","-","999.0","-","-","-","-","-","-","-","-","-","-","-"
"1380","M. Green","M. Green","WR","","","","injury-status","BYE","-","590.3","-","-","-","-","-","-","-","-","-","-","-"
"1381","B. Dillon","B. Dillon","TE","","","Ques","injury-status questionable","BYE","-","999.0","-","-","-","-","-","-","-","-","-","-","-"
"1382","A. Roberts","A. Roberts","WR","","","","injury-status","BYE","-","999.0","-","-","-","-","-","-","-","-","-","-","-"
"1383","K. Shurmur","K. Shurmur","QB","","","","injury-status","BYE","-","999.0","-","-","-","-","-","-","-","-","-","-","-"
"1384","T. Wood","T. Wood","TE","","","","injury-status","BYE","-","999.0","-","-","-","-","-","-","-","-","-","-","-"
"1385","R. White","R. White","WR","","","","injury-status","BYE","-","999.0","-","-","-","-","-","-","-","-","-","-","-"
"1386","J. Powell","J. Powell","TE","","","","injury-status","BYE","-","999.0","-","-","-","-","-","-","-","-","-","-","-"
"1387","D. Holland","D. Holland","RB","","","","injury-status","BYE","-","425.0","-","-","-","-","-","-","-","-","-","-","-"
"1388","T. Thompson","T. Thompson","WR","","","","injury-status","BYE","-","999.0","-","-","-","-","-","-","-","-","-","-","-"
"1389","J. Moore","J. Moore","WR","","","","injury-status","BYE","-","999.0","-","-","-","-","-","-","-","-","-","-","-"
"1390","J. Cox","J. Cox","RB","","","","injury-status","BYE","-","999.0","-","-","-","-","-","-","-","-","-","-","-"
"1391","M. Taylor","M. Taylor","WR","NYJ","9","","injury-status","Final L 19-32 @ SF","-","999.0","-","-","-","-","-","-","-","-","-","-","-"
"1392","T. Mayfield","T. Mayfield","TE","","","","injury-status","BYE","-","999.0","-","-","-","-","-","-","-","-","-","-","-"
"1393","W. Speight","W. Speight","QB","","","","injury-status","BYE","-","641.5","-","-","-","-","-","-","-","-","-","-","-"
"1394","T. McMillian","T. McMillian","RB","","","","injury-status","BYE","-","999.0","-","-","-","-","-","-","-","-","-","-","-"
"1395","M. Sokol","M. Sokol","TE","PIT","5","","injury-status","Final W 18-10 @ ATL","-","999.0","-","-","-","-","-","-","-","-","-","-","-"
"1396","J. Lovett","J. Lovett","RB","","","Ques","injury-status questionable","BYE","-","999.0","-","-","-","-","-","-","-","-","-","-","-"
"1397","N. Easley","N. Easley","WR","","","","injury-status","BYE","-","999.0","-","-","-","-","-","-","-","-","-","-","-"
"1398","J. Winfree","J. Winfree","WR","IND","11","Ques","injury-status questionable","Final L 27-29 vs HOU","-","999.0","-","-","-","-","-","-","-","-","-","-","-"
"1399","I. Hyman","I. Hyman","WR","","","Ques","injury-status questionable","BYE","-","999.0","-","-","-","-","-","-","-","-","-","-","-"
"1400","E. Fry","E. Fry","K","","","","injury-status","BYE","-","700.0","-","-","-","-","-","-","-","-","-","-","-"
"1401","B. Silvers","B. Silvers","QB","","","","injury-status","BYE","-","999.0","-","-","-","-","-","-","-","-","-","-","-"
"1402","V. Holmes","V. Holmes","RB","","","","injury-status","BYE","-","999.0","-","-","-","-","-","-","-","-","-","-","-"
"1403","J. Johnson","J. Johnson","RB","","","","injury-status","BYE","-","495.0","-","-","-","-","-","-","-","-","-","-","-"
"1404","C. Wade","C. Wade","RB","","","","injury-status","BYE","-","304.5","-","-","-","-","-","-","-","-","-","-","-"
"1405","D. Sheehy-Guiseppi","D. Sheehy-Guiseppi","WR","","","","injury-status","BYE","-","999.0","-","-","-","-","-","-","-","-","-","-","-"
"1406","C. Murphy","C. Murphy","K","","","","injury-status","BYE","-","999.0","-","-","-","-","-","-","-","-","-","-","-"
"1407","C. Blewitt","C. Blewitt","K","","","","injury-status","BYE","-","999.0","-","-","-","-","-","-","-","-","-","-","-"
"1408","S. Smith","S. Smith","RB","","","","injury-status","BYE","-","999.0","-","-","-","-","-","-","-","-","-","-","-"
"1409","A. Ware","A. Ware","RB","","","","injury-status","BYE","-","999.0","-","-","-","-","-","-","-","-","-","-","-"
"1410","T. Wesco","T. Wesco","TE","","","","injury-status","BYE","-","999.0","-","-","-","-","-","-","-","-","-","-","-"
"1411","D. Thompson","D. Thompson","RB","","","","injury-status","BYE","-","999.0","-","-","-","-","-","-","-","-","-","-","-"
"1412","K. Whyte","K. Whyte","RB","GB","5","","injury-status","Final L 29-34 @ PHI","-","999.0","-","-","-","-","-","-","-","-","-","-","-"
"1413","J. Ursua","J. Ursua","WR","","","","injury-status","BYE","-","478.0","-","-","-","-","-","-","-","-","-","-","-"
"1414","J. Scarlett","J. Scarlett","RB","MIA","12","","injury-status","Final W 20-17 vs JAX","-","619.0","-","-","-","-","-","-","-","-","-","-","-"
"1415","A. Wesley","A. Wesley","WR","","","","injury-status","BYE","-","999.0","-","-","-","-","-","-","-","-","-","-","-"
"1416","K. Warring","K. Warring","TE","","","","injury-status","BYE","-","689.0","-","-","-","-","-","-","-","-","-","-","-"
"1417","A. Wesley","A. Wesley","WR","","","","injury-status","BYE","-","999.0","-","-","-","-","-","-","-","-","-","-","-"
"1418","L. Scott","L. Scott","RB","","","","injury-status","BYE","-","505.5","-","-","-","-","-","-","-","-","-","-","-"
"1419","J. Graham","J. Graham","TE","","","","injury-status","BYE","-","576.3","-","-","-","-","-","-","-","-","-","-","-"
"1420","M. Weber","M. Weber","RB","","","","injury-status","BYE","-","517.8","-","-","-","-","-","-","-","-","-","-","-"
"1421","B. Snell","B. Snell","RB","","","","injury-status","BYE","-","999.0","-","-","-","-","-","-","-","-","-","-","-"
"1422","J. Smith","J. Smith","WR","","","","injury-status","BYE","-","640.0","-","-","-","-","-","-","-","-","-","-","-"
"1423","D. Sills","D. Sills","WR","DEN","12","","injury-status","Final L 20-26 @ SEA","-","685.9","-","-","-","-","-","-","-","-","-","-","-"
"1424","D. Williams","D. Williams","RB","","","","injury-status","BYE","-","999.0","-","-","-","-","-","-","-","-","-","-","-"
"1425","P. Williams","P. Williams","WR","","","","injury-status","BYE","-","999.0","-","-","-","-","-","-","-","-","-","-","-"
"1426","C. Thorson","C. Thorson","QB","NYG","14","","injury-status","Final L 6-28 vs MIN","-","999.0","-","-","-","-","-","-","-","-","-","-","-"
"1427","K. Smith","K. Smith","TE","","","","injury-status","BYE","-","645.5","-","-","-","-","-","-","-","-","-","-","-"
"1428","C. Wilson","C. Wilson","TE","","","","injury-status","BYE","-","999.0","-","-","-","-","-","-","-","-","-","-","-"
"1429","J. Sternberger","J. Sternberger","TE","","","","injury-status","BYE","-","999.0","-","-","-","-","-","-","-","-","-","-","-"
"1430","T. Sweeney","T. Sweeney","TE","CHI","5","Out","injury-status out","Final W 24-17 vs TEN","-","999.0","-","-","-","-","-","-","-","-","-","-","-"
"1431","W. Hills","W. Hills","RB","","","","injury-status","BYE","-","999.0","-","-","-","-","-","-","-","-","-","-","-"
"1432","A. Ingold","A. Ingold","RB","MIA","12","","injury-status","Final W 20-17 vs JAX","-","514.0","-","-","-","-","-","-","-","-","-","-","-"
"1433","J. Patrick","J. Patrick","RB","","","","injury-status","BYE","-","999.0","-","-","-","-","-","-","-","-","-","-","-"
"1434","E. Butler","E. Butler","WR","","","","injury-status","BYE","-","999.0","-","-","-","-","-","-","-","-","-","-","-"
"1435","J. Custis","J. Custis","WR","","","","injury-status","BYE","-","999.0","-","-","-","-","-","-","-","-","-","-","-"
"1436","D. Helm","D. Helm","TE","","","","injury-status","BYE","-","435.0","-","-","-","-","-","-","-","-","-","-","-"
"1437","B. Johnson","B. Johnson","WR","","","Ques","injury-status questionable","BYE","-","999.0","-","-","-","-","-","-","-","-","-","-","-"
"1438","K. Blanton","K. Blanton","TE","","","","injury-status","BYE","-","640.3","-","-","-","-","-","-","-","-","-","-","-"
"1439","J. Horsted","J. Horsted","TE","","","","injury-status","BYE","-","359.0","-","-","-","-","-","-","-","-","-","-","-"
"1440","B. Anderson","B. Anderson","RB","","","","injury-status","BYE","-","629.9","-","-","-","-","-","-","-","-","-","-","-"
"1441","S. Morgan","S. Morgan","WR","TEN","10","","injury-status","Final L 17-24 @ CHI","-","414.0","-","-","-","-","-","-","-","-","-","-","-"
"1442","D. Ozigbo","D. Ozigbo","RB","","","","injury-status","BYE","-","999.0","-","-","-","-","-","-","-","-","-","-","-"
"1443","T. Billy-Johnson","T. Billy-Johnson","WR","","","","injury-status","BYE","-","999.0","-","-","-","-","-","-","-","-","-","-","-"
"1444","J. Webb","J. Webb","QB","","","","injury-status","BYE","-","999.0","-","-","-","-","-","-","-","-","-","-","-"
"1445","T. Fulgham","T. Fulgham","WR","","","","injury-status","BYE","-","999.0","-","-","-","-","-","-","-","-","-","-","-"
"1446","T. Brady","T. Brady","WR","","","","injury-status","BYE","-","549.9","-","-","-","-","-","-","-","-","-","-","-"
"1447","D. Mitchell","D. Mitchell","WR","","","","injury-status","BYE","-","999.0","-","-","-","-","-","-","-","-","-","-","-"
"1448","G. Jennings","G. Jennings","WR","","","","injury-status","BYE","-","999.0","-","-","-","-","-","-","-","-","-","-","-"
"1449","T. Jackson","T. Jackson","TE","WAS","12","IR","injury-status ir","Final L 20-37 @ TB","-","999.0","-","-","-","-","-","-","-","-","-","-","-"
"1450","B. Rypien","B. Rypien","QB","MIN","6","","injury-status","Final W 28-6 @ NYG","-","999.0","-","-","-","-","-","-","-","-","-","-","-"
"1451","R. Davis","R. Davis","WR","","","","injury-status","BYE","-","999.0","-","-","-","-","-","-","-","-","-","-","-"
"1452","K. Doss","K. Doss","WR","","","Ques","injury-status questionable","BYE","-","999.0","-","-","-","-","-","-","-","-","-","-","-"
"1453","A. Barnes","A. Barnes","RB","","","","injury-status","BYE","-","999.0","-","-","-","-","-","-","-","-","-","-","-"
"1454","N. Brossette","N. Brossette","RB","","","","injury-status","BYE","-","625.0","-","-","-","-","-","-","-","-","-","-","-"
"1455","J. Dixon","J. Dixon","WR","","","","injury-status","BYE","-","999.0","-","-","-","-","-","-","-","-","-","-","-"
"1456","Z. Gentry","Z. Gentry","TE","","","","injury-status","BYE","-","999.0","-","-","-","-","-","-","-","-","-","-","-"
"1457","D. Lodge","D. Lodge","WR","","","","injury-status","BYE","-","999.0","-","-","-","-","-","-","-","-","-","-","-"
"1458","D. Raymond","D. Raymond","TE","PIT","5","","injury-status","Final W 18-10 @ ATL","-","999.0","-","-","-","-","-","-","-","-","-","-","-"
"1459","R. Armstead","R. Armstead","RB","","","","injury-status","BYE","-","562.0","-","-","-","-","-","-","-","-","-","-","-"
"1460","Q. Ollison","Q. Ollison","RB","","","","injury-status","BYE","-","999.0","-","-","-","-","-","-","-","-","-","-","-"
"1461","J. Ferguson","J. Ferguson","WR","","","","injury-status","BYE","-","999.0","-","-","-","-","-","-","-","-","-","-","-"
"1462","A. Ratliff-Williams","A. Ratliff-Williams","WR","","","","injury-status","BYE","-","662.0","-","-","-","-","-","-","-","-","-","-","-"
"1463","T. Godwin","T. Godwin","WR","","","","injury-status","BYE","-","310.0","-","-","-","-","-","-","-","-","-","-","-"
"1464","K. Higdon","K. Higdon","RB","","","","injury-status","BYE","-","999.0","-","-","-","-","-","-","-","-","-","-","-"
"1465","A. Mack","A. Mack","TE","","","Ques","injury-status questionable","BYE","-","999.0","-","-","-","-","-","-","-","-","-","-","-"
"1466","T. McSorley","T. McSorley","QB","","","","injury-status","BYE","-","416.9","-","-","-","-","-","-","-","-","-","-","-"
"1467","M. Boykin","M. Boykin","WR","SEA","8","","injury-status","Final W 26-20 vs DEN","-","543.4","-","-","-","-","-","-","-","-","-","-","-"
"1468","K. Johnson","K. Johnson","WR","","","","injury-status","BYE","-","999.0","-","-","-","-","-","-","-","-","-","-","-"
"1469","J. Moore","J. Moore","RB","","","","injury-status","BYE","-","999.0","-","-","-","-","-","-","-","-","-","-","-"
"1470","I. Nauta","I. Nauta","TE","GB","5","Ques","injury-status questionable","Final L 29-34 @ PHI","-","999.0","-","-","-","-","-","-","-","-","-","-","-"
"1471","N. Murray","N. Murray","WR","","","","injury-status","BYE","-","999.0","-","-","-","-","-","-","-","-","-","-","-"
"1472","F. Davis","F. Davis","WR","","","","injury-status","BYE","-","999.0","-","-","-","-","-","-","-","-","-","-","-"
"1473","A. Johnson","A. Johnson","WR","","","","injury-status","BYE","-","295.0","-","-","-","-","-","-","-","-","-","-","-"
"1474","E. Hall","E. Hall","WR","","","Ques","injury-status questionable","BYE","-","999.0","-","-","-","-","-","-","-","-","-","-","-"
"1475","E. Holyfield","E. Holyfield","RB","","","","injury-status","BYE","-","999.0","-","-","-","-","-","-","-","-","-","-","-"
"1476","R. Anderson","R. Anderson","RB","","","","injury-status","BYE","-","999.0","-","-","-","-","-","-","-","-","-","-","-"
"1477","A. Isabella","A. Isabella","WR","","","Ques","injury-status questionable","BYE","-","999.0","-","-","-","-","-","-","-","-","-","-","-"
"1478","J. Hurd","J. Hurd","WR","","","","injury-status","BYE","-","999.0","-","-","-","-","-","-","-","-","-","-","-"
"1479","W. Grier","W. Grier","QB","DAL","10","","injury-status","Final W 33-17 @ CLE","-","591.6","-","-","-","-","-","-","-","-","-","-","-"
"1480","P. Hart","P. Hart","WR","","","Ques","injury-status questionable","BYE","-","999.0","-","-","-","-","-","-","-","-","-","-","-"
"1481","D. Harris","D. Harris","RB","","","","injury-status","BYE","-","551.7","-","-","-","-","-","-","-","-","-","-","-"
"1482","B. Love","B. Love","RB","","","Ques","injury-status questionable","BYE","-","540.3","-","-","-","-","-","-","-","-","-","-","-"
"1483","H. Butler","H. Butler","TE","","","","injury-status","BYE","-","999.0","-","-","-","-","-","-","-","-","-","-","-"
"1484","R. Finley","R. Finley","QB","","","","injury-status","BYE","-","999.0","-","-","-","-","-","-","-","-","-","-","-"
"1485","K. Harmon","K. Harmon","WR","DAL","10","","injury-status","Final W 33-17 @ CLE","-","999.0","-","-","-","-","-","-","-","-","-","-","-"
"1486","N. Harry","N. Harry","TE","","","","injury-status","BYE","-","665.2","-","-","-","-","-","-","-","-","-","-","-"
"1487","R. Ridley","R. Ridley","WR","","","","injury-status","BYE","-","999.0","-","-","-","-","-","-","-","-","-","-","-"
"1488","L. Paulsen","L. Paulsen","TE","","","","injury-status","BYE","-","999.0","-","-","-","-","-","-","-","-","-","-","-"
"1489","J. Arcega-Whiteside","J. Arcega-Whiteside","TE","","","","injury-status","BYE","-","301.0","-","-","-","-","-","-","-","-","-","-","-"
"1490","P. Andersen","P. Andersen","K","","","","injury-status","BYE","-","999.0","-","-","-","-","-","-","-","-","-","-","-"
"1491","R. Jones","R. Jones","K","","","","injury-status","BYE","-","700.0","-","-","-","-","-","-","-","-","-","-","-"
"1492","B. Mitchell","B. Mitchell","WR","","","","injury-status","BYE","-","999.0","-","-","-","-","-","-","-","-","-","-","-"
"1493","D. Spencer","D. Spencer","WR","","","","injury-status","BYE","-","999.0","-","-","-","-","-","-","-","-","-","-","-"
"1494","J. Gardner","J. Gardner","RB","","","","injury-status","BYE","-","575.2","-","-","-","-","-","-","-","-","-","-","-"
"1495","C. Jessop","C. Jessop","QB","","","","injury-status","BYE","-","999.0","-","-","-","-","-","-","-","-","-","-","-"
"1496","J. Wolford","J. Wolford","QB","JAX","8","","injury-status","Final L 17-20 @ MIA","-","999.0","-","-","-","-","-","-","-","-","-","-","-"
"1497","J. Williams","J. Williams","WR","","","","injury-status","BYE","-","999.0","-","-","-","-","-","-","-","-","-","-","-"
"1498","K. McCrary","K. McCrary","RB","","","","injury-status","BYE","-","999.0","-","-","-","-","-","-","-","-","-","-","-"
"1499","J. Stockton","J. Stockton","RB","","","","injury-status","BYE","-","999.0","-","-","-","-","-","-","-","-","-","-","-"
"1500","D. Prince","D. Prince","WR","","","","injury-status","BYE","-","999.0","-","-","-","-","-","-","-","-","-","-","-"
"1501","D. Carrington","D. Carrington","WR","","","NA","injury-status na","BYE","-","999.0","-","-","-","-","-","-","-","-","-","-","-"
"1502","A. Wolf","A. Wolf","WR","","","","injury-status","BYE","-","999.0","-","-","-","-","-","-","-","-","-","-","-"
"1503","G. Holmes","G. Holmes","RB","","","","injury-status","BYE","-","999.0","-","-","-","-","-","-","-","-","-","-","-"
"1504","B. Bobo","B. Bobo","WR","","","","injury-status","BYE","-","440.0","-","-","-","-","-","-","-","-","-","-","-"
"1505","M. Peterson","M. Peterson","WR","","","","injury-status","BYE","-","999.0","-","-","-","-","-","-","-","-","-","-","-"
"1506","J. Butler","J. Butler","RB","","","","injury-status","BYE","-","999.0","-","-","-","-","-","-","-","-","-","-","-"
"1507","M. Turner","M. Turner","WR","","","","injury-status","BYE","-","999.0","-","-","-","-","-","-","-","-","-","-","-"
"1508","M. Jones","M. Jones","WR","","","","injury-status","BYE","-","999.0","-","-","-","-","-","-","-","-","-","-","-"
"1509","M. Chapman","M. Chapman","WR","","","","injury-status","BYE","-","999.0","-","-","-","-","-","-","-","-","-","-","-"
"1510","J. Murphy","J. Murphy","WR","","","","injury-status","BYE","-","999.0","-","-","-","-","-","-","-","-","-","-","-"
"1511","C. Serigne","C. Serigne","TE","","","","injury-status","BYE","-","999.0","-","-","-","-","-","-","-","-","-","-","-"
"1512","A. Lacombe","A. Lacombe","WR","","","","injury-status","BYE","-","659.0","-","-","-","-","-","-","-","-","-","-","-"
"1513","J. Smith","J. Smith","WR","","","","injury-status","BYE","-","999.0","-","-","-","-","-","-","-","-","-","-","-"
"1514","J. Crockett","J. Crockett","WR","","","","injury-status","BYE","-","999.0","-","-","-","-","-","-","-","-","-","-","-"
"1515","G. Dickerson","G. Dickerson","TE","","","","injury-status","BYE","-","999.0","-","-","-","-","-","-","-","-","-","-","-"
"1516","J. Graham","J. Graham","TE","","","Ques","injury-status questionable","BYE","-","999.0","-","-","-","-","-","-","-","-","-","-","-"
"1517","S. Badie","S. Badie","RB","","","","injury-status","BYE","-","999.0","-","-","-","-","-","-","-","-","-","-","-"
"1518","A. Roberts","A. Roberts","TE","","","","injury-status","BYE","-","999.0","-","-","-","-","-","-","-","-","-","-","-"
"1519","G. Hudson","G. Hudson","TE","","","","injury-status","BYE","-","655.7","-","-","-","-","-","-","-","-","-","-","-"
"1520","K. Ross","K. Ross","WR","","","","injury-status","BYE","-","999.0","-","-","-","-","-","-","-","-","-","-","-"
"1521","N. Stevens","N. Stevens","QB","","","","injury-status","BYE","-","999.0","-","-","-","-","-","-","-","-","-","-","-"
"1522","E. Massington","E. Massington","WR","NO","11","","injury-status","Final W 47-10 vs CAR","-","999.0","-","-","-","-","-","-","-","-","-","-","-"
"1523","D. Bryant","D. Bryant","WR","","","","injury-status","BYE","-","412.5","-","-","-","-","-","-","-","-","-","-","-"
"1524","C. Duncan","C. Duncan","WR","","","","injury-status","BYE","-","397.5","-","-","-","-","-","-","-","-","-","-","-"
"1525","C. Wilson","C. Wilson","TE","","","","injury-status","BYE","-","999.0","-","-","-","-","-","-","-","-","-","-","-"
"1526","D. Kidsy","D. Kidsy","WR","","","","injury-status","BYE","-","999.0","-","-","-","-","-","-","-","-","-","-","-"
"1527","R. Yurachek","R. Yurachek","TE","","","","injury-status","BYE","-","999.0","-","-","-","-","-","-","-","-","-","-","-"
"1528","T. Wilson","T. Wilson","WR","","","","injury-status","BYE","-","999.0","-","-","-","-","-","-","-","-","-","-","-"
"1529","N. Holley","N. Holley","WR","","","","injury-status","BYE","-","999.0","-","-","-","-","-","-","-","-","-","-","-"
"1530","L. Perez","L. Perez","QB","","","","injury-status","BYE","-","999.0","-","-","-","-","-","-","-","-","-","-","-"
"1531","J. Franklin","J. Franklin","WR","","","Ques","injury-status questionable","BYE","-","999.0","-","-","-","-","-","-","-","-","-","-","-"
"1532","D. Alexander","D. Alexander","WR","","","","injury-status","BYE","-","999.0","-","-","-","-","-","-","-","-","-","-","-"
"1533","R. Martin","R. Martin","RB","","","","injury-status","BYE","-","999.0","-","-","-","-","-","-","-","-","-","-","-"
"1534","M. Fleming","M. Fleming","WR","","","","injury-status","BYE","-","999.0","-","-","-","-","-","-","-","-","-","-","-"
"1535","Z. Olstad","Z. Olstad","RB","","","","injury-status","BYE","-","999.0","-","-","-","-","-","-","-","-","-","-","-"
"1536","R. Santoso","R. Santoso","K, P","","","","injury-status","BYE","-","700.0","-","-","-","-","-","-","-","-","-","-","-"
"1537","S. Wimann","S. Wimann","RB","","","","injury-status","BYE","-","999.0","-","-","-","-","-","-","-","-","-","-","-"
"1538","C. Lacy","C. Lacy","WR","","","Ques","injury-status questionable","BYE","-","999.0","-","-","-","-","-","-","-","-","-","-","-"
"1539","S. Roland","S. Roland","WR","CHI","5","","injury-status","Final W 24-17 vs TEN","-","999.0","-","-","-","-","-","-","-","-","-","-","-"
"1540","G. Johnson","G. Johnson","WR","","","","injury-status","BYE","-","999.0","-","-","-","-","-","-","-","-","-","-","-"
"1541","D. Dawkins","D. Dawkins","RB","","","","injury-status","BYE","-","999.0","-","-","-","-","-","-","-","-","-","-","-"
"1542","L. Rose","L. Rose","RB","","","NA","injury-status na","BYE","-","281.0","-","-","-","-","-","-","-","-","-","-","-"
"1543","A. Mahoungou","A. Mahoungou","WR","","","","injury-status","BYE","-","999.0","-","-","-","-","-","-","-","-","-","-","-"
"1544","S. Baggett","S. Baggett","TE","","","","injury-status","BYE","-","287.0","-","-","-","-","-","-","-","-","-","-","-"
"1545","D. Boyd","D. Boyd","WR","","","","injury-status","BYE","-","999.0","-","-","-","-","-","-","-","-","-","-","-"
"1546","B. Roback","B. Roback","QB","","","","injury-status","BYE","-","999.0","-","-","-","-","-","-","-","-","-","-","-"
"1547","J. Smallwood","J. Smallwood","WR","","","","injury-status","BYE","-","621.4","-","-","-","-","-","-","-","-","-","-","-"
"1548","T. Tebow","T. Tebow","TE","","","","injury-status","BYE","-","533.1","-","-","-","-","-","-","-","-","-","-","-"
"1549","C. Warren","C. Warren","RB","","","","injury-status","BYE","-","999.0","-","-","-","-","-","-","-","-","-","-","-"
"1550","H. Poggi","H. Poggi","RB","","","","injury-status","BYE","-","553.4","-","-","-","-","-","-","-","-","-","-","-"
"1551","C. Beebe","C. Beebe","WR","","","","injury-status","BYE","-","999.0","-","-","-","-","-","-","-","-","-","-","-"
"1552","J. Stanton","J. Stanton","RB","","","","injury-status","BYE","-","999.0","-","-","-","-","-","-","-","-","-","-","-"
"1553","J. Allen","J. Allen","RB","","","","injury-status","BYE","-","999.0","-","-","-","-","-","-","-","-","-","-","-"
"1554","J. Cabinda","J. Cabinda","RB","","","","injury-status","BYE","-","999.0","-","-","-","-","-","-","-","-","-","-","-"
"1555","K. Hill","K. Hill","RB","","","","injury-status","BYE","-","999.0","-","-","-","-","-","-","-","-","-","-","-"
"1556","M. Martin","M. Martin","RB","","","","injury-status","BYE","-","999.0","-","-","-","-","-","-","-","-","-","-","-"
"1557","J. Moore","J. Moore","RB","","","","injury-status","BYE","-","694.0","-","-","-","-","-","-","-","-","-","-","-"
"1558","D. Williams","D. Williams","RB","","","","injury-status","BYE","-","999.0","-","-","-","-","-","-","-","-","-","-","-"
"1559","E. Marks","E. Marks","WR","","","","injury-status","BYE","-","290.0","-","-","-","-","-","-","-","-","-","-","-"
"1560","R. Smith","R. Smith","TE","","","","injury-status","BYE","-","999.0","-","-","-","-","-","-","-","-","-","-","-"
"1561","D. Willies","D. Willies","WR","","","","injury-status","BYE","-","999.0","-","-","-","-","-","-","-","-","-","-","-"
"1562","D. Hilliard","D. Hilliard","RB","","","Ques","injury-status questionable","BYE","-","999.0","-","-","-","-","-","-","-","-","-","-","-"
"1563","E. Berry","E. Berry","WR","","","","injury-status","BYE","-","999.0","-","-","-","-","-","-","-","-","-","-","-"
"1564","C. Scotland-Williamson","C. Scotland-Williamson","TE","","","","injury-status","BYE","-","999.0","-","-","-","-","-","-","-","-","-","-","-"
"1565","N. Keizer","N. Keizer","TE","","","","injury-status","BYE","-","292.0","-","-","-","-","-","-","-","-","-","-","-"
"1566","D. Turner","D. Turner","RB","","","","injury-status","BYE","-","298.0","-","-","-","-","-","-","-","-","-","-","-"
"1567","M. Thompson","M. Thompson","RB","","","","injury-status","BYE","-","999.0","-","-","-","-","-","-","-","-","-","-","-"
"1568","C. Ezeala","C. Ezeala","RB","","","","injury-status","BYE","-","999.0","-","-","-","-","-","-","-","-","-","-","-"
"1569","K. Vedvik","K. Vedvik","K, P","","","","injury-status","BYE","-","700.0","-","-","-","-","-","-","-","-","-","-","-"
"1570","C. Sims","C. Sims","WR","","","Ques","injury-status questionable","BYE","-","419.5","-","-","-","-","-","-","-","-","-","-","-"
"1571","S. Fields","S. Fields","WR","","","","injury-status","BYE","-","999.0","-","-","-","-","-","-","-","-","-","-","-"
"1572","R. Jeune","R. Jeune","WR","","","","injury-status","BYE","-","999.0","-","-","-","-","-","-","-","-","-","-","-"
"1573","L. Gonzalez","L. Gonzalez","WR","","","","injury-status","BYE","-","999.0","-","-","-","-","-","-","-","-","-","-","-"
"1574","J. Diarse","J. Diarse","WR","","","","injury-status","BYE","-","999.0","-","-","-","-","-","-","-","-","-","-","-"
"1575","S. Bailey","S. Bailey","WR","","","","injury-status","BYE","-","999.0","-","-","-","-","-","-","-","-","-","-","-"
"1576","E. Philips","E. Philips","RB","","","","injury-status","BYE","-","999.0","-","-","-","-","-","-","-","-","-","-","-"
"1577","P. Pujals","P. Pujals","QB","","","","injury-status","BYE","-","999.0","-","-","-","-","-","-","-","-","-","-","-"
"1578","A. Foreman","A. Foreman","WR","","","","injury-status","BYE","-","999.0","-","-","-","-","-","-","-","-","-","-","-"
"1579","J. Crawford","J. Crawford","RB","","","","injury-status","BYE","-","417.0","-","-","-","-","-","-","-","-","-","-","-"
"1580","T. Moore","T. Moore","K","","","","injury-status","BYE","-","700.0","-","-","-","-","-","-","-","-","-","-","-"
"1581","S. Wilson","S. Wilson","RB","","","","injury-status","BYE","-","999.0","-","-","-","-","-","-","-","-","-","-","-"
"1582","J. Heneghan","J. Heneghan","QB","","","","injury-status","BYE","-","478.0","-","-","-","-","-","-","-","-","-","-","-"
"1583","M. McCrane","M. McCrane","K","","","","injury-status","BYE","-","999.0","-","-","-","-","-","-","-","-","-","-","-"
"1584","A. Bloom","A. Bloom","TE","","","","injury-status","BYE","-","999.0","-","-","-","-","-","-","-","-","-","-","-"
"1585","J. Trinnaman","J. Trinnaman","WR","","","","injury-status","BYE","-","999.0","-","-","-","-","-","-","-","-","-","-","-"
"1586","E. Sanders","E. Sanders","WR","","","","injury-status","BYE","-","616.0","-","-","-","-","-","-","-","-","-","-","-"
"1587","A. Brown","A. Brown","WR","","","","injury-status","BYE","-","538.5","-","-","-","-","-","-","-","-","-","-","-"
"1588","D. Miller","D. Miller","WR","","","","injury-status","BYE","-","999.0","-","-","-","-","-","-","-","-","-","-","-"
"1589","A. Manzo-Lewis","A. Manzo-Lewis","TE","","","","injury-status","BYE","-","999.0","-","-","-","-","-","-","-","-","-","-","-"
"1590","N. Sharga","N. Sharga","RB","","","","injury-status","BYE","-","299.0","-","-","-","-","-","-","-","-","-","-","-"
"1591","J. Looney","J. Looney","TE","","","","injury-status","BYE","-","468.8","-","-","-","-","-","-","-","-","-","-","-"
"1592","A. Callaway","A. Callaway","WR","","","","injury-status","BYE","-","999.0","-","-","-","-","-","-","-","-","-","-","-"
"1593","E. Wellman","E. Wellman","TE","","","","injury-status","BYE","-","999.0","-","-","-","-","-","-","-","-","-","-","-"
"1594","D. Pierson-El","D. Pierson-El","WR","","","","injury-status","BYE","-","999.0","-","-","-","-","-","-","-","-","-","-","-"
"1595","M. Holder","M. Holder","WR","","","","injury-status","BYE","-","999.0","-","-","-","-","-","-","-","-","-","-","-"
"1596","J. Veasy","J. Veasy","WR","","","","injury-status","BYE","-","999.0","-","-","-","-","-","-","-","-","-","-","-"
"1597","D. Ross","D. Ross","WR","","","","injury-status","BYE","-","999.0","-","-","-","-","-","-","-","-","-","-","-"
"1598","D. Burnett","D. Burnett","WR","","","","injury-status","BYE","-","999.0","-","-","-","-","-","-","-","-","-","-","-"
"1599","C. Batson","C. Batson","WR","","","","injury-status","BYE","-","999.0","-","-","-","-","-","-","-","-","-","-","-"
"1600","A. Allen","A. Allen","QB","","","","injury-status","BYE","-","622.5","-","-","-","-","-","-","-","-","-","-","-"
"1601","R. Dwelley","R. Dwelley","TE","ATL","5","","injury-status","Final L 10-18 vs PIT","-","999.0","-","-","-","-","-","-","-","-","-","-","-"
"1602","K. White","K. White","WR","","","","injury-status","BYE","-","999.0","-","-","-","-","-","-","-","-","-","-","-"
"1603","J. Franklin","J. Franklin","RB","","","","injury-status","BYE","-","999.0","-","-","-","-","-","-","-","-","-","-","-"
"1604","D. Yelder","D. Yelder","TE","","","","injury-status","BYE","-","999.0","-","-","-","-","-","-","-","-","-","-","-"
"1605","T. Hoppes","T. Hoppes","TE","","","","injury-status","BYE","-","592.3","-","-","-","-","-","-","-","-","-","-","-"
"1606","J. Badet","J. Badet","WR","","","","injury-status","BYE","-","999.0","-","-","-","-","-","-","-","-","-","-","-"
"1607","K. Pettway","K. Pettway","RB","","","","injury-status","BYE","-","999.0","-","-","-","-","-","-","-","-","-","-","-"
"1608","B. Howell","B. Howell","RB","","","","injury-status","BYE","-","999.0","-","-","-","-","-","-","-","-","-","-","-"
"1609","C. McElroy","C. McElroy","TE","","","Ques","injury-status questionable","BYE","-","999.0","-","-","-","-","-","-","-","-","-","-","-"
"1610","B. Johnson","B. Johnson","TE","","","","injury-status","BYE","-","999.0","-","-","-","-","-","-","-","-","-","-","-"
"1611","N. Shimonek","N. Shimonek","QB","","","","injury-status","BYE","-","999.0","-","-","-","-","-","-","-","-","-","-","-"
"1612","B. Mack","B. Mack","TE","","","","injury-status","BYE","-","999.0","-","-","-","-","-","-","-","-","-","-","-"
"1613","C. Litton","C. Litton","QB","","","","injury-status","BYE","-","999.0","-","-","-","-","-","-","-","-","-","-","-"
"1614","J. Weah","J. Weah","WR","","","","injury-status","BYE","-","405.0","-","-","-","-","-","-","-","-","-","-","-"
"1615","V. Smith","V. Smith","WR","","","","injury-status","BYE","-","622.3","-","-","-","-","-","-","-","-","-","-","-"
"1616","T. Boyle","T. Boyle","QB","NYG","14","","injury-status","Final L 6-28 vs MIN","-","493.0","-","-","-","-","-","-","-","-","-","-","-"
"1617","T. Redding","T. Redding","WR","","","","injury-status","BYE","-","999.0","-","-","-","-","-","-","-","-","-","-","-"
"1618","J. Williams","J. Williams","WR","","","","injury-status","BYE","-","999.0","-","-","-","-","-","-","-","-","-","-","-"
"1619","J. Franks","J. Franks","TE","","","","injury-status","BYE","-","999.0","-","-","-","-","-","-","-","-","-","-","-"
"1620","R. Lawry","R. Lawry","RB","","","","injury-status","BYE","-","999.0","-","-","-","-","-","-","-","-","-","-","-"
"1621","R. Foster","R. Foster","WR","","","","injury-status","BYE","-","999.0","-","-","-","-","-","-","-","-","-","-","-"
"1622","A. Levrone","A. Levrone","WR","","","","injury-status","BYE","-","999.0","-","-","-","-","-","-","-","-","-","-","-"
"1623","D. Marvin","D. Marvin","K","","","","injury-status","BYE","-","700.0","-","-","-","-","-","-","-","-","-","-","-"
"1624","J. Roh","J. Roh","TE","","","","injury-status","BYE","-","660.0","-","-","-","-","-","-","-","-","-","-","-"
"1625","T. Mangen","T. Mangen","TE","","","","injury-status","BYE","-","465.8","-","-","-","-","-","-","-","-","-","-","-"
"1626","D. Gray","D. Gray","WR","","","","injury-status","BYE","-","999.0","-","-","-","-","-","-","-","-","-","-","-"
"1627","D. Clark","D. Clark","WR","","","","injury-status","BYE","-","999.0","-","-","-","-","-","-","-","-","-","-","-"
"1628","D. Byrd","D. Byrd","WR","","","","injury-status","BYE","-","999.0","-","-","-","-","-","-","-","-","-","-","-"
"1629","C. Blake","C. Blake","WR","","","","injury-status","BYE","-","999.0","-","-","-","-","-","-","-","-","-","-","-"
"1630","D. Marx","D. Marx","RB","","","","injury-status","BYE","-","999.0","-","-","-","-","-","-","-","-","-","-","-"
"1631","L. Jordan","L. Jordan","QB","","","","injury-status","BYE","-","625.7","-","-","-","-","-","-","-","-","-","-","-"
"1632","A. Ramesh","A. Ramesh","RB","","","","injury-status","BYE","-","999.0","-","-","-","-","-","-","-","-","-","-","-"
"1633","K. Lewis","K. Lewis","WR","","","","injury-status","BYE","-","607.4","-","-","-","-","-","-","-","-","-","-","-"
"1634","D. Wells","D. Wells","TE","","","","injury-status","BYE","-","999.0","-","-","-","-","-","-","-","-","-","-","-"
"1635","M. Baugh","M. Baugh","TE","","","","injury-status","BYE","-","999.0","-","-","-","-","-","-","-","-","-","-","-"
"1636","C. Hunt","C. Hunt","TE","","","","injury-status","BYE","-","999.0","-","-","-","-","-","-","-","-","-","-","-"
"1637","M. Badgley","M. Badgley","K","DET","8","","injury-status","Final W 26-20 vs LAR","-","665.0","-","-","-","-","-","-","-","-","-","-","-"
"1638","J. Barrett","J. Barrett","QB","","","","injury-status","BYE","-","999.0","-","-","-","-","-","-","-","-","-","-","-"
"1639","T. Williams","T. Williams","WR","","","","injury-status","BYE","-","999.0","-","-","-","-","-","-","-","-","-","-","-"
"1640","C. Scott","C. Scott","WR","TEN","10","","injury-status","Final L 17-24 @ CHI","-","999.0","-","-","-","-","-","-","-","-","-","-","-"
"1641","G. Igwebuike","G. Igwebuike","RB","","","","injury-status","BYE","-","999.0","-","-","-","-","-","-","-","-","-","-","-"
"1642","J. Reese","J. Reese","TE","","","","injury-status","BYE","-","999.0","-","-","-","-","-","-","-","-","-","-","-"
"1643","J. Wieneke","J. Wieneke","WR","","","","injury-status","BYE","-","999.0","-","-","-","-","-","-","-","-","-","-","-"
"1644","K. Robertson","K. Robertson","WR","","","","injury-status","BYE","-","999.0","-","-","-","-","-","-","-","-","-","-","-"
"1645","M. Murdock","M. Murdock","WR","","","","injury-status","BYE","-","999.0","-","-","-","-","-","-","-","-","-","-","-"
"1646","T. Swanson","T. Swanson","RB","","","","injury-status","BYE","-","999.0","-","-","-","-","-","-","-","-","-","-","-"
"1647","R. Gafford","R. Gafford","WR","","","","injury-status","BYE","-","999.0","-","-","-","-","-","-","-","-","-","-","-"
"1648","E. Wolf","E. Wolf","TE","","","","injury-status","BYE","-","663.0","-","-","-","-","-","-","-","-","-","-","-"
"1649","A. Wadley","A. Wadley","RB","","","","injury-status","BYE","-","999.0","-","-","-","-","-","-","-","-","-","-","-"
"1650","D. Grayson","D. Grayson","WR","","","","injury-status","BYE","-","999.0","-","-","-","-","-","-","-","-","-","-","-"
"1651","K. Rader","K. Rader","TE","","","Ques","injury-status questionable","BYE","-","695.5","-","-","-","-","-","-","-","-","-","-","-"
"1652","P. Lindsay","P. Lindsay","RB","","","","injury-status","BYE","-","999.0","-","-","-","-","-","-","-","-","-","-","-"
"1653","M. Earl","M. Earl","WR","","","","injury-status","BYE","-","999.0","-","-","-","-","-","-","-","-","-","-","-"
"1654","J. Chunn","J. Chunn","RB","","","","injury-status","BYE","-","566.0","-","-","-","-","-","-","-","-","-","-","-"
"1655","D. Sturm","D. Sturm","QB","","","","injury-status","BYE","-","499.3","-","-","-","-","-","-","-","-","-","-","-"
"1656","D. Scott","D. Scott","WR","","","","injury-status","BYE","-","999.0","-","-","-","-","-","-","-","-","-","-","-"
"1657","R. Nall","R. Nall","RB","","","","injury-status","BYE","-","999.0","-","-","-","-","-","-","-","-","-","-","-"
"1658","R. Bonnafon","R. Bonnafon","RB","","","","injury-status","BYE","-","999.0","-","-","-","-","-","-","-","-","-","-","-"
"1659","A. Vollert","A. Vollert","TE","","","","injury-status","BYE","-","999.0","-","-","-","-","-","-","-","-","-","-","-"
"1660","C. Willis","C. Willis","WR","","","","injury-status","BYE","-","999.0","-","-","-","-","-","-","-","-","-","-","-"
"1661","R. Gronkowski","R. Gronkowski","TE","","","","injury-status","BYE","-","544.2","-","-","-","-","-","-","-","-","-","-","-"
"1662","L. McNitt","L. McNitt","RB","","","","injury-status","BYE","-","999.0","-","-","-","-","-","-","-","-","-","-","-"
"1663","M. Williams","M. Williams","RB","","","","injury-status","BYE","-","636.0","-","-","-","-","-","-","-","-","-","-","-"
"1664","D. Richard","D. Richard","RB","","","","injury-status","BYE","-","682.0","-","-","-","-","-","-","-","-","-","-","-"
"1665","K. Benkert","K. Benkert","QB","","","","injury-status","BYE","-","642.5","-","-","-","-","-","-","-","-","-","-","-"
"1666","J. Acklin","J. Acklin","WR","","","","injury-status","BYE","-","671.6","-","-","-","-","-","-","-","-","-","-","-"
"1667","T. Quinn","T. Quinn","WR","","","","injury-status","BYE","-","999.0","-","-","-","-","-","-","-","-","-","-","-"
"1668","M. Carter","M. Carter","RB","","","","injury-status","BYE","-","999.0","-","-","-","-","-","-","-","-","-","-","-"
"1669","J. Adams","J. Adams","RB","","","","injury-status","BYE","-","999.0","-","-","-","-","-","-","-","-","-","-","-"
"1670","K. Kirkwood","K. Kirkwood","WR","BAL","7","","injury-status","Final L 20-27 @ KC","-","699.0","-","-","-","-","-","-","-","-","-","-","-"
"1671","S. Mitchell","S. Mitchell","WR","","","","injury-status","BYE","-","999.0","-","-","-","-","-","-","-","-","-","-","-"
"1672","J. Jackson","J. Jackson","RB","","","","injury-status","BYE","-","508.5","-","-","-","-","-","-","-","-","-","-","-"
"1673","A. Tate","A. Tate","WR","","","","injury-status","BYE","-","999.0","-","-","-","-","-","-","-","-","-","-","-"
"1674","A. Jennings","A. Jennings","WR","","","","injury-status","BYE","-","999.0","-","-","-","-","-","-","-","-","-","-","-"
"1675","L. Woodside","L. Woodside","QB","CIN","10","","injury-status","Final L 10-16 vs NE","-","586.0","-","-","-","-","-","-","-","-","-","-","-"
"1676","A. Proehl","A. Proehl","WR","","","Ques","injury-status questionable","BYE","-","999.0","-","-","-","-","-","-","-","-","-","-","-"
"1677","D. Patterson","D. Patterson","WR","","","","injury-status","BYE","-","999.0","-","-","-","-","-","-","-","-","-","-","-"
"1678","A. McGough","A. McGough","QB","GB","5","","injury-status","Final L 29-34 @ PHI","-","999.0","-","-","-","-","-","-","-","-","-","-","-"
"1679","T. Cannon","T. Cannon","RB","","","","injury-status","BYE","-","999.0","-","-","-","-","-","-","-","-","-","-","-"
"1680","D. Etling","D. Etling","QB","","","","injury-status","BYE","-","661.0","-","-","-","-","-","-","-","-","-","-","-"
"1681","J. Thomas","J. Thomas","TE","","","","injury-status","BYE","-","999.0","-","-","-","-","-","-","-","-","-","-","-"
"1682","N. Bawden","N. Bawden","RB","","","","injury-status","BYE","-","999.0","-","-","-","-","-","-","-","-","-","-","-"
"1683","B. Scarbrough","B. Scarbrough","RB","","","","injury-status","BYE","-","418.8","-","-","-","-","-","-","-","-","-","-","-"
"1684","J. Wims","J. Wims","WR","","","","injury-status","BYE","-","999.0","-","-","-","-","-","-","-","-","-","-","-"
"1685","L. Falk","L. Falk","QB","","","","injury-status","BYE","-","999.0","-","-","-","-","-","-","-","-","-","-","-"
"1686","J. Samuels","J. Samuels","RB","","","","injury-status","BYE","-","627.0","-","-","-","-","-","-","-","-","-","-","-"
"1687","D. Cantrell","D. Cantrell","TE","","","Ques","injury-status questionable","BYE","-","999.0","-","-","-","-","-","-","-","-","-","-","-"
"1688","D. Fountain","D. Fountain","WR","","","","injury-status","BYE","-","367.0","-","-","-","-","-","-","-","-","-","-","-"
"1689","D. Cain","D. Cain","WR","","","","injury-status","BYE","-","409.0","-","-","-","-","-","-","-","-","-","-","-"
"1690","J. Wilkins","J. Wilkins","RB","","","","injury-status","BYE","-","999.0","-","-","-","-","-","-","-","-","-","-","-"
"1691","R. Izzo","R. Izzo","TE","","","","injury-status","BYE","-","999.0","-","-","-","-","-","-","-","-","-","-","-"
"1692","T. Fumagalli","T. Fumagalli","TE","","","","injury-status","BYE","-","635.0","-","-","-","-","-","-","-","-","-","-","-"
"1693","D. Ratley","D. Ratley","WR","","","","injury-status","BYE","-","999.0","-","-","-","-","-","-","-","-","-","-","-"
"1694","K. Johnson","K. Johnson","RB","","","","injury-status","BYE","-","999.0","-","-","-","-","-","-","-","-","-","-","-"
"1695","R. Jones","R. Jones","RB","","","","injury-status","BYE","-","606.8","-","-","-","-","-","-","-","-","-","-","-"
"1696","M. Gallup","M. Gallup","WR","","","","injury-status","BYE","-","999.0","-","-","-","-","-","-","-","-","-","-","-"
"1697","J. Washington","J. Washington","WR","","","","injury-status","BYE","-","999.0","-","-","-","-","-","-","-","-","-","-","-"
"1698","A. Miller","A. Miller","WR","BAL","7","","injury-status","Final L 20-27 @ KC","-","999.0","-","-","-","-","-","-","-","-","-","-","-"
"1699","C. Herndon","C. Herndon","TE","","","","injury-status","BYE","-","999.0","-","-","-","-","-","-","-","-","-","-","-"
"1700","K. Coutee","K. Coutee","WR","","","","injury-status","BYE","-","999.0","-","-","-","-","-","-","-","-","-","-","-"
"1701","J. Scott","J. Scott","WR","","","","injury-status","BYE","-","481.3","-","-","-","-","-","-","-","-","-","-","-"
"1702","I. Smith","I. Smith","RB","DAL","10","","injury-status","Final W 33-17 @ CLE","-","999.0","-","-","-","-","-","-","-","-","-","-","-"
"1703","D. Hamilton","D. Hamilton","WR","","","","injury-status","BYE","-","999.0","-","-","-","-","-","-","-","-","-","-","-"
"1704","M. Walton","M. Walton","RB","","","","injury-status","BYE","-","999.0","-","-","-","-","-","-","-","-","-","-","-"
"1705","K. Lauletta","K. Lauletta","QB","","","","injury-status","BYE","-","404.0","-","-","-","-","-","-","-","-","-","-","-"
"1706","K. Ballage","K. Ballage","RB","","","","injury-status","BYE","-","999.0","-","-","-","-","-","-","-","-","-","-","-"
"1707","D. Pettis","D. Pettis","WR","NO","11","","injury-status","Final W 47-10 vs CAR","-","999.0","-","-","-","-","-","-","-","-","-","-","-"
"1708","S. Michel","S. Michel","RB","","","","injury-status","BYE","-","696.0","-","-","-","-","-","-","-","-","-","-","-"
"1709","D. Guice","D. Guice","RB","","","","injury-status","BYE","-","999.0","-","-","-","-","-","-","-","-","-","-","-"
"1710","M. Ateman","M. Ateman","WR","","","","injury-status","BYE","-","999.0","-","-","-","-","-","-","-","-","-","-","-"
"1711","D. Smith","D. Smith","TE","","","","injury-status","BYE","-","999.0","-","-","-","-","-","-","-","-","-","-","-"
"1712","S. Noil","S. Noil","WR","","","","injury-status","BYE","-","332.0","-","-","-","-","-","-","-","-","-","-","-"
"1713","A. Riles","A. Riles","WR","IND","11","","injury-status","Final L 27-29 vs HOU","-","999.0","-","-","-","-","-","-","-","-","-","-","-"
"1714","S. Howard","S. Howard","QB","SEA","8","","injury-status","Final W 26-20 vs DEN","-","999.0","-","-","-","-","-","-","-","-","-","-","-"
"1715","J. Williams","J. Williams","WR","","","","injury-status","BYE","-","418.5","-","-","-","-","-","-","-","-","-","-","-"
"1716","A. Appleby","A. Appleby","QB","","","","injury-status","BYE","-","428.5","-","-","-","-","-","-","-","-","-","-","-"
"1717","F. House","F. House","TE","CHI","5","","injury-status","Final W 24-17 vs TEN","-","999.0","-","-","-","-","-","-","-","-","-","-","-"
"1718","A. Fulwood","A. Fulwood","WR","","","","injury-status","BYE","-","999.0","-","-","-","-","-","-","-","-","-","-","-"
"1719","N. Schuessler","N. Schuessler","QB","PIT","5","","injury-status","Final W 18-10 @ ATL","-","999.0","-","-","-","-","-","-","-","-","-","-","-"
"1720","Z. Terrell","Z. Terrell","QB","BAL","7","","injury-status","Final L 20-27 @ KC","-","999.0","-","-","-","-","-","-","-","-","-","-","-"
"1721","R. Shell","R. Shell","RB","","","","injury-status","BYE","-","999.0","-","-","-","-","-","-","-","-","-","-","-"
"1722","G. Scantling","G. Scantling","WR","ATL","5","","injury-status","Final L 10-18 vs PIT","-","999.0","-","-","-","-","-","-","-","-","-","-","-"
"1723","D. Virgies","D. Virgies","RB","","","","injury-status","BYE","-","999.0","-","-","-","-","-","-","-","-","-","-","-"
"1724","Q. McDuffie","Q. McDuffie","WR","","","","injury-status","BYE","-","999.0","-","-","-","-","-","-","-","-","-","-","-"
"1725","D. Amendola","D. Amendola","WR","","","","injury-status","BYE","-","999.0","-","-","-","-","-","-","-","-","-","-","-"
"1726","C. Daniel","C. Daniel","QB","","","","injury-status","BYE","-","389.0","-","-","-","-","-","-","-","-","-","-","-"
"1727","R. Gould","R. Gould","K","","","","injury-status","BYE","-","999.0","-","-","-","-","-","-","-","-","-","-","-"
"1728","L. Atkins","L. Atkins","WR","","","","injury-status","BYE","-","638.0","-","-","-","-","-","-","-","-","-","-","-"
"1729","B. Zylstra","B. Zylstra","WR","","","","injury-status","BYE","-","999.0","-","-","-","-","-","-","-","-","-","-","-"
"1730","C. Bazile","C. Bazile","TE","","","","injury-status","BYE","-","999.0","-","-","-","-","-","-","-","-","-","-","-"
"1731","J. Robinson","J. Robinson","TE","","","","injury-status","BYE","-","999.0","-","-","-","-","-","-","-","-","-","-","-"
"1732","J. Rosen","J. Rosen","QB","","","","injury-status","BYE","-","576.0","-","-","-","-","-","-","-","-","-","-","-"
"1733","K. Taylor","K. Taylor","TE","","","","injury-status","BYE","-","999.0","-","-","-","-","-","-","-","-","-","-","-"
"1734","J. Evans","J. Evans","QB","","","","injury-status","BYE","-","999.0","-","-","-","-","-","-","-","-","-","-","-"
"1735","M. Leidner","M. Leidner","QB","","","","injury-status","BYE","-","590.0","-","-","-","-","-","-","-","-","-","-","-"
"1736","D. Sims","D. Sims","RB","","","","injury-status","BYE","-","999.0","-","-","-","-","-","-","-","-","-","-","-"
"1737","A. Price","A. Price","TE","","","","injury-status","BYE","-","999.0","-","-","-","-","-","-","-","-","-","-","-"
"1738","J. Liggins","J. Liggins","WR","","","","injury-status","BYE","-","565.3","-","-","-","-","-","-","-","-","-","-","-"
"1739","D. Williams","D. Williams","WR","","","","injury-status","BYE","-","999.0","-","-","-","-","-","-","-","-","-","-","-"
"1740","R. Davis","R. Davis","WR","","","","injury-status","BYE","-","999.0","-","-","-","-","-","-","-","-","-","-","-"
"1741","G. Hopper","G. Hopper","WR","","","","injury-status","BYE","-","999.0","-","-","-","-","-","-","-","-","-","-","-"
"1742","K. Lucas","K. Lucas","WR","","","","injury-status","BYE","-","999.0","-","-","-","-","-","-","-","-","-","-","-"
"1743","J. Staples","J. Staples","WR","","","","injury-status","BYE","-","999.0","-","-","-","-","-","-","-","-","-","-","-"
"1744","B. Riley","B. Riley","WR","","","","injury-status","BYE","-","999.0","-","-","-","-","-","-","-","-","-","-","-"
"1745","D. Hampton","D. Hampton","WR","","","","injury-status","BYE","-","999.0","-","-","-","-","-","-","-","-","-","-","-"
"1746","M. Bracy","M. Bracy","WR","","","","injury-status","BYE","-","999.0","-","-","-","-","-","-","-","-","-","-","-"
"1747","M. Estes","M. Estes","TE","","","","injury-status","BYE","-","594.5","-","-","-","-","-","-","-","-","-","-","-"
"1748","B. Radcliff","B. Radcliff","RB","","","","injury-status","BYE","-","999.0","-","-","-","-","-","-","-","-","-","-","-"
"1749","P. Howard","P. Howard","WR","","","","injury-status","BYE","-","523.1","-","-","-","-","-","-","-","-","-","-","-"
"1750","N. Iese","N. Iese","TE","","","","injury-status","BYE","-","999.0","-","-","-","-","-","-","-","-","-","-","-"
"1751","C. Germany","C. Germany","WR","","","","injury-status","BYE","-","999.0","-","-","-","-","-","-","-","-","-","-","-"
"1752","J. Rounds","J. Rounds","RB","","","","injury-status","BYE","-","999.0","-","-","-","-","-","-","-","-","-","-","-"
"1753","T. Armstrong Jr.","T. Armstrong Jr.","QB","","","","injury-status","BYE","-","999.0","-","-","-","-","-","-","-","-","-","-","-"
"1754","D. Victor","D. Victor","RB","","","","injury-status","BYE","-","999.0","-","-","-","-","-","-","-","-","-","-","-"
"1755","R. Wheelwright","R. Wheelwright","WR","","","","injury-status","BYE","-","999.0","-","-","-","-","-","-","-","-","-","-","-"
"1756","J. Westerkamp","J. Westerkamp","WR","","","","injury-status","BYE","-","334.0","-","-","-","-","-","-","-","-","-","-","-"
"1757","J. Seales","J. Seales","WR","","","","injury-status","BYE","-","999.0","-","-","-","-","-","-","-","-","-","-","-"
"1758","K. Whitfield","K. Whitfield","WR","","","","injury-status","BYE","-","999.0","-","-","-","-","-","-","-","-","-","-","-"
"1759","B. Cherry","B. Cherry","WR","","","","injury-status","BYE","-","438.0","-","-","-","-","-","-","-","-","-","-","-"
"1760","D. Hayes","D. Hayes","RB","","","","injury-status","BYE","-","999.0","-","-","-","-","-","-","-","-","-","-","-"
"1761","D. Olson","D. Olson","QB","","","","injury-status","BYE","-","999.0","-","-","-","-","-","-","-","-","-","-","-"
"1762","D. Llorens","D. Llorens","RB","","","","injury-status","BYE","-","999.0","-","-","-","-","-","-","-","-","-","-","-"
"1763","A. Zaruba","A. Zaruba","TE","","","","injury-status","BYE","-","999.0","-","-","-","-","-","-","-","-","-","-","-"
"1764","F. Brown","F. Brown","WR","","","","injury-status","BYE","-","300.5","-","-","-","-","-","-","-","-","-","-","-"
"1765","L. Lenoir","L. Lenoir","WR","","","","injury-status","BYE","-","999.0","-","-","-","-","-","-","-","-","-","-","-"
"1766","C. Posey","C. Posey","WR","","","","injury-status","BYE","-","999.0","-","-","-","-","-","-","-","-","-","-","-"
"1767","S. Donatell","S. Donatell","TE","","","","injury-status","BYE","-","999.0","-","-","-","-","-","-","-","-","-","-","-"
"1768","B. Burns","B. Burns","TE","BAL","7","","injury-status","Final L 20-27 @ KC","-","999.0","-","-","-","-","-","-","-","-","-","-","-"
"1769","D. Arnold","D. Arnold","TE","","","","injury-status","BYE","-","999.0","-","-","-","-","-","-","-","-","-","-","-"
"1770","C. Pearson","C. Pearson","WR","","","","injury-status","BYE","-","586.0","-","-","-","-","-","-","-","-","-","-","-"
"1771","A. Gray","A. Gray","TE","","","","injury-status","BYE","-","999.0","-","-","-","-","-","-","-","-","-","-","-"
"1772","J. Bacci","J. Bacci","RB","","","","injury-status","BYE","-","514.0","-","-","-","-","-","-","-","-","-","-","-"
"1773","S. Cotton","S. Cotton","TE","","","","injury-status","BYE","-","593.7","-","-","-","-","-","-","-","-","-","-","-"
"1774","B. Houston","B. Houston","QB","","","","injury-status","BYE","-","999.0","-","-","-","-","-","-","-","-","-","-","-"
"1775","M. Paige","M. Paige","WR","","","","injury-status","BYE","-","999.0","-","-","-","-","-","-","-","-","-","-","-"
"1776","P. Odom","P. Odom","TE","","","","injury-status","BYE","-","505.0","-","-","-","-","-","-","-","-","-","-","-"
"1777","S. Ryan","S. Ryan","WR","","","","injury-status","BYE","-","999.0","-","-","-","-","-","-","-","-","-","-","-"
"1778","G. Pascascio","G. Pascascio","WR","","","","injury-status","BYE","-","999.0","-","-","-","-","-","-","-","-","-","-","-"
"1779","K. Mabon","K. Mabon","WR","","","","injury-status","BYE","-","999.0","-","-","-","-","-","-","-","-","-","-","-"
"1780","T. Ferguson","T. Ferguson","QB","","","","injury-status","BYE","-","578.0","-","-","-","-","-","-","-","-","-","-","-"
"1781","K. Snead","K. Snead","WR","","","","injury-status","BYE","-","999.0","-","-","-","-","-","-","-","-","-","-","-"
"1782","K. Abdullah","K. Abdullah","RB","","","","injury-status","BYE","-","999.0","-","-","-","-","-","-","-","-","-","-","-"
"1783","T. Edmunds","T. Edmunds","RB","","","","injury-status","BYE","-","999.0","-","-","-","-","-","-","-","-","-","-","-"
"1784","A. Bailey","A. Bailey","QB","BAL","7","","injury-status","Final L 20-27 @ KC","-","999.0","-","-","-","-","-","-","-","-","-","-","-"
"1785","L. Clark","L. Clark","WR","","","","injury-status","BYE","-","999.0","-","-","-","-","-","-","-","-","-","-","-"
"1786","T. Swoopes","T. Swoopes","TE","","","","injury-status","BYE","-","999.0","-","-","-","-","-","-","-","-","-","-","-"
"1787","D. Rogers","D. Rogers","WR","","","","injury-status","BYE","-","999.0","-","-","-","-","-","-","-","-","-","-","-"
"1788","A. Brown","A. Brown","RB","","","","injury-status","BYE","-","999.0","-","-","-","-","-","-","-","-","-","-","-"
"1789","A. Scott","A. Scott","WR","","","","injury-status","BYE","-","999.0","-","-","-","-","-","-","-","-","-","-","-"
"1790","A. Patton","A. Patton","WR","","","","injury-status","BYE","-","999.0","-","-","-","-","-","-","-","-","-","-","-"
"1791","E. Jenkins","E. Jenkins","QB","","","","injury-status","BYE","-","999.0","-","-","-","-","-","-","-","-","-","-","-"
"1792","S. Culkin","S. Culkin","TE","","","","injury-status","BYE","-","999.0","-","-","-","-","-","-","-","-","-","-","-"
"1793","C. Clement","C. Clement","RB","","","","injury-status","BYE","-","999.0","-","-","-","-","-","-","-","-","-","-","-"
"1794","B. Brown","B. Brown","TE","","","","injury-status","BYE","-","999.0","-","-","-","-","-","-","-","-","-","-","-"
"1795","C. Thompson","C. Thompson","TE","","","","injury-status","BYE","-","999.0","-","-","-","-","-","-","-","-","-","-","-"
"1796","K. Johnson","K. Johnson","WR","","","","injury-status","BYE","-","999.0","-","-","-","-","-","-","-","-","-","-","-"
"1797","L. Tillery","L. Tillery","RB","","","","injury-status","BYE","-","999.0","-","-","-","-","-","-","-","-","-","-","-"
"1798","I. Mathers","I. Mathers","RB","","","","injury-status","BYE","-","470.9","-","-","-","-","-","-","-","-","-","-","-"
"1799","A. Etta-Tawo","A. Etta-Tawo","WR","","","","injury-status","BYE","-","458.0","-","-","-","-","-","-","-","-","-","-","-"
"1800","T. Cook","T. Cook","RB","","","","injury-status","BYE","-","999.0","-","-","-","-","-","-","-","-","-","-","-"
"1801","K. Cole","K. Cole","WR","","","","injury-status","BYE","-","494.4","-","-","-","-","-","-","-","-","-","-","-"
"1802","C. Bluiett","C. Bluiett","TE","","","","injury-status","BYE","-","999.0","-","-","-","-","-","-","-","-","-","-","-"
"1803","S. Hill","S. Hill","WR","","","","injury-status","BYE","-","999.0","-","-","-","-","-","-","-","-","-","-","-"
"1804","D. Gray","D. Gray","WR","","","","injury-status","BYE","-","999.0","-","-","-","-","-","-","-","-","-","-","-"
"1805","Z. Conque","Z. Conque","QB","","","","injury-status","BYE","-","999.0","-","-","-","-","-","-","-","-","-","-","-"
"1806","E. Baylis","E. Baylis","TE","","","Ques","injury-status questionable","BYE","-","999.0","-","-","-","-","-","-","-","-","-","-","-"
"1807","N. Thomas","N. Thomas","WR","","","","injury-status","BYE","-","999.0","-","-","-","-","-","-","-","-","-","-","-"
"1808","M. Rector","M. Rector","WR","","","","injury-status","BYE","-","999.0","-","-","-","-","-","-","-","-","-","-","-"
"1809","D. Ford","D. Ford","WR","","","","injury-status","BYE","-","999.0","-","-","-","-","-","-","-","-","-","-","-"
"1810","B. Barnes","B. Barnes","TE","","","","injury-status","BYE","-","999.0","-","-","-","-","-","-","-","-","-","-","-"
"1811","K. Sloter","K. Sloter","QB","","","","injury-status","BYE","-","682.3","-","-","-","-","-","-","-","-","-","-","-"
"1812","A. Nash","A. Nash","WR","","","","injury-status","BYE","-","999.0","-","-","-","-","-","-","-","-","-","-","-"
"1813","B. Jarwin","B. Jarwin","TE","","","","injury-status","BYE","-","999.0","-","-","-","-","-","-","-","-","-","-","-"
"1814","B. Brown","B. Brown","WR","","","","injury-status","BYE","-","601.0","-","-","-","-","-","-","-","-","-","-","-"
"1815","T. McNamara","T. McNamara","TE","","","","injury-status","BYE","-","999.0","-","-","-","-","-","-","-","-","-","-","-"
"1816","F. Stevenson","F. Stevenson","RB","","","","injury-status","BYE","-","999.0","-","-","-","-","-","-","-","-","-","-","-"
"1817","A. Phillips","A. Phillips","K","","","","injury-status","BYE","-","649.0","-","-","-","-","-","-","-","-","-","-","-"
"1818","T. Gentry","T. Gentry","WR","","","","injury-status","BYE","-","999.0","-","-","-","-","-","-","-","-","-","-","-"
"1819","M. Crabtree","M. Crabtree","WR","","","","injury-status","BYE","-","591.9","-","-","-","-","-","-","-","-","-","-","-"
"1820","J. Bouagnon","J. Bouagnon","RB","","","","injury-status","BYE","-","999.0","-","-","-","-","-","-","-","-","-","-","-"
"1821","K. Towbridge","K. Towbridge","TE","","","","injury-status","BYE","-","999.0","-","-","-","-","-","-","-","-","-","-","-"
"1822","D. Shorts","D. Shorts","WR","","","","injury-status","BYE","-","999.0","-","-","-","-","-","-","-","-","-","-","-"
"1823","J. Johnson","J. Johnson","RB","","","","injury-status","BYE","-","999.0","-","-","-","-","-","-","-","-","-","-","-"
"1824","J. Croom","J. Croom","TE","","","","injury-status","BYE","-","999.0","-","-","-","-","-","-","-","-","-","-","-"
"1825","S. Wroblewski","S. Wroblewski","TE","","","","injury-status","BYE","-","999.0","-","-","-","-","-","-","-","-","-","-","-"
"1826","J. Summers","J. Summers","RB","","","","injury-status","BYE","-","999.0","-","-","-","-","-","-","-","-","-","-","-"
"1827","R. Seals-Jones","R. Seals-Jones","TE","","","Ques","injury-status questionable","BYE","-","999.0","-","-","-","-","-","-","-","-","-","-","-"
"1828","T. Knight","T. Knight","QB","","","","injury-status","BYE","-","999.0","-","-","-","-","-","-","-","-","-","-","-"
"1829","K. Hogan","K. Hogan","WR","","","","injury-status","BYE","-","999.0","-","-","-","-","-","-","-","-","-","-","-"
"1830","T. Dural","T. Dural","WR","","","","injury-status","BYE","-","640.8","-","-","-","-","-","-","-","-","-","-","-"
"1831","D. Redding","D. Redding","RB","","","","injury-status","BYE","-","417.5","-","-","-","-","-","-","-","-","-","-","-"
"1832","B. Johnson","B. Johnson","WR","","","","injury-status","BYE","-","999.0","-","-","-","-","-","-","-","-","-","-","-"
"1833","G. Marks","G. Marks","WR","","","","injury-status","BYE","-","999.0","-","-","-","-","-","-","-","-","-","-","-"
"1834","J. Robinson-Woodgett","J. Robinson-Woodgett","RB","","","","injury-status","BYE","-","999.0","-","-","-","-","-","-","-","-","-","-","-"
"1835","T. Stevens","T. Stevens","WR","","","","injury-status","BYE","-","999.0","-","-","-","-","-","-","-","-","-","-","-"
"1836","A. Moore","A. Moore","WR","","","","injury-status","BYE","-","999.0","-","-","-","-","-","-","-","-","-","-","-"
"1837","M. Kemp","M. Kemp","WR","","","","injury-status","BYE","-","999.0","-","-","-","-","-","-","-","-","-","-","-"
"1838","W. Houston","W. Houston","TE","CAR","14","","injury-status","Final L 10-47 @ NO","-","999.0","-","-","-","-","-","-","-","-","-","-","-"
"1839","G. Dieter","G. Dieter","WR","","","","injury-status","BYE","-","999.0","-","-","-","-","-","-","-","-","-","-","-"
"1840","W. Stanback","W. Stanback","RB","","","","injury-status","BYE","-","999.0","-","-","-","-","-","-","-","-","-","-","-"
"1841","B. Wilson","B. Wilson","WR","","","","injury-status","BYE","-","347.0","-","-","-","-","-","-","-","-","-","-","-"
"1842","T. Sperbeck","T. Sperbeck","WR","","","","injury-status","BYE","-","999.0","-","-","-","-","-","-","-","-","-","-","-"
"1843","S. Liufau","S. Liufau","QB","","","","injury-status","BYE","-","638.0","-","-","-","-","-","-","-","-","-","-","-"
"1844","A. Auclair","A. Auclair","TE","","","","injury-status","BYE","-","999.0","-","-","-","-","-","-","-","-","-","-","-"
"1845","T. McCloskey","T. McCloskey","RB","","","","injury-status","BYE","-","479.0","-","-","-","-","-","-","-","-","-","-","-"
"1846","K. Cannon","K. Cannon","WR","","","","injury-status","BYE","-","999.0","-","-","-","-","-","-","-","-","-","-","-"
"1847","V. Bolden","V. Bolden","WR","","","","injury-status","BYE","-","337.0","-","-","-","-","-","-","-","-","-","-","-"
"1848","K. Hatcher","K. Hatcher","WR","","","","injury-status","BYE","-","999.0","-","-","-","-","-","-","-","-","-","-","-"
"1849","C. Harris","C. Harris","RB","","","","injury-status","BYE","-","999.0","-","-","-","-","-","-","-","-","-","-","-"
"1850","A. Firkser","A. Firkser","TE","KC","10","","injury-status","Final W 27-20 vs BAL","-","999.0","-","-","-","-","-","-","-","-","-","-","-"
"1851","B. Estime","B. Estime","WR","","","","injury-status","BYE","-","441.0","-","-","-","-","-","-","-","-","-","-","-"
"1852","J. Hollister","J. Hollister","TE","","","","injury-status","BYE","-","999.0","-","-","-","-","-","-","-","-","-","-","-"
"1853","C. Hollister","C. Hollister","WR","","","Ques","injury-status questionable","BYE","-","999.0","-","-","-","-","-","-","-","-","-","-","-"
"1854","A. Carr","A. Carr","WR","","","","injury-status","BYE","-","999.0","-","-","-","-","-","-","-","-","-","-","-"
"1855","R. Shelton","R. Shelton","WR","","","","injury-status","BYE","-","999.0","-","-","-","-","-","-","-","-","-","-","-"
"1856","J. Price","J. Price","TE","","","","injury-status","BYE","-","999.0","-","-","-","-","-","-","-","-","-","-","-"
"1857","T. Newby","T. Newby","RB","","","","injury-status","BYE","-","999.0","-","-","-","-","-","-","-","-","-","-","-"
"1858","W. Lunt","W. Lunt","QB","","","","injury-status","BYE","-","999.0","-","-","-","-","-","-","-","-","-","-","-"
"1859","D. Stringfellow","D. Stringfellow","WR","","","","injury-status","BYE","-","999.0","-","-","-","-","-","-","-","-","-","-","-"
"1860","D. Morgan","D. Morgan","WR","","","","injury-status","BYE","-","999.0","-","-","-","-","-","-","-","-","-","-","-"
"1861","M. Lewis","M. Lewis","WR","","","","injury-status","BYE","-","999.0","-","-","-","-","-","-","-","-","-","-","-"
"1862","K. Phillips","K. Phillips","RB","","","","injury-status","BYE","-","999.0","-","-","-","-","-","-","-","-","-","-","-"
"1863","A. Peck","A. Peck","TE","","","","injury-status","BYE","-","999.0","-","-","-","-","-","-","-","-","-","-","-"
"1864","S. Williams","S. Williams","RB","","","","injury-status","BYE","-","999.0","-","-","-","-","-","-","-","-","-","-","-"
"1865","M. Madaris","M. Madaris","WR","","","","injury-status","BYE","-","999.0","-","-","-","-","-","-","-","-","-","-","-"
"1866","D. Laufasa","D. Laufasa","RB","","","","injury-status","BYE","-","999.0","-","-","-","-","-","-","-","-","-","-","-"
"1867","K. Hamilton","K. Hamilton","WR","","","","injury-status","BYE","-","999.0","-","-","-","-","-","-","-","-","-","-","-"
"1868","C. Carter","C. Carter","TE","","","","injury-status","BYE","-","999.0","-","-","-","-","-","-","-","-","-","-","-"
"1869","F. Ross","F. Ross","WR","","","","injury-status","BYE","-","999.0","-","-","-","-","-","-","-","-","-","-","-"
"1870","A. Duke","A. Duke","WR","","","","injury-status","BYE","-","999.0","-","-","-","-","-","-","-","-","-","-","-"
"1871","R. Ortiz","R. Ortiz","RB","","","","injury-status","BYE","-","508.0","-","-","-","-","-","-","-","-","-","-","-"
"1872","T. Mizzell","T. Mizzell","RB","NYG","14","Ques","injury-status questionable","Final L 6-28 vs MIN","-","999.0","-","-","-","-","-","-","-","-","-","-","-"
"1873","C. Board","C. Board","WR","","","Ques","injury-status questionable","BYE","-","999.0","-","-","-","-","-","-","-","-","-","-","-"
"1874","L. Jacobs","L. Jacobs","WR","","","","injury-status","BYE","-","999.0","-","-","-","-","-","-","-","-","-","-","-"
"1875","P. Walker","P. Walker","QB","","","","injury-status","BYE","-","999.0","-","-","-","-","-","-","-","-","-","-","-"
"1876","J. Natson","J. Natson","WR","","","","injury-status","BYE","-","999.0","-","-","-","-","-","-","-","-","-","-","-"
"1877","J. Lane","J. Lane","WR","","","","injury-status","BYE","-","999.0","-","-","-","-","-","-","-","-","-","-","-"
"1878","C. Jeter","C. Jeter","TE","","","","injury-status","BYE","-","999.0","-","-","-","-","-","-","-","-","-","-","-"
"1879","B. Howard","B. Howard","TE","","","","injury-status","BYE","-","999.0","-","-","-","-","-","-","-","-","-","-","-"
"1880","T. Griffey","T. Griffey","WR","","","","injury-status","BYE","-","999.0","-","-","-","-","-","-","-","-","-","-","-"
"1881","D. Daniels","D. Daniels","TE","","","","injury-status","BYE","-","608.0","-","-","-","-","-","-","-","-","-","-","-"
"1882","D. Crossan","D. Crossan","RB","","","","injury-status","BYE","-","634.4","-","-","-","-","-","-","-","-","-","-","-"
"1883","J. Quick","J. Quick","WR","","","","injury-status","BYE","-","999.0","-","-","-","-","-","-","-","-","-","-","-"
"1884","S. Orndoff","S. Orndoff","TE","","","","injury-status","BYE","-","999.0","-","-","-","-","-","-","-","-","-","-","-"
"1885","T. Renew","T. Renew","RB","","","","injury-status","BYE","-","999.0","-","-","-","-","-","-","-","-","-","-","-"
"1886","J. Magee","J. Magee","WR","","","","injury-status","BYE","-","999.0","-","-","-","-","-","-","-","-","-","-","-"
"1887","I. Zamora","I. Zamora","WR","","","","injury-status","BYE","-","999.0","-","-","-","-","-","-","-","-","-","-","-"
"1888","R. Davis","R. Davis","WR","","","","injury-status","BYE","-","999.0","-","-","-","-","-","-","-","-","-","-","-"
"1889","K. Muhammad","K. Muhammad","RB","","","","injury-status","BYE","-","999.0","-","-","-","-","-","-","-","-","-","-","-"
"1890","C. Carson","C. Carson","RB","","","","injury-status","BYE","-","999.0","-","-","-","-","-","-","-","-","-","-","-"
"1891","E. McGuire","E. McGuire","RB","KC","10","","injury-status","Final W 27-20 vs BAL","-","999.0","-","-","-","-","-","-","-","-","-","-","-"
"1892","I. Ford","I. Ford","WR","","","","injury-status","BYE","-","999.0","-","-","-","-","-","-","-","-","-","-","-"
"1893","S. Rogers","S. Rogers","RB","","","","injury-status","BYE","-","999.0","-","-","-","-","-","-","-","-","-","-","-"
"1894","M. Schreck","M. Schreck","TE","","","","injury-status","BYE","-","999.0","-","-","-","-","-","-","-","-","-","-","-"
"1895","A. Armah","A. Armah","RB","","","","injury-status","BYE","-","999.0","-","-","-","-","-","-","-","-","-","-","-"
"1896","J. Sprinkle","J. Sprinkle","TE","","","Ques","injury-status questionable","BYE","-","999.0","-","-","-","-","-","-","-","-","-","-","-"
"1897","T. Taylor","T. Taylor","WR","SF","14","IR","injury-status ir","Final W 32-19 vs NYJ","-","999.0","-","-","-","-","-","-","-","-","-","-","-"
"1898","S. Gibson","S. Gibson","WR","","","","injury-status","BYE","-","999.0","-","-","-","-","-","-","-","-","-","-","-"
"1899","R. Adams","R. Adams","WR","","","","injury-status","BYE","-","343.0","-","-","-","-","-","-","-","-","-","-","-"
"1900","D. Yancey","D. Yancey","WR","","","","injury-status","BYE","-","999.0","-","-","-","-","-","-","-","-","-","-","-"
"1901","J. Agnew","J. Agnew","WR","PIT","5","Ques","injury-status questionable","Final W 18-10 @ ATL","-","999.0","-","-","-","-","-","-","-","-","-","-","-"
"1902","B. Hill","B. Hill","RB","","","","injury-status","BYE","-","999.0","-","-","-","-","-","-","-","-","-","-","-"
"1903","T. Logan","T. Logan","RB","","","","injury-status","BYE","-","999.0","-","-","-","-","-","-","-","-","-","-","-"
"1904","B. Hodges","B. Hodges","TE","","","","injury-status","BYE","-","999.0","-","-","-","-","-","-","-","-","-","-","-"
"1905","N. Peterman","N. Peterman","QB","ATL","5","","injury-status","Final L 10-18 vs PIT","-","654.8","-","-","-","-","-","-","-","-","-","-","-"
"1906","C. Hansen","C. Hansen","WR","","","","injury-status","BYE","-","999.0","-","-","-","-","-","-","-","-","-","-","-"
"1907","J. Chesson","J. Chesson","WR","","","","injury-status","BYE","-","999.0","-","-","-","-","-","-","-","-","-","-","-"
"1908","R. Switzer","R. Switzer","WR","","","","injury-status","BYE","-","999.0","-","-","-","-","-","-","-","-","-","-","-"
"1909","J. Malone","J. Malone","WR","","","","injury-status","BYE","-","999.0","-","-","-","-","-","-","-","-","-","-","-"
"1910","T. Cohen","T. Cohen","RB","","","","injury-status","BYE","-","999.0","-","-","-","-","-","-","-","-","-","-","-"
"1911","J. Leggett","J. Leggett","TE","","","","injury-status","BYE","-","999.0","-","-","-","-","-","-","-","-","-","-","-"
"1912","M. Mack","M. Mack","RB","","","Ques","injury-status questionable","BYE","-","999.0","-","-","-","-","-","-","-","-","-","-","-"
"1913","J. Butt","J. Butt","TE","","","","injury-status","BYE","-","466.1","-","-","-","-","-","-","-","-","-","-","-"
"1914","W. Gallman","W. Gallman","RB","","","","injury-status","BYE","-","999.0","-","-","-","-","-","-","-","-","-","-","-"
"1915","D. Westbrook","D. Westbrook","WR","","","","injury-status","BYE","-","999.0","-","-","-","-","-","-","-","-","-","-","-"
"1916","A. Darboh","A. Darboh","WR","","","","injury-status","BYE","-","999.0","-","-","-","-","-","-","-","-","-","-","-"
"1917","K. Golladay","K. Golladay","WR","","","","injury-status","BYE","-","999.0","-","-","-","-","-","-","-","-","-","-","-"
"1918","C. Williams","C. Williams","WR","","","Ques","injury-status questionable","BYE","-","579.5","-","-","-","-","-","-","-","-","-","-","-"
"1919","T. Taylor","T. Taylor","WR","","","","injury-status","BYE","-","999.0","-","-","-","-","-","-","-","-","-","-","-"
"1920","C. Henderson","C. Henderson","WR","","","","injury-status","BYE","-","999.0","-","-","-","-","-","-","-","-","-","-","-"
"1921","A. Shaheen","A. Shaheen","TE","","","","injury-status","BYE","-","467.0","-","-","-","-","-","-","-","-","-","-","-"
"1922","D. Webb","D. Webb","QB","","","","injury-status","BYE","-","636.0","-","-","-","-","-","-","-","-","-","-","-"
"1923","O. Howard","O. Howard","TE","","","","injury-status","BYE","-","999.0","-","-","-","-","-","-","-","-","-","-","-"
"1924","C. Kelly","C. Kelly","QB","","","","injury-status","BYE","-","999.0","-","-","-","-","-","-","-","-","-","-","-"
"1925","C. Grayson","C. Grayson","WR","","","","injury-status","BYE","-","590.0","-","-","-","-","-","-","-","-","-","-","-"
"1926","J. Williams","J. Williams","RB","","","","injury-status","BYE","-","502.5","-","-","-","-","-","-","-","-","-","-","-"
"1927","J. Ross","J. Ross","WR","","","Ques","injury-status questionable","BYE","-","686.5","-","-","-","-","-","-","-","-","-","-","-"
"1928","T. Wilson","T. Wilson","TE","","","","injury-status","BYE","-","999.0","-","-","-","-","-","-","-","-","-","-","-"
"1929","D. Kizer","D. Kizer","QB","","","","injury-status","BYE","-","999.0","-","-","-","-","-","-","-","-","-","-","-"
"1930","C. Briggs","C. Briggs","TE","","","","injury-status","BYE","-","999.0","-","-","-","-","-","-","-","-","-","-","-"
"1931","J. Huesman","J. Huesman","QB","","","","injury-status","BYE","-","999.0","-","-","-","-","-","-","-","-","-","-","-"
"1932","B. Sims","B. Sims","QB","","","","injury-status","BYE","-","999.0","-","-","-","-","-","-","-","-","-","-","-"
"1933","T. Pope","T. Pope","RB","","","Ques","injury-status questionable","BYE","-","999.0","-","-","-","-","-","-","-","-","-","-","-"
"1934","N. Truesdell","N. Truesdell","TE","","","","injury-status","BYE","-","999.0","-","-","-","-","-","-","-","-","-","-","-"
"1935","H. Binford","H. Binford","WR","","","","injury-status","BYE","-","999.0","-","-","-","-","-","-","-","-","-","-","-"
"1936","K. Thompson","K. Thompson","WR","","","","injury-status","BYE","-","999.0","-","-","-","-","-","-","-","-","-","-","-"
"1937","D. Watford","D. Watford","WR","","","","injury-status","BYE","-","999.0","-","-","-","-","-","-","-","-","-","-","-"
"1938","S. Ficken","S. Ficken","K","","","","injury-status","BYE","-","999.0","-","-","-","-","-","-","-","-","-","-","-"
"1939","E. Wallace","E. Wallace","TE","","","","injury-status","BYE","-","999.0","-","-","-","-","-","-","-","-","-","-","-"
"1940","M. Hall","M. Hall","WR","","","","injury-status","BYE","-","999.0","-","-","-","-","-","-","-","-","-","-","-"
"1941","G. Griffin","G. Griffin","TE","","","","injury-status","BYE","-","999.0","-","-","-","-","-","-","-","-","-","-","-"
"1942","R. Horn","R. Horn","WR","","","","injury-status","BYE","-","999.0","-","-","-","-","-","-","-","-","-","-","-"
"1943","K. Coleman","K. Coleman","RB","","","","injury-status","BYE","-","999.0","-","-","-","-","-","-","-","-","-","-","-"
"1944","R. Morris","R. Morris","RB","","","","injury-status","BYE","-","999.0","-","-","-","-","-","-","-","-","-","-","-"
"1945","M. McFarland","M. McFarland","TE","","","","injury-status","BYE","-","999.0","-","-","-","-","-","-","-","-","-","-","-"
"1946","J. Richard","J. Richard","RB","LV","8","","injury-status","Final L 10-22 @ LAC","-","999.0","-","-","-","-","-","-","-","-","-","-","-"
"1947","J. Simmons","J. Simmons","RB","","","","injury-status","BYE","-","665.0","-","-","-","-","-","-","-","-","-","-","-"
"1948","J. Mickens","J. Mickens","WR","","","","injury-status","BYE","-","999.0","-","-","-","-","-","-","-","-","-","-","-"
"1949","D. Williams","D. Williams","WR","","","Ques","injury-status questionable","BYE","-","999.0","-","-","-","-","-","-","-","-","-","-","-"
"1950","C. Ham","C. Ham","RB","MIN","6","IR","injury-status ir","Final W 28-6 @ NYG","-","391.8","-","-","-","-","-","-","-","-","-","-","-"
"1951","A. Rosas","A. Rosas","K","","","Ques","injury-status questionable","BYE","-","700.0","-","-","-","-","-","-","-","-","-","-","-"
"1952","A. Ellis","A. Ellis","TE","","","","injury-status","BYE","-","999.0","-","-","-","-","-","-","-","-","-","-","-"
"1953","M. Tucker","M. Tucker","WR","","","","injury-status","BYE","-","999.0","-","-","-","-","-","-","-","-","-","-","-"
"1954","B. Brown-Dukes","B. Brown-Dukes","RB","","","","injury-status","BYE","-","999.0","-","-","-","-","-","-","-","-","-","-","-"
"1955","J. Brown","J. Brown","K","","","","injury-status","BYE","-","999.0","-","-","-","-","-","-","-","-","-","-","-"
"1956","E. Penny","E. Penny","RB","","","","injury-status","BYE","-","999.0","-","-","-","-","-","-","-","-","-","-","-"
"1957","C. O'Neal","C. O'Neal","RB","","","","injury-status","BYE","-","999.0","-","-","-","-","-","-","-","-","-","-","-"
"1958","J. Vander Laan","J. Vander Laan","TE","","","","injury-status","BYE","-","999.0","-","-","-","-","-","-","-","-","-","-","-"
"1959","B. Shippen","B. Shippen","WR","","","","injury-status","BYE","-","999.0","-","-","-","-","-","-","-","-","-","-","-"
"1960","R. Mullaney","R. Mullaney","WR","","","","injury-status","BYE","-","999.0","-","-","-","-","-","-","-","-","-","-","-"
"1961","T. Jones","T. Jones","WR","","","","injury-status","BYE","-","999.0","-","-","-","-","-","-","-","-","-","-","-"
"1962","J. Holtz","J. Holtz","TE","","","","injury-status","BYE","-","459.8","-","-","-","-","-","-","-","-","-","-","-"
"1963","T. Carson","T. Carson","RB","","","","injury-status","BYE","-","999.0","-","-","-","-","-","-","-","-","-","-","-"
"1964","W. Ratelle","W. Ratelle","RB","","","","injury-status","BYE","-","999.0","-","-","-","-","-","-","-","-","-","-","-"
"1965","J. Cook","J. Cook","TE","","","","injury-status","BYE","-","658.0","-","-","-","-","-","-","-","-","-","-","-"
"1966","J. Perkins","J. Perkins","TE","NYJ","9","","injury-status","Final L 19-32 @ SF","-","999.0","-","-","-","-","-","-","-","-","-","-","-"
"1967","J. McKissic","J. McKissic","RB","","","Ques","injury-status questionable","BYE","-","381.8","-","-","-","-","-","-","-","-","-","-","-"
"1968","V. Showers","V. Showers","WR","","","","injury-status","BYE","-","999.0","-","-","-","-","-","-","-","-","-","-","-"
"1969","R. Diggs","R. Diggs","WR","","","","injury-status","BYE","-","999.0","-","-","-","-","-","-","-","-","-","-","-"
"1970","M. Thomas","M. Thomas","WR","","","Ques","injury-status questionable","BYE","-","999.0","-","-","-","-","-","-","-","-","-","-","-"
"1971","M. Weiser","M. Weiser","TE","","","","injury-status","BYE","-","999.0","-","-","-","-","-","-","-","-","-","-","-"
"1972","Q. Hicks","Q. Hicks","RB","","","","injury-status","BYE","-","999.0","-","-","-","-","-","-","-","-","-","-","-"
"1973","S. Vainuku","S. Vainuku","RB","","","","injury-status","BYE","-","999.0","-","-","-","-","-","-","-","-","-","-","-"
"1974","J. Williams-Lambert","J. Williams-Lambert","WR","","","","injury-status","BYE","-","999.0","-","-","-","-","-","-","-","-","-","-","-"
"1975","T. Lewis","T. Lewis","WR","","","Ques","injury-status questionable","BYE","-","999.0","-","-","-","-","-","-","-","-","-","-","-"
"1976","D. Stewart","D. Stewart","WR","","","","injury-status","BYE","-","999.0","-","-","-","-","-","-","-","-","-","-","-"
"1977","K. Cartwright","K. Cartwright","TE","","","","injury-status","BYE","-","999.0","-","-","-","-","-","-","-","-","-","-","-"
"1978","P. Barber","P. Barber","RB","","","","injury-status","BYE","-","570.0","-","-","-","-","-","-","-","-","-","-","-"
"1979","M. Leak","M. Leak","WR","","","","injury-status","BYE","-","999.0","-","-","-","-","-","-","-","-","-","-","-"
"1980","C. Rogers","C. Rogers","WR","","","","injury-status","BYE","-","999.0","-","-","-","-","-","-","-","-","-","-","-"
"1981","A. Bonnet","A. Bonnet","RB","","","","injury-status","BYE","-","999.0","-","-","-","-","-","-","-","-","-","-","-"
"1982","M. Michel","M. Michel","WR","","","","injury-status","BYE","-","999.0","-","-","-","-","-","-","-","-","-","-","-"
"1983","B. Williams","B. Williams","TE","","","","injury-status","BYE","-","999.0","-","-","-","-","-","-","-","-","-","-","-"
"1984","C. Severin","C. Severin","WR","","","","injury-status","BYE","-","999.0","-","-","-","-","-","-","-","-","-","-","-"
"1985","J. Robinson","J. Robinson","WR","","","","injury-status","BYE","-","999.0","-","-","-","-","-","-","-","-","-","-","-"
"1986","J. Jones","J. Jones","WR","","","","injury-status","BYE","-","999.0","-","-","-","-","-","-","-","-","-","-","-"
"1987","M. Mathews","M. Mathews","WR","","","","injury-status","BYE","-","999.0","-","-","-","-","-","-","-","-","-","-","-"
"1988","K. Maye","K. Maye","WR","","","","injury-status","BYE","-","999.0","-","-","-","-","-","-","-","-","-","-","-"
"1989","J. McGee","J. McGee","TE","","","","injury-status","BYE","-","999.0","-","-","-","-","-","-","-","-","-","-","-"
"1990","D. Williams","D. Williams","WR","","","","injury-status","BYE","-","999.0","-","-","-","-","-","-","-","-","-","-","-"
"1991","S. Scheu","S. Scheu","TE","","","","injury-status","BYE","-","999.0","-","-","-","-","-","-","-","-","-","-","-"
"1992","G. Allison","G. Allison","WR","","","","injury-status","BYE","-","999.0","-","-","-","-","-","-","-","-","-","-","-"
"1993","D. Cajuste","D. Cajuste","WR","","","","injury-status","BYE","-","999.0","-","-","-","-","-","-","-","-","-","-","-"
"1994","D. Griswold","D. Griswold","TE","","","","injury-status","BYE","-","999.0","-","-","-","-","-","-","-","-","-","-","-"
"1995","S. Anderson","S. Anderson","TE","","","","injury-status","BYE","-","999.0","-","-","-","-","-","-","-","-","-","-","-"
"1996","M. Bercovici","M. Bercovici","QB","","","","injury-status","BYE","-","999.0","-","-","-","-","-","-","-","-","-","-","-"
"1997","D. Foster","D. Foster","RB","","","","injury-status","BYE","-","999.0","-","-","-","-","-","-","-","-","-","-","-"
"1998","C. Brown","C. Brown","WR","","","","injury-status","BYE","-","999.0","-","-","-","-","-","-","-","-","-","-","-"
"1999","J. Holton","J. Holton","WR","","","","injury-status","BYE","-","999.0","-","-","-","-","-","-","-","-","-","-","-"
"2000","K. Garrett","K. Garrett","WR","","","","injury-status","BYE","-","999.0","-","-","-","-","-","-","-","-","-","-","-"
"2001","T. Bertolet","T. Bertolet","K","","","","injury-status","BYE","-","999.0","-","-","-","-","-","-","-","-","-","-","-"
"2002","B. Braunecker","B. Braunecker","TE","","","","injury-status","BYE","-","999.0","-","-","-","-","-","-","-","-","-","-","-"
"2003","M. North","M. North","WR","","","","injury-status","BYE","-","999.0","-","-","-","-","-","-","-","-","-","-","-"
"2004","R. Martin","R. Martin","K","","","","injury-status","BYE","-","999.0","-","-","-","-","-","-","-","-","-","-","-"
"2005","J. Stave","J. Stave","QB","","","","injury-status","BYE","-","532.0","-","-","-","-","-","-","-","-","-","-","-"
"2006","J. Ferguson","J. Ferguson","RB","","","","injury-status","BYE","-","999.0","-","-","-","-","-","-","-","-","-","-","-"
"2007","B. Hoyer","B. Hoyer","QB","","","","injury-status","BYE","-","648.0","-","-","-","-","-","-","-","-","-","-","-"
"2008","C. Jones","C. Jones","WR","","","","injury-status","BYE","-","999.0","-","-","-","-","-","-","-","-","-","-","-"
"2009","M. Johnson","M. Johnson","WR","","","","injury-status","BYE","-","999.0","-","-","-","-","-","-","-","-","-","-","-"
"2010","C. Swain","C. Swain","RB","","","","injury-status","BYE","-","999.0","-","-","-","-","-","-","-","-","-","-","-"
"2011","J. Woodrum","J. Woodrum","QB","","","","injury-status","BYE","-","430.0","-","-","-","-","-","-","-","-","-","-","-"
"2012","J. Edelman","J. Edelman","WR","","","","injury-status","BYE","-","510.2","-","-","-","-","-","-","-","-","-","-","-"
"2013","M. McKay","M. McKay","WR","","","","injury-status","BYE","-","999.0","-","-","-","-","-","-","-","-","-","-","-"
"2014","D. Johnson","D. Johnson","RB","","","","injury-status","BYE","-","999.0","-","-","-","-","-","-","-","-","-","-","-"
"2015","B. Sandland","B. Sandland","TE","","","","injury-status","BYE","-","999.0","-","-","-","-","-","-","-","-","-","-","-"
"2016","K. Lawler","K. Lawler","WR","","","","injury-status","BYE","-","999.0","-","-","-","-","-","-","-","-","-","-","-"
"2017","K. Marshall","K. Marshall","RB","","","","injury-status","BYE","-","999.0","-","-","-","-","-","-","-","-","-","-","-"
"2018","D. Fuller","D. Fuller","WR","","","","injury-status","BYE","-","999.0","-","-","-","-","-","-","-","-","-","-","-"
"2019","D. Washington","D. Washington","RB","","","Ques","injury-status questionable","BYE","-","557.0","-","-","-","-","-","-","-","-","-","-","-"
"2020","D. Lucien","D. Lucien","WR","","","","injury-status","BYE","-","999.0","-","-","-","-","-","-","-","-","-","-","-"
"2021","D. Jackson","D. Jackson","RB","","","","injury-status","BYE","-","999.0","-","-","-","-","-","-","-","-","-","-","-"
"2022","J. Driskel","J. Driskel","QB","WAS","12","","injury-status","Final L 20-37 @ TB","-","999.0","-","-","-","-","-","-","-","-","-","-","-"
"2023","C. Core","C. Core","WR","","","Ques","injury-status questionable","BYE","-","999.0","-","-","-","-","-","-","-","-","-","-","-"
"2024","D. Watt","D. Watt","RB","","","","injury-status","BYE","-","999.0","-","-","-","-","-","-","-","-","-","-","-"
"2025","D. Vitale","D. Vitale","RB","","","","injury-status","BYE","-","999.0","-","-","-","-","-","-","-","-","-","-","-"
"2026","K. Listenbee","K. Listenbee","WR","","","","injury-status","BYE","-","999.0","-","-","-","-","-","-","-","-","-","-","-"
"2027","J. Rudock","J. Rudock","QB","","","","injury-status","BYE","-","999.0","-","-","-","-","-","-","-","-","-","-","-"
"2028","N. Sudfeld","N. Sudfeld","QB","","","","injury-status","BYE","-","467.8","-","-","-","-","-","-","-","-","-","-","-"
"2029","J. Grant","J. Grant","WR","","","","injury-status","BYE","-","999.0","-","-","-","-","-","-","-","-","-","-","-"
"2030","J. Adams","J. Adams","TE","","","","injury-status","BYE","-","999.0","-","-","-","-","-","-","-","-","-","-","-"
"2031","M. Bohringer","M. Bohringer","TE","","","","injury-status","BYE","-","548.5","-","-","-","-","-","-","-","-","-","-","-"
"2032","T. Hemingway","T. Hemingway","TE","WAS","12","","injury-status","Final L 20-37 @ TB","-","999.0","-","-","-","-","-","-","-","-","-","-","-"
"2033","A. Janovich","A. Janovich","RB","","","","injury-status","BYE","-","999.0","-","-","-","-","-","-","-","-","-","-","-"
"2034","R. Fitzpatrick","R. Fitzpatrick","QB","","","","injury-status","BYE","-","411.5","-","-","-","-","-","-","-","-","-","-","-"
"2035","R. Higgins","R. Higgins","WR","","","","injury-status","BYE","-","999.0","-","-","-","-","-","-","-","-","-","-","-"
"2036","T. Davis","T. Davis","WR","","","","injury-status","BYE","-","999.0","-","-","-","-","-","-","-","-","-","-","-"
"2037","K. Hogan","K. Hogan","QB","","","","injury-status","BYE","-","999.0","-","-","-","-","-","-","-","-","-","-","-"
"2038","J. Williams","J. Williams","RB","","","Ques","injury-status questionable","BYE","-","664.0","-","-","-","-","-","-","-","-","-","-","-"
"2039","P. Rivers","P. Rivers","QB","","","","injury-status","BYE","-","457.0","-","-","-","-","-","-","-","-","-","-","-"
"2040","W. Smallwood","W. Smallwood","RB","WAS","12","","injury-status","Final L 20-37 @ TB","-","291.0","-","-","-","-","-","-","-","-","-","-","-"
"2041","J. Howard","J. Howard","RB","","","","injury-status","BYE","-","999.0","-","-","-","-","-","-","-","-","-","-","-"
"2042","D. Washington","D. Washington","RB","","","","injury-status","BYE","-","999.0","-","-","-","-","-","-","-","-","-","-","-"
"2043","T. Sharpe","T. Sharpe","WR","","","Ques","injury-status questionable","BYE","-","999.0","-","-","-","-","-","-","-","-","-","-","-"
"2044","S. DeValve","S. DeValve","TE","","","","injury-status","BYE","-","999.0","-","-","-","-","-","-","-","-","-","-","-"
"2045","T. Ervin","T. Ervin","RB","","","Ques","injury-status questionable","BYE","-","999.0","-","-","-","-","-","-","-","-","-","-","-"
"2046","P. Cooper","P. Cooper","WR","","","","injury-status","BYE","-","999.0","-","-","-","-","-","-","-","-","-","-","-"
"2047","B. Kaufusi","B. Kaufusi","TE","GB","5","","injury-status","Final L 29-34 @ PHI","-","453.7","-","-","-","-","-","-","-","-","-","-","-"
"2048","P. Perkins","P. Perkins","RB","","","","injury-status","BYE","-","493.3","-","-","-","-","-","-","-","-","-","-","-"
"2049","D. Booker","D. Booker","RB","","","","injury-status","BYE","-","999.0","-","-","-","-","-","-","-","-","-","-","-"
"2050","K. Dixon","K. Dixon","RB","","","","injury-status","BYE","-","999.0","-","-","-","-","-","-","-","-","-","-","-"
"2051","C. Kessler","C. Kessler","QB","","","","injury-status","BYE","-","999.0","-","-","-","-","-","-","-","-","-","-","-"
"2052","C. Prosise","C. Prosise","RB","","","","injury-status","BYE","-","999.0","-","-","-","-","-","-","-","-","-","-","-"
"2053","J. Doctson","J. Doctson","WR","","","","injury-status","BYE","-","999.0","-","-","-","-","-","-","-","-","-","-","-"
"2054","C. Coleman","C. Coleman","WR","","","","injury-status","BYE","-","999.0","-","-","-","-","-","-","-","-","-","-","-"
"2055","P. Lynch","P. Lynch","QB","","","","injury-status","BYE","-","999.0","-","-","-","-","-","-","-","-","-","-","-"
"2056","W. Fuller","W. Fuller","WR","","","Ques","injury-status questionable","BYE","-","999.0","-","-","-","-","-","-","-","-","-","-","-"
"2057","L. Treadwell","L. Treadwell","WR","IND","11","","injury-status","Final L 27-29 vs HOU","-","999.0","-","-","-","-","-","-","-","-","-","-","-"
"2058","X. Rush","X. Rush","WR","","","","injury-status","BYE","-","999.0","-","-","-","-","-","-","-","-","-","-","-"
"2059","A. Dable","A. Dable","WR","","","","injury-status","BYE","-","999.0","-","-","-","-","-","-","-","-","-","-","-"
"2060","M. Slater","M. Slater","WR","","","","injury-status","BYE","-","999.0","-","-","-","-","-","-","-","-","-","-","-"
"2061","J. Johnson","J. Johnson","WR","","","","injury-status","BYE","-","999.0","-","-","-","-","-","-","-","-","-","-","-"
"2062","C. Manhertz","C. Manhertz","TE","NYG","14","","injury-status","Final L 6-28 vs MIN","-","999.0","-","-","-","-","-","-","-","-","-","-","-"
"2063","G. Sinclair","G. Sinclair","TE","","","","injury-status","BYE","-","999.0","-","-","-","-","-","-","-","-","-","-","-"
"2064","R. Travis","R. Travis","TE","","","","injury-status","BYE","-","693.5","-","-","-","-","-","-","-","-","-","-","-"
"2065","M. Lengel","M. Lengel","TE","","","","injury-status","BYE","-","999.0","-","-","-","-","-","-","-","-","-","-","-"
"2066","M. Wile","M. Wile","P, K","","","","injury-status","BYE","-","999.0","-","-","-","-","-","-","-","-","-","-","-"
"2067","B. Cottom","B. Cottom","RB","","","","injury-status","BYE","-","999.0","-","-","-","-","-","-","-","-","-","-","-"
"2068","M. LaCosse","M. LaCosse","TE","NE","14","","injury-status","Final W 16-10 @ CIN","-","999.0","-","-","-","-","-","-","-","-","-","-","-"
"2069","D. Lawrence","D. Lawrence","WR","","","","injury-status","BYE","-","999.0","-","-","-","-","-","-","-","-","-","-","-"
"2070","D. Foxx","D. Foxx","WR","","","","injury-status","BYE","-","999.0","-","-","-","-","-","-","-","-","-","-","-"
"2071","B. Vogler","B. Vogler","TE","","","","injury-status","BYE","-","999.0","-","-","-","-","-","-","-","-","-","-","-"
"2072","R. Smith","R. Smith","RB","","","","injury-status","BYE","-","999.0","-","-","-","-","-","-","-","-","-","-","-"
"2073","D. Brees","D. Brees","QB","","","","injury-status","BYE","-","452.0","-","-","-","-","-","-","-","-","-","-","-"
"2074","Z. Laskey","Z. Laskey","RB","","","","injury-status","BYE","-","999.0","-","-","-","-","-","-","-","-","-","-","-"
"2075","D. Walker","D. Walker","TE","","","","injury-status","BYE","-","999.0","-","-","-","-","-","-","-","-","-","-","-"
"2076","K. Cook","K. Cook","WR","","","","injury-status","BYE","-","999.0","-","-","-","-","-","-","-","-","-","-","-"
"2077","A. Humphries","A. Humphries","WR","","","","injury-status","BYE","-","999.0","-","-","-","-","-","-","-","-","-","-","-"
"2078","J. Kumerow","J. Kumerow","WR","","","Ques","injury-status questionable","BYE","-","999.0","-","-","-","-","-","-","-","-","-","-","-"
"2079","M. Meyer","M. Meyer","K","","","","injury-status","BYE","-","999.0","-","-","-","-","-","-","-","-","-","-","-"
"2080","M. Palardy","M. Palardy","P, K - ARI(8)","","","","injury-status","Final L 28-34 @ BUF","-","999.0","-","-","-","-","-","-","-","-","-","-","-"
"2081","D. White","D. White","WR","","","Ques","injury-status questionable","BYE","-","999.0","-","-","-","-","-","-","-","-","-","-","-"
"2082","G. Johnson","G. Johnson","RB","","","","injury-status","BYE","-","999.0","-","-","-","-","-","-","-","-","-","-","-"
"2083","E. Tomlinson","E. Tomlinson","TE","LAC","12","","injury-status","Final W 22-10 vs LV","-","999.0","-","-","-","-","-","-","-","-","-","-","-"
"2084","R. Bailey","R. Bailey","WR","","","","injury-status","BYE","-","999.0","-","-","-","-","-","-","-","-","-","-","-"
"2085","D. Brown","D. Brown","TE","","","Ques","injury-status questionable","BYE","-","696.0","-","-","-","-","-","-","-","-","-","-","-"
"2086","A. Smith","A. Smith","QB","","","","injury-status","BYE","-","522.0","-","-","-","-","-","-","-","-","-","-","-"
"2087","J. Lambo","J. Lambo","K","","","","injury-status","BYE","-","999.0","-","-","-","-","-","-","-","-","-","-","-"
"2088","T. Long","T. Long","P, K","","","","injury-status","BYE","-","999.0","-","-","-","-","-","-","-","-","-","-","-"
"2089","J. Heaps","J. Heaps","QB","","","","injury-status","BYE","-","999.0","-","-","-","-","-","-","-","-","-","-","-"
"2090","D. Jennings","D. Jennings","WR","","","","injury-status","BYE","-","999.0","-","-","-","-","-","-","-","-","-","-","-"
"2091","T. Semisch","T. Semisch","TE","","","","injury-status","BYE","-","999.0","-","-","-","-","-","-","-","-","-","-","-"
"2092","A. Goodley","A. Goodley","WR","","","","injury-status","BYE","-","999.0","-","-","-","-","-","-","-","-","-","-","-"
"2093","M. Brown","M. Brown","RB","","","","injury-status","BYE","-","492.6","-","-","-","-","-","-","-","-","-","-","-"
"2094","D. Anderson","D. Anderson","WR","","","","injury-status","BYE","-","999.0","-","-","-","-","-","-","-","-","-","-","-"
"2095","T. Williams","T. Williams","WR","","","Ques","injury-status questionable","BYE","-","999.0","-","-","-","-","-","-","-","-","-","-","-"
"2096","T. Davis","T. Davis","WR","","","","injury-status","BYE","-","999.0","-","-","-","-","-","-","-","-","-","-","-"
"2097","Z. Zenner","Z. Zenner","RB","","","","injury-status","BYE","-","999.0","-","-","-","-","-","-","-","-","-","-","-"
"2098","R. Anderson","R. Anderson","TE","","","","injury-status","BYE","-","623.0","-","-","-","-","-","-","-","-","-","-","-"
"2099","G. Swaim","G. Swaim","TE","CLE","9","Ques","injury-status questionable","Final L 17-33 vs DAL","-","999.0","-","-","-","-","-","-","-","-","-","-","-"
"2100","D. Brown","D. Brown","WR","","","","injury-status","BYE","-","999.0","-","-","-","-","-","-","-","-","-","-","-"
"2101","B. Koyack","B. Koyack","TE","","","","injury-status","BYE","-","999.0","-","-","-","-","-","-","-","-","-","-","-"
"2102","D. Waller","D. Waller","TE","","","","injury-status","BYE","-","999.0","-","-","-","-","-","-","-","-","-","-","-"
"2103","M. Johnson","M. Johnson","RB","","","","injury-status","BYE","-","999.0","-","-","-","-","-","-","-","-","-","-","-"
"2104","N. O'Leary","N. O'Leary","TE","","","Ques","injury-status questionable","BYE","-","999.0","-","-","-","-","-","-","-","-","-","-","-"
"2105","G. Davis","G. Davis","WR","","","","injury-status","BYE","-","690.0","-","-","-","-","-","-","-","-","-","-","-"
"2106","J. O'Shaughnessy","J. O'Shaughnessy","TE","","","","injury-status","BYE","-","999.0","-","-","-","-","-","-","-","-","-","-","-"
"2107","N. Boyle","N. Boyle","TE","","","","injury-status","BYE","-","690.0","-","-","-","-","-","-","-","-","-","-","-"
"2108","M. Burton","M. Burton","RB","DEN","12","IR","injury-status ir","Final L 20-26 @ SEA","-","477.0","-","-","-","-","-","-","-","-","-","-","-"
"2109","K. Bell","K. Bell","WR","","","","injury-status","BYE","-","999.0","-","-","-","-","-","-","-","-","-","-","-"
"2110","J. James","J. James","TE","","","","injury-status","BYE","-","999.0","-","-","-","-","-","-","-","-","-","-","-"
"2111","J. Nelson","J. Nelson","WR","","","","injury-status","BYE","-","999.0","-","-","-","-","-","-","-","-","-","-","-"
"2112","C. Uzomah","C. Uzomah","TE","PHI","9","Ques","injury-status questionable","Final W 34-29 vs GB","-","454.5","-","-","-","-","-","-","-","-","-","-","-"
"2113","D. Sproles","D. Sproles","RB","","","","injury-status","BYE","-","999.0","-","-","-","-","-","-","-","-","-","-","-"
"2114","J. Ajayi","J. Ajayi","RB","","","","injury-status","BYE","-","543.3","-","-","-","-","-","-","-","-","-","-","-"
"2115","B. Hundley","B. Hundley","QB","","","","injury-status","BYE","-","999.0","-","-","-","-","-","-","-","-","-","-","-"
"2116","M. Davis","M. Davis","RB","","","","injury-status","BYE","-","999.0","-","-","-","-","-","-","-","-","-","-","-"
"2117","J. Allen","J. Allen","RB","","","","injury-status","BYE","-","649.6","-","-","-","-","-","-","-","-","-","-","-"
"2118","B. Bell","B. Bell","TE","","","","injury-status","BYE","-","555.8","-","-","-","-","-","-","-","-","-","-","-"
"2119","J. Hardy","J. Hardy","WR","","","","injury-status","BYE","-","649.4","-","-","-","-","-","-","-","-","-","-","-"
"2120","M. Ryan","M. Ryan","QB","","","","injury-status","BYE","-","426.6","-","-","-","-","-","-","-","-","-","-","-"
"2121","T. Montgomery","T. Montgomery","RB","","","","injury-status","BYE","-","999.0","-","-","-","-","-","-","-","-","-","-","-"
"2122","J. Heuerman","J. Heuerman","TE","","","","injury-status","BYE","-","999.0","-","-","-","-","-","-","-","-","-","-","-"
"2123","S. Mannion","S. Mannion","QB","","","","injury-status","BYE","-","999.0","-","-","-","-","-","-","-","-","-","-","-"
"2124","D. Johnson","D. Johnson","RB","","","","injury-status","BYE","-","446.8","-","-","-","-","-","-","-","-","-","-","-"
"2125","T. Kroft","T. Kroft","TE","","","","injury-status","BYE","-","999.0","-","-","-","-","-","-","-","-","-","-","-"
"2126","D. Johnson","D. Johnson","RB","","","","injury-status","BYE","-","999.0","-","-","-","-","-","-","-","-","-","-","-"
"2127","T. Coleman","T. Coleman","RB","","","","injury-status","BYE","-","999.0","-","-","-","-","-","-","-","-","-","-","-"
"2128","C. Walford","C. Walford","TE","","","","injury-status","BYE","-","999.0","-","-","-","-","-","-","-","-","-","-","-"
"2129","M. Williams","M. Williams","TE","","","","injury-status","BYE","-","999.0","-","-","-","-","-","-","-","-","-","-","-"
"2130","D. Funchess","D. Funchess","TE","","","","injury-status","BYE","-","999.0","-","-","-","-","-","-","-","-","-","-","-"
"2131","D. Smith","D. Smith","WR","","","","injury-status","BYE","-","612.5","-","-","-","-","-","-","-","-","-","-","-"
"2132","T. Yeldon","T. Yeldon","RB","","","","injury-status","BYE","-","999.0","-","-","-","-","-","-","-","-","-","-","-"
"2133","P. Dorsett","P. Dorsett","WR","ATL","5","","injury-status","Final L 10-18 vs PIT","-","999.0","-","-","-","-","-","-","-","-","-","-","-"
"2134","B. Perriman","B. Perriman","WR","","","","injury-status","BYE","-","999.0","-","-","-","-","-","-","-","-","-","-","-"
"2135","M. Moore","M. Moore","QB","","","","injury-status","BYE","-","999.0","-","-","-","-","-","-","-","-","-","-","-"
"2136","F. Gore","F. Gore","RB","","","","injury-status","BYE","-","530.8","-","-","-","-","-","-","-","-","-","-","-"
"2137","D. Parker","D. Parker","WR","","","","injury-status","BYE","-","596.7","-","-","-","-","-","-","-","-","-","-","-"
"2138","T. Gurley","T. Gurley","RB","","","","injury-status","BYE","-","424.5","-","-","-","-","-","-","-","-","-","-","-"
"2139","K. White","K. White","WR","","","","injury-status","BYE","-","284.0","-","-","-","-","-","-","-","-","-","-","-"
"2140","J. Cunningham","J. Cunningham","TE","","","","injury-status","BYE","-","999.0","-","-","-","-","-","-","-","-","-","-","-"
"2141","J. Witten","J. Witten","TE","","","","injury-status","BYE","-","296.0","-","-","-","-","-","-","-","-","-","-","-"
"2142","D. Inman","D. Inman","WR","","","","injury-status","BYE","-","999.0","-","-","-","-","-","-","-","-","-","-","-"
"2143","P. Richardson","P. Richardson","WR","","","","injury-status","BYE","-","999.0","-","-","-","-","-","-","-","-","-","-","-"
"2144","T. Millard","T. Millard","RB","","","","injury-status","BYE","-","999.0","-","-","-","-","-","-","-","-","-","-","-"
"2145","C. Hyde","C. Hyde","RB","","","","injury-status","BYE","-","999.0","-","-","-","-","-","-","-","-","-","-","-"
"2146","J. Brown","J. Brown","WR","","","","injury-status","BYE","-","999.0","-","-","-","-","-","-","-","-","-","-","-"
"2147","L. Fitzgerald","L. Fitzgerald","WR","","","","injury-status","BYE","-","510.3","-","-","-","-","-","-","-","-","-","-","-"
"2148","G. Gilbert","G. Gilbert","QB","","","","injury-status","BYE","-","327.0","-","-","-","-","-","-","-","-","-","-","-"
"2149","C. Brate","C. Brate","TE","","","","injury-status","BYE","-","999.0","-","-","-","-","-","-","-","-","-","-","-"
"2150","M. Lucas","M. Lucas","WR","","","","injury-status","BYE","-","547.5","-","-","-","-","-","-","-","-","-","-","-"
"2151","R. Nix","R. Nix","RB","","","","injury-status","BYE","-","999.0","-","-","-","-","-","-","-","-","-","-","-"
"2152","D. Freeman","D. Freeman","RB","","","","injury-status","BYE","-","999.0","-","-","-","-","-","-","-","-","-","-","-"
"2153","T. Bridgewater","T. Bridgewater","QB","DET","8","","injury-status","Final W 26-20 vs LAR","-","341.0","-","-","-","-","-","-","-","-","-","-","-"
"2154","R. Rodgers","R. Rodgers","TE","","","Ques","injury-status questionable","BYE","-","999.0","-","-","-","-","-","-","-","-","-","-","-"
"2155","R. Neal","R. Neal","RB","","","","injury-status","BYE","-","999.0","-","-","-","-","-","-","-","-","-","-","-"
"2156","T. Jones","T. Jones","WR","","","","injury-status","BYE","-","999.0","-","-","-","-","-","-","-","-","-","-","-"
"2157","E. Ebron","E. Ebron","TE","PIT","5","","injury-status","Final W 18-10 @ ATL","-","999.0","-","-","-","-","-","-","-","-","-","-","-"
"2158","S. Perry","S. Perry","RB","","","","injury-status","BYE","-","999.0","-","-","-","-","-","-","-","-","-","-","-"
"2159","D. Fales","D. Fales","QB","","","","injury-status","BYE","-","999.0","-","-","-","-","-","-","-","-","-","-","-"
"2160","R. Grant","R. Grant","WR","","","","injury-status","BYE","-","999.0","-","-","-","-","-","-","-","-","-","-","-"
"2161","X. Grimble","X. Grimble","TE","","","","injury-status","BYE","-","999.0","-","-","-","-","-","-","-","-","-","-","-"
"2162","J. McCown","J. McCown","QB","","","","injury-status","BYE","-","591.2","-","-","-","-","-","-","-","-","-","-","-"
"2163","K. Smith","K. Smith","RB","","","Ques","injury-status questionable","BYE","-","999.0","-","-","-","-","-","-","-","-","-","-","-"
"2164","S. Simonson","S. Simonson","TE","","","","injury-status","BYE","-","467.6","-","-","-","-","-","-","-","-","-","-","-"
"2165","S. Roberts","S. Roberts","WR","","","","injury-status","BYE","-","999.0","-","-","-","-","-","-","-","-","-","-","-"
"2166","A. Wilson","A. Wilson","WR","","","","injury-status","BYE","-","278.0","-","-","-","-","-","-","-","-","-","-","-"
"2167","D. Thomas","D. Thomas","WR","","","","injury-status","BYE","-","999.0","-","-","-","-","-","-","-","-","-","-","-"
"2168","C. Latimer","C. Latimer","WR","","","","injury-status","BYE","-","999.0","-","-","-","-","-","-","-","-","-","-","-"
"2169","B. Fowler","B. Fowler","WR","","","","injury-status","BYE","-","999.0","-","-","-","-","-","-","-","-","-","-","-"
"2170","V. Davis","V. Davis","TE","","","","injury-status","BYE","-","297.0","-","-","-","-","-","-","-","-","-","-","-"
"2171","M. Lee","M. Lee","WR","","","","injury-status","BYE","-","999.0","-","-","-","-","-","-","-","-","-","-","-"
"2172","A. Hurns","A. Hurns","WR","MIA","12","Ques","injury-status questionable","Final W 20-17 vs JAX","-","999.0","-","-","-","-","-","-","-","-","-","-","-"
"2173","B. Bortles","B. Bortles","QB","NO","11","","injury-status","Final W 47-10 vs CAR","-","552.1","-","-","-","-","-","-","-","-","-","-","-"
"2174","C. Parkey","C. Parkey","K","","","","injury-status","BYE","-","999.0","-","-","-","-","-","-","-","-","-","-","-"
"2175","D. Moncrief","D. Moncrief","WR","","","Ques","injury-status questionable","BYE","-","999.0","-","-","-","-","-","-","-","-","-","-","-"
"2176","D. Walker","D. Walker","WR","","","","injury-status","BYE","-","999.0","-","-","-","-","-","-","-","-","-","-","-"
"2177","M. Bryant","M. Bryant","WR","","","","injury-status","BYE","-","346.0","-","-","-","-","-","-","-","-","-","-","-"
"2178","W. Snead","W. Snead","WR","","","","injury-status","BYE","-","999.0","-","-","-","-","-","-","-","-","-","-","-"
"2179","T. Gabriel","T. Gabriel","WR","","","","injury-status","BYE","-","465.0","-","-","-","-","-","-","-","-","-","-","-"
"2180","A. McCarron","A. McCarron","QB","","","","injury-status","BYE","-","559.5","-","-","-","-","-","-","-","-","-","-","-"
"2181","S. Evans","S. Evans","WR","","","","injury-status","BYE","-","999.0","-","-","-","-","-","-","-","-","-","-","-"
"2182","Q. Enunwa","Q. Enunwa","WR","","","","injury-status","BYE","-","999.0","-","-","-","-","-","-","-","-","-","-","-"
"2183","J. White","J. White","RB","","","","injury-status","BYE","-","294.0","-","-","-","-","-","-","-","-","-","-","-"
"2184","S. Houston","S. Houston","RB","","","","injury-status","BYE","-","999.0","-","-","-","-","-","-","-","-","-","-","-"
"2185","A. Peterson","A. Peterson","RB","","","","injury-status","BYE","-","626.8","-","-","-","-","-","-","-","-","-","-","-"
"2186","D. Williams","D. Williams","RB","","","Ques","injury-status questionable","BYE","-","999.0","-","-","-","-","-","-","-","-","-","-","-"
"2187","J. Landry","J. Landry","WR","","","","injury-status","BYE","-","573.5","-","-","-","-","-","-","-","-","-","-","-"
"2188","S. Watkins","S. Watkins","WR","","","","injury-status","BYE","-","999.0","-","-","-","-","-","-","-","-","-","-","-"
"2189","D. Stanton","D. Stanton","QB","","","","injury-status","BYE","-","999.0","-","-","-","-","-","-","-","-","-","-","-"
"2190","D. Fluellen","D. Fluellen","RB","","","","injury-status","BYE","-","999.0","-","-","-","-","-","-","-","-","-","-","-"
"2191","T. Burton","T. Burton","TE","","","","injury-status","BYE","-","999.0","-","-","-","-","-","-","-","-","-","-","-"
"2192","M. Schaub","M. Schaub","QB","","","","injury-status","BYE","-","442.0","-","-","-","-","-","-","-","-","-","-","-"
"2193","J. Hill","J. Hill","TE","","","","injury-status","BYE","-","363.0","-","-","-","-","-","-","-","-","-","-","-"
"2194","D. Carrier","D. Carrier","TE","","","","injury-status","BYE","-","472.5","-","-","-","-","-","-","-","-","-","-","-"
"2195","J. Doyle","J. Doyle","TE","IND","11","","injury-status","Final L 27-29 vs HOU","-","505.5","-","-","-","-","-","-","-","-","-","-","-"
"2196","E. Rogers","E. Rogers","WR","","","","injury-status","BYE","-","999.0","-","-","-","-","-","-","-","-","-","-","-"
"2197","B. Williams","B. Williams","TE","","","","injury-status","BYE","-","999.0","-","-","-","-","-","-","-","-","-","-","-"
"2198","Z. Line","Z. Line","RB","","","","injury-status","BYE","-","548.5","-","-","-","-","-","-","-","-","-","-","-"
"2199","J. Brown","J. Brown","WR","","","","injury-status","BYE","-","999.0","-","-","-","-","-","-","-","-","-","-","-"
"2200","U. Nwachukwu","U. Nwachukwu","WR","","","","injury-status","BYE","-","510.6","-","-","-","-","-","-","-","-","-","-","-"
"2201","T. Brady","T. Brady","QB","","","","injury-status","BYE","-","536.1","-","-","-","-","-","-","-","-","-","-","-"
"2202","T. Sinkfield","T. Sinkfield","WR","","","","injury-status","BYE","-","999.0","-","-","-","-","-","-","-","-","-","-","-"
"2203","L. Toilolo","L. Toilolo","TE","NYG","14","Ques","injury-status questionable","Final L 6-28 vs MIN","-","667.5","-","-","-","-","-","-","-","-","-","-","-"
"2204","D. Harris","D. Harris","TE","","","","injury-status","BYE","-","594.0","-","-","-","-","-","-","-","-","-","-","-"
"2205","T. Bray","T. Bray","QB","","","","injury-status","BYE","-","999.0","-","-","-","-","-","-","-","-","-","-","-"
"2206","N. Williams","N. Williams","WR","DEN","12","","injury-status","Final L 20-26 @ SEA","-","999.0","-","-","-","-","-","-","-","-","-","-","-"
"2207","L. Willson","L. Willson","TE","","","","injury-status","BYE","-","401.0","-","-","-","-","-","-","-","-","-","-","-"
"2208","S. Ware","S. Ware","RB","","","","injury-status","BYE","-","999.0","-","-","-","-","-","-","-","-","-","-","-"
"2209","D. Fells","D. Fells","TE","TB","9","","injury-status","Final W 37-20 vs WAS","-","485.8","-","-","-","-","-","-","-","-","-","-","-"
"2210","V. McDonald","V. McDonald","TE","","","","injury-status","BYE","-","999.0","-","-","-","-","-","-","-","-","-","-","-"
"2211","T. Austin","T. Austin","WR","","","","injury-status","BYE","-","374.3","-","-","-","-","-","-","-","-","-","-","-"
"2212","M. Glennon","M. Glennon","QB","","","","injury-status","BYE","-","999.0","-","-","-","-","-","-","-","-","-","-","-"
"2213","K. Stills","K. Stills","WR","","","","injury-status","BYE","-","667.0","-","-","-","-","-","-","-","-","-","-","-"
"2214","R. Griffin","R. Griffin","QB","","","","injury-status","BYE","-","545.0","-","-","-","-","-","-","-","-","-","-","-"
"2215","K. Barner","K. Barner","RB","","","","injury-status","BYE","-","999.0","-","-","-","-","-","-","-","-","-","-","-"
"2216","T. Riddick","T. Riddick","RB","","","","injury-status","BYE","-","999.0","-","-","-","-","-","-","-","-","-","-","-"
"2217","C. Thompson","C. Thompson","RB","","","","injury-status","BYE","-","999.0","-","-","-","-","-","-","-","-","-","-","-"
"2218","J. Reed","J. Reed","TE","","","","injury-status","BYE","-","693.0","-","-","-","-","-","-","-","-","-","-","-"
"2219","D. Jackson","D. Jackson","WR","","","","injury-status","BYE","-","405.2","-","-","-","-","-","-","-","-","-","-","-"
"2220","C. Anderson","C. Anderson","RB","","","","injury-status","BYE","-","394.5","-","-","-","-","-","-","-","-","-","-","-"
"2221","R. Griffin","R. Griffin","TE","","","","injury-status","BYE","-","999.0","-","-","-","-","-","-","-","-","-","-","-"
"2222","L. Bell","L. Bell","RB","TB","9","","injury-status","Final W 37-20 vs WAS","-","527.3","-","-","-","-","-","-","-","-","-","-","-"
"2223","T. Eifert","T. Eifert","TE","","","","injury-status","BYE","-","999.0","-","-","-","-","-","-","-","-","-","-","-"
"2224","R. Burkhead","R. Burkhead","RB","","","","injury-status","BYE","-","558.0","-","-","-","-","-","-","-","-","-","-","-"
"2225","G. Bernard","G. Bernard","RB","","","","injury-status","BYE","-","999.0","-","-","-","-","-","-","-","-","-","-","-"
"2226","B. Roethlisberger","B. Roethlisberger","QB","PIT","5","","injury-status","Final W 18-10 @ ATL","-","561.7","-","-","-","-","-","-","-","-","-","-","-"
"2227","M. Barkley","M. Barkley","QB","","","","injury-status","BYE","-","369.0","-","-","-","-","-","-","-","-","-","-","-"
"2228","R. Shepard","R. Shepard","WR","","","","injury-status","BYE","-","999.0","-","-","-","-","-","-","-","-","-","-","-"
"2229","C. Hogan","C. Hogan","WR","","","","injury-status","BYE","-","375.5","-","-","-","-","-","-","-","-","-","-","-"
"2230","J. Bellamy","J. Bellamy","WR","","","","injury-status","BYE","-","999.0","-","-","-","-","-","-","-","-","-","-","-"
"2231","J. Olawale","J. Olawale","RB","","","","injury-status","BYE","-","289.0","-","-","-","-","-","-","-","-","-","-","-"
"2232","P. DiMarco","P. DiMarco","RB","","","","injury-status","BYE","-","373.0","-","-","-","-","-","-","-","-","-","-","-"
"2233","J. Develin","J. Develin","RB","","","","injury-status","BYE","-","999.0","-","-","-","-","-","-","-","-","-","-","-"
"2234","J. Kearse","J. Kearse","WR","","","","injury-status","BYE","-","999.0","-","-","-","-","-","-","-","-","-","-","-"
"2235","K. Forbath","K. Forbath","K","","","","injury-status","BYE","-","668.0","-","-","-","-","-","-","-","-","-","-","-"
"2236","F. Owusu","F. Owusu","WR","","","","injury-status","BYE","-","999.0","-","-","-","-","-","-","-","-","-","-","-"
"2237","M. Bryant","M. Bryant","K","","","","injury-status","BYE","-","598.0","-","-","-","-","-","-","-","-","-","-","-"
"2238","A. Tanney","A. Tanney","QB","","","","injury-status","BYE","-","999.0","-","-","-","-","-","-","-","-","-","-","-"
"2239","D. Garrison","D. Garrison","TE","","","","injury-status","BYE","-","357.0","-","-","-","-","-","-","-","-","-","-","-"
"2240","J. Gordon","J. Gordon","WR","","","","injury-status","BYE","-","629.0","-","-","-","-","-","-","-","-","-","-","-"
"2241","A. Hale","A. Hale","K","GB","5","Ques","injury-status questionable","Final L 29-34 @ PHI","-","386.5","-","-","-","-","-","-","-","-","-","-","-"
"2242","G. Spivey","G. Spivey","TE","","","","injury-status","BYE","-","408.4","-","-","-","-","-","-","-","-","-","-","-"
"2243","K. Robinson","K. Robinson","RB","","","","injury-status","BYE","-","999.0","-","-","-","-","-","-","-","-","-","-","-"
"2244","B. Bryant","B. Bryant","QB","","","","injury-status","BYE","-","999.0","-","-","-","-","-","-","-","-","-","-","-"
"2245","R. Starkey","R. Starkey","WR","","","Ques","injury-status questionable","BYE","-","999.0","-","-","-","-","-","-","-","-","-","-","-"
"2246","D. Wallis","D. Wallis","WR","","","","injury-status","BYE","-","436.0","-","-","-","-","-","-","-","-","-","-","-"
"2247","H. El-Zayat","H. El-Zayat","WR","","","Ques","injury-status questionable","BYE","-","643.8","-","-","-","-","-","-","-","-","-","-","-"
"2248","T. Jennings","T. Jennings","RB","NE","14","","injury-status","Final W 16-10 @ CIN","-","999.0","-","-","-","-","-","-","-","-","-","-","-"
"2249","J. Jackson","J. Jackson","WR","CHI","5","","injury-status","Final W 24-17 vs TEN","-","999.0","-","-","-","-","-","-","-","-","-","-","-"
"2250","M. Hiers","M. Hiers","QB","","","","injury-status","BYE","-","999.0","-","-","-","-","-","-","-","-","-","-","-"
"2251","C. Theaker","C. Theaker","K","","","","injury-status","BYE","-","700.0","-","-","-","-","-","-","-","-","-","-","-"
"2252","V. Ambrosio","V. Ambrosio","K","","","","injury-status","BYE","-","700.0","-","-","-","-","-","-","-","-","-","-","-"
"2253","R. Jefferson","R. Jefferson","RB","","","","injury-status","BYE","-","999.0","-","-","-","-","-","-","-","-","-","-","-"
"2254","C. Chapman","C. Chapman","WR","","","","injury-status","BYE","-","358.5","-","-","-","-","-","-","-","-","-","-","-"
"2255","J. Janke","J. Janke","WR","","","Ques","injury-status questionable","BYE","-","670.0","-","-","-","-","-","-","-","-","-","-","-"
"2256","T. Knue","T. Knue","WR","TB","9","","injury-status","Final W 37-20 vs WAS","-","550.5","-","-","-","-","-","-","-","-","-","-","-"
"2257","T. Mosley","T. Mosley","WR","","","","injury-status","BYE","-","999.0","-","-","-","-","-","-","-","-","-","-","-"
"2258","H. Rucci","H. Rucci","TE","","","","injury-status","BYE","-","999.0","-","-","-","-","-","-","-","-","-","-","-"
"2259","J. Jiles","J. Jiles","WR","NE","14","","injury-status","Final W 16-10 @ CIN","-","999.0","-","-","-","-","-","-","-","-","-","-","-"
"2260","B. Bates","B. Bates","TE","CLE","9","","injury-status","Final L 17-33 vs DAL","-","999.0","-","-","-","-","-","-","-","-","-","-","-"
"2261","P. LeBlanc","P. LeBlanc","WR","","","","injury-status","BYE","-","999.0","-","-","-","-","-","-","-","-","-","-","-"
"2262","V. Blanchard","V. Blanchard","K","","","","injury-status","BYE","-","492.0","-","-","-","-","-","-","-","-","-","-","-"
"2263","P. Olatoke","P. Olatoke","WR","CAR","14","","injury-status","Final L 10-47 @ NO","-","999.0","-","-","-","-","-","-","-","-","-","-","-"
"2264","X. Wade","X. Wade","WR","","","","injury-status","BYE","-","999.0","-","-","-","-","-","-","-","-","-","-","-"
"2265","A. Dennis","A. Dennis","QB","","","","injury-status","BYE","-","999.0","-","-","-","-","-","-","-","-","-","-","-"
"2266","L. Jones","L. Jones","WR","","","","injury-status","BYE","-","999.0","-","-","-","-","-","-","-","-","-","-","-"
"2267","D. Martin-Robinson","D. Martin-Robinson","TE","TEN","10","","injury-status","Final L 17-24 @ CHI","-","999.0","-","-","-","-","-","-","-","-","-","-","-"
"2268","J. Small","J. Small","RB","TEN","10","Ques","injury-status questionable","Final L 17-24 @ CHI","-","999.0","-","-","-","-","-","-","-","-","-","-","-"
"2269","T. Pratt","T. Pratt","WR","","","","injury-status","BYE","-","999.0","-","-","-","-","-","-","-","-","-","-","-"
"2270","E. Dean","E. Dean","TE","","","","injury-status","BYE","-","999.0","-","-","-","-","-","-","-","-","-","-","-"
"2271","J. Moussa","J. Moussa","QB","","","","injury-status","BYE","-","999.0","-","-","-","-","-","-","-","-","-","-","-"
"2272","A. Grant","A. Grant","RB","","","","injury-status","BYE","-","999.0","-","-","-","-","-","-","-","-","-","-","-"
"2273","M. Stepp","M. Stepp","RB","","","Ques","injury-status questionable","BYE","-","999.0","-","-","-","-","-","-","-","-","-","-","-"
"2274","A. Larson","A. Larson","TE","","","","injury-status","BYE","-","999.0","-","-","-","-","-","-","-","-","-","-","-"
"2275","D. Joyner","D. Joyner","WR","","","","injury-status","BYE","-","999.0","-","-","-","-","-","-","-","-","-","-","-"
"2276","W. Thompson","W. Thompson","QB","","","","injury-status","BYE","-","999.0","-","-","-","-","-","-","-","-","-","-","-"
"2277","T. Pickering","T. Pickering","TE","","","","injury-status","BYE","-","999.0","-","-","-","-","-","-","-","-","-","-","-"
"2278","R. Turbin","R. Turbin","RB","","","","injury-status","BYE","-","356.0","-","-","-","-","-","-","-","-","-","-","-"
"2279","B. Corrales","B. Corrales","WR","","","","injury-status","BYE","-","999.0","-","-","-","-","-","-","-","-","-","-","-"
"2280","N. Rauschenberg","N. Rauschenberg","K","","","","injury-status","BYE","-","491.0","-","-","-","-","-","-","-","-","-","-","-"
"2281","D. George","D. George","WR","","","","injury-status","BYE","-","999.0","-","-","-","-","-","-","-","-","-","-","-"
"2282","S. Evans","S. Evans","RB","","","","injury-status","BYE","-","999.0","-","-","-","-","-","-","-","-","-","-","-"
"2283","L. Webb","L. Webb","RB","","","","injury-status","BYE","-","999.0","-","-","-","-","-","-","-","-","-","-","-"
"2284","J. Lingenfelter","J. Lingenfelter","TE","","","","injury-status","BYE","-","335.0","-","-","-","-","-","-","-","-","-","-","-"
"2285","K. Horton","K. Horton","WR","","","","injury-status","BYE","-","999.0","-","-","-","-","-","-","-","-","-","-","-"
"2286","D. Caton","D. Caton","WR","","","","injury-status","BYE","-","999.0","-","-","-","-","-","-","-","-","-","-","-"
"2287","M. Severance","M. Severance","RB","","","","injury-status","BYE","-","999.0","-","-","-","-","-","-","-","-","-","-","-"
"2288","C. Peterson","C. Peterson","QB","","","","injury-status","BYE","-","999.0","-","-","-","-","-","-","-","-","-","-","-"
"2289","M. Herzog","M. Herzog","RB","","","","injury-status","BYE","-","999.0","-","-","-","-","-","-","-","-","-","-","-"
"2290","D. McDuffie","D. McDuffie","RB","","","","injury-status","BYE","-","999.0","-","-","-","-","-","-","-","-","-","-","-"
"2291","D. Stanley","D. Stanley","WR","","","","injury-status","BYE","-","999.0","-","-","-","-","-","-","-","-","-","-","-"
"2292","J. Sirmon","J. Sirmon","QB","","","","injury-status","BYE","-","999.0","-","-","-","-","-","-","-","-","-","-","-"
"2293","J. Matocha","J. Matocha","QB","","","","injury-status","BYE","-","999.0","-","-","-","-","-","-","-","-","-","-","-"
"2294","R. Mobley","R. Mobley","WR","","","","injury-status","BYE","-","999.0","-","-","-","-","-","-","-","-","-","-","-"
"2295","A. Peasley","A. Peasley","QB","","","","injury-status","BYE","-","999.0","-","-","-","-","-","-","-","-","-","-","-"
"2296","C. Suits","C. Suits","QB","","","","injury-status","BYE","-","305.0","-","-","-","-","-","-","-","-","-","-","-"
"2297","Q. Ismail","Q. Ismail","WR","BAL","7","","injury-status","Final L 20-27 @ KC","-","999.0","-","-","-","-","-","-","-","-","-","-","-"
"2298","C. Beck","C. Beck","WR","","","","injury-status","BYE","-","999.0","-","-","-","-","-","-","-","-","-","-","-"
"2299","M. Fairchild","M. Fairchild","TE","","","","injury-status","BYE","-","999.0","-","-","-","-","-","-","-","-","-","-","-"
"2300","T. Tagovailoa","T. Tagovailoa","QB","","","","injury-status","BYE","-","618.4","-","-","-","-","-","-","-","-","-","-","-"
"2301","B. Cupp","B. Cupp","TE","KC","10","","injury-status","Final W 27-20 vs BAL","-","999.0","-","-","-","-","-","-","-","-","-","-","-"
"2302","P. Brooks","P. Brooks","WR","","","","injury-status","BYE","-","999.0","-","-","-","-","-","-","-","-","-","-","-"
"2303","R. Sharp","R. Sharp","TE","","","","injury-status","BYE","-","999.0","-","-","-","-","-","-","-","-","-","-","-"
"2304","M. Rigerman","M. Rigerman","TE","","","","injury-status","BYE","-","423.5","-","-","-","-","-","-","-","-","-","-","-"
"2305","J. Baker","J. Baker","WR","","","","injury-status","BYE","-","999.0","-","-","-","-","-","-","-","-","-","-","-"
"2306","D. Hardy","D. Hardy","WR","","","","injury-status","BYE","-","999.0","-","-","-","-","-","-","-","-","-","-","-"
"2307","P. Jarrett","P. Jarrett","QB","","","","injury-status","BYE","-","279.0","-","-","-","-","-","-","-","-","-","-","-"
"2308","L. Sefcik","L. Sefcik","TE","","","","injury-status","BYE","-","999.0","-","-","-","-","-","-","-","-","-","-","-"
"2309","M. Riley","M. Riley","WR","","","Ques","injury-status questionable","BYE","-","999.0","-","-","-","-","-","-","-","-","-","-","-"
"2310","J. Laap","J. Laap","WR","","","","injury-status","BYE","-","999.0","-","-","-","-","-","-","-","-","-","-","-"
"2311","G. Celek","G. Celek","TE","","","","injury-status","BYE","-","999.0","-","-","-","-","-","-","-","-","-","-","-"
"2312","L. Lingard","L. Lingard","RB","","","","injury-status","BYE","-","425.0","-","-","-","-","-","-","-","-","-","-","-"
"2313","D. White","D. White","WR","JAX","8","","injury-status","Final L 17-20 @ MIA","-","999.0","-","-","-","-","-","-","-","-","-","-","-"
"2314","J. Scates","J. Scates","WR","","","","injury-status","BYE","-","999.0","-","-","-","-","-","-","-","-","-","-","-"
"2315","B. Easton","B. Easton","WR","","","","injury-status","BYE","-","999.0","-","-","-","-","-","-","-","-","-","-","-"
"2316","J. Jackson","J. Jackson","RB","","","","injury-status","BYE","-","999.0","-","-","-","-","-","-","-","-","-","-","-"
"2317","S. Bowman","S. Bowman","TE","JAX","8","","injury-status","Final L 17-20 @ MIA","-","999.0","-","-","-","-","-","-","-","-","-","-","-"
"2318","K. Foelsch","K. Foelsch","TE","","","","injury-status","BYE","-","999.0","-","-","-","-","-","-","-","-","-","-","-"
"2319","A. Stogner","A. Stogner","TE","","","","injury-status","BYE","-","999.0","-","-","-","-","-","-","-","-","-","-","-"
"2320","C. Burgess","C. Burgess","WR","CIN","10","","injury-status","Final L 10-16 vs NE","-","999.0","-","-","-","-","-","-","-","-","-","-","-"
"2321","W. Ruby","W. Ruby","WR","","","Ques","injury-status questionable","BYE","-","999.0","-","-","-","-","-","-","-","-","-","-","-"
"2322","J. Paddock","J. Paddock","QB","","","","injury-status","BYE","-","999.0","-","-","-","-","-","-","-","-","-","-","-"
"2323","T. Pennix","T. Pennix","TE","","","","injury-status","BYE","-","999.0","-","-","-","-","-","-","-","-","-","-","-"
"2324","J. Bean","J. Bean","QB","IND","11","","injury-status","Final L 27-29 vs HOU","-","999.0","-","-","-","-","-","-","-","-","-","-","-"
"2325","X. White","X. White","WR","","","","injury-status","BYE","-","999.0","-","-","-","-","-","-","-","-","-","-","-"
"2326","J. Strong","J. Strong","RB","","","","injury-status","BYE","-","999.0","-","-","-","-","-","-","-","-","-","-","-"
"2327","M. Epps","M. Epps","TE","","","","injury-status","BYE","-","999.0","-","-","-","-","-","-","-","-","-","-","-"
"2328","A. McNulty","A. McNulty","K","","","","injury-status","BYE","-","700.0","-","-","-","-","-","-","-","-","-","-","-"
"2329","J. Janke","J. Janke","WR","HOU","6","","injury-status","Final W 29-27 @ IND","-","671.0","-","-","-","-","-","-","-","-","-","-","-"
"2330","B. Brooks","B. Brooks","RB","HOU","6","","injury-status","Final W 29-27 @ IND","-","999.0","-","-","-","-","-","-","-","-","-","-","-"
"2331","J. Hayek","J. Hayek","WR","","","","injury-status","BYE","-","999.0","-","-","-","-","-","-","-","-","-","-","-"
"2332","R. Brown","R. Brown","WR","","","","injury-status","BYE","-","999.0","-","-","-","-","-","-","-","-","-","-","-"
"2333","Z. Mathis","Z. Mathis","WR","","","","injury-status","BYE","-","407.0","-","-","-","-","-","-","-","-","-","-","-"
"2334","T. Potts","T. Potts","RB","","","","injury-status","BYE","-","999.0","-","-","-","-","-","-","-","-","-","-","-"
"2335","S. Sanders","S. Sanders","QB","","","","injury-status","BYE","-","999.0","-","-","-","-","-","-","-","-","-","-","-"
"2336","J. Turner","J. Turner","K","","","","injury-status","BYE","-","700.0","-","-","-","-","-","-","-","-","-","-","-"
"2337","M. Swinson","M. Swinson","TE","GB","5","","injury-status","Final L 29-34 @ PHI","-","999.0","-","-","-","-","-","-","-","-","-","-","-"
"2338","J. Hicks","J. Hicks","WR","GB","5","","injury-status","Final L 29-34 @ PHI","-","999.0","-","-","-","-","-","-","-","-","-","-","-"
"2339","J. Howard","J. Howard","RB","","","Ques","injury-status questionable","BYE","-","999.0","-","-","-","-","-","-","-","-","-","-","-"
"2340","J. Wright","J. Wright","WR","","","","injury-status","BYE","-","999.0","-","-","-","-","-","-","-","-","-","-","-"
"2341","G. Hardison","G. Hardison","QB","","","","injury-status","BYE","-","999.0","-","-","-","-","-","-","-","-","-","-","-"
"2342","J. Burton","J. Burton","WR","","","","injury-status","BYE","-","999.0","-","-","-","-","-","-","-","-","-","-","-"
"2343","N. Johnson","N. Johnson","TE","","","","injury-status","BYE","-","999.0","-","-","-","-","-","-","-","-","-","-","-"
"2344","S. Wiglusz","S. Wiglusz","WR","","","","injury-status","BYE","-","999.0","-","-","-","-","-","-","-","-","-","-","-"
"2345","D. Stoops","D. Stoops","WR","LAR","8","Sus","injury-status sus","Final L 20-26 @ DET","-","999.0","-","-","-","-","-","-","-","-","-","-","-"
"2346","J. Calhoun","J. Calhoun","WR","","","","injury-status","BYE","-","999.0","-","-","-","-","-","-","-","-","-","-","-"
"2347","I. Rex","I. Rex","TE","","","","injury-status","BYE","-","999.0","-","-","-","-","-","-","-","-","-","-","-"
"2348","D. Fenwick","D. Fenwick","RB","GB","5","","injury-status","Final L 29-34 @ PHI","-","613.1","-","-","-","-","-","-","-","-","-","-","-"
"2349","J. Warren","J. Warren","TE","","","","injury-status","BYE","-","573.6","-","-","-","-","-","-","-","-","-","-","-"
"2350","J. Cephus","J. Cephus","WR","JAX","8","IR","injury-status ir","Final L 17-20 @ MIA","-","999.0","-","-","-","-","-","-","-","-","-","-","-"
"2351","T. Yassmin","T. Yassmin","TE","DEN","12","","injury-status","Final L 20-26 @ SEA","-","999.0","-","-","-","-","-","-","-","-","-","-","-"
"2352","C. Lewis","C. Lewis","K","","","","injury-status","BYE","-","700.0","-","-","-","-","-","-","-","-","-","-","-"
"2353","R. Ellison","R. Ellison","TE","","","","injury-status","BYE","-","999.0","-","-","-","-","-","-","-","-","-","-","-"
"2354","D. Leonard","D. Leonard","TE","","","","injury-status","BYE","-","999.0","-","-","-","-","-","-","-","-","-","-","-"
"2355","C. Autman-Bell","C. Autman-Bell","WR","","","","injury-status","BYE","-","999.0","-","-","-","-","-","-","-","-","-","-","-"
"2356","A. Asante","A. Asante","WR","","","","injury-status","BYE","-","999.0","-","-","-","-","-","-","-","-","-","-","-"
"2357","J. Mcafee","J. Mcafee","TE","","","","injury-status","BYE","-","999.0","-","-","-","-","-","-","-","-","-","-","-"
"2358","G. Porter","G. Porter","WR","","","","injury-status","BYE","-","999.0","-","-","-","-","-","-","-","-","-","-","-"
"2359","C. Crooms","C. Crooms","WR","","","Ques","injury-status questionable","BYE","-","999.0","-","-","-","-","-","-","-","-","-","-","-"
"2360","C. Johnson","C. Johnson","WR","","","","injury-status","BYE","-","999.0","-","-","-","-","-","-","-","-","-","-","-"
"2361","A. Holler","A. Holler","TE","","","","injury-status","BYE","-","999.0","-","-","-","-","-","-","-","-","-","-","-"
"2362","A. Robbins","A. Robbins","RB","CLE","9","","injury-status","Final L 17-33 vs DAL","-","633.0","-","-","-","-","-","-","-","-","-","-","-"
"2363","T. Welch","T. Welch","TE","NO","11","","injury-status","Final W 47-10 vs CAR","-","999.0","-","-","-","-","-","-","-","-","-","-","-"
"2364","L. Victor","L. Victor","WR","","","","injury-status","BYE","-","999.0","-","-","-","-","-","-","-","-","-","-","-"
"2365","T. Keaton","T. Keaton","WR","","","","injury-status","BYE","-","999.0","-","-","-","-","-","-","-","-","-","-","-"
"2366","M. Castles","M. Castles","TE","LAC","12","","injury-status","Final W 22-10 vs LV","-","999.0","-","-","-","-","-","-","-","-","-","-","-"
"2367","M. Pline","M. Pline","TE","SF","14","IR","injury-status ir","Final W 32-19 vs NYJ","-","598.5","-","-","-","-","-","-","-","-","-","-","-"
"2368","E. Collins","E. Collins","RB","","","","injury-status","BYE","-","999.0","-","-","-","-","-","-","-","-","-","-","-"
"2369","R. Lombardi","R. Lombardi","QB","","","","injury-status","BYE","-","504.0","-","-","-","-","-","-","-","-","-","-","-"
"2370","C. Grandy","C. Grandy","TE","CIN","10","","injury-status","Final L 10-16 vs NE","-","999.0","-","-","-","-","-","-","-","-","-","-","-"
"2371","N. Cain","N. Cain","RB","","","","injury-status","BYE","-","999.0","-","-","-","-","-","-","-","-","-","-","-"
"2372","C. Cordeiro","C. Cordeiro","QB","","","","injury-status","BYE","-","999.0","-","-","-","-","-","-","-","-","-","-","-"
"2373","J. Westover","J. Westover","TE","NE","14","","injury-status","Final W 16-10 @ CIN","-","999.0","-","-","-","-","-","-","-","-","-","-","-"
"2374","T. Ayo-Durojaiye","T. Ayo-Durojaiye","RB","","","","injury-status","BYE","-","999.0","-","-","-","-","-","-","-","-","-","-","-"
"2375","I. Wheeler","I. Wheeler","RB","CHI","5","IR","injury-status ir","Final W 24-17 vs TEN","-","525.0","-","-","-","-","-","-","-","-","-","-","-"
"2376","O. Hiliare","O. Hiliare","WR","","","","injury-status","BYE","-","352.0","-","-","-","-","-","-","-","-","-","-","-"
"2377","T. Harrell","T. Harrell","WR","","","","injury-status","BYE","-","999.0","-","-","-","-","-","-","-","-","-","-","-"
"2378","T. Williams","T. Williams","RB","","","","injury-status","BYE","-","999.0","-","-","-","-","-","-","-","-","-","-","-"
"2379","K. Lewis","K. Lewis","RB","","","","injury-status","BYE","-","999.0","-","-","-","-","-","-","-","-","-","-","-"
"2380","D. Carter","D. Carter","WR","","","Ques","injury-status questionable","BYE","-","999.0","-","-","-","-","-","-","-","-","-","-","-"
"2381","S. Pinckney","S. Pinckney","WR","","","","injury-status","BYE","-","999.0","-","-","-","-","-","-","-","-","-","-","-"
"2382","H. Mevis","H. Mevis","K","","","","injury-status","BYE","-","700.0","-","-","-","-","-","-","-","-","-","-","-"
"2383","J. Shirden","J. Shirden","RB","","","","injury-status","BYE","-","999.0","-","-","-","-","-","-","-","-","-","-","-"
"2384","J. Plummer","J. Plummer","QB","CAR","14","","injury-status","Final L 10-47 @ NO","-","999.0","-","-","-","-","-","-","-","-","-","-","-"
"2385","N. Peat","N. Peat","RB","","","","injury-status","BYE","-","689.3","-","-","-","-","-","-","-","-","-","-","-"
"2386","G. Watson","G. Watson","QB","","","","injury-status","BYE","-","999.0","-","-","-","-","-","-","-","-","-","-","-"
"2387","L. Keys","L. Keys","WR","","","Ques","injury-status questionable","BYE","-","999.0","-","-","-","-","-","-","-","-","-","-","-"
"2388","A. Vinatieri","A. Vinatieri","K","","","","injury-status","BYE","-","700.0","-","-","-","-","-","-","-","-","-","-","-"
"2389","Z. Annexstad","Z. Annexstad","QB","","","","injury-status","BYE","-","999.0","-","-","-","-","-","-","-","-","-","-","-"
"2390","D. Williams","D. Williams","RB","TB","9","Ques","injury-status questionable","Final W 37-20 vs WAS","-","999.0","-","-","-","-","-","-","-","-","-","-","-"
"2391","I. Washington","I. Washington","WR","","","Ques","injury-status questionable","BYE","-","999.0","-","-","-","-","-","-","-","-","-","-","-"
"2392","J. Terrell","J. Terrell","RB","","","","injury-status","BYE","-","999.0","-","-","-","-","-","-","-","-","-","-","-"
"2393","X. Johnson","X. Johnson","WR","HOU","6","Ques","injury-status questionable","Final W 29-27 @ IND","-","999.0","-","-","-","-","-","-","-","-","-","-","-"
"2394","D. Wade","D. Wade","WR","BAL","7","IR","injury-status ir","Final L 20-27 @ KC","-","999.0","-","-","-","-","-","-","-","-","-","-","-"
"2395","C. Collier","C. Collier","RB","LV","8","","injury-status","Final L 10-22 @ LAC","-","999.0","-","-","-","-","-","-","-","-","-","-","-"
"2396","T. Robinson","T. Robinson","WR","","","Ques","injury-status questionable","BYE","-","999.0","-","-","-","-","-","-","-","-","-","-","-"
"2397","E. Jones","E. Jones","QB","ATL","5","IR","injury-status ir","Final L 10-18 vs PIT","-","999.0","-","-","-","-","-","-","-","-","-","-","-"
"2398","S. Stilianos","S. Stilianos","TE","","","","injury-status","BYE","-","999.0","-","-","-","-","-","-","-","-","-","-","-"
"2399","S. Schnee","S. Schnee","WR","","","","injury-status","BYE","-","460.9","-","-","-","-","-","-","-","-","-","-","-"
"2400","A. Jones","A. Jones","RB","","","","injury-status","BYE","-","999.0","-","-","-","-","-","-","-","-","-","-","-"
"2401","M. Wiley","M. Wiley","RB","WAS","12","","injury-status","Final L 20-37 @ TB","-","999.0","-","-","-","-","-","-","-","-","-","-","-"
"2402","C. Yankoff","C. Yankoff","TE","WAS","12","","injury-status","Final L 20-37 @ TB","-","611.5","-","-","-","-","-","-","-","-","-","-","-"
"2403","I. Wooden","I. Wooden","WR","","","","injury-status","BYE","-","999.0","-","-","-","-","-","-","-","-","-","-","-"
"2404","J. Jackson","J. Jackson","WR","NE","14","","injury-status","Final W 16-10 @ CIN","-","999.0","-","-","-","-","-","-","-","-","-","-","-"
"2405","M. DiLiello","M. DiLiello","QB","","","","injury-status","BYE","-","625.0","-","-","-","-","-","-","-","-","-","-","-"
"2406","A. Reed","A. Reed","QB","CHI","5","","injury-status","Final W 24-17 vs TEN","-","999.0","-","-","-","-","-","-","-","-","-","-","-"
"2407","T. Owens","T. Owens","WR","SF","14","","injury-status","Final W 32-19 vs NYJ","-","999.0","-","-","-","-","-","-","-","-","-","-","-"
"2408","T. Mordecai","T. Mordecai","QB","SF","14","IR","injury-status ir","Final W 32-19 vs NYJ","-","322.0","-","-","-","-","-","-","-","-","-","-","-"
"2409","X. Weaver","X. Weaver","WR","ARI","8","","injury-status","Final L 28-34 @ BUF","-","999.0","-","-","-","-","-","-","-","-","-","-","-"
"2410","A. Brown","A. Brown","WR","","","","injury-status","BYE","-","999.0","-","-","-","-","-","-","-","-","-","-","-"
"2411","D. Harper","D. Harper","WR","","","","injury-status","BYE","-","999.0","-","-","-","-","-","-","-","-","-","-","-"
"2412","J. Jones","J. Jones","WR","MIN","6","","injury-status","Final W 28-6 @ NYG","-","999.0","-","-","-","-","-","-","-","-","-","-","-"
"2413","T. James","T. James","WR","","","","injury-status","BYE","-","999.0","-","-","-","-","-","-","-","-","-","-","-"
"2414","K. Sheets","K. Sheets","WR","","","","injury-status","BYE","-","999.0","-","-","-","-","-","-","-","-","-","-","-"
"2415","J. Kibodi","J. Kibodi","RB","CLE","9","","injury-status","Final L 17-33 vs DAL","-","999.0","-","-","-","-","-","-","-","-","-","-","-"
"2416","T. Griffin","T. Griffin","WR","","","","injury-status","BYE","-","999.0","-","-","-","-","-","-","-","-","-","-","-"
"2417","R. Keyton","R. Keyton","WR","LV","8","","injury-status","Final L 10-22 @ LAC","-","999.0","-","-","-","-","-","-","-","-","-","-","-"
"2418","J. Johnson","J. Johnson","WR","LAC","12","Ques","injury-status questionable","Final W 22-10 vs LV","-","999.0","-","-","-","-","-","-","-","-","-","-","-"
"2419","J. Gill","J. Gill","WR","CLE","9","Ques","injury-status questionable","Final L 17-33 vs DAL","-","999.0","-","-","-","-","-","-","-","-","-","-","-"
"2420","Z. Heins","Z. Heins","TE","","","","injury-status","BYE","-","999.0","-","-","-","-","-","-","-","-","-","-","-"
"2421","L. Johnson","L. Johnson","WR","","","","injury-status","BYE","-","999.0","-","-","-","-","-","-","-","-","-","-","-"
"2422","L. Benson","L. Benson","TE","","","","injury-status","BYE","-","999.0","-","-","-","-","-","-","-","-","-","-","-"
"2423","J. Plumlee","J. Plumlee","QB","SEA","8","IR","injury-status ir","Final W 26-20 vs DEN","-","999.0","-","-","-","-","-","-","-","-","-","-","-"
"2424","D. Edwards","D. Edwards","RB","","","","injury-status","BYE","-","999.0","-","-","-","-","-","-","-","-","-","-","-"
"2425","C. Bradley","C. Bradley","QB","LV","8","IR","injury-status ir","Final L 10-22 @ LAC","-","999.0","-","-","-","-","-","-","-","-","-","-","-"
"2426","J. Foreman","J. Foreman","WR","LV","8","Ques","injury-status questionable","Final L 10-22 @ LAC","-","999.0","-","-","-","-","-","-","-","-","-","-","-"
"2427","C. Bauman","C. Bauman","QB","","","","injury-status","BYE","-","482.2","-","-","-","-","-","-","-","-","-","-","-"
"2428","A. Morris","A. Morris","RB","","","","injury-status","BYE","-","673.3","-","-","-","-","-","-","-","-","-","-","-"
"2429","R. Griffin","R. Griffin","QB","","","","injury-status","BYE","-","655.0","-","-","-","-","-","-","-","-","-","-","-"
"2430","D. Miller","D. Miller","RB","NYG","14","","injury-status","Final L 6-28 vs MIN","-","999.0","-","-","-","-","-","-","-","-","-","-","-"
"2431","C. Smyth","C. Smyth","K","NO","11","","injury-status","Final W 47-10 vs CAR","-","596.2","-","-","-","-","-","-","-","-","-","-","-"
"2432","L. Rees-Zammit","L. Rees-Zammit","RB","JAX","8","Ques","injury-status questionable","Final L 17-20 @ MIA","-","669.6","-","-","-","-","-","-","-","-","-","-","-"
"2433","K. Milton","K. Milton","RB","CIN","10","","injury-status","Final L 10-16 vs NE","-","313.0","-","-","-","-","-","-","-","-","-","-","-"
"2434","K. Slovis","K. Slovis","QB","HOU","6","","injury-status","Final W 29-27 @ IND","-","626.0","-","-","-","-","-","-","-","-","-","-","-"
"2435","P. Invalid","P. Invalid","WR","","","","injury-status","BYE","-","629.0","-","-","-","-","-","-","-","-","-","-","-"
"2436","P. Invalid","P. Invalid","WR","","","","injury-status","BYE","-","624.0","-","-","-","-","-","-","-","-","-","-","-"
"2437","P. Invalid","P. Invalid","WR","","","","injury-status","BYE","-","621.0","-","-","-","-","-","-","-","-","-","-","-"
"2438","B. McCoy","B. McCoy","WR","","","","injury-status","BYE","-","627.0","-","-","-","-","-","-","-","-","-","-","-"
"2439","I. Williams","I. Williams","WR","CIN","10","","injury-status","Final L 10-16 vs NE","-","582.4","-","-","-","-","-","-","-","-","-","-","-"
"2440","H. Hatten","H. Hatten","WR","","","","injury-status","BYE","-","999.0","-","-","-","-","-","-","-","-","-","-","-"
"2441","T. Knox","T. Knox","TE","","","Ques","injury-status questionable","BYE","-","638.0","-","-","-","-","-","-","-","-","-","-","-"
"2442","P. Invalid","P. Invalid","TE","","","","injury-status","BYE","-","662.0","-","-","-","-","-","-","-","-","-","-","-"
"2443","P. Invalid","P. Invalid","RB","","","","injury-status","BYE","-","660.0","-","-","-","-","-","-","-","-","-","-","-"
"2444","J. McCarthy","J. McCarthy","QB","MIN","6","","injury-status","Final W 28-6 @ NYG","-","230.4","-","-","-","-","-","-","-","-","-","-","-"
"2445","C. Cota","C. Cota","WR","","","","injury-status","BYE","-","999.0","-","-","-","-","-","-","-","-","-","-","-"
"2446","A. Dykes","A. Dykes","RB","","","","injury-status","BYE","-","999.0","-","-","-","-","-","-","-","-","-","-","-"
"2447","A. Davis","A. Davis","WR","","","","injury-status","BYE","-","999.0","-","-","-","-","-","-","-","-","-","-","-"
"2448","L. Pitts","L. Pitts","TE","","","","injury-status","BYE","-","999.0","-","-","-","-","-","-","-","-","-","-","-"
"2449","L. Pettway","L. Pettway","TE","","","","injury-status","BYE","-","551.6","-","-","-","-","-","-","-","-","-","-","-"
"2450","T. Clinton","T. Clinton","RB","","","","injury-status","BYE","-","999.0","-","-","-","-","-","-","-","-","-","-","-"
"2451","W. Taulapapa","W. Taulapapa","RB","","","","injury-status","BYE","-","999.0","-","-","-","-","-","-","-","-","-","-","-"
"2452","M. Wright","M. Wright","WR","","","Ques","injury-status questionable","BYE","-","999.0","-","-","-","-","-","-","-","-","-","-","-"
"2453","M. Trickett","M. Trickett","K","","","","injury-status","BYE","-","700.0","-","-","-","-","-","-","-","-","-","-","-"
"2454","N. Williams","N. Williams","WR","","","","injury-status","BYE","-","999.0","-","-","-","-","-","-","-","-","-","-","-"
"2455","E. Lee","E. Lee","WR","","","","injury-status","BYE","-","999.0","-","-","-","-","-","-","-","-","-","-","-"
"2456","G. Maag","G. Maag","WR","","","","injury-status","BYE","-","999.0","-","-","-","-","-","-","-","-","-","-","-"
"2457","M. Carter","M. Carter","WR","","","","injury-status","BYE","-","566.4","-","-","-","-","-","-","-","-","-","-","-"
"2458","I. Gathings","I. Gathings","TE","","","Ques","injury-status questionable","BYE","-","700.5","-","-","-","-","-","-","-","-","-","-","-"
"2459","C. Chrest","C. Chrest","WR","","","","injury-status","BYE","-","999.0","-","-","-","-","-","-","-","-","-","-","-"
"2460","J. Kapp","J. Kapp","WR","","","","injury-status","BYE","-","619.6","-","-","-","-","-","-","-","-","-","-","-"
"2461","J. Bonds","J. Bonds","WR","","","","injury-status","BYE","-","999.0","-","-","-","-","-","-","-","-","-","-","-"
"2462","L. Jackson","L. Jackson","WR","MIN","6","","injury-status","Final W 28-6 @ NYG","-","999.0","-","-","-","-","-","-","-","-","-","-","-"
"2463","J. Stephens","J. Stephens","TE","DAL","10","IR","injury-status ir","Final W 33-17 @ CLE","-","999.0","-","-","-","-","-","-","-","-","-","-","-"
"2464","P. Fant","P. Fant","TE","DAL","10","","injury-status","Final W 33-17 @ CLE","-","999.0","-","-","-","-","-","-","-","-","-","-","-"
"2465","J. Cropper","J. Cropper","WR","DAL","10","","injury-status","Final W 33-17 @ CLE","-","999.0","-","-","-","-","-","-","-","-","-","-","-"
"2466","D. Durden","D. Durden","WR","","","Ques","injury-status questionable","BYE","-","999.0","-","-","-","-","-","-","-","-","-","-","-"
"2467","J. Barbon","J. Barbon","WR","","","","injury-status","BYE","-","303.5","-","-","-","-","-","-","-","-","-","-","-"
"2468","B. Cobbs","B. Cobbs","WR","","","","injury-status","BYE","-","999.0","-","-","-","-","-","-","-","-","-","-","-"
"2469","B. Johnson","B. Johnson","WR","","","","injury-status","BYE","-","999.0","-","-","-","-","-","-","-","-","-","-","-"
"2470","B. Thompson","B. Thompson","WR","","","","injury-status","BYE","-","999.0","-","-","-","-","-","-","-","-","-","-","-"
"2471","J. Murray","J. Murray","TE","NYG","14","Ques","injury-status questionable","Final L 6-28 vs MIN","-","999.0","-","-","-","-","-","-","-","-","-","-","-"
"2472","A. Aune","A. Aune","QB","","","","injury-status","BYE","-","283.0","-","-","-","-","-","-","-","-","-","-","-"
"2473","A. Jeffery","A. Jeffery","WR","","","","injury-status","BYE","-","325.5","-","-","-","-","-","-","-","-","-","-","-"
"2474","Z. Ojile","Z. Ojile","RB","","","","injury-status","BYE","-","999.0","-","-","-","-","-","-","-","-","-","-","-"
"2475","E. Merriweather","E. Merriweather","RB","GB","5","Out","injury-status out","Final L 29-34 @ PHI","-","999.0","-","-","-","-","-","-","-","-","-","-","-"
"2476","G. Holmes","G. Holmes","WR","","","","injury-status","BYE","-","583.7","-","-","-","-","-","-","-","-","-","-","-"
"2477","D. Drummond","D. Drummond","WR","ATL","5","","injury-status","Final L 10-18 vs PIT","-","999.0","-","-","-","-","-","-","-","-","-","-","-"
"2478","A. Graham","A. Graham","RB","","","","injury-status","BYE","-","633.3","-","-","-","-","-","-","-","-","-","-","-"
"2479","J. Shenker","J. Shenker","TE","LV","8","","injury-status","Final L 10-22 @ LAC","-","999.0","-","-","-","-","-","-","-","-","-","-","-"
"2480","T. Wolff","T. Wolff","K","","","","injury-status","BYE","-","999.0","-","-","-","-","-","-","-","-","-","-","-"
"2481","T. Harrison","T. Harrison","WR","","","","injury-status","BYE","-","999.0","-","-","-","-","-","-","-","-","-","-","-"
"2482","J. Matthews","J. Matthews","WR","ATL","5","","injury-status","Final L 10-18 vs PIT","-","999.0","-","-","-","-","-","-","-","-","-","-","-"
"2483","K. Leach","K. Leach","TE","","","","injury-status","BYE","-","694.0","-","-","-","-","-","-","-","-","-","-","-"
"2484","T. Grimes","T. Grimes","WR","","","","injury-status","BYE","-","999.0","-","-","-","-","-","-","-","-","-","-","-"
"2485","C. Beasley","C. Beasley","WR","","","","injury-status","BYE","-","323.0","-","-","-","-","-","-","-","-","-","-","-"
"2486","D. Daniels","D. Daniels","WR","","","","injury-status","BYE","-","999.0","-","-","-","-","-","-","-","-","-","-","-"
"2487","N. Adkins","N. Adkins","TE","DEN","12","Out","injury-status out","Final L 20-26 @ SEA","-","999.0","-","-","-","-","-","-","-","-","-","-","-"
"2488","I. Bowser","I. Bowser","RB","","","","injury-status","BYE","-","285.0","-","-","-","-","-","-","-","-","-","-","-"
"2489","R. Miller","R. Miller","WR","TB","9","","injury-status","Final W 37-20 vs WAS","-","999.0","-","-","-","-","-","-","-","-","-","-","-"
"2490","K. Warner","K. Warner","WR","","","","injury-status","BYE","-","999.0","-","-","-","-","-","-","-","-","-","-","-"
"2491","T. Barber","T. Barber","WR","","","","injury-status","BYE","-","999.0","-","-","-","-","-","-","-","-","-","-","-"
"2492","T. Taula","T. Taula","TE","TB","9","","injury-status","Final W 37-20 vs WAS","-","652.0","-","-","-","-","-","-","-","-","-","-","-"
"2493","R. Brown","R. Brown","RB","","","","injury-status","BYE","-","999.0","-","-","-","-","-","-","-","-","-","-","-"
"2494","B. Burmeister","B. Burmeister","WR","","","","injury-status","BYE","-","311.0","-","-","-","-","-","-","-","-","-","-","-"
"2495","N. Henderson","N. Henderson","QB","","","","injury-status","BYE","-","999.0","-","-","-","-","-","-","-","-","-","-","-"
"2496","S. Ryan","S. Ryan","WR","","","","injury-status","BYE","-","999.0","-","-","-","-","-","-","-","-","-","-","-"
"2497","B. Walker","B. Walker","TE","","","","injury-status","BYE","-","999.0","-","-","-","-","-","-","-","-","-","-","-"
"2498","O. Wright","O. Wright","RB","BAL","7","","injury-status","Final L 20-27 @ KC","-","999.0","-","-","-","-","-","-","-","-","-","-","-"
"2499","D. Demus","D. Demus","WR","","","","injury-status","BYE","-","999.0","-","-","-","-","-","-","-","-","-","-","-"
"2500","T. Vokolek","T. Vokolek","TE","ARI","8","","injury-status","Final L 28-34 @ BUF","-","999.0","-","-","-","-","-","-","-","-","-","-","-"
"2501","J. Lumpkin","J. Lumpkin","TE","","","","injury-status","BYE","-","999.0","-","-","-","-","-","-","-","-","-","-","-"
"2502","J. Blackman","J. Blackman","QB","","","","injury-status","BYE","-","360.0","-","-","-","-","-","-","-","-","-","-","-"
"2503","D. Davis","D. Davis","WR","","","Ques","injury-status questionable","BYE","-","621.0","-","-","-","-","-","-","-","-","-","-","-"
"2504","C. Coleman","C. Coleman","WR","","","","injury-status","BYE","-","999.0","-","-","-","-","-","-","-","-","-","-","-"
"2505","K. Case","K. Case","WR","","","","injury-status","BYE","-","999.0","-","-","-","-","-","-","-","-","-","-","-"
"2506","T. Adams","T. Adams","WR","","","","injury-status","BYE","-","999.0","-","-","-","-","-","-","-","-","-","-","-"
"2507","T. Greaney","T. Greaney","TE","","","","injury-status","BYE","-","999.0","-","-","-","-","-","-","-","-","-","-","-"
"2508","C. Cota","C. Cota","WR","","","","injury-status","BYE","-","999.0","-","-","-","-","-","-","-","-","-","-","-"
"2509","K. Thompson","K. Thompson","WR","","","","injury-status","BYE","-","999.0","-","-","-","-","-","-","-","-","-","-","-"
"2510","J. Vann","J. Vann","WR","","","","injury-status","BYE","-","999.0","-","-","-","-","-","-","-","-","-","-","-"
"2511","T. Luther","T. Luther","WR","CAR","14","","injury-status","Final L 10-47 @ NO","-","546.0","-","-","-","-","-","-","-","-","-","-","-"
"2512","E. Jenkins","E. Jenkins","TE","PHI","9","","injury-status","Final W 34-29 vs GB","-","314.0","-","-","-","-","-","-","-","-","-","-","-"
"2513","B. Westfield","B. Westfield","WR","","","","injury-status","BYE","-","999.0","-","-","-","-","-","-","-","-","-","-","-"
"2514","Z. Scott","Z. Scott","RB","MIN","6","Ques","injury-status questionable","Final W 28-6 @ NYG","-","999.0","-","-","-","-","-","-","-","-","-","-","-"
"2515","R. Jones","R. Jones","TE","","","","injury-status","BYE","-","999.0","-","-","-","-","-","-","-","-","-","-","-"
"2516","C. Chrest","C. Chrest","WR","","","","injury-status","BYE","-","999.0","-","-","-","-","-","-","-","-","-","-","-"
"2517","D. Hagans","D. Hagans","RB","","","","injury-status","BYE","-","999.0","-","-","-","-","-","-","-","-","-","-","-"
"2518","J. King","J. King","WR","","","","injury-status","BYE","-","999.0","-","-","-","-","-","-","-","-","-","-","-"
"2519","B. Russell","B. Russell","TE","SEA","8","","injury-status","Final W 26-20 vs DEN","-","577.4","-","-","-","-","-","-","-","-","-","-","-"
"2520","J. Ngata","J. Ngata","WR","","","","injury-status","BYE","-","999.0","-","-","-","-","-","-","-","-","-","-","-"
"2521","H. Hall","H. Hall","RB","ARI","8","","injury-status","Final L 28-34 @ BUF","-","342.0","-","-","-","-","-","-","-","-","-","-","-"
"2522","A. Cruickshank","A. Cruickshank","WR","","","","injury-status","BYE","-","516.7","-","-","-","-","-","-","-","-","-","-","-"
"2523","T. Pitts","T. Pitts","WR","","","Ques","injury-status questionable","BYE","-","999.0","-","-","-","-","-","-","-","-","-","-","-"
"2524","D. Caffrey","D. Caffrey","TE","","","","injury-status","BYE","-","999.0","-","-","-","-","-","-","-","-","-","-","-"
"2525","A. Szmyt","A. Szmyt","K","","","","injury-status","BYE","-","700.0","-","-","-","-","-","-","-","-","-","-","-"
"2526","R. Burns","R. Burns","RB","CHI","5","","injury-status","Final W 24-17 vs TEN","-","627.5","-","-","-","-","-","-","-","-","-","-","-"
"2527","S. Jackson","S. Jackson","WR","LV","8","","injury-status","Final L 10-22 @ LAC","-","316.0","-","-","-","-","-","-","-","-","-","-","-"
"2528","C. Smith","C. Smith","RB","","","","injury-status","BYE","-","999.0","-","-","-","-","-","-","-","-","-","-","-"
"2529","M. Hippenhammer","M. Hippenhammer","WR","","","","injury-status","BYE","-","548.1","-","-","-","-","-","-","-","-","-","-","-"
"2530","P. Murtagh","P. Murtagh","TE","","","","injury-status","BYE","-","516.8","-","-","-","-","-","-","-","-","-","-","-"
"2531","J. Saylors","J. Saylors","RB","","","","injury-status","BYE","-","565.5","-","-","-","-","-","-","-","-","-","-","-"
"2532","I. Winstead","I. Winstead","WR","","","","injury-status","BYE","-","999.0","-","-","-","-","-","-","-","-","-","-","-"
"2533","C. Trahan","C. Trahan","TE","","","","injury-status","BYE","-","631.0","-","-","-","-","-","-","-","-","-","-","-"
"2534","C. Tyler","C. Tyler","RB","","","","injury-status","BYE","-","999.0","-","-","-","-","-","-","-","-","-","-","-"
"2535","T. Lindsey","T. Lindsey","WR","","","","injury-status","BYE","-","999.0","-","-","-","-","-","-","-","-","-","-","-"
"2536","N. Gindorff","N. Gindorff","TE","","","","injury-status","BYE","-","999.0","-","-","-","-","-","-","-","-","-","-","-"
"2537","G. Hebert","G. Hebert","TE","","","","injury-status","BYE","-","999.0","-","-","-","-","-","-","-","-","-","-","-"
"2538","J. Hall","J. Hall","WR","","","","injury-status","BYE","-","999.0","-","-","-","-","-","-","-","-","-","-","-"
"2539","M. Cooper","M. Cooper","RB","","","","injury-status","BYE","-","999.0","-","-","-","-","-","-","-","-","-","-","-"
"2540","H. Ahlers","H. Ahlers","QB","","","","injury-status","BYE","-","687.0","-","-","-","-","-","-","-","-","-","-","-"
"2541","T. Morgan","T. Morgan","QB","","","","injury-status","BYE","-","999.0","-","-","-","-","-","-","-","-","-","-","-"
"2542","C. McDonald","C. McDonald","TE","","","","injury-status","BYE","-","999.0","-","-","-","-","-","-","-","-","-","-","-"
"2543","H. Pearson","H. Pearson","RB","","","","injury-status","BYE","-","699.5","-","-","-","-","-","-","-","-","-","-","-"
"2544","D. Watts","D. Watts","WR","","","","injury-status","BYE","-","306.0","-","-","-","-","-","-","-","-","-","-","-"
"2545","J. Honigford","J. Honigford","TE","","","","injury-status","BYE","-","999.0","-","-","-","-","-","-","-","-","-","-","-"
"2546","M. Flowers","M. Flowers","WR","","","","injury-status","BYE","-","673.4","-","-","-","-","-","-","-","-","-","-","-"
"2547","J. Marshall","J. Marshall","WR","","","","injury-status","BYE","-","999.0","-","-","-","-","-","-","-","-","-","-","-"
"2548","K. Harris","K. Harris","WR","","","Ques","injury-status questionable","BYE","-","999.0","-","-","-","-","-","-","-","-","-","-","-"
"2549","Z. Malone","Z. Malone","WR","","","","injury-status","BYE","-","286.0","-","-","-","-","-","-","-","-","-","-","-"
"2550","D. Arias","D. Arias","WR","","","","injury-status","BYE","-","999.0","-","-","-","-","-","-","-","-","-","-","-"
"2551","R. Awatt","R. Awatt","RB","","","","injury-status","BYE","-","999.0","-","-","-","-","-","-","-","-","-","-","-"
"2552","K. Laborn","K. Laborn","RB","","","","injury-status","BYE","-","999.0","-","-","-","-","-","-","-","-","-","-","-"
"2553","J. Colletto","J. Colletto","RB","","","","injury-status","BYE","-","578.8","-","-","-","-","-","-","-","-","-","-","-"
"2554","S. Wyatt","S. Wyatt","WR","","","","injury-status","BYE","-","327.0","-","-","-","-","-","-","-","-","-","-","-"
"2555","D. Winn","D. Winn","QB","","","","injury-status","BYE","-","574.5","-","-","-","-","-","-","-","-","-","-","-"
"2556","T. DeMorat","T. DeMorat","QB","","","","injury-status","BYE","-","999.0","-","-","-","-","-","-","-","-","-","-","-"
"2557","Z. Bowens","Z. Bowens","WR","","","","injury-status","BYE","-","999.0","-","-","-","-","-","-","-","-","-","-","-"
"2558","J. Sample","J. Sample","WR","","","","injury-status","BYE","-","999.0","-","-","-","-","-","-","-","-","-","-","-"
"2559","B. Tremayne","B. Tremayne","WR","WAS","12","","injury-status","Final L 20-37 @ TB","-","999.0","-","-","-","-","-","-","-","-","-","-","-"
"2560","C. Sims","C. Sims","TE","","","","injury-status","BYE","-","999.0","-","-","-","-","-","-","-","-","-","-","-"
"2561","T. Hudson","T. Hudson","WR","","","","injury-status","BYE","-","999.0","-","-","-","-","-","-","-","-","-","-","-"
"2562","C. Dunn","C. Dunn","K","","","","injury-status","BYE","-","999.0","-","-","-","-","-","-","-","-","-","-","-"
"2563","L. Taylor","L. Taylor","TE","","","Ques","injury-status questionable","BYE","-","390.0","-","-","-","-","-","-","-","-","-","-","-"
"2564","E. Cooks","E. Cooks","WR","JAX","8","","injury-status","Final L 17-20 @ MIA","-","569.5","-","-","-","-","-","-","-","-","-","-","-"
"2565","O. Martin","O. Martin","WR","","","","injury-status","BYE","-","999.0","-","-","-","-","-","-","-","-","-","-","-"
"2566","J. Jenkins","J. Jenkins","WR","","","","injury-status","BYE","-","999.0","-","-","-","-","-","-","-","-","-","-","-"
"2567","P. Wilson","P. Wilson","WR","","","","injury-status","BYE","-","999.0","-","-","-","-","-","-","-","-","-","-","-"
"2568","M. Ezeike","M. Ezeike","TE","","","","injury-status","BYE","-","999.0","-","-","-","-","-","-","-","-","-","-","-"
"2569","T. Hoosman","T. Hoosman","RB","","","","injury-status","BYE","-","999.0","-","-","-","-","-","-","-","-","-","-","-"
"2570","T. Bynum","T. Bynum","WR","","","","injury-status","BYE","-","999.0","-","-","-","-","-","-","-","-","-","-","-"
"2571","J. Wilson","J. Wilson","TE","CHI","5","","injury-status","Final W 24-17 vs TEN","-","339.0","-","-","-","-","-","-","-","-","-","-","-"
"2572","S. Barnett","S. Barnett","WR","","","","injury-status","BYE","-","326.0","-","-","-","-","-","-","-","-","-","-","-"
"2573","S. Davis","S. Davis","WR","","","","injury-status","BYE","-","999.0","-","-","-","-","-","-","-","-","-","-","-"
"2574","S. Thompson","S. Thompson","RB","","","","injury-status","BYE","-","999.0","-","-","-","-","-","-","-","-","-","-","-"
"2575","C. McClelland","C. McClelland","RB","","","","injury-status","BYE","-","999.0","-","-","-","-","-","-","-","-","-","-","-"
"2576","T. Hilton","T. Hilton","WR","","","","injury-status","BYE","-","520.9","-","-","-","-","-","-","-","-","-","-","-"
"2577","M. Lewis","M. Lewis","TE","CHI","5","","injury-status","Final W 24-17 vs TEN","-","433.5","-","-","-","-","-","-","-","-","-","-","-"
"2578","K. Jackson","K. Jackson","WR","NYG","14","","injury-status","Final L 6-28 vs MIN","-","999.0","-","-","-","-","-","-","-","-","-","-","-"
"2579","B. Potter","B. Potter","K","","","","injury-status","BYE","-","999.0","-","-","-","-","-","-","-","-","-","-","-"
"2580","J. Byrd","J. Byrd","WR","","","","injury-status","BYE","-","999.0","-","-","-","-","-","-","-","-","-","-","-"
"2581","M. Pottebaum","M. Pottebaum","RB","","","","injury-status","BYE","-","475.5","-","-","-","-","-","-","-","-","-","-","-"
"2582","B. Sims","B. Sims","TE","GB","5","","injury-status","Final L 29-34 @ PHI","-","999.0","-","-","-","-","-","-","-","-","-","-","-"
"2583","C. Johnson","C. Johnson","WR","","","","injury-status","BYE","-","999.0","-","-","-","-","-","-","-","-","-","-","-"
"2584","M. Knowles","M. Knowles","WR","","","","injury-status","BYE","-","999.0","-","-","-","-","-","-","-","-","-","-","-"
"2585","J. Podlesny","J. Podlesny","K","","","","injury-status","BYE","-","367.0","-","-","-","-","-","-","-","-","-","-","-"
"2586","T. Thomas","T. Thomas","WR","MIN","6","","injury-status","Final W 28-6 @ NYG","-","999.0","-","-","-","-","-","-","-","-","-","-","-"
"2587","K. Allen","K. Allen","WR","WAS","12","","injury-status","Final L 20-37 @ TB","-","999.0","-","-","-","-","-","-","-","-","-","-","-"
"2588","M. Tinsley","M. Tinsley","WR","WAS","12","","injury-status","Final L 20-37 @ TB","-","999.0","-","-","-","-","-","-","-","-","-","-","-"
"2589","A. Martinez","A. Martinez","QB","NYJ","9","","injury-status","Final L 19-32 @ SF","-","636.8","-","-","-","-","-","-","-","-","-","-","-"
"2590","R. Burns","R. Burns","RB","ATL","5","","injury-status","Final L 10-18 vs PIT","-","999.0","-","-","-","-","-","-","-","-","-","-","-"
"2591","J. Wayne","J. Wayne","WR","HOU","6","","injury-status","Final W 29-27 @ IND","-","568.0","-","-","-","-","-","-","-","-","-","-","-"
"2592","C. Dowell","C. Dowell","WR","TEN","10","","injury-status","Final L 17-24 @ CHI","-","999.0","-","-","-","-","-","-","-","-","-","-","-"
"2593","G. DuBose","G. DuBose","WR","MIA","12","Ques","injury-status questionable","Final W 20-17 vs JAX","-","496.9","-","-","-","-","-","-","-","-","-","-","-"
"2594","S. Gostkowski","S. Gostkowski","K","","","","injury-status","BYE","-","700.0","-","-","-","-","-","-","-","-","-","-","-"
"2595","M. Landers","M. Landers","WR","","","Ques","injury-status questionable","BYE","-","542.3","-","-","-","-","-","-","-","-","-","-","-"
"2596","T. Dye","T. Dye","RB","","","","injury-status","BYE","-","999.0","-","-","-","-","-","-","-","-","-","-","-"
"2597","X. Valladay","X. Valladay","RB","NO","11","","injury-status","Final W 47-10 vs CAR","-","999.0","-","-","-","-","-","-","-","-","-","-","-"
"2598","M. Cunningham","M. Cunningham","WR","BAL","7","","injury-status","Final L 20-27 @ KC","-","999.0","-","-","-","-","-","-","-","-","-","-","-"
"2599","A. Quevedo","A. Quevedo","K","","","","injury-status","BYE","-","700.0","-","-","-","-","-","-","-","-","-","-","-"
"2600","T. Benjamin","T. Benjamin","WR","","","","injury-status","BYE","-","302.5","-","-","-","-","-","-","-","-","-","-","-"
"2601","M. Sanu","M. Sanu","WR","","","","injury-status","BYE","-","319.3","-","-","-","-","-","-","-","-","-","-","-"
"2602","M. Jones","M. Jones","WR","","","","injury-status","BYE","-","407.5","-","-","-","-","-","-","-","-","-","-","-"
"2603","M. Ibrahim","M. Ibrahim","RB","","","","injury-status","BYE","-","674.9","-","-","-","-","-","-","-","-","-","-","-"
"2604","L. Miller","L. Miller","RB","","","","injury-status","BYE","-","545.2","-","-","-","-","-","-","-","-","-","-","-"
"2605","N. Foles","N. Foles","QB","","","","injury-status","BYE","-","366.9","-","-","-","-","-","-","-","-","-","-","-"
"2606","M. Duggan","M. Duggan","QB","","","","injury-status","BYE","-","395.8","-","-","-","-","-","-","-","-","-","-","-"
"2607","J. Wayne","J. Wayne","WR","","","","injury-status","BYE","-","999.0","-","-","-","-","-","-","-","-","-","-","-"
"2608","R. Rice","R. Rice","WR","KC","10","Sus","injury-status sus","Final W 27-20 vs BAL","-","81.7","-","-","-","-","-","-","-","-","-","-","-"
"2609","B. Willis","B. Willis","TE","SF","14","","injury-status","Final W 32-19 vs NYJ","-","663.0","-","-","-","-","-","-","-","-","-","-","-"
"2610","C. Peoples","C. Peoples","RB","","","","injury-status","BYE","-","650.0","-","-","-","-","-","-","-","-","-","-","-"
"2611","C. Latu","C. Latu","TE","CLE","9","","injury-status","Final L 17-33 vs DAL","-","653.0","-","-","-","-","-","-","-","-","-","-","-"
"2612","M. Golden","M. Golden","WR","GB","5","","injury-status","Final L 29-34 @ PHI","-","-","-","-","-","-","-","-","-","-","-","-","-"
"2613","J. Royals","J. Royals","WR","KC","10","Ques","injury-status questionable","Final W 27-20 vs BAL","-","-","-","-","-","-","-","-","-","-","-","-","-"
"2614","T. Rutenbeck","T. Rutenbeck","WR","","","","injury-status","BYE","-","-","-","-","-","-","-","-","-","-","-","-","-"
"2615","N. Noel","N. Noel","RB","","","","injury-status","BYE","-","-","-","-","-","-","-","-","-","-","-","-","-"
"2616","D. Edwards","D. Edwards","RB","WAS","12","","injury-status","Final L 20-37 @ TB","-","-","-","-","-","-","-","-","-","-","-","-","-"
"2617","D. Miller","D. Miller","WR","","","","injury-status","BYE","-","-","-","-","-","-","-","-","-","-","-","-","-"
"2618","K. Smith","K. Smith","WR","","","","injury-status","BYE","-","-","-","-","-","-","-","-","-","-","-","-","-"
"2619","A. Torres","A. Torres","TE","","","Ques","injury-status questionable","BYE","-","-","-","-","-","-","-","-","-","-","-","-","-"
"2620","M. Bernard","M. Bernard","RB","","","","injury-status","BYE","-","-","-","-","-","-","-","-","-","-","-","-","-"
"2621","Z. D'Orazio","Z. D'Orazio","WR","","","","injury-status","BYE","-","-","-","-","-","-","-","-","-","-","-","-","-"
"2622","K. Harper","K. Harper","RB","","","","injury-status","BYE","-","-","-","-","-","-","-","-","-","-","-","-","-"
"2623","P. Thorne","P. Thorne","QB","","","","injury-status","BYE","-","-","-","-","-","-","-","-","-","-","-","-","-"
"2624","D. Neal","D. Neal","WR","","","","injury-status","BYE","-","-","-","-","-","-","-","-","-","-","-","-","-"
"2625","R. Taylor","R. Taylor","WR","","","","injury-status","BYE","-","-","-","-","-","-","-","-","-","-","-","-","-"
"2626","J. Keeney-James","J. Keeney-James","WR","","","","injury-status","BYE","-","-","-","-","-","-","-","-","-","-","-","-","-"
"2627","R. Hamilton","R. Hamilton","TE","","","","injury-status","BYE","-","-","-","-","-","-","-","-","-","-","-","-","-"
"2628","C. Fajardo","C. Fajardo","QB","","","","injury-status","BYE","-","-","-","-","-","-","-","-","-","-","-","-","-"
"2629","R. Owens","R. Owens","WR","","","","injury-status","BYE","-","-","-","-","-","-","-","-","-","-","-","-","-"
"2630","J. Rumph","J. Rumph","WR","","","","injury-status","BYE","-","-","-","-","-","-","-","-","-","-","-","-","-"
"2631","Z. Brooks","Z. Brooks","RB","","","","injury-status","BYE","-","-","-","-","-","-","-","-","-","-","-","-","-"
"2632","P. Mafah","P. Mafah","RB","DAL","10","IR","injury-status ir","Final W 33-17 @ CLE","-","-","-","-","-","-","-","-","-","-","-","-","-"
"2633","T. Johnson","T. Johnson","WR","TB","9","","injury-status","Final W 37-20 vs WAS","-","-","-","-","-","-","-","-","-","-","-","-","-"
"2634","B. Collins","B. Collins","WR","NYG","14","","injury-status","Final L 6-28 vs MIN","-","-","-","-","-","-","-","-","-","-","-","-","-"
"2635","C. Stoudt","C. Stoudt","QB","","","","injury-status","BYE","-","-","-","-","-","-","-","-","-","-","-","-","-"
"2636","B. Green","B. Green","WR","","","","injury-status","BYE","-","-","-","-","-","-","-","-","-","-","-","-","-"
"2637","A. Marshall","A. Marshall","RB","CLE","9","","injury-status","Final L 17-33 vs DAL","-","-","-","-","-","-","-","-","-","-","-","-","-"
"2638","W. Sheppard","W. Sheppard","WR","GB","5","","injury-status","Final L 29-34 @ PHI","-","-","-","-","-","-","-","-","-","-","-","-","-"
"2639","J. Hawes","J. Hawes","TE","BUF","7","","injury-status","Final W 34-28 vs ARI","-","-","-","-","-","-","-","-","-","-","-","-","-"
"2640","J. Smith","J. Smith","WR","","","","injury-status","BYE","-","-","-","-","-","-","-","-","-","-","-","-","-"
"2641","J. Waters","J. Waters","QB","","","","injury-status","BYE","-","-","-","-","-","-","-","-","-","-","-","-","-"
"2642","G. Oakes","G. Oakes","TE","","","","injury-status","BYE","-","-","-","-","-","-","-","-","-","-","-","-","-"
"2643","U. Bentley","U. Bentley","RB","IND","11","","injury-status","Final L 27-29 vs HOU","-","-","-","-","-","-","-","-","-","-","-","-","-"
"2644","B. Heard","B. Heard","RB","","","","injury-status","BYE","-","-","-","-","-","-","-","-","-","-","-","-","-"
"2645","C. Knox","C. Knox","RB","","","","injury-status","BYE","-","-","-","-","-","-","-","-","-","-","-","-","-"
"2646","B. Sasser","B. Sasser","WR","","","","injury-status","BYE","-","-","-","-","-","-","-","-","-","-","-","-","-"
"2647","T. Harman","T. Harman","WR","","","","injury-status","BYE","-","-","-","-","-","-","-","-","-","-","-","-","-"
"2648","S. Pitz","S. Pitz","TE","","","","injury-status","BYE","-","-","-","-","-","-","-","-","-","-","-","-","-"
"2649","L. Stokes","L. Stokes","TE","","","","injury-status","BYE","-","-","-","-","-","-","-","-","-","-","-","-","-"
"2650","C. Burton","C. Burton","TE","","","","injury-status","BYE","-","-","-","-","-","-","-","-","-","-","-","-","-"
"2651","C. Acosta","C. Acosta","K","","","","injury-status","BYE","-","-","-","-","-","-","-","-","-","-","-","-","-"
"2652","D. Powell","D. Powell","WR","","","","injury-status","BYE","-","-","-","-","-","-","-","-","-","-","-","-","-"
"2653","Z. Franklin","Z. Franklin","WR","","","","injury-status","BYE","-","-","-","-","-","-","-","-","-","-","-","-","-"
"2654","R. Fairweather","R. Fairweather","TE","DAL","10","","injury-status","Final W 33-17 @ CLE","-","-","-","-","-","-","-","-","-","-","-","-","-"
"2655","T. Broden","T. Broden","WR","SEA","8","","injury-status","Final W 26-20 vs DEN","-","-","-","-","-","-","-","-","-","-","-","-","-"
"2656","K. Lambert-Smith","K. Lambert-Smith","WR","LAC","12","","injury-status","Final W 22-10 vs LV","-","-","-","-","-","-","-","-","-","-","-","-","-"
"2657","T. Sheffield","T. Sheffield","WR","","","","injury-status","BYE","-","-","-","-","-","-","-","-","-","-","-","-","-"
"2658","J. Milroe","J. Milroe","QB","SEA","8","","injury-status","Final W 26-20 vs DEN","-","-","-","-","-","-","-","-","-","-","-","-","-"
"2659","D. Bell","D. Bell","K","","","","injury-status","BYE","-","-","-","-","-","-","-","-","-","-","-","-","-"
"2660","B. Chancellor","B. Chancellor","WR","","","","injury-status","BYE","-","-","-","-","-","-","-","-","-","-","-","-","-"
"2661","B. Presley","B. Presley","WR","LAR","8","","injury-status","Final L 20-26 @ DET","-","-","-","-","-","-","-","-","-","-","-","-","-"
"2662","S. Powell","S. Powell","RB","","","","injury-status","BYE","-","-","-","-","-","-","-","-","-","-","-","-","-"
"2663","J. Galbreath","J. Galbreath","TE","PIT","5","","injury-status","Final W 18-10 @ ATL","-","-","-","-","-","-","-","-","-","-","-","-","-"
"2664","P. Conroy","P. Conroy","TE","","","","injury-status","BYE","-","-","-","-","-","-","-","-","-","-","-","-","-"
"2665","E. Frohnapfel","E. Frohnapfel","TE","","","","injury-status","BYE","-","-","-","-","-","-","-","-","-","-","-","-","-"
"2666","M. Price","M. Price","WR","MIN","6","","injury-status","Final W 28-6 @ NYG","-","-","-","-","-","-","-","-","-","-","-","-","-"
"2667","D. Felton","D. Felton","WR","","","IR","injury-status ir","BYE","-","-","-","-","-","-","-","-","-","-","-","-","-"
"2668","G. Jackson","G. Jackson","WR","","","","injury-status","BYE","-","-","-","-","-","-","-","-","-","-","-","-","-"
"2669","J. Richardson","J. Richardson","WR","CHI","5","","injury-status","Final W 24-17 vs TEN","-","-","-","-","-","-","-","-","-","-","-","-","-"
"2670","M. Lemonious-Craig","M. Lemonious-Craig","WR","","","Ques","injury-status questionable","BYE","-","-","-","-","-","-","-","-","-","-","-","-","-"
"2671","S. Ntoh","S. Ntoh","RB","","","","injury-status","BYE","-","-","-","-","-","-","-","-","-","-","-","-","-"
"2672","C. Granger","C. Granger","TE","","","Ques","injury-status questionable","BYE","-","-","-","-","-","-","-","-","-","-","-","-","-"
"2673","B. Ross","B. Ross","RB","","","","injury-status","BYE","-","-","-","-","-","-","-","-","-","-","-","-","-"
"2674","D. Luckett","D. Luckett","WR","","","","injury-status","BYE","-","-","-","-","-","-","-","-","-","-","-","-","-"
"2675","J. Hunter","J. Hunter","RB","LAR","8","","injury-status","Final L 20-26 @ DET","-","-","-","-","-","-","-","-","-","-","-","-","-"
"2676","J. Lovelocke","J. Lovelocke","QB","","","","injury-status","BYE","-","-","-","-","-","-","-","-","-","-","-","-","-"
"2677","J. Reese","J. Reese","WR","","","","injury-status","BYE","-","-","-","-","-","-","-","-","-","-","-","-","-"
"2678","K. Hill","K. Hill","RB","","","","injury-status","BYE","-","-","-","-","-","-","-","-","-","-","-","-","-"
"2679","J. Bergen","J. Bergen","WR","SF","14","","injury-status","Final W 32-19 vs NYJ","-","-","-","-","-","-","-","-","-","-","-","-","-"
"2680","L. Grimm","L. Grimm","WR","LAC","12","","injury-status","Final W 22-10 vs LV","-","-","-","-","-","-","-","-","-","-","-","-","-"
"2681","D. Johnson","D. Johnson","WR","","","","injury-status","BYE","-","-","-","-","-","-","-","-","-","-","-","-","-"
"2682","T. Jones","T. Jones","WR","","","","injury-status","BYE","-","-","-","-","-","-","-","-","-","-","-","-","-"
"2683","T. Loop","T. Loop","K","BAL","7","","injury-status","Final L 20-27 @ KC","-","-","-","-","-","-","-","-","-","-","-","-","-"
"2684","J. Lee","J. Lee","WR","","","","injury-status","BYE","-","-","-","-","-","-","-","-","-","-","-","-","-"
"2685","J. Lunsford","J. Lunsford","K","","","","injury-status","BYE","-","-","-","-","-","-","-","-","-","-","-","-","-"
"2686","J. Simon","J. Simon","TE","ATL","5","","injury-status","Final L 10-18 vs PIT","-","-","-","-","-","-","-","-","-","-","-","-","-"
"2687","A. Squirewell","A. Squirewell","RB","","","","injury-status","BYE","-","-","-","-","-","-","-","-","-","-","-","-","-"
"2688","K. Rowan","K. Rowan","WR","","","","injury-status","BYE","-","-","-","-","-","-","-","-","-","-","-","-","-"
"2689","R. Scheuerman","R. Scheuerman","RB","","","","injury-status","BYE","-","-","-","-","-","-","-","-","-","-","-","-","-"
"2690","C. Jackson","C. Jackson","WR","SEA","8","","injury-status","Final W 26-20 vs DEN","-","-","-","-","-","-","-","-","-","-","-","-","-"
"2691","B. Bennett","B. Bennett","QB","","","","injury-status","BYE","-","-","-","-","-","-","-","-","-","-","-","-","-"
"2692","C. Runyon","C. Runyon","TE","LV","8","","injury-status","Final L 10-22 @ LAC","-","-","-","-","-","-","-","-","-","-","-","-","-"
"2693","K. Robichaux","K. Robichaux","RB","DET","8","IR","injury-status ir","Final W 26-20 vs LAR","-","-","-","-","-","-","-","-","-","-","-","-","-"
"2694","J. Hunt","J. Hunt","WR","","","","injury-status","BYE","-","-","-","-","-","-","-","-","-","-","-","-","-"
"2695","L. Lundy","L. Lundy","RB","","","","injury-status","BYE","-","-","-","-","-","-","-","-","-","-","-","-","-"
"2696","M. Wittek","M. Wittek","QB","","","","injury-status","BYE","-","-","-","-","-","-","-","-","-","-","-","-","-"
"2697","H. Fannin","H. Fannin","TE","CLE","9","","injury-status","Final L 17-33 vs DAL","-","-","-","-","-","-","-","-","-","-","-","-","-"
"2698","I. Umodu","I. Umodu","WR","","","","injury-status","BYE","-","-","-","-","-","-","-","-","-","-","-","-","-"
"2699","L. Allen","L. Allen","RB","JAX","8","","injury-status","Final L 17-20 @ MIA","-","-","-","-","-","-","-","-","-","-","-","-","-"
"2700","K. Mullings","K. Mullings","RB","TEN","10","Ques","injury-status questionable","Final L 17-24 @ CHI","-","-","-","-","-","-","-","-","-","-","-","-","-"
"2701","Q. Skinner","Q. Skinner","WR","NYJ","9","","injury-status","Final L 19-32 @ SF","-","-","-","-","-","-","-","-","-","-","-","-","-"
"2702","J. Meeks","J. Meeks","WR","DET","8","","injury-status","Final W 26-20 vs LAR","-","-","-","-","-","-","-","-","-","-","-","-","-"
"2703","D. Davis","D. Davis","WR","","","","injury-status","BYE","-","-","-","-","-","-","-","-","-","-","-","-","-"
"2704","B. Gardner","B. Gardner","TE","","","","injury-status","BYE","-","-","-","-","-","-","-","-","-","-","-","-","-"
"2705","J. James","J. James","RB","SF","14","IR","injury-status ir","Final W 32-19 vs NYJ","-","-","-","-","-","-","-","-","-","-","-","-","-"
"2706","D. Giddens","D. Giddens","RB","IND","11","","injury-status","Final L 27-29 vs HOU","-","-","-","-","-","-","-","-","-","-","-","-","-"
"2707","M. Hull","M. Hull","WR","","","","injury-status","BYE","-","-","-","-","-","-","-","-","-","-","-","-","-"
"2708","D. Mahina","D. Mahina","TE","","","","injury-status","BYE","-","-","-","-","-","-","-","-","-","-","-","-","-"
"2709","A. Landphere","A. Landphere","TE","","","","injury-status","BYE","-","-","-","-","-","-","-","-","-","-","-","-","-"
"2710","D. Dabney","D. Dabney","TE","","","","injury-status","BYE","-","-","-","-","-","-","-","-","-","-","-","-","-"
"2711","W. Wright","W. Wright","WR","","","","injury-status","BYE","-","-","-","-","-","-","-","-","-","-","-","-","-"
"2712","I. Bond","I. Bond","WR","CLE","9","","injury-status","Final L 17-33 vs DAL","-","-","-","-","-","-","-","-","-","-","-","-","-"
"2713","T. Steelman","T. Steelman","WR","","","","injury-status","BYE","-","-","-","-","-","-","-","-","-","-","-","-","-"
"2714","J. Blue","J. Blue","WR","","","","injury-status","BYE","-","-","-","-","-","-","-","-","-","-","-","-","-"
"2715","A. Borregales","A. Borregales","K","NE","14","","injury-status","Final W 16-10 @ CIN","-","-","-","-","-","-","-","-","-","-","-","-","-"
"2716","M. Weisman","M. Weisman","RB","","","","injury-status","BYE","-","-","-","-","-","-","-","-","-","-","-","-","-"
"2717","J. Kim","J. Kim","K","","","","injury-status","BYE","-","-","-","-","-","-","-","-","-","-","-","-","-"
"2718","J. Higgins","J. Higgins","WR","HOU","6","","injury-status","Final W 29-27 @ IND","-","-","-","-","-","-","-","-","-","-","-","-","-"
"2719","J. Jackson","J. Jackson","RB","JAX","8","","injury-status","Final L 17-20 @ MIA","-","-","-","-","-","-","-","-","-","-","-","-","-"
"2720","E. Arroyo","E. Arroyo","TE","SEA","8","","injury-status","Final W 26-20 vs DEN","-","-","-","-","-","-","-","-","-","-","-","-","-"
"2721","X. Restrepo","X. Restrepo","WR","TEN","10","","injury-status","Final L 17-24 @ CHI","-","-","-","-","-","-","-","-","-","-","-","-","-"
"2722","B. Wooldridge","B. Wooldridge","QB","","","","injury-status","BYE","-","-","-","-","-","-","-","-","-","-","-","-","-"
"2723","Q. Ewers","Q. Ewers","QB","MIA","12","","injury-status","Final W 20-17 vs JAX","-","-","-","-","-","-","-","-","-","-","-","-","-"
"2724","L. Lachey","L. Lachey","TE","HOU","6","","injury-status","Final W 29-27 @ IND","-","-","-","-","-","-","-","-","-","-","-","-","-"
"2725","B. Sauls","B. Sauls","K","","","","injury-status","BYE","-","-","-","-","-","-","-","-","-","-","-","-","-"
"2726","J. Briningstool","J. Briningstool","TE","KC","10","IR","injury-status ir","Final W 27-20 vs BAL","-","-","-","-","-","-","-","-","-","-","-","-","-"
"2727","K. McCord","K. McCord","QB","PHI","9","","injury-status","Final W 34-29 vs GB","-","-","-","-","-","-","-","-","-","-","-","-","-"
"2728","D. Gabriel","D. Gabriel","QB","CLE","9","","injury-status","Final L 17-33 vs DAL","-","-","-","-","-","-","-","-","-","-","-","-","-"
"2729","C. Miller","C. Miller","QB","LV","8","","injury-status","Final L 10-22 @ LAC","-","-","-","-","-","-","-","-","-","-","-","-","-"
"2730","T. Wease","T. Wease","WR","MIA","12","","injury-status","Final W 20-17 vs JAX","-","-","-","-","-","-","-","-","-","-","-","-","-"
"2731","D. Aultman","D. Aultman","WR","","","","injury-status","BYE","-","-","-","-","-","-","-","-","-","-","-","-","-"
"2732","M. Dixon","M. Dixon","WR","","","","injury-status","BYE","-","-","-","-","-","-","-","-","-","-","-","-","-"
"2733","G. Mertz","G. Mertz","QB","HOU","6","","injury-status","Final W 29-27 @ IND","-","-","-","-","-","-","-","-","-","-","-","-","-"
"2734","K. Williams","K. Williams","WR","NE","14","Ques","injury-status questionable","Final W 16-10 @ CIN","-","-","-","-","-","-","-","-","-","-","-","-","-"
"2735","L. Deal","L. Deal","TE","","","Ques","injury-status questionable","BYE","-","-","-","-","-","-","-","-","-","-","-","-","-"
"2736","M. Van Vooren","M. Van Vooren","WR","","","","injury-status","BYE","-","-","-","-","-","-","-","-","-","-","-","-","-"
"2737","M. Dyer","M. Dyer","RB","","","","injury-status","BYE","-","-","-","-","-","-","-","-","-","-","-","-","-"
"2738","T. Neville","T. Neville","TE","","","","injury-status","BYE","-","-","-","-","-","-","-","-","-","-","-","-","-"
"2739","C. Skattebo","C. Skattebo","RB","NYG","14","","injury-status","Final L 6-28 vs MIN","-","-","-","-","-","-","-","-","-","-","-","-","-"
"2740","L. Toafili","L. Toafili","RB","","","","injury-status","BYE","-","-","-","-","-","-","-","-","-","-","-","-","-"
"2741","M. Taylor","M. Taylor","TE","NYJ","9","","injury-status","Final L 19-32 @ SF","-","-","-","-","-","-","-","-","-","-","-","-","-"
"2742","A. Henning","A. Henning","WR","MIA","12","","injury-status","Final W 20-17 vs JAX","-","-","-","-","-","-","-","-","-","-","-","-","-"
"2743","R. Sanders","R. Sanders","RB","CLE","9","","injury-status","Final L 17-33 vs DAL","-","-","-","-","-","-","-","-","-","-","-","-","-"
"2744","J. Jones","J. Jones","WR","WAS","12","","injury-status","Final L 20-37 @ TB","-","-","-","-","-","-","-","-","-","-","-","-","-"
"2745","K. Doe","K. Doe","WR","","","","injury-status","BYE","-","-","-","-","-","-","-","-","-","-","-","-","-"
"2746","G. Helm","G. Helm","TE","TEN","10","","injury-status","Final L 17-24 @ CHI","-","-","-","-","-","-","-","-","-","-","-","-","-"
"2747","J. Reed","J. Reed","WR","CAR","14","","injury-status","Final L 10-47 @ NO","-","-","-","-","-","-","-","-","-","-","-","-","-"
"2748","C. Prieskorn","C. Prieskorn","TE","","","","injury-status","BYE","-","-","-","-","-","-","-","-","-","-","-","-","-"
"2749","J. Tukes","J. Tukes","TE","","","","injury-status","BYE","-","-","-","-","-","-","-","-","-","-","-","-","-"
"2750","I. Ferguson","I. Ferguson","WR","","","","injury-status","BYE","-","-","-","-","-","-","-","-","-","-","-","-","-"
"2751","D. Light","D. Light","TE","","","","injury-status","BYE","-","-","-","-","-","-","-","-","-","-","-","-","-"
"2752","D. Sampson","D. Sampson","RB","CLE","9","","injury-status","Final L 17-33 vs DAL","-","-","-","-","-","-","-","-","-","-","-","-","-"
"2753","T. Horton","T. Horton","WR","SEA","8","Ques","injury-status questionable","Final W 26-20 vs DEN","-","-","-","-","-","-","-","-","-","-","-","-","-"
"2754","D. Cooper","D. Cooper","WR","PHI","9","","injury-status","Final W 34-29 vs GB","-","-","-","-","-","-","-","-","-","-","-","-","-"
"2755","M. Mang","M. Mang","TE","IND","11","","injury-status","Final L 27-29 vs HOU","-","-","-","-","-","-","-","-","-","-","-","-","-"
"2756","G. Larvadain","G. Larvadain","WR","CLE","9","","injury-status","Final L 17-33 vs DAL","-","-","-","-","-","-","-","-","-","-","-","-","-"
"2757","R. Seale","R. Seale","RB","","","","injury-status","BYE","-","-","-","-","-","-","-","-","-","-","-","-","-"
"2758","D. Reeves","D. Reeves","TE","","","","injury-status","BYE","-","-","-","-","-","-","-","-","-","-","-","-","-"
"2759","C. Worthy","C. Worthy","WR","","","","injury-status","BYE","-","-","-","-","-","-","-","-","-","-","-","-","-"
"2760","K. Monangai","K. Monangai","RB","CHI","5","Ques","injury-status questionable","Final W 24-17 vs TEN","-","-","-","-","-","-","-","-","-","-","-","-","-"
"2761","C. Dippre","C. Dippre","TE","NE","14","","injury-status","Final W 16-10 @ CIN","-","-","-","-","-","-","-","-","-","-","-","-","-"
"2762","D. Rodriguez","D. Rodriguez","WR","","","","injury-status","BYE","-","-","-","-","-","-","-","-","-","-","-","-","-"
"2763","B. Yurosek","B. Yurosek","TE","MIN","6","","injury-status","Final W 28-6 @ NYG","-","-","-","-","-","-","-","-","-","-","-","-","-"
"2764","T. Edwards","T. Edwards","WR","LAR","8","","injury-status","Final L 20-26 @ DET","-","-","-","-","-","-","-","-","-","-","-","-","-"
"2765","J. Lockhart","J. Lockhart","WR","","","Ques","injury-status questionable","BYE","-","-","-","-","-","-","-","-","-","-","-","-","-"
"2766","E. Young","E. Young","RB","","","","injury-status","BYE","-","-","-","-","-","-","-","-","-","-","-","-","-"
"2767","S. Brown","S. Brown","WR","","","","injury-status","BYE","-","-","-","-","-","-","-","-","-","-","-","-","-"
"2768","T. McMillan","T. McMillan","WR","CAR","14","Ques","injury-status questionable","Final L 10-47 @ NO","-","-","-","-","-","-","-","-","-","-","-","-","-"
"2769","P. Bryant","P. Bryant","WR","DEN","12","","injury-status","Final L 20-26 @ SEA","-","-","-","-","-","-","-","-","-","-","-","-","-"
"2770","J. Noel","J. Noel","WR","HOU","6","","injury-status","Final W 29-27 @ IND","-","-","-","-","-","-","-","-","-","-","-","-","-"
"2771","K. Jackson","K. Jackson","WR","","","","injury-status","BYE","-","-","-","-","-","-","-","-","-","-","-","-","-"
"2772","J. Waters","J. Waters","RB","","","","injury-status","BYE","-","-","-","-","-","-","-","-","-","-","-","-","-"
"2773","B. Cook","B. Cook","QB","NYJ","9","","injury-status","Final L 19-32 @ SF","-","-","-","-","-","-","-","-","-","-","-","-","-"
"2774","A. Tyus","A. Tyus","RB","","","","injury-status","BYE","-","-","-","-","-","-","-","-","-","-","-","-","-"
"2775","K. Mumpfield","K. Mumpfield","WR","LAR","8","","injury-status","Final L 20-26 @ DET","-","-","-","-","-","-","-","-","-","-","-","-","-"
"2776","L. Kilgore","L. Kilgore","QB","","","","injury-status","BYE","-","-","-","-","-","-","-","-","-","-","-","-","-"
"2777","D. Uiagalelei","D. Uiagalelei","QB","LAC","12","","injury-status","Final W 22-10 vs LV","-","-","-","-","-","-","-","-","-","-","-","-","-"
"2778","C. Owen","C. Owen","WR","IND","11","","injury-status","Final L 27-29 vs HOU","-","-","-","-","-","-","-","-","-","-","-","-","-"
"2779","J. Bell","J. Bell","TE","","","","injury-status","BYE","-","-","-","-","-","-","-","-","-","-","-","-","-"
"2780","D. Lassiter","D. Lassiter","WR","","","","injury-status","BYE","-","-","-","-","-","-","-","-","-","-","-","-","-"
"2781","N. McCollum","N. McCollum","WR","","","","injury-status","BYE","-","-","-","-","-","-","-","-","-","-","-","-","-"
"2782","D. Martinez","D. Martinez","RB","SEA","8","","injury-status","Final W 26-20 vs DEN","-","-","-","-","-","-","-","-","-","-","-","-","-"
"2783","K. Johnson","K. Johnson","WR","","","","injury-status","BYE","-","-","-","-","-","-","-","-","-","-","-","-","-"
"2784","D. Reaves","D. Reaves","WR","","","","injury-status","BYE","-","-","-","-","-","-","-","-","-","-","-","-","-"
"2785","J. Webb","J. Webb","WR","NE","14","","injury-status","Final W 16-10 @ CIN","-","-","-","-","-","-","-","-","-","-","-","-","-"
"2786","J. Watkins","J. Watkins","WR","SF","14","Ques","injury-status questionable","Final W 32-19 vs NYJ","-","-","-","-","-","-","-","-","-","-","-","-","-"
"2787","Q. Judkins","Q. Judkins","RB","CLE","9","","injury-status","Final L 17-33 vs DAL","-","-","-","-","-","-","-","-","-","-","-","-","-"
"2788","D. Lovett","D. Lovett","WR","DET","8","","injury-status","Final W 26-20 vs LAR","-","-","-","-","-","-","-","-","-","-","-","-","-"
"2789","G. Lutman","G. Lutman","WR","","","","injury-status","BYE","-","-","-","-","-","-","-","-","-","-","-","-","-"
"2790","D. Thornton","D. Thornton","WR","LV","8","","injury-status","Final L 10-22 @ LAC","-","-","-","-","-","-","-","-","-","-","-","-","-"
"2791","T. Franks","T. Franks","RB","","","","injury-status","BYE","-","-","-","-","-","-","-","-","-","-","-","-","-"
"2792","S. Klotz","S. Klotz","TE","","","","injury-status","BYE","-","-","-","-","-","-","-","-","-","-","-","-","-"
"2793","L. Larison","L. Larison","RB","NE","14","IR","injury-status ir","Final W 16-10 @ CIN","-","-","-","-","-","-","-","-","-","-","-","-","-"
"2794","A. Carlisle","A. Carlisle","WR","","","","injury-status","BYE","-","-","-","-","-","-","-","-","-","-","-","-","-"
"2795","J. Davis","J. Davis","WR","","","","injury-status","BYE","-","-","-","-","-","-","-","-","-","-","-","-","-"
"2796","A. Smith","A. Smith","WR","NYJ","9","","injury-status","Final L 19-32 @ SF","-","-","-","-","-","-","-","-","-","-","-","-","-"
"2797","Q. Jones","Q. Jones","RB","","","","injury-status","BYE","-","-","-","-","-","-","-","-","-","-","-","-","-"
"2798","D. Thomas-Jones","D. Thomas-Jones","TE","","","","injury-status","BYE","-","-","-","-","-","-","-","-","-","-","-","-","-"
"2799","T. Etienne","T. Etienne","RB","CAR","14","","injury-status","Final L 10-47 @ NO","-","-","-","-","-","-","-","-","-","-","-","-","-"
"2800","K. Rourke","K. Rourke","QB","SF","14","PUP","injury-status pup","Final W 32-19 vs NYJ","-","-","-","-","-","-","-","-","-","-","-","-","-"
"2801","J. Coker","J. Coker","QB","","","","injury-status","BYE","-","-","-","-","-","-","-","-","-","-","-","-","-"
"2802","M. Lang","M. Lang","TE","","","","injury-status","BYE","-","-","-","-","-","-","-","-","-","-","-","-","-"
"2803","R. Jones","R. Jones","RB","","","","injury-status","BYE","-","-","-","-","-","-","-","-","-","-","-","-","-"
"2804","M. Matavao","M. Matavao","TE","NO","11","","injury-status","Final W 47-10 vs CAR","-","-","-","-","-","-","-","-","-","-","-","-","-"
"2805","K. Taylor","K. Taylor","TE","","","","injury-status","BYE","-","-","-","-","-","-","-","-","-","-","-","-","-"
"2806","T. Flanders","T. Flanders","RB","","","","injury-status","BYE","-","-","-","-","-","-","-","-","-","-","-","-","-"
"2807","J. White","J. White","RB","","","Ques","injury-status questionable","BYE","-","-","-","-","-","-","-","-","-","-","-","-","-"
"2808","J. Harris","J. Harris","WR","","","","injury-status","BYE","-","-","-","-","-","-","-","-","-","-","-","-","-"
"2809","O. Cardenas","O. Cardenas","TE","","","","injury-status","BYE","-","-","-","-","-","-","-","-","-","-","-","-","-"
"2810","J. Bech","J. Bech","WR","LV","8","","injury-status","Final L 10-22 @ LAC","-","-","-","-","-","-","-","-","-","-","-","-","-"
"2811","Q. Bundrage","Q. Bundrage","WR","","","","injury-status","BYE","-","-","-","-","-","-","-","-","-","-","-","-","-"
"2812","T. Taua","T. Taua","RB","","","","injury-status","BYE","-","-","-","-","-","-","-","-","-","-","-","-","-"
"2813","J. Bly","J. Bly","WR","","","","injury-status","BYE","-","-","-","-","-","-","-","-","-","-","-","-","-"
"2814","A. Ajou","A. Ajou","WR","","","","injury-status","BYE","-","-","-","-","-","-","-","-","-","-","-","-","-"
"2815","M. Redman","M. Redman","TE","LAR","8","","injury-status","Final L 20-26 @ DET","-","-","-","-","-","-","-","-","-","-","-","-","-"
"2816","E. Ayomanor","E. Ayomanor","WR","TEN","10","","injury-status","Final L 17-24 @ CHI","-","-","-","-","-","-","-","-","-","-","-","-","-"
"2817","T. Morin","T. Morin","WR","","","","injury-status","BYE","-","-","-","-","-","-","-","-","-","-","-","-","-"
"2818","K. Closs","K. Closs","WR","","","","injury-status","BYE","-","-","-","-","-","-","-","-","-","-","-","-","-"
"2819","T. Fidone","T. Fidone","TE","NYG","14","","injury-status","Final L 6-28 vs MIN","-","-","-","-","-","-","-","-","-","-","-","-","-"
"2820","M. Trujillo","M. Trujillo","K","","","IR","injury-status ir","BYE","-","-","-","-","-","-","-","-","-","-","-","-","-"
"2821","B. Lampe","B. Lampe","RB","NE","14","IR","injury-status ir","Final W 16-10 @ CIN","-","-","-","-","-","-","-","-","-","-","-","-","-"
"2822","H. Presley","H. Presley","WR","","","","injury-status","BYE","-","-","-","-","-","-","-","-","-","-","-","-","-"
"2823","M. Williams","M. Williams","WR","","","Ques","injury-status questionable","BYE","-","-","-","-","-","-","-","-","-","-","-","-","-"
"2824","D. Wright","D. Wright","WR","","","","injury-status","BYE","-","-","-","-","-","-","-","-","-","-","-","-","-"
"2825","M. Muhammad","M. Muhammad","WR","","","Ques","injury-status questionable","BYE","-","-","-","-","-","-","-","-","-","-","-","-","-"
"2826","L. Krieg","L. Krieg","K","ATL","5","","injury-status","Final L 10-18 vs PIT","-","-","-","-","-","-","-","-","-","-","-","-","-"
"2827","J. Blue","J. Blue","RB","DAL","10","Ques","injury-status questionable","Final W 33-17 @ CLE","-","-","-","-","-","-","-","-","-","-","-","-","-"
"2828","N. Nash","N. Nash","WR","ATL","5","","injury-status","Final L 10-18 vs PIT","-","-","-","-","-","-","-","-","-","-","-","-","-"
"2829","J. Hoyland","J. Hoyland","K","","","","injury-status","BYE","-","-","-","-","-","-","-","-","-","-","-","-","-"
"2830","B. Tuten","B. Tuten","RB","JAX","8","","injury-status","Final L 17-20 @ MIA","-","-","-","-","-","-","-","-","-","-","-","-","-"
"2831","D. Martin","D. Martin","RB","","","","injury-status","BYE","-","-","-","-","-","-","-","-","-","-","-","-","-"
"2832","W. Howard","W. Howard","QB","PIT","5","IR","injury-status ir","Final W 18-10 @ ATL","-","-","-","-","-","-","-","-","-","-","-","-","-"
"2833","D. Neal","D. Neal","RB","NO","11","","injury-status","Final W 47-10 vs CAR","-","-","-","-","-","-","-","-","-","-","-","-","-"
"2834","D. Daniels","D. Daniels","WR","","","","injury-status","BYE","-","-","-","-","-","-","-","-","-","-","-","-","-"
"2835","D. Wilson","D. Wilson","WR","","","","injury-status","BYE","-","-","-","-","-","-","-","-","-","-","-","-","-"
"2836","T. Hunter","T. Hunter","WR, DB - JAX(8)","","","","injury-status","Final L 17-20 @ MIA","-","-","-","-","-","-","-","-","-","-","-","-","-"
"2837","R. Daniels","R. Daniels","WR","","","","injury-status","BYE","-","-","-","-","-","-","-","-","-","-","-","-","-"
"2838","H. Williams","H. Williams","QB","","","","injury-status","BYE","-","-","-","-","-","-","-","-","-","-","-","-","-"
"2839","C. McDonald","C. McDonald","WR","","","IR","injury-status ir","BYE","-","-","-","-","-","-","-","-","-","-","-","-","-"
"2840","N. Kallerup","N. Kallerup","TE","SEA","8","","injury-status","Final W 26-20 vs DEN","-","-","-","-","-","-","-","-","-","-","-","-","-"
"2841","A. Johnson","A. Johnson","RB","LAC","12","","injury-status","Final W 22-10 vs LV","-","-","-","-","-","-","-","-","-","-","-","-","-"
"2842","J. Copenhaver","J. Copenhaver","TE","","","","injury-status","BYE","-","-","-","-","-","-","-","-","-","-","-","-","-"
"2843","C. Bazelak","C. Bazelak","QB","TB","9","","injury-status","Final W 37-20 vs WAS","-","-","-","-","-","-","-","-","-","-","-","-","-"
"2844","P. Herbert","P. Herbert","TE","JAX","8","","injury-status","Final L 17-20 @ MIA","-","-","-","-","-","-","-","-","-","-","-","-","-"
"2845","M. Brosmer","M. Brosmer","QB","MIN","6","","injury-status","Final W 28-6 @ NYG","-","-","-","-","-","-","-","-","-","-","-","-","-"
"2846","E. Wilson","E. Wilson","TE","","","","injury-status","BYE","-","-","-","-","-","-","-","-","-","-","-","-","-"
"2847","M. Baldwin","M. Baldwin","WR","","","","injury-status","BYE","-","-","-","-","-","-","-","-","-","-","-","-","-"
"2848","A. Armstrong","A. Armstrong","WR","","","","injury-status","BYE","-","-","-","-","-","-","-","-","-","-","-","-","-"
"2849","D. Parks","D. Parks","WR","","","","injury-status","BYE","-","-","-","-","-","-","-","-","-","-","-","-","-"
"2850","O. Gordon","O. Gordon","RB","MIA","12","","injury-status","Final W 20-17 vs JAX","-","-","-","-","-","-","-","-","-","-","-","-","-"
"2851","J. Sinz","J. Sinz","TE","","","","injury-status","BYE","-","-","-","-","-","-","-","-","-","-","-","-","-"
"2852","R. Brown","R. Brown","TE","","","","injury-status","BYE","-","-","-","-","-","-","-","-","-","-","-","-","-"
"2853","C. Tyree","C. Tyree","WR","","","Ques","injury-status questionable","BYE","-","-","-","-","-","-","-","-","-","-","-","-","-"
"2854","J. Dangerfield","J. Dangerfield","WR","","","","injury-status","BYE","-","-","-","-","-","-","-","-","-","-","-","-","-"
"2855","X. Guillory","X. Guillory","WR","","","Ques","injury-status questionable","BYE","-","-","-","-","-","-","-","-","-","-","-","-","-"
"2856","L. Bester","L. Bester","WR","","","","injury-status","BYE","-","-","-","-","-","-","-","-","-","-","-","-","-"
"2857","C. Neighbors","C. Neighbors","RB","","","","injury-status","BYE","-","-","-","-","-","-","-","-","-","-","-","-","-"
"2858","T. Holden","T. Holden","WR","DAL","10","","injury-status","Final W 33-17 @ CLE","-","-","-","-","-","-","-","-","-","-","-","-","-"
"2859","A. Wells","A. Wells","WR","","","","injury-status","BYE","-","-","-","-","-","-","-","-","-","-","-","-","-"
"2860","L. Ward","L. Ward","RB","","","","injury-status","BYE","-","-","-","-","-","-","-","-","-","-","-","-","-"
"2861","S. Bolden","S. Bolden","WR","HOU","6","","injury-status","Final W 29-27 @ IND","-","-","-","-","-","-","-","-","-","-","-","-","-"
"2862","M. Evans","M. Evans","TE","CAR","14","","injury-status","Final L 10-47 @ NO","-","-","-","-","-","-","-","-","-","-","-","-","-"
"2863","R. Leonard","R. Leonard","QB","IND","11","","injury-status","Final L 27-29 vs HOU","-","-","-","-","-","-","-","-","-","-","-","-","-"
"2864","A. Jeanty","A. Jeanty","RB","LV","8","","injury-status","Final L 10-22 @ LAC","-","-","-","-","-","-","-","-","-","-","-","-","-"
"2865","P. Sims","P. Sims","QB","","","","injury-status","BYE","-","-","-","-","-","-","-","-","-","-","-","-","-"
"2866","A. Gleichert","A. Gleichert","TE","","","","injury-status","BYE","-","-","-","-","-","-","-","-","-","-","-","-","-"
"2867","C. Clear","C. Clear","TE","","","","injury-status","BYE","-","-","-","-","-","-","-","-","-","-","-","-","-"
"2868","J. Williams","J. Williams","RB","TB","9","","injury-status","Final W 37-20 vs WAS","-","-","-","-","-","-","-","-","-","-","-","-","-"
"2869","K. Ings","K. Ings","WR","","","","injury-status","BYE","-","-","-","-","-","-","-","-","-","-","-","-","-"
"2870","J. Croskey-Merritt","J. Croskey-Merritt","RB","WAS","12","","injury-status","Final L 20-37 @ TB","-","-","-","-","-","-","-","-","-","-","-","-","-"
"2871","J. Dart","J. Dart","QB","NYG","14","","injury-status","Final L 6-28 vs MIN","-","-","-","-","-","-","-","-","-","-","-","-","-"
"2872","D. Davis","D. Davis","WR","","","","injury-status","BYE","-","-","-","-","-","-","-","-","-","-","-","-","-"
"2873","T. Creecy","T. Creecy","RB","","","","injury-status","BYE","-","-","-","-","-","-","-","-","-","-","-","-","-"
"2874","D. Anthrop","D. Anthrop","WR","","","","injury-status","BYE","-","-","-","-","-","-","-","-","-","-","-","-","-"
"2875","J. Lane","J. Lane","WR","WAS","12","","injury-status","Final L 20-37 @ TB","-","-","-","-","-","-","-","-","-","-","-","-","-"
"2876","D. Cambre","D. Cambre","WR","","","","injury-status","BYE","-","-","-","-","-","-","-","-","-","-","-","-","-"
"2877","S. Gosnell","S. Gosnell","WR","BUF","7","","injury-status","Final W 34-28 vs ARI","-","-","-","-","-","-","-","-","-","-","-","-","-"
"2878","M. Morgan","M. Morgan","K","","","","injury-status","BYE","-","-","-","-","-","-","-","-","-","-","-","-","-"
"2879","Z. Horton","Z. Horton","TE","DET","8","","injury-status","Final W 26-20 vs LAR","-","-","-","-","-","-","-","-","-","-","-","-","-"
"2880","K. Hudson","K. Hudson","WR","","","","injury-status","BYE","-","-","-","-","-","-","-","-","-","-","-","-","-"
"2881","T. Sloat","T. Sloat","TE","","","","injury-status","BYE","-","-","-","-","-","-","-","-","-","-","-","-","-"
"2882","H. Dekkers","H. Dekkers","QB","NO","11","","injury-status","Final W 47-10 vs CAR","-","-","-","-","-","-","-","-","-","-","-","-","-"
"2883","K. Prather","K. Prather","WR","","","Ques","injury-status questionable","BYE","-","-","-","-","-","-","-","-","-","-","-","-","-"
"2884","C. Dike","C. Dike","WR","TEN","10","","injury-status","Final L 17-24 @ CHI","-","-","-","-","-","-","-","-","-","-","-","-","-"
"2885","C. Camper","C. Camper","WR","","","","injury-status","BYE","-","-","-","-","-","-","-","-","-","-","-","-","-"
"2886","R. Collins","R. Collins","WR","","","","injury-status","BYE","-","-","-","-","-","-","-","-","-","-","-","-","-"
"2887","K. Latu","K. Latu","TE","BUF","7","","injury-status","Final W 34-28 vs ARI","-","-","-","-","-","-","-","-","-","-","-","-","-"
"2888","T. Watson","T. Watson","TE","KC","10","","injury-status","Final W 27-20 vs BAL","-","-","-","-","-","-","-","-","-","-","-","-","-"
"2889","C. Davis","C. Davis","K","","","","injury-status","BYE","-","-","-","-","-","-","-","-","-","-","-","-","-"
"2890","R. Ouzts","R. Ouzts","RB","SEA","8","","injury-status","Final W 26-20 vs DEN","-","-","-","-","-","-","-","-","-","-","-","-","-"
"2891","T. Felton","T. Felton","WR","MIN","6","Ques","injury-status questionable","Final W 28-6 @ NYG","-","-","-","-","-","-","-","-","-","-","-","-","-"
"2892","C. Ward","C. Ward","QB","TEN","10","","injury-status","Final L 17-24 @ CHI","-","-","-","-","-","-","-","-","-","-","-","-","-"
"2893","M. Miller","M. Miller","TE","","","","injury-status","BYE","-","-","-","-","-","-","-","-","-","-","-","-","-"
"2894","E. Pancol","E. Pancol","WR","","","Ques","injury-status questionable","BYE","-","-","-","-","-","-","-","-","-","-","-","-","-"
"2895","N. Wright","N. Wright","RB","","","","injury-status","BYE","-","-","-","-","-","-","-","-","-","-","-","-","-"
"2896","M. Clark","M. Clark","WR","","","","injury-status","BYE","-","-","-","-","-","-","-","-","-","-","-","-","-"
"2897","P. Lutz","P. Lutz","WR","","","","injury-status","BYE","-","-","-","-","-","-","-","-","-","-","-","-","-"
"2898","C. Schlee","C. Schlee","QB","","","","injury-status","BYE","-","-","-","-","-","-","-","-","-","-","-","-","-"
"2899","T. Elgersma","T. Elgersma","QB","","","","injury-status","BYE","-","-","-","-","-","-","-","-","-","-","-","-","-"
"2900","S. Williams","S. Williams","WR","GB","5","Ques","injury-status questionable","Final L 29-34 @ PHI","-","-","-","-","-","-","-","-","-","-","-","-","-"
"2901","D. Brown","D. Brown","RB","","","","injury-status","BYE","-","-","-","-","-","-","-","-","-","-","-","-","-"
"2902","R. Harvey","R. Harvey","RB","DEN","12","","injury-status","Final L 20-26 @ SEA","-","-","-","-","-","-","-","-","-","-","-","-","-"
"2903","J. Horn","J. Horn","WR","CAR","14","","injury-status","Final L 10-47 @ NO","-","-","-","-","-","-","-","-","-","-","-","-","-"
"2904","P. Browning","P. Browning","WR","","","","injury-status","BYE","-","-","-","-","-","-","-","-","-","-","-","-","-"
"2905","I. Neyor","I. Neyor","WR","GB","5","","injury-status","Final L 29-34 @ PHI","-","-","-","-","-","-","-","-","-","-","-","-","-"
"2906","W. Marks","W. Marks","RB","HOU","6","","injury-status","Final W 29-27 @ IND","-","-","-","-","-","-","-","-","-","-","-","-","-"
"2907","K. Johnson","K. Johnson","RB","PIT","5","","injury-status","Final W 18-10 @ ATL","-","-","-","-","-","-","-","-","-","-","-","-","-"
"2908","B. Pierre","B. Pierre","TE","CAR","14","","injury-status","Final L 10-47 @ NO","-","-","-","-","-","-","-","-","-","-","-","-","-"
"2909","L. Scott","L. Scott","RB","BAL","7","","injury-status","Final L 20-27 @ KC","-","-","-","-","-","-","-","-","-","-","-","-","-"
"2910","T. Brooks","T. Brooks","RB","CIN","10","","injury-status","Final L 10-16 vs NE","-","-","-","-","-","-","-","-","-","-","-","-","-"
"2911","C. Powell","C. Powell","RB","","","","injury-status","BYE","-","-","-","-","-","-","-","-","-","-","-","-","-"
"2912","D. Jackson","D. Jackson","WR","","","","injury-status","BYE","-","-","-","-","-","-","-","-","-","-","-","-","-"
"2913","J. Haggins","J. Haggins","WR","","","","injury-status","BYE","-","-","-","-","-","-","-","-","-","-","-","-","-"
"2914","C. Lohner","C. Lohner","TE","DEN","12","","injury-status","Final L 20-26 @ SEA","-","-","-","-","-","-","-","-","-","-","-","-","-"
"2915","V. Johnson","V. Johnson","WR","","","","injury-status","BYE","-","-","-","-","-","-","-","-","-","-","-","-","-"
"2916","Q. Skinner","Q. Skinner","WR","","","","injury-status","BYE","-","-","-","-","-","-","-","-","-","-","-","-","-"
"2917","T. Ferguson","T. Ferguson","TE","LAR","8","","injury-status","Final L 20-26 @ DET","-","-","-","-","-","-","-","-","-","-","-","-","-"
"2918","S. Watts","S. Watts","RB","","","","injury-status","BYE","-","-","-","-","-","-","-","-","-","-","-","-","-"
"2919","R. Coe","R. Coe","K","","","","injury-status","BYE","-","-","-","-","-","-","-","-","-","-","-","-","-"
"2920","E. Egbuka","E. Egbuka","WR","TB","9","","injury-status","Final W 37-20 vs WAS","-","-","-","-","-","-","-","-","-","-","-","-","-"
"2921","T. Stewart","T. Stewart","RB","","","","injury-status","BYE","-","-","-","-","-","-","-","-","-","-","-","-","-"
"2922","J. Moore","J. Moore","WR","CIN","10","","injury-status","Final L 10-16 vs NE","-","-","-","-","-","-","-","-","-","-","-","-","-"
"2923","B. Braylon","B. Braylon","WR","","","","injury-status","BYE","-","-","-","-","-","-","-","-","-","-","-","-","-"
"2924","G. Bartholomew","G. Bartholomew","TE","MIN","6","PUP","injury-status pup","Final W 28-6 @ NYG","-","-","-","-","-","-","-","-","-","-","-","-","-"
"2925","O. Wilson","O. Wilson","WR","","","","injury-status","BYE","-","-","-","-","-","-","-","-","-","-","-","-","-"
"2926","A. Kelly","A. Kelly","WR","","","","injury-status","BYE","-","-","-","-","-","-","-","-","-","-","-","-","-"
"2927","N. King","N. King","WR","","","","injury-status","BYE","-","-","-","-","-","-","-","-","-","-","-","-","-"
"2928","D. Fleming","D. Fleming","WR","MIN","6","","injury-status","Final W 28-6 @ NYG","-","-","-","-","-","-","-","-","-","-","-","-","-"
"2929","J. Newton","J. Newton","WR","","","","injury-status","BYE","-","-","-","-","-","-","-","-","-","-","-","-","-"
"2930","T. Mellott","T. Mellott","WR","","","","injury-status","BYE","-","-","-","-","-","-","-","-","-","-","-","-","-"
"2931","T. Harris","T. Harris","WR","LAC","12","Ques","injury-status questionable","Final W 22-10 vs LV","-","-","-","-","-","-","-","-","-","-","-","-","-"
"2932","N. Carter","N. Carter","RB","ATL","5","","injury-status","Final L 10-18 vs PIT","-","-","-","-","-","-","-","-","-","-","-","-","-"
"2933","E. Ruffin","E. Ruffin","WR","","","","injury-status","BYE","-","-","-","-","-","-","-","-","-","-","-","-","-"
"2934","K. Akharaiyi","K. Akharaiyi","WR","","","","injury-status","BYE","-","-","-","-","-","-","-","-","-","-","-","-","-"
"2935","T. Warren","T. Warren","TE","IND","11","","injury-status","Final L 27-29 vs HOU","-","-","-","-","-","-","-","-","-","-","-","-","-"
"2936","D. Porter","D. Porter","WR","","","","injury-status","BYE","-","-","-","-","-","-","-","-","-","-","-","-","-"
"2937","M. Colburn","M. Colburn","RB","","","","injury-status","BYE","-","-","-","-","-","-","-","-","-","-","-","-","-"
"2938","T. Shough","T. Shough","QB","NO","11","","injury-status","Final W 47-10 vs CAR","-","-","-","-","-","-","-","-","-","-","-","-","-"
"2939","B. Nesbit","B. Nesbit","TE","MIN","6","","injury-status","Final W 28-6 @ NYG","-","-","-","-","-","-","-","-","-","-","-","-","-"
"2940","K. Lynch-Adams","K. Lynch-Adams","RB","","","","injury-status","BYE","-","-","-","-","-","-","-","-","-","-","-","-","-"
"2941","D. Campbell","D. Campbell","WR","CAR","14","","injury-status","Final L 10-47 @ NO","-","-","-","-","-","-","-","-","-","-","-","-","-"
"2942","B. Smith","B. Smith","RB","KC","10","","injury-status","Final W 27-20 vs BAL","-","-","-","-","-","-","-","-","-","-","-","-","-"
"2943","M. Foster","M. Foster","WR","","","Ques","injury-status questionable","BYE","-","-","-","-","-","-","-","-","-","-","-","-","-"
"2944","S. Days","S. Days","RB","","","","injury-status","BYE","-","-","-","-","-","-","-","-","-","-","-","-","-"
"2945","L. Burden","L. Burden","WR","CHI","5","","injury-status","Final W 24-17 vs TEN","-","-","-","-","-","-","-","-","-","-","-","-","-"
"2946","Q. Conley","Q. Conley","RB","","","","injury-status","BYE","-","-","-","-","-","-","-","-","-","-","-","-","-"
"2947","M. Johnson","M. Johnson","RB","","","","injury-status","BYE","-","-","-","-","-","-","-","-","-","-","-","-","-"
"2948","L. Floriea","L. Floriea","WR","","","Ques","injury-status questionable","BYE","-","-","-","-","-","-","-","-","-","-","-","-","-"
"2949","M. Yarns","M. Yarns","RB","","","","injury-status","BYE","-","-","-","-","-","-","-","-","-","-","-","-","-"
"2950","G. Greene","G. Greene","QB","TB","9","","injury-status","Final W 37-20 vs WAS","-","-","-","-","-","-","-","-","-","-","-","-","-"
"2951","J. Banks","J. Banks","WR","","","","injury-status","BYE","-","-","-","-","-","-","-","-","-","-","-","-","-"
"2952","S. Sanders","S. Sanders","QB","CLE","9","","injury-status","Final L 17-33 vs DAL","-","-","-","-","-","-","-","-","-","-","-","-","-"
"2953","J. Holiday","J. Holiday","WR","KC","10","","injury-status","Final W 27-20 vs BAL","-","-","-","-","-","-","-","-","-","-","-","-","-"
"2954","M. McNamee","M. McNamee","K","GB","5","","injury-status","Final L 29-34 @ PHI","-","-","-","-","-","-","-","-","-","-","-","-","-"
"2955","D. Blankumsee","D. Blankumsee","WR","","","","injury-status","BYE","-","-","-","-","-","-","-","-","-","-","-","-","-"
"2956","J. Chisholm","J. Chisholm","RB","","","","injury-status","BYE","-","-","-","-","-","-","-","-","-","-","-","-","-"
"2957","J. Harper","J. Harper","WR","","","","injury-status","BYE","-","-","-","-","-","-","-","-","-","-","-","-","-"
"2958","R. Baker","R. Baker","RB","","","Ques","injury-status questionable","BYE","-","-","-","-","-","-","-","-","-","-","-","-","-"
"2959","T. Gordon","T. Gordon","TE","","","","injury-status","BYE","-","-","-","-","-","-","-","-","-","-","-","-","-"
"2960","C. Brayboy","C. Brayboy","WR","JAX","8","","injury-status","Final L 17-20 @ MIA","-","-","-","-","-","-","-","-","-","-","-","-","-"
"2961","J. Mayes","J. Mayes","WR","","","","injury-status","BYE","-","-","-","-","-","-","-","-","-","-","-","-","-"
"2962","R. Douglas","R. Douglas","WR","","","","injury-status","BYE","-","-","-","-","-","-","-","-","-","-","-","-","-"
"2963","J. Franklin","J. Franklin","QB","","","","injury-status","BYE","-","-","-","-","-","-","-","-","-","-","-","-","-"
"2964","J. Petaia","J. Petaia","TE","","","Ques","injury-status questionable","BYE","-","-","-","-","-","-","-","-","-","-","-","-","-"
"2965","E. Badger","E. Badger","WR","","","","injury-status","BYE","-","-","-","-","-","-","-","-","-","-","-","-","-"
"2966","J. Terry","J. Terry","TE","","","IR","injury-status ir","BYE","-","-","-","-","-","-","-","-","-","-","-","-","-"
"2967","S. Carden","S. Carden","QB","","","","injury-status","BYE","-","-","-","-","-","-","-","-","-","-","-","-","-"
"2968","D. Hankins","D. Hankins","RB","CHI","5","IR","injury-status ir","Final W 24-17 vs TEN","-","-","-","-","-","-","-","-","-","-","-","-","-"
"2969","E. Garbers","E. Garbers","QB","","","","injury-status","BYE","-","-","-","-","-","-","-","-","-","-","-","-","-"
"2970","R. White","R. White","WR","SEA","8","","injury-status","Final W 26-20 vs DEN","-","-","-","-","-","-","-","-","-","-","-","-","-"
"2971","R. Lewis","R. Lewis","WR","","","","injury-status","BYE","-","-","-","-","-","-","-","-","-","-","-","-","-"
"2972","S. Henigan","S. Henigan","QB","JAX","8","","injury-status","Final L 17-20 @ MIA","-","-","-","-","-","-","-","-","-","-","-","-","-"
"2973","M. Coprich","M. Coprich","RB","","","","injury-status","BYE","-","-","-","-","-","-","-","-","-","-","-","-","-"
"2974","C. Kiner","C. Kiner","RB","SF","14","Ques","injury-status questionable","Final W 32-19 vs NYJ","-","-","-","-","-","-","-","-","-","-","-","-","-"
"2975","I. TeSlaa","I. TeSlaa","WR","DET","8","","injury-status","Final W 26-20 vs LAR","-","-","-","-","-","-","-","-","-","-","-","-","-"
"2976","M. Major","M. Major","RB","","","","injury-status","BYE","-","-","-","-","-","-","-","-","-","-","-","-","-"
"2977","J. Jones","J. Jones","WR","","","","injury-status","BYE","-","-","-","-","-","-","-","-","-","-","-","-","-"
"2978","T. Henderson","T. Henderson","RB","NE","14","","injury-status","Final W 16-10 @ CIN","-","-","-","-","-","-","-","-","-","-","-","-","-"
"2979","R. Fitzgerald","R. Fitzgerald","K","CAR","14","","injury-status","Final L 10-47 @ NO","-","-","-","-","-","-","-","-","-","-","-","-","-"
"2980","J. Manton","J. Manton","K","","","","injury-status","BYE","-","-","-","-","-","-","-","-","-","-","-","-","-"
"2981","L. Parker","L. Parker","WR","","","","injury-status","BYE","-","-","-","-","-","-","-","-","-","-","-","-","-"
"2982","J. Wright","J. Wright","RB","SEA","8","","injury-status","Final W 26-20 vs DEN","-","-","-","-","-","-","-","-","-","-","-","-","-"
"2983","J. Walker","J. Walker","WR","CHI","5","","injury-status","Final W 24-17 vs TEN","-","-","-","-","-","-","-","-","-","-","-","-","-"
"2984","R. Mueller","R. Mueller","RB","","","","injury-status","BYE","-","-","-","-","-","-","-","-","-","-","-","-","-"
"2985","J. Conyers","J. Conyers","TE","MIA","12","IR","injury-status ir","Final W 20-17 vs JAX","-","-","-","-","-","-","-","-","-","-","-","-","-"
"2986","E. Brun","E. Brun","TE","","","","injury-status","BYE","-","-","-","-","-","-","-","-","-","-","-","-","-"
"2987","A. Coxson","A. Coxson","WR","","","","injury-status","BYE","-","-","-","-","-","-","-","-","-","-","-","-","-"
"2988","J. Smith","J. Smith","WR","","","IR","injury-status ir","BYE","-","-","-","-","-","-","-","-","-","-","-","-","-"
"2989","A. Boone","A. Boone","QB","","","","injury-status","BYE","-","-","-","-","-","-","-","-","-","-","-","-","-"
"2990","S. Houma","S. Houma","RB","","","","injury-status","BYE","-","-","-","-","-","-","-","-","-","-","-","-","-"
"2991","J. Edwards","J. Edwards","RB","","","","injury-status","BYE","-","-","-","-","-","-","-","-","-","-","-","-","-"
"2992","G. Scott","G. Scott","TE","","","","injury-status","BYE","-","-","-","-","-","-","-","-","-","-","-","-","-"
"2993","J. Brooks","J. Brooks","WR","WAS","12","","injury-status","Final L 20-37 @ TB","-","-","-","-","-","-","-","-","-","-","-","-","-"
"2994","C. Louks","C. Louks","WR","","","","injury-status","BYE","-","-","-","-","-","-","-","-","-","-","-","-","-"
"2995","M. Johnson","M. Johnson","WR","","","","injury-status","BYE","-","-","-","-","-","-","-","-","-","-","-","-","-"
"2996","J. Sifrin","J. Sifrin","TE","","","","injury-status","BYE","-","-","-","-","-","-","-","-","-","-","-","-","-"
"2997","E. Chism","E. Chism","WR","NE","14","Ques","injury-status questionable","Final W 16-10 @ CIN","-","-","-","-","-","-","-","-","-","-","-","-","-"
"2998","T. Kahmann","T. Kahmann","WR","","","","injury-status","BYE","-","-","-","-","-","-","-","-","-","-","-","-","-"
"2999","H. Spears","H. Spears","TE","","","","injury-status","BYE","-","-","-","-","-","-","-","-","-","-","-","-","-"
"3000","C. Loveland","C. Loveland","TE","CHI","5","","injury-status","Final W 24-17 vs TEN","-","-","-","-","-","-","-","-","-","-","-","-","-"
"3001","J. Pritchett","J. Pritchett","WR","NYJ","9","","injury-status","Final L 19-32 @ SF","-","-","-","-","-","-","-","-","-","-","-","-","-"
"3002","M. Williams","M. Williams","QB","","","","injury-status","BYE","-","-","-","-","-","-","-","-","-","-","-","-","-"
"3003","C. King","C. King","WR","","","","injury-status","BYE","-","-","-","-","-","-","-","-","-","-","-","-","-"
"3004","D. Gardner","D. Gardner","WR","","","","injury-status","BYE","-","-","-","-","-","-","-","-","-","-","-","-","-"
"3005","M. Dalena","M. Dalena","WR","","","","injury-status","BYE","-","-","-","-","-","-","-","-","-","-","-","-","-"
"3006","B. Taylor","B. Taylor","WR","","","","injury-status","BYE","-","-","-","-","-","-","-","-","-","-","-","-","-"
"3007","R. Williams","R. Williams","RB","","","","injury-status","BYE","-","-","-","-","-","-","-","-","-","-","-","-","-"
"3008","K. Williams","K. Williams","WR","PIT","5","","injury-status","Final W 18-10 @ ATL","-","-","-","-","-","-","-","-","-","-","-","-","-"
"3009","J. Kelly","J. Kelly","WR","HOU","6","","injury-status","Final W 29-27 @ IND","-","-","-","-","-","-","-","-","-","-","-","-","-"
"3010","J. Fleming","J. Fleming","WR","","","","injury-status","BYE","-","-","-","-","-","-","-","-","-","-","-","-","-"
"3011","I. Adeyi","I. Adeyi","WR","","","","injury-status","BYE","-","-","-","-","-","-","-","-","-","-","-","-","-"
"3012","J. George","J. George","WR","","","","injury-status","BYE","-","-","-","-","-","-","-","-","-","-","-","-","-"
"3013","L. Wester","L. Wester","WR","BAL","7","","injury-status","Final L 20-27 @ KC","-","-","-","-","-","-","-","-","-","-","-","-","-"
"3014","O. Gadsden","O. Gadsden","TE","LAC","12","","injury-status","Final W 22-10 vs LV","-","-","-","-","-","-","-","-","-","-","-","-","-"
"3015","O. Hampton","O. Hampton","RB","LAC","12","","injury-status","Final W 22-10 vs LV","-","-","-","-","-","-","-","-","-","-","-","-","-"
"3016","D. Singer","D. Singer","WR","","","","injury-status","BYE","-","-","-","-","-","-","-","-","-","-","-","-","-"
"3017","B. Gabbert","B. Gabbert","QB","","","","injury-status","BYE","-","-","-","-","-","-","-","-","-","-","-","-","-"
"3018","K. Dent","K. Dent","QB","","","","injury-status","BYE","-","-","-","-","-","-","-","-","-","-","-","-","-"