"index","short_name","name","position","team","bye_week","injury_text","injury_class","game_status","points","stat_2","stat_3","stat_4","stat_5","stat_6","stat_7","stat_8","stat_9","stat_10","stat_11","stat_12","stat_13"
"1","L. Jackson","L. Jackson","QB","BAL","7","Ques","injury-status questionable","Sun 8:20 PM@ BUF","359","20.1","140","832","4","-","-","-","-","301","453","3671","30"
"2","J. Allen","J. Allen","QB","BUF","7","","injury-status","Sun 8:20 PMvs BAL","356","19.0","98","504","11","-","-","-","-","330","499","3716","26"
"3","J. Daniels","J. Daniels","QB","WAS","12","","injury-status","Sun 1:00 PMvs NYG","354","34.7","143","775","6","-","-","-","-","345","501","3799","26"
"4","J. Hurts","J. Hurts","QB","PHI","9","","injury-status","Thu 8:20 PMvs DAL","352","33.8","152","535","14","-","-","-","-","301","457","3475","22"
"5","J. Burrow","J. Burrow","QB","CIN","10","","injury-status","Sun 1:00 PM@ CLE","331","40.0","46","180","2","-","-","-","-","405","600","4506","34"
"6","P. Mahomes","P. Mahomes","QB","KC","10","","injury-status","Fri 8:00 PM@ LAC","327","53.0","64","335","2","-","-","-","-","395","588","4188","32"
"7","K. Murray","K. Murray","QB","ARI","8","","injury-status","Sun 1:00 PM@ NO","314","94.7","92","549","5","-","-","-","-","348","516","3699","24"
"8","B. Purdy","B. Purdy","QB","SF","14","","injury-status","Sun 4:05 PM@ SEA","312","111.4","65","272","4","-","-","-","-","341","510","4163","27"
"9","B. Mayfield","B. Mayfield","QB","TB","9","","injury-status","Sun 1:00 PM@ ATL","312","68.2","56","285","3","-","-","-","-","356","530","4000","31"
"10","B. Nix","B. Nix","QB","DEN","12","","injury-status","Sun 4:05 PMvs TEN","310","74.4","84","412","4","-","-","-","-","355","540","3832","27"
"11","D. Maye","D. Maye","QB","NE","14","","injury-status","Sun 1:00 PMvs LV","302","130.1","70","465","4","-","-","-","-","354","529","3750","25"
"12","J. McCarthy","J. McCarthy","QB","MIN","6","","injury-status","Mon 8:15 PM@ CHI","300","155.2","62","285","3","-","-","-","-","356","550","4060","27"
"13","T. Lawrence","T. Lawrence","QB","JAX","8","","injury-status","Sun 1:00 PMvs CAR","291","185.9","59","255","3","-","-","-","-","369","560","4055","26"
"14","C. Williams","C. Williams","QB","CHI","5","","injury-status","Mon 8:15 PMvs MIN","291","143.7","69","384","4","-","-","-","-","345","531","3753","24"
"15","J. Fields","J. Fields","QB","NYJ","9","","injury-status","Sun 1:00 PMvs PIT","288","146.9","155","825","7","-","-","-","-","266","429","2971","16"
"16","J. Herbert","J. Herbert","QB","LAC","12","","injury-status","Fri 8:00 PMvs KC","287","109.4","55","234","3","-","-","-","-","353","531","3835","26"
"17","D. Prescott","D. Prescott","QB","DAL","10","","injury-status","Thu 8:20 PM@ PHI","287","110.1","42","159","2","-","-","-","-","388","585","4195","27"
"18","C. Stroud","C. Stroud","QB","HOU","6","","injury-status","Sun 4:25 PM@ LAR","286","125.0","51","196","2","-","-","-","-","357","544","4035","27"
"19","S. Barkley","S. Barkley","RB","PHI","9","","injury-status","Thu 8:20 PMvs DAL","283","3.6","300","1590","11","39","-","305","2","-","-","-","-"
"20","B. Robinson","B. Robinson","RB","ATL","5","","injury-status","Sun 1:00 PMvs TB","280","2.6","287","1334","11","56","-","427","2","-","-","-","-"
"21","J. Goff","J. Goff","QB","DET","8","","injury-status","Sun 4:25 PM@ GB","278","101.2","31","63","1","-","-","-","-","369","537","4221","28"
"22","J. Love","J. Love","QB","GB","5","","injury-status","Sun 4:25 PMvs DET","277","146.3","35","166","2","-","-","-","-","342","522","3907","27"
"23","J. Gibbs","J. Gibbs","RB","DET","8","","injury-status","Sun 4:25 PM@ GB","275","4.9","233","1204","12","56","-","449","2","-","-","-","-"
"24","J. Chase","J. Chase","WR","CIN","10","","injury-status","Sun 1:00 PM@ CLE","272","1.1","4","23","-","113","-","1470","11","-","-","-","-"
"25","B. Young","B. Young","QB","CAR","14","","injury-status","Sun 1:00 PM@ JAX","268","215.8","54","297","4","-","-","-","-","342","539","3613","22"
"26","D. Henry","D. Henry","RB","BAL","7","","injury-status","Sun 8:20 PM@ BUF","263","6.5","285","1542","14","15","-","130","1","-","-","-","-"
"27","T. Tagovailoa","T. Tagovailoa","QB","MIA","12","","injury-status","Sun 1:00 PM@ IND","263","206.1","32","96","1","-","-","-","-","361","534","3975","26"
"28","C. Ward","C. Ward","QB","TEN","10","","injury-status","Sun 4:05 PM@ DEN","258","174.8","71","312","3","-","-","-","-","337","526","3640","21"
"29","G. Smith","G. Smith","QB","LV","8","","injury-status","Sun 1:00 PM@ NE","258","240.8","49","225","2","-","-","-","-","365","538","3780","22"
"30","A. Jeanty","A. Jeanty","RB","LV","8","","injury-status","Sun 1:00 PM@ NE","257","10.7","280","1255","10","49","-","373","2","-","-","-","-"
"31","M. Stafford","M. Stafford","QB","LAR","8","","injury-status","Sun 4:25 PMvs HOU","257","207.0","30","48","1","-","-","-","-","357","541","4005","25"
"32","M. Penix","M. Penix","QB","ATL","5","","injury-status","Sun 1:00 PMvs TB","253","194.9","47","198","2","-","-","-","-","321","512","3656","23"
"33","C. Lamb","C. Lamb","WR","DAL","10","","injury-status","Thu 8:20 PM@ PHI","249","6.3","14","81","1","108","-","1324","8","-","-","-","-"
"34","J. Jefferson","J. Jefferson","WR","MIN","6","Ques","injury-status questionable","Mon 8:15 PM@ CHI","246","5.0","1","6","-","102","-","1407","9","-","-","-","-"
"35","J. Jacobs","J. Jacobs","RB","GB","5","","injury-status","Sun 4:25 PMvs DET","244","13.2","276","1188","11","39","-","295","2","-","-","-","-"
"36","C. McCaffrey","C. McCaffrey","RB","SF","14","","injury-status","Sun 4:05 PM@ SEA","243","8.1","219","995","8","62","-","505","3","-","-","-","-"
"37","J. Taylor","J. Taylor","RB","IND","11","","injury-status","Sun 1:00 PMvs MIA","239","16.7","286","1320","10","34","-","255","1","-","-","-","-"
"38","A. Rodgers","A. Rodgers","QB","PIT","5","","injury-status","Sun 1:00 PM@ NYJ","238","230.1","33","101","1","-","-","-","-","338","522","3656","22"
"39","D. Achane","D. Achane","RB","MIA","12","Ques","injury-status questionable","Sun 1:00 PM@ IND","233","15.1","199","931","7","67","-","508","3","-","-","-","-"
"40","S. Darnold","S. Darnold","QB","SEA","8","","injury-status","Sun 4:05 PMvs SF","232","237.7","45","187","2","-","-","-","-","322","496","3433","20"
"41","N. Collins","N. Collins","WR","HOU","6","","injury-status","Sun 4:25 PM@ LAR","229","13.5","1","6","-","92","-","1285","9","-","-","-","-"
"42","M. Nabers","M. Nabers","WR","NYG","14","Ques","injury-status questionable","Sun 1:00 PM@ WAS","228","11.0","6","35","-","102","-","1278","8","-","-","-","-"
"43","P. Nacua","P. Nacua","WR","LAR","8","","injury-status","Sun 4:25 PMvs HOU","228","12.5","12","71","1","98","-","1237","7","-","-","-","-"
"44","B. Thomas","B. Thomas","WR","JAX","8","","injury-status","Sun 1:00 PMvs CAR","226","20.4","3","18","-","95","-","1290","8","-","-","-","-"
"45","C. Brown","C. Brown","RB","CIN","10","","injury-status","Sun 1:00 PM@ CLE","225","25.2","237","1013","8","53","-","395","2","-","-","-","-"
"46","B. Irving","B. Irving","RB","TB","9","","injury-status","Sun 1:00 PM@ ATL","225","24.3","245","1094","8","47","-","357","2","-","-","-","-"
"47","D. London","D. London","WR","ATL","5","","injury-status","Sun 1:00 PMvs TB","224","17.5","2","11","-","100","-","1253","8","-","-","-","-"
"48","K. Williams","K. Williams","RB","LAR","8","","injury-status","Sun 4:25 PMvs HOU","223","23.2","274","1170","11","30","-","211","1","-","-","-","-"
"49","A. St. Brown","A. St. Brown","WR","DET","8","","injury-status","Sun 4:25 PM@ GB","222","9.5","2","12","-","104","-","1210","8","-","-","-","-"
"50","O. Hampton","O. Hampton","RB","LAC","12","","injury-status","Fri 8:00 PMvs KC","217","30.4","243","1068","10","37","-","281","1","-","-","-","-"
"51","T. Hill","T. Hill","WR","MIA","12","Ques","injury-status questionable","Sun 1:00 PM@ IND","215","27.5","6","35","-","89","-","1194","8","-","-","-","-"
"52","A. Brown","A. Brown","WR","PHI","9","Ques","injury-status questionable","Thu 8:20 PMvs DAL","211","18.5","-","-","-","86","-","1255","7","-","-","-","-"
"53","J. Cook","J. Cook","RB","BUF","7","","injury-status","Sun 8:20 PMvs BAL","204","27.7","225","1035","8","33","-","257","2","-","-","-","-"
"54","J. Conner","J. Conner","RB","ARI","8","","injury-status","Sun 1:00 PM@ NO","204","47.3","214","951","8","40","-","304","2","-","-","-","-"
"55","B. Bowers","B. Bowers","TE","LV","8","","injury-status","Sun 1:00 PM@ NE","200","22.5","5","16","-","101","-","1062","7","-","-","-","-"
"56","A. Kamara","A. Kamara","RB","NO","11","","injury-status","Sun 1:00 PMvs ARI","199","38.2","210","875","5","59","-","438","2","-","-","-","-"
"57","C. Hubbard","C. Hubbard","RB","CAR","14","","injury-status","Sun 1:00 PM@ JAX","197","45.0","244","1050","7","38","-","268","1","-","-","-","-"
"58","T. McBride","T. McBride","TE","ARI","8","","injury-status","Sun 1:00 PM@ NO","196","29.5","1","3","-","102","-","1031","7","-","-","-","-"
"59","G. Wilson","G. Wilson","WR","NYJ","9","","injury-status","Sun 1:00 PMvs PIT","196","42.0","7","37","-","89","-","1115","6","-","-","-","-"
"60","L. McConkey","L. McConkey","WR","LAC","12","","injury-status","Fri 8:00 PMvs KC","196","26.6","3","17","-","89","-","1075","7","-","-","-","-"
"61","M. Harrison","M. Harrison","WR","ARI","8","","injury-status","Sun 1:00 PM@ NO","195","36.6","3","16","-","80","-","1112","7","-","-","-","-"
"62","T. McLaurin","T. McLaurin","WR","WAS","12","","injury-status","Sun 1:00 PMvs NYG","195","43.6","1","6","-","80","-","1121","7","-","-","-","-"
"63","D. Metcalf","D. Metcalf","WR","PIT","5","","injury-status","Sun 1:00 PM@ NYJ","195","46.9","1","6","-","80","-","1141","7","-","-","-","-"
"64","M. Evans","M. Evans","WR","TB","9","","injury-status","Sun 1:00 PM@ ATL","194","39.7","-","-","-","72","-","1041","9","-","-","-","-"
"65","B. Hall","B. Hall","RB","NYJ","9","","injury-status","Sun 1:00 PMvs PIT","194","34.0","230","1005","5","43","-","339","2","-","-","-","-"
"66","T. Higgins","T. Higgins","WR","CIN","10","","injury-status","Sun 1:00 PM@ CLE","194","31.6","-","-","-","82","-","1047","8","-","-","-","-"
"67","D. Adams","D. Adams","WR","LAR","8","","injury-status","Sun 4:25 PMvs HOU","193","44.7","-","-","-","82","-","1040","8","-","-","-","-"
"68","T. Pollard","T. Pollard","RB","TEN","10","","injury-status","Sun 4:05 PM@ DEN","190","65.9","226","960","6","44","-","320","1","-","-","-","-"
"69","T. McMillan","T. McMillan","WR","CAR","14","Ques","injury-status questionable","Sun 1:00 PM@ JAX","189","56.0","5","28","-","84","-","1044","7","-","-","-","-"
"70","J. Williams","J. Williams","WR","DET","8","","injury-status","Sun 4:25 PM@ GB","188","61.1","11","67","1","68","-","1013","7","-","-","-","-"
"71","J. Smith-Njigba","J. Smith-Njigba","WR","SEA","8","","injury-status","Sun 4:05 PMvs SF","185","32.4","8","43","-","87","-","1007","6","-","-","-","-"
"72","G. Pickens","G. Pickens","WR","DAL","10","","injury-status","Thu 8:20 PM@ PHI","182","62.4","3","16","-","71","-","1028","7","-","-","-","-"
"73","C. Sutton","C. Sutton","WR","DEN","12","","injury-status","Sun 4:05 PMvs TEN","182","50.9","-","-","-","76","-","1018","7","-","-","-","-"
"74","T. Henderson","T. Henderson","RB","NE","14","","injury-status","Sun 1:00 PMvs LV","182","48.4","196","840","6","41","-","312","2","-","-","-","-"
"75","R. Wilson","R. Wilson","QB","NYG","14","","injury-status","Sun 1:00 PM@ WAS","181","262.0","44","195","2","-","-","-","-","236","366","2555","14"
"76","R. Harvey","R. Harvey","RB","DEN","12","","injury-status","Sun 4:05 PMvs TEN","181","54.9","185","795","6","43","-","315","2","-","-","-","-"
"77","D. Moore","D. Moore","WR","CHI","5","","injury-status","Mon 8:15 PMvs MIN","180","51.2","8","46","-","80","-","989","6","-","-","-","-"
"78","C. Ridley","C. Ridley","WR","TEN","10","Ques","injury-status questionable","Sun 4:05 PM@ DEN","177","69.7","6","33","-","73","-","1031","6","-","-","-","-"
"79","J. Jeudy","J. Jeudy","WR","CLE","9","","injury-status","Sun 1:00 PMvs CIN","176","75.8","3","18","-","80","-","1039","5","-","-","-","-"
"80","I. Pacheco","I. Pacheco","RB","KC","10","","injury-status","Fri 8:00 PM@ LAC","175","55.1","200","865","7","33","-","243","1","-","-","-","-"
"81","X. Worthy","X. Worthy","WR","KC","10","","injury-status","Fri 8:00 PM@ LAC","173","58.5","16","92","1","68","-","840","7","-","-","-","-"
"82","D. Jones","D. Jones","QB","IND","11","","injury-status","Sun 1:00 PMvs MIA","173","269.9","61","318","3","-","-","-","-","209","320","2171","13"
"83","G. Kittle","G. Kittle","TE","SF","14","","injury-status","Sun 4:05 PM@ SEA","173","37.0","-","-","-","71","-","970","7","-","-","-","-"
"84","J. Waddle","J. Waddle","WR","MIA","12","","injury-status","Sun 1:00 PM@ IND","172","71.7","4","23","-","75","-","980","6","-","-","-","-"
"85","D. Smith","D. Smith","WR","PHI","9","Ques","injury-status questionable","Thu 8:20 PMvs DAL","170","57.0","1","5","-","81","-","952","6","-","-","-","-"
"86","D. Swift","D. Swift","RB","CHI","5","","injury-status","Mon 8:15 PMvs MIN","169","64.0","206","866","6","33","-","238","1","-","-","-","-"
"87","D. Montgomery","D. Montgomery","RB","DET","8","","injury-status","Sun 4:25 PM@ GB","168","52.2","180","786","8","29","-","225","1","-","-","-","-"
"88","C. Olave","C. Olave","WR","NO","11","","injury-status","Sun 1:00 PMvs ARI","167","76.5","1","5","-","77","-","997","5","-","-","-","-"
"89","K. Walker","K. Walker","RB","SEA","8","","injury-status","Sun 4:05 PMvs SF","166","41.1","204","880","6","32","-","235","1","-","-","-","-"
"90","D. Samuel","D. Samuel","WR","WAS","12","","injury-status","Sun 1:00 PMvs NYG","165","79.6","22","120","1","67","-","856","5","-","-","-","-"
"91","M. Golden","M. Golden","WR","GB","5","","injury-status","Sun 4:25 PMvs DET","165","86.3","4","24","-","68","-","925","6","-","-","-","-"
"92","R. Rice","R. Rice","WR","KC","10","Sus","injury-status sus","Fri 8:00 PM@ LAC","164","59.9","2","11","-","74","-","842","7","-","-","-","-"
"93","T. Hunter","T. Hunter","WR, DB - JAX(8)","","","","injury-status","Sun 1:00 PMvs CAR","164","69.8","5","28","-","71","-","892","6","-","-","-","-"
"94","K. Johnson","K. Johnson","RB","PIT","5","","injury-status","Sun 1:00 PM@ NYJ","163","73.1","197","840","7","25","-","185","1","-","-","-","-"
"95","T. Tracy","T. Tracy","RB","NYG","14","","injury-status","Sun 1:00 PM@ WAS","162","78.7","187","795","5","37","-","275","1","-","-","-","-"
"96","Z. Flowers","Z. Flowers","WR","BAL","7","","injury-status","Sun 8:20 PM@ BUF","159","60.0","8","43","-","70","-","919","5","-","-","-","-"
"97","A. Jones","A. Jones","RB","MIN","6","","injury-status","Mon 8:15 PM@ CHI","159","67.3","180","782","4","38","-","280","2","-","-","-","-"
"98","R. Pearsall","R. Pearsall","WR","SF","14","","injury-status","Sun 4:05 PM@ SEA","158","83.9","11","58","-","65","-","861","6","-","-","-","-"
"99","E. Egbuka","E. Egbuka","WR","TB","9","","injury-status","Sun 1:00 PM@ ATL","158","85.9","3","17","-","70","-","875","6","-","-","-","-"
"100","R. Odunze","R. Odunze","WR","CHI","5","","injury-status","Mon 8:15 PMvs MIN","158","76.3","1","5","-","67","-","896","6","-","-","-","-"
"101","J. Warren","J. Warren","RB","PIT","5","","injury-status","Sun 1:00 PM@ NYJ","154","90.7","160","690","4","45","-","340","1","-","-","-","-"
"102","S. Diggs","S. Diggs","WR","NE","14","Ques","injury-status questionable","Sun 1:00 PMvs LV","149","93.0","2","11","-","70","-","785","6","-","-","-","-"
"103","S. LaPorta","S. LaPorta","TE","DET","8","","injury-status","Sun 4:25 PM@ GB","147","48.1","-","-","-","71","-","774","6","-","-","-","-"
"104","J. Flacco","J. Flacco","QB","CLE","9","","injury-status","Sun 1:00 PMvs CIN","146","279.2","19","35","1","-","-","-","-","222","353","2382","14"
"105","S. Rattler","S. Rattler","QB","NO","11","","injury-status","Sun 1:00 PMvs ARI","145","692.8","35","186","1","-","-","-","-","202","326","2208","11"
"106","J. Addison","J. Addison","WR","MIN","6","Sus","injury-status sus","Mon 8:15 PM@ CHI","145","95.3","1","6","-","59","-","804","6","-","-","-","-"
"107","J. Meyers","J. Meyers","WR","LV","8","","injury-status","Sun 1:00 PM@ NE","144","87.4","2","11","-","73","-","840","4","1","2","14","-"
"108","J. Dobbins","J. Dobbins","RB","DEN","12","","injury-status","Sun 4:05 PMvs TEN","144","103.9","140","590","5","38","-","275","2","-","-","-","-"
"109","R. Shaheed","R. Shaheed","WR","NO","11","","injury-status","Sun 1:00 PMvs ARI","142","125.6","7","43","-","57","-","815","5","-","-","-","-"
"110","Z. Charbonnet","Z. Charbonnet","RB","SEA","8","","injury-status","Sun 4:05 PMvs SF","142","97.3","140","601","5","39","-","285","1","-","-","-","-"
"111","T. Etienne","T. Etienne","RB","JAX","8","","injury-status","Sun 1:00 PMvs CAR","141","83.5","137","582","4","39","-","290","2","-","-","-","-"
"112","T. Hockenson","T. Hockenson","TE","MIN","6","","injury-status","Mon 8:15 PM@ CHI","139","66.4","-","-","-","74","-","740","5","-","-","-","-"
"113","M. Andrews","M. Andrews","TE","BAL","7","","injury-status","Sun 8:20 PM@ BUF","138","72.6","3","4","-","55","-","681","7","-","-","-","-"
"114","T. Kelce","T. Kelce","TE","KC","10","","injury-status","Fri 8:00 PM@ LAC","138","63.0","1","1","-","74","-","728","5","-","-","-","-"
"115","K. Shakir","K. Shakir","WR","BUF","7","Ques","injury-status questionable","Sun 8:20 PMvs BAL","136","99.5","2","11","-","71","-","777","4","-","-","-","-"
"116","A. Ekeler","A. Ekeler","RB","WAS","12","","injury-status","Sun 1:00 PMvs NYG","136","114.4","115","505","4","40","-","315","2","-","-","-","-"
"117","M. Pittman","M. Pittman","WR","IND","11","","injury-status","Sun 1:00 PMvs MIA","135","111.5","1","5","-","68","-","785","4","-","-","-","-"
"118","C. Kupp","C. Kupp","WR","SEA","8","","injury-status","Sun 4:05 PMvs SF","135","90.1","3","16","-","67","-","719","5","-","-","-","-"
"119","C. Godwin","C. Godwin","WR","TB","9","Doub","injury-status doubtful","Sun 1:00 PM@ ATL","134","104.1","2","9","-","63","-","734","5","-","-","-","-"
"120","E. Engram","E. Engram","TE","DEN","12","","injury-status","Sun 4:05 PMvs TEN","133","81.2","-","-","-","72","-","691","5","-","-","-","-"
"121","J. Jennings","J. Jennings","WR","SF","14","Ques","injury-status questionable","Sun 4:05 PM@ SEA","132","106.4","1","5","-","59","-","744","5","-","-","-","-"
"122","J. Mason","J. Mason","RB","MIN","6","","injury-status","Mon 8:15 PM@ CHI","132","96.9","163","715","5","20","-","140","1","-","-","-","-"
"123","J. Downs","J. Downs","WR","IND","11","Ques","injury-status questionable","Sun 1:00 PMvs MIA","131","118.3","3","17","-","67","-","740","4","-","-","-","-"
"124","D. Mooney","D. Mooney","WR","ATL","5","Ques","injury-status questionable","Sun 1:00 PMvs TB","131","131.1","1","5","-","58","-","795","4","-","-","-","-"
"125","A. Richardson","A. Richardson","QB","IND","11","","injury-status","Sun 1:00 PMvs MIA","131","247.9","64","355","3","-","-","-","-","115","197","1380","7"
"126","K. Coleman","K. Coleman","WR","BUF","7","","injury-status","Sun 8:20 PMvs BAL","130","115.4","1","6","-","53","-","749","5","-","-","-","-"
"127","J. Higgins","J. Higgins","WR","HOU","6","","injury-status","Sun 4:25 PM@ LAR","129","121.3","1","6","-","54","-","710","5","-","-","-","-"
"128","M. Mims","M. Mims","WR","DEN","12","Ques","injury-status questionable","Sun 4:05 PMvs TEN","129","144.0","8","48","-","55","-","682","5","-","-","-","-"
"129","D. Njoku","D. Njoku","TE","CLE","9","","injury-status","Sun 1:00 PMvs CIN","125","92.6","-","-","-","69","-","685","4","-","-","-","-"
"130","J. Williams","J. Williams","RB","DAL","10","","injury-status","Thu 8:20 PM@ PHI","125","102.8","133","545","4","33","-","238","1","-","-","-","-"
"131","J. Palmer","J. Palmer","WR","BUF","7","","injury-status","Sun 8:20 PMvs BAL","124","174.2","-","-","-","48","-","696","5","-","-","-","-"
"132","T. Kraft","T. Kraft","TE","GB","5","","injury-status","Sun 4:25 PMvs DET","124","104.3","-","-","-","62","-","645","5","-","-","-","-"
"133","T. Warren","T. Warren","TE","IND","11","","injury-status","Sun 1:00 PMvs MIA","122","89.7","4","21","-","60","-","615","5","-","-","-","-"
"134","R. Bateman","R. Bateman","WR","BAL","7","","injury-status","Sun 8:20 PM@ BUF","120","158.4","-","-","-","45","-","679","5","-","-","-","-"
"135","X. Legette","X. Legette","WR","CAR","14","","injury-status","Sun 1:00 PM@ JAX","118","193.1","6","26","-","54","-","665","4","-","-","-","-"
"136","B. Aubrey","B. Aubrey","K","DAL","10","","injury-status","Thu 8:20 PM@ PHI","118","136.6","-","-","-","-","-","-","-","-","-","-","-"
"137","J. Mixon","J. Mixon","RB","HOU","6","PUP","injury-status pup","Sun 4:25 PM@ LAR","118","80.5","125","524","5","20","-","195","1","-","-","-","-"
"138","D. Goedert","D. Goedert","TE","PHI","9","Ques","injury-status questionable","Thu 8:20 PMvs DAL","118","152.8","1","4","-","61","-","648","4","-","-","-","-"
"139","C. Kirk","C. Kirk","WR","HOU","6","","injury-status","Sun 4:25 PM@ LAR","117","148.5","2","9","-","56","-","660","4","-","-","-","-"
"140","C. Loveland","C. Loveland","TE","CHI","5","","injury-status","Mon 8:15 PMvs MIN","117","108.9","-","-","-","62","-","638","4","-","-","-","-"
"141","C. Tillman","C. Tillman","WR","CLE","9","","injury-status","Sun 1:00 PMvs CIN","116","186.1","1","7","-","50","-","660","4","-","-","-","-"
"142","T. Benson","T. Benson","RB","ARI","8","","injury-status","Sun 1:00 PM@ NO","115","142.4","132","568","4","24","-","178","1","-","-","-","-"
"143","J. Ferguson","J. Ferguson","TE","DAL","10","","injury-status","Thu 8:20 PM@ PHI","114","141.3","-","-","-","63","-","600","4","-","-","-","-"
"144","J. Croskey-Merritt","J. Croskey-Merritt","RB","WAS","12","","injury-status","Sun 1:00 PMvs NYG","113","100.6","136","587","5","15","-","112","1","-","-","-","-"
"145","J. Blue","J. Blue","RB","DAL","10","Ques","injury-status questionable","Thu 8:20 PM@ PHI","113","127.8","130","552","3","27","-","205","1","-","-","-","-"
"146","D. Douglas","D. Douglas","WR","NE","14","","injury-status","Sun 1:00 PMvs LV","113","198.5","8","44","-","58","-","616","3","-","-","-","-"
"147","C. Okonkwo","C. Okonkwo","TE","TEN","10","","injury-status","Sun 4:05 PM@ DEN","113","188.5","1","6","-","59","-","605","4","-","-","-","-"
"148","D. Kincaid","D. Kincaid","TE","BUF","7","","injury-status","Sun 8:20 PMvs BAL","113","123.0","-","-","-","59","-","610","4","-","-","-","-"
"149","K. Pitts","K. Pitts","TE","ATL","5","","injury-status","Sun 1:00 PMvs TB","112","118.6","-","-","-","50","-","628","4","-","-","-","-"
"150","R. Stevenson","R. Stevenson","RB","NE","14","Ques","injury-status questionable","Sun 1:00 PMvs LV","111","122.7","130","540","4","24","-","172","1","-","-","-","-"
"151","Philadelphia. Eagles","Philadelphia. Eagles","DEF","PHI","9","","injury-status","Thu 8:20 PMvs DAL","111","150.9","-","-","-","-","-","-","-","-","-","-","-"
"152","T. Harris","T. Harris","WR","LAC","12","Ques","injury-status questionable","Fri 8:00 PMvs KC","111","173.9","1","5","-","48","-","641","4","-","-","-","-"
"153","R. Davis","R. Davis","RB","BUF","7","","injury-status","Sun 8:20 PMvs BAL","111","157.3","122","550","5","17","-","131","1","-","-","-","-"
"154","L. Burden","L. Burden","WR","CHI","5","","injury-status","Mon 8:15 PMvs MIN","110","153.9","8","47","1","47","-","540","4","-","-","-","-"
"155","N. Chubb","N. Chubb","RB","HOU","6","","injury-status","Sun 4:25 PM@ LAR","109","120.2","130","545","5","15","-","111","1","-","-","-","-"
"156","Baltimore. Ravens","Baltimore. Ravens","DEF","BAL","7","","injury-status","Sun 8:20 PM@ BUF","109","185.5","-","-","-","-","-","-","-","-","-","-","-"
"157","T. Allgeier","T. Allgeier","RB","ATL","5","","injury-status","Sun 1:00 PMvs TB","109","167.1","146","636","4","14","-","103","1","-","-","-","-"
"158","D. Sampson","D. Sampson","RB","CLE","9","","injury-status","Sun 1:00 PMvs CIN","109","162.9","126","528","4","21","-","155","1","-","-","-","-"
"159","W. Robinson","W. Robinson","WR","NYG","14","","injury-status","Sun 1:00 PM@ WAS","108","214.2","5","23","-","63","-","585","3","-","-","-","-"
"160","R. Doubs","R. Doubs","WR","GB","5","","injury-status","Sun 4:25 PMvs DET","108","211.4","-","-","-","49","-","615","4","-","-","-","-"
"161","Houston. Texans","Houston. Texans","DEF","HOU","6","","injury-status","Sun 4:25 PM@ LAR","108","191.5","-","-","-","-","-","-","-","-","-","-","-"
"162","Denver. Broncos","Denver. Broncos","DEF","DEN","12","","injury-status","Sun 4:05 PMvs TEN","108","152.8","-","-","-","-","-","-","-","-","-","-","-"
"163","H. Brown","H. Brown","WR","KC","10","Ques","injury-status questionable","Fri 8:00 PM@ LAC","108","197.6","-","-","-","46","-","608","4","-","-","-","-"
"164","B. Aiyuk","B. Aiyuk","WR","SF","14","PUP","injury-status pup","Sun 4:05 PM@ SEA","107","129.3","-","-","-","44","-","630","4","-","-","-","-"
"165","T. Shough","T. Shough","QB","NO","11","","injury-status","Sun 1:00 PMvs ARI","107","274.7","27","136","1","-","-","-","-","144","234","1585","8"
"166","J. Bates","J. Bates","K","DET","8","","injury-status","Sun 4:25 PM@ GB","107","138.1","-","-","-","-","-","-","-","-","-","-","-"
"167","Pittsburgh. Steelers","Pittsburgh. Steelers","DEF","PIT","5","","injury-status","Sun 1:00 PM@ NYJ","107","157.1","-","-","-","-","-","-","-","-","-","-","-"
"168","Minnesota. Vikings","Minnesota. Vikings","DEF","MIN","6","","injury-status","Mon 8:15 PM@ CHI","107","161.4","-","-","-","-","-","-","-","-","-","-","-"
"169","Green Bay. Packers","Green Bay. Packers","DEF","GB","5","","injury-status","Sun 4:25 PMvs DET","105","240.7","-","-","-","-","-","-","-","-","-","-","-"
"170","Buffalo. Bills","Buffalo. Bills","DEF","BUF","7","","injury-status","Sun 8:20 PMvs BAL","105","233.8","-","-","-","-","-","-","-","-","-","-","-"
"171","H. Henry","H. Henry","TE","NE","14","","injury-status","Sun 1:00 PMvs LV","105","192.1","-","-","-","53","-","564","4","-","-","-","-"
"172","Q. Judkins","Q. Judkins","RB","CLE","9","","injury-status","Sun 1:00 PMvs CIN","104","82.4","139","588","4","14","-","106","1","-","-","-","-"
"173","Detroit. Lions","Detroit. Lions","DEF","DET","8","","injury-status","Sun 4:25 PM@ GB","104","190.6","-","-","-","-","-","-","-","-","-","-","-"
"174","J. Reed","J. Reed","WR","GB","5","Ques","injury-status questionable","Sun 4:25 PMvs DET","104","113.5","10","55","1","41","-","496","4","-","-","-","-"
"175","C. Dicker","C. Dicker","K","LAC","12","","injury-status","Fri 8:00 PMvs KC","103","137.6","-","-","-","-","-","-","-","-","-","-","-"
"176","Kansas City. Chiefs","Kansas City. Chiefs","DEF","KC","10","","injury-status","Fri 8:00 PM@ LAC","103","193.1","-","-","-","-","-","-","-","-","-","-","-"
"177","C. Skattebo","C. Skattebo","RB","NYG","14","","injury-status","Sun 1:00 PM@ WAS","103","97.6","113","473","3","25","-","191","1","-","-","-","-"
"178","C. McLaughlin","C. McLaughlin","K","TB","9","","injury-status","Sun 1:00 PM@ ATL","102","150.8","-","-","-","-","-","-","-","-","-","-","-"
"179","K. Allen","K. Allen","WR","LAC","12","","injury-status","Fri 8:00 PMvs KC","100","139.6","1","6","-","49","-","532","4","-","-","-","-"
"180","M. Wilson","M. Wilson","WR","ARI","8","","injury-status","Sun 1:00 PM@ NO","100","251.2","1","5","-","45","-","532","4","-","-","-","-"
"181","D. Carlson","D. Carlson","K","LV","8","","injury-status","Sun 1:00 PM@ NE","100","205.7","-","-","-","-","-","-","-","-","-","-","-"
"182","M. Gesicki","M. Gesicki","TE","CIN","10","Ques","injury-status questionable","Sun 1:00 PM@ CLE","100","239.8","-","-","-","50","-","505","4","-","-","-","-"
"183","M. Taylor","M. Taylor","TE","NYJ","9","","injury-status","Sun 1:00 PMvs PIT","100","213.2","-","-","-","54","-","545","3","-","-","-","-"
"184","J. Smith","J. Smith","TE","PIT","5","Ques","injury-status questionable","Sun 1:00 PM@ NYJ","99","149.9","1","3","-","55","-","555","3","-","-","-","-"
"185","H. Butker","H. Butker","K","KC","10","","injury-status","Fri 8:00 PM@ LAC","99","151.4","-","-","-","-","-","-","-","-","-","-","-"
"186","Los Angeles. Rams","Los Angeles. Rams","DEF","LAR","8","","injury-status","Sun 4:25 PMvs HOU","99","243.0","-","-","-","-","-","-","-","-","-","-","-"
"187","Z. Ertz","Z. Ertz","TE","WAS","12","","injury-status","Sun 1:00 PMvs NYG","98","172.4","-","-","-","51","-","489","4","-","-","-","-"
"188","J. Ford","J. Ford","RB","CLE","9","","injury-status","Sun 1:00 PMvs CIN","98","156.7","90","375","2","36","-","266","1","-","-","-","-"
"189","E. McPherson","E. McPherson","K","CIN","10","","injury-status","Sun 1:00 PM@ CLE","98","163.9","-","-","-","-","-","-","-","-","-","-","-"
"190","T. Bass","T. Bass","K","BUF","7","","injury-status","Sun 8:20 PMvs BAL","98","179.1","-","-","-","-","-","-","-","-","-","-","-"
"191","T. Loop","T. Loop","K","BAL","7","","injury-status","Sun 8:20 PM@ BUF","98","191.7","-","-","-","-","-","-","-","-","-","-","-"
"192","Washington. Commanders","Washington. Commanders","DEF","WAS","12","","injury-status","Sun 1:00 PMvs NYG","98","154.6","-","-","-","-","-","-","-","-","-","-","-"
"193","San Francisco. 49ers","San Francisco. 49ers","DEF","SF","14","","injury-status","Sun 4:05 PM@ SEA","98","159.5","-","-","-","-","-","-","-","-","-","-","-"
"194","Seattle. Seahawks","Seattle. Seahawks","DEF","SEA","8","","injury-status","Sun 4:05 PMvs SF","98","188.1","-","-","-","-","-","-","-","-","-","-","-"
"195","D. Slayton","D. Slayton","WR","NYG","14","","injury-status","Sun 1:00 PM@ WAS","98","260.1","-","-","-","40","-","595","3","-","-","-","-"
"196","E. Ayomanor","E. Ayomanor","WR","TEN","10","","injury-status","Sun 4:05 PM@ DEN","97","208.5","3","17","-","45","-","550","3","-","-","-","-"
"197","K. Fairbairn","K. Fairbairn","K","HOU","6","","injury-status","Sun 4:25 PM@ LAR","97","176.5","-","-","-","-","-","-","-","-","-","-","-"
"198","W. Reichard","W. Reichard","K","MIN","6","","injury-status","Mon 8:15 PM@ CHI","97","226.5","-","-","-","-","-","-","-","-","-","-","-"
"199","Tampa Bay. Buccaneers","Tampa Bay. Buccaneers","DEF","TB","9","","injury-status","Sun 1:00 PM@ ATL","96","188.3","-","-","-","-","-","-","-","-","-","-","-"
"200","Miami. Dolphins","Miami. Dolphins","DEF","MIA","12","","injury-status","Sun 1:00 PM@ IND","96","241.8","-","-","-","-","-","-","-","-","-","-","-"
"201","B. Strange","B. Strange","TE","JAX","8","","injury-status","Sun 1:00 PMvs CAR","95","200.8","-","-","-","52","-","510","3","-","-","-","-"
"202","M. Gay","M. Gay","K","WAS","12","","injury-status","Sun 1:00 PMvs NYG","95","224.0","-","-","-","-","-","-","-","-","-","-","-"
"203","D. Waller","D. Waller","TE","MIA","12","","injury-status","Sun 1:00 PM@ IND","95","209.3","-","-","-","49","-","525","3","-","-","-","-"
"204","C. Boswell","C. Boswell","K","PIT","5","","injury-status","Sun 1:00 PM@ NYJ","95","145.1","-","-","-","-","-","-","-","-","-","-","-"
"205","New York. Giants","New York. Giants","DEF","NYG","14","","injury-status","Sun 1:00 PM@ WAS","95","237.4","-","-","-","-","-","-","-","-","-","-","-"
"206","R. Dowdle","R. Dowdle","RB","CAR","14","","injury-status","Sun 1:00 PM@ JAX","95","199.6","90","373","3","29","-","208","1","-","-","-","-"
"207","B. Tuten","B. Tuten","RB","JAX","8","","injury-status","Sun 1:00 PMvs CAR","95","165.9","102","431","3","22","-","164","1","-","-","-","-"
"208","J. Elliott","J. Elliott","K","PHI","9","","injury-status","Thu 8:20 PMvs DAL","94","202.9","-","-","-","-","-","-","-","-","-","-","-"
"209","J. Moody","J. Moody","K","SF","14","","injury-status","Sun 4:05 PM@ SEA","94","685.7","-","-","-","-","-","-","-","-","-","-","-"
"210","J. Johnson","J. Johnson","TE","NO","11","","injury-status","Sun 1:00 PMvs ARI","94","269.6","-","-","-","50","-","505","3","-","-","-","-"
"211","J. Sanders","J. Sanders","TE","CAR","14","","injury-status","Sun 1:00 PM@ JAX","93","258.5","-","-","-","51","-","498","3","-","-","-","-"
"212","C. Otton","C. Otton","TE","TB","9","Ques","injury-status questionable","Sun 1:00 PM@ ATL","93","243.7","-","-","-","46","-","462","4","-","-","-","-"
"213","Y. Koo","Y. Koo","K","ATL","5","","injury-status","Sun 1:00 PMvs TB","93","169.8","-","-","-","-","-","-","-","-","-","-","-"
"214","Cincinnati. Bengals","Cincinnati. Bengals","DEF","CIN","10","","injury-status","Sun 1:00 PM@ CLE","93","624.4","-","-","-","-","-","-","-","-","-","-","-"
"215","R. White","R. White","RB","TB","9","Ques","injury-status questionable","Sun 1:00 PM@ ATL","93","153.5","85","355","3","28","-","213","1","-","-","-","-"
"216","K. Hunt","K. Hunt","RB","KC","10","","injury-status","Fri 8:00 PM@ LAC","93","181.6","93","381","3","25","-","180","1","-","-","-","-"
"217","W. Lutz","W. Lutz","K","DEN","12","","injury-status","Sun 4:05 PMvs TEN","92","183.3","-","-","-","-","-","-","-","-","-","-","-"
"218","T. Horton","T. Horton","WR","SEA","8","Ques","injury-status questionable","Sun 4:05 PMvs SF","92","230.1","3","15","-","39","-","530","3","-","-","-","-"
"219","New England. Patriots","New England. Patriots","DEF","NE","14","","injury-status","Sun 1:00 PMvs LV","92","239.6","-","-","-","-","-","-","-","-","-","-","-"
"220","Indianapolis. Colts","Indianapolis. Colts","DEF","IND","11","","injury-status","Sun 1:00 PMvs MIA","92","283.7","-","-","-","-","-","-","-","-","-","-","-"
"221","Chicago. Bears","Chicago. Bears","DEF","CHI","5","","injury-status","Mon 8:15 PMvs MIN","92","566.7","-","-","-","-","-","-","-","-","-","-","-"
"222","Arizona. Cardinals","Arizona. Cardinals","DEF","ARI","8","","injury-status","Sun 1:00 PM@ NO","92","593.4","-","-","-","-","-","-","-","-","-","-","-"
"223","N. Harris","N. Harris","RB","LAC","12","Ques","injury-status questionable","Fri 8:00 PMvs KC","91","124.8","108","448","3","20","-","142","1","-","-","-","-"
"224","B. McManus","B. McManus","K","GB","5","","injury-status","Sun 4:25 PMvs DET","91","697.5","-","-","-","-","-","-","-","-","-","-","-"
"225","New York. Jets","New York. Jets","DEF","NYJ","9","","injury-status","Sun 1:00 PMvs PIT","91","236.9","-","-","-","-","-","-","-","-","-","-","-"
"226","Los Angeles. Chargers","Los Angeles. Chargers","DEF","LAC","12","","injury-status","Fri 8:00 PMvs KC","91","242.6","-","-","-","-","-","-","-","-","-","-","-"
"227","T. Bigsby","T. Bigsby","RB","JAX","8","","injury-status","Sun 1:00 PMvs CAR","91","117.2","115","478","4","17","-","122","-","-","-","-","-"
"228","T. Johnson","T. Johnson","TE","NYG","14","","injury-status","Sun 1:00 PM@ WAS","91","266.6","-","-","-","47","-","490","3","-","-","-","-"
"229","Cleveland. Browns","Cleveland. Browns","DEF","CLE","9","","injury-status","Sun 1:00 PMvs CIN","90","663.2","-","-","-","-","-","-","-","-","-","-","-"
"230","J. Karty","J. Karty","K","LAR","8","","injury-status","Sun 4:25 PMvs HOU","89","620.8","-","-","-","-","-","-","-","-","-","-","-"
"231","C. Ryland","C. Ryland","K","ARI","8","","injury-status","Sun 1:00 PM@ NO","89","674.3","-","-","-","-","-","-","-","-","-","-","-"
"232","Dallas. Cowboys","Dallas. Cowboys","DEF","DAL","10","","injury-status","Thu 8:20 PM@ PHI","89","280.7","-","-","-","-","-","-","-","-","-","-","-"
"233","P. Freiermuth","P. Freiermuth","TE","PIT","5","","injury-status","Sun 1:00 PM@ NYJ","89","218.1","-","-","-","50","-","475","3","-","-","-","-"
"234","J. Reynolds","J. Reynolds","WR","NYJ","9","","injury-status","Sun 1:00 PMvs PIT","89","640.1","-","-","-","40","-","505","3","-","-","-","-"
"235","E. Arroyo","E. Arroyo","TE","SEA","8","","injury-status","Sun 4:05 PMvs SF","88","232.1","-","-","-","45","-","475","3","-","-","-","-"
"236","C. Little","C. Little","K","JAX","8","","injury-status","Sun 1:00 PMvs CAR","88","160.5","-","-","-","-","-","-","-","-","-","-","-"
"237","Jacksonville. Jaguars","Jacksonville. Jaguars","DEF","JAX","8","","injury-status","Sun 1:00 PMvs CAR","88","285.9","-","-","-","-","-","-","-","-","-","-","-"
"238","Las Vegas. Raiders","Las Vegas. Raiders","DEF","LV","8","","injury-status","Sun 1:00 PM@ NE","87","284.4","-","-","-","-","-","-","-","-","-","-","-"
"239","Atlanta. Falcons","Atlanta. Falcons","DEF","ATL","5","","injury-status","Sun 1:00 PMvs TB","87","683.9","-","-","-","-","-","-","-","-","-","-","-"
"240","J. Whittington","J. Whittington","WR","LAR","8","","injury-status","Sun 4:25 PMvs HOU","87","289.3","5","28","-","41","-","452","3","-","-","-","-"
"241","J. Sanders","J. Sanders","K","MIA","12","IR","injury-status ir","Sun 1:00 PM@ IND","86","680.9","-","-","-","-","-","-","-","-","-","-","-"
"242","C. Santos","C. Santos","K","CHI","5","","injury-status","Mon 8:15 PMvs MIN","86","683.4","-","-","-","-","-","-","-","-","-","-","-"
"243","I. TeSlaa","I. TeSlaa","WR","DET","8","","injury-status","Sun 4:25 PM@ GB","85","178.8","-","-","-","36","-","490","3","-","-","-","-"
"244","I. Likely","I. Likely","TE","BAL","7","Ques","injury-status questionable","Sun 8:20 PM@ BUF","85","195.8","-","-","-","37","-","440","4","-","-","-","-"
"245","K. Williams","K. Williams","WR","NE","14","Ques","injury-status questionable","Sun 1:00 PMvs LV","84","195.3","3","14","-","34","-","480","3","-","-","-","-"
"246","A. Iosivas","A. Iosivas","WR","CIN","10","","injury-status","Sun 1:00 PM@ CLE","84","259.3","-","-","-","35","-","425","4","-","-","-","-"
"247","J. Myers","J. Myers","K","SEA","8","","injury-status","Sun 4:05 PMvs SF","83","646.0","-","-","-","-","-","-","-","-","-","-","-"
"248","Carolina. Panthers","Carolina. Panthers","DEF","CAR","14","","injury-status","Sun 1:00 PM@ JAX","83","683.0","-","-","-","-","-","-","-","-","-","-","-"
"249","T. Spears","T. Spears","RB","TEN","10","IR","injury-status ir","Sun 4:05 PM@ DEN","83","164.9","75","318","2","28","-","211","1","-","-","-","-"
"250","J. Coker","J. Coker","WR","CAR","14","IR","injury-status ir","Sun 1:00 PM@ JAX","82","229.9","2","8","-","39","-","441","3","-","-","-","-"
"251","A. Pierce","A. Pierce","WR","IND","11","","injury-status","Sun 1:00 PMvs MIA","82","249.2","-","-","-","30","-","490","3","-","-","-","-"
"252","S. Shrader","S. Shrader","K","IND","11","","injury-status","Sun 1:00 PMvs MIA","82","667.7","-","-","-","-","-","-","-","-","-","-","-"
"253","B. Grupe","B. Grupe","K","NO","11","","injury-status","Sun 1:00 PMvs ARI","82","690.2","-","-","-","-","-","-","-","-","-","-","-"
"254","Tennessee. Titans","Tennessee. Titans","DEF","TEN","10","","injury-status","Sun 4:05 PM@ DEN","82","235.2","-","-","-","-","-","-","-","-","-","-","-"
"255","D. Brown","D. Brown","WR","JAX","8","","injury-status","Sun 1:00 PMvs CAR","81","250.4","2","11","-","35","-","444","3","-","-","-","-"
"256","New Orleans. Saints","New Orleans. Saints","DEF","NO","11","","injury-status","Sun 1:00 PMvs ARI","81","286.4","-","-","-","-","-","-","-","-","-","-","-"
"257","J. Slye","J. Slye","K","TEN","10","","injury-status","Sun 4:05 PM@ DEN","80","694.6","-","-","-","-","-","-","-","-","-","-","-"
"258","A. Borregales","A. Borregales","K","NE","14","","injury-status","Sun 1:00 PMvs LV","80","633.2","-","-","-","-","-","-","-","-","-","-","-"
"259","J. Wright","J. Wright","RB","MIA","12","Doub","injury-status doubtful","Sun 1:00 PM@ IND","79","219.6","80","338","3","19","-","141","1","-","-","-","-"
"260","B. Allen","B. Allen","RB","NYJ","9","","injury-status","Sun 1:00 PMvs PIT","79","139.9","77","328","3","18","-","135","1","-","-","-","-"
"261","N. Folk","N. Folk","K","NYJ","9","","injury-status","Sun 1:00 PMvs PIT","79","678.9","-","-","-","-","-","-","-","-","-","-","-"
"262","T. Franklin","T. Franklin","WR","DEN","12","","injury-status","Sun 4:05 PMvs TEN","78","247.0","1","5","-","33","-","433","3","-","-","-","-"
"263","R. Fitzgerald","R. Fitzgerald","K","CAR","14","","injury-status","Sun 1:00 PM@ JAX","78","669.2","-","-","-","-","-","-","-","-","-","-","-"
"264","A. Szmyt","A. Szmyt","K","CLE","9","","injury-status","Sun 1:00 PMvs CIN","78","564.8","-","-","-","-","-","-","-","-","-","-","-"
"265","T. Lockett","T. Lockett","WR","TEN","10","","injury-status","Sun 4:05 PM@ DEN","78","241.8","-","-","-","42","-","445","2","-","-","-","-"
"266","K. Boutte","K. Boutte","WR","NE","14","","injury-status","Sun 1:00 PMvs LV","77","286.4","1","6","-","32","-","427","3","-","-","-","-"
"267","D. Thornton","D. Thornton","WR","LV","8","","injury-status","Sun 1:00 PM@ NE","77","181.3","1","6","-","30","-","432","3","-","-","-","-"
"268","D. Schultz","D. Schultz","TE","HOU","6","","injury-status","Sun 4:25 PM@ LAR","76","250.0","-","-","-","40","-","400","3","-","-","-","-"
"269","P. Bryant","P. Bryant","WR","DEN","12","","injury-status","Sun 4:05 PMvs TEN","76","237.7","-","-","-","34","-","408","3","-","-","-","-"
"270","K. Monangai","K. Monangai","RB","CHI","5","Ques","injury-status questionable","Mon 8:15 PMvs MIN","76","216.5","101","419","4","8","-","58","-","-","-","-","-"
"271","G. Gano","G. Gano","K","NYG","14","","injury-status","Sun 1:00 PM@ WAS","75","695.4","-","-","-","-","-","-","-","-","-","-","-"
"272","T. Atwell","T. Atwell","WR","LAR","8","","injury-status","Sun 4:25 PMvs HOU","74","693.0","3","17","-","34","-","431","2","-","-","-","-"
"273","A. Thielen","A. Thielen","WR","MIN","6","","injury-status","Mon 8:15 PM@ CHI","74","170.1","1","3","-","36","-","392","3","-","-","-","-"
"274","J. Tolbert","J. Tolbert","WR","DAL","10","","injury-status","Thu 8:20 PM@ PHI","73","298.1","-","-","-","33","-","388","3","-","-","-","-"
"275","T. Higbee","T. Higbee","TE","LAR","8","","injury-status","Sun 4:25 PMvs HOU","73","269.5","-","-","-","38","-","360","3","-","-","-","-"
"276","N. Westbrook-Ikhine","N. Westbrook-Ikhine","WR","MIA","12","","injury-status","Sun 1:00 PM@ IND","73","689.4","1","5","-","30","-","393","3","-","-","-","-"
"277","D. Hopkins","D. Hopkins","WR","BAL","7","Ques","injury-status questionable","Sun 8:20 PM@ BUF","72","220.2","-","-","-","31","-","383","3","-","-","-","-"
"278","K. Turpin","K. Turpin","WR","DAL","10","","injury-status","Thu 8:20 PM@ PHI","72","661.5","13","77","1","28","-","341","2","-","-","-","-"
"279","O. Gordon","O. Gordon","RB","MIA","12","","injury-status","Sun 1:00 PM@ IND","72","160.4","93","385","4","9","-","66","-","-","-","-","-"
"280","B. Robinson","B. Robinson","RB","SF","14","","injury-status","Sun 4:05 PM@ SEA","71","88.6","89","380","3","11","-","79","1","-","-","-","-"
"281","J. Hill","J. Hill","RB","BAL","7","","injury-status","Sun 8:20 PM@ BUF","71","242.4","35","165","1","31","-","234","2","-","-","-","-"
"282","R. Wilson","R. Wilson","WR","PIT","5","","injury-status","Sun 1:00 PM@ NYJ","71","265.4","-","-","-","29","-","387","3","-","-","-","-"
"283","C. Austin","C. Austin","WR","PIT","5","Ques","injury-status questionable","Sun 1:00 PM@ NYJ","71","269.8","3","14","-","35","-","400","2","-","-","-","-"
"284","D. Giddens","D. Giddens","RB","IND","11","","injury-status","Sun 1:00 PMvs MIA","70","216.4","80","335","3","15","-","111","-","-","-","-","-"
"285","M. Washington","M. Washington","WR","MIA","12","","injury-status","Sun 1:00 PM@ IND","69","694.5","3","17","-","38","-","385","2","-","-","-","-"
"286","W. Shipley","W. Shipley","RB","PHI","9","","injury-status","Thu 8:20 PMvs DAL","69","190.2","69","305","2","16","-","120","1","-","-","-","-"
"287","H. Fannin","H. Fannin","TE","CLE","9","","injury-status","Sun 1:00 PMvs CIN","68","268.3","-","-","-","37","-","375","2","-","-","-","-"
"288","Q. Johnston","Q. Johnston","WR","LAC","12","Ques","injury-status questionable","Fri 8:00 PMvs KC","68","245.0","2","11","-","29","-","361","3","-","-","-","-"
"289","D. Neal","D. Neal","RB","NO","11","","injury-status","Sun 1:00 PMvs ARI","68","254.5","75","310","2","15","-","110","1","-","-","-","-"
"290","R. Johnson","R. Johnson","RB","CHI","5","Ques","injury-status questionable","Mon 8:15 PMvs MIN","67","222.9","52","213","2","23","-","162","1","-","-","-","-"
"291","G. Dortch","G. Dortch","WR","ARI","8","","injury-status","Sun 1:00 PM@ NO","66","692.8","7","37","-","34","-","335","2","-","-","-","-"
"292","A. Mitchell","A. Mitchell","WR","IND","11","","injury-status","Sun 1:00 PMvs MIA","66","251.8","1","5","-","29","-","388","2","-","-","-","-"
"293","A. Cooper","A. Cooper","WR","LV","8","","injury-status","Sun 1:00 PM@ NE","66","202.9","-","-","-","30","-","386","2","-","-","-","-"
"294","N. Gray","N. Gray","TE","KC","10","","injury-status","Fri 8:00 PM@ LAC","65","273.9","1","1","-","31","-","314","3","-","-","-","-"
"295","J. Noel","J. Noel","WR","HOU","6","","injury-status","Sun 4:25 PM@ LAR","65","253.1","4","26","-","31","-","349","2","-","-","-","-"
"296","D. Vele","D. Vele","WR","NO","11","","injury-status","Sun 1:00 PMvs ARI","65","681.9","1","5","-","33","-","355","2","-","-","-","-"
"297","K. Mitchell","K. Mitchell","RB","BAL","7","","injury-status","Sun 8:20 PM@ BUF","61","209.7","60","277","2","12","-","91","1","-","-","-","-"
"298","E. Wilson","E. Wilson","RB","GB","5","","injury-status","Sun 4:25 PMvs DET","61","676.6","60","250","2","16","-","118","1","-","-","-","-"
"299","N. Brown","N. Brown","WR","WAS","12","Ques","injury-status questionable","Sun 1:00 PMvs NYG","61","681.3","-","-","-","27","-","350","2","-","-","-","-"
"300","A. Barner","A. Barner","TE","SEA","8","","injury-status","Sun 4:05 PMvs SF","60","622.6","-","-","-","33","-","311","2","-","-","-","-"
"301","J. Dart","J. Dart","QB","NYG","14","","injury-status","Sun 1:00 PM@ WAS","59","236.6","18","80","1","-","-","-","-","82","133","875","4"
"302","K. Miller","K. Miller","RB","NO","11","","injury-status","Sun 1:00 PMvs ARI","59","233.9","72","295","2","14","-","101","-","-","-","-","-"
"303","C. Rodriguez","C. Rodriguez","RB","WAS","12","","injury-status","Sun 1:00 PMvs NYG","58","646.0","72","305","3","8","-","59","-","-","-","-","-"
"304","S. Tucker","S. Tucker","RB","TB","9","","injury-status","Sun 1:00 PM@ ATL","58","635.3","70","299","2","11","-","81","1","-","-","-","-"
"305","J. Lane","J. Lane","WR","WAS","12","","injury-status","Sun 1:00 PMvs NYG","57","678.1","1","6","-","28","-","305","2","-","-","-","-"
"306","R. McCloud","R. McCloud","WR","ATL","5","","injury-status","Sun 1:00 PMvs TB","57","666.2","8","43","-","28","-","285","2","-","-","-","-"
"307","W. Marks","W. Marks","RB","HOU","6","","injury-status","Sun 4:25 PM@ LAR","57","184.0","47","197","1","20","-","148","1","-","-","-","-"
"308","K. Gainwell","K. Gainwell","RB","PIT","5","","injury-status","Sun 1:00 PM@ NYJ","56","683.5","55","232","2","14","-","102","1","-","-","-","-"
"309","P. Washington","P. Washington","WR","JAX","8","","injury-status","Sun 1:00 PMvs CAR","56","689.8","3","17","-","28","-","285","2","-","-","-","-"
"310","N. Fant","N. Fant","TE","CIN","10","","injury-status","Sun 1:00 PM@ CLE","55","295.0","-","-","-","29","-","285","2","-","-","-","-"
"311","J. Bech","J. Bech","WR","LV","8","","injury-status","Sun 1:00 PM@ NE","55","221.6","1","5","-","25","-","295","2","-","-","-","-"
"312","I. Bond","I. Bond","WR","CLE","9","","injury-status","Sun 1:00 PMvs CIN","54","681.8","-","-","-","24","-","304","2","-","-","-","-"
"313","J. Burton","J. Burton","WR","CIN","10","Ques","injury-status questionable","Sun 1:00 PM@ CLE","54","683.9","1","6","-","19","-","255","3","-","-","-","-"
"314","C. Dike","C. Dike","WR","TEN","10","","injury-status","Sun 4:05 PM@ DEN","54","691.5","1","5","-","24","-","290","2","-","-","-","-"
"315","J. Thrash","J. Thrash","WR","CLE","9","","injury-status","Sun 1:00 PMvs CIN","53","681.8","-","-","-","26","-","280","2","-","-","-","-"
"316","D. Singletary","D. Singletary","RB","NYG","14","","injury-status","Sun 1:00 PM@ WAS","53","698.5","68","282","2","10","-","74","-","-","-","-","-"
"317","J. Royals","J. Royals","WR","KC","10","Ques","injury-status questionable","Fri 8:00 PM@ LAC","52","251.8","1","5","-","24","-","271","2","-","-","-","-"
"318","M. Mayer","M. Mayer","TE","LV","8","","injury-status","Sun 1:00 PM@ NE","51","665.1","-","-","-","26","-","260","2","-","-","-","-"
"319","W. Dissly","W. Dissly","TE","LAC","12","","injury-status","Fri 8:00 PMvs KC","51","694.9","-","-","-","26","-","255","2","-","-","-","-"
"320","C. Watson","C. Watson","WR","GB","5","PUP","injury-status pup","Sun 4:25 PMvs DET","50","288.9","-","-","-","18","-","293","2","-","-","-","-"
"321","T. Conklin","T. Conklin","TE","LAC","12","","injury-status","Fri 8:00 PMvs KC","50","293.9","-","-","-","26","-","245","2","-","-","-","-"
"322","B. Smith","B. Smith","RB","KC","10","","injury-status","Fri 8:00 PM@ LAC","49","244.0","34","154","1","17","-","129","1","-","-","-","-"
"323","T. Johnson","T. Johnson","RB","BUF","7","","injury-status","Sun 8:20 PMvs BAL","49","676.1","43","189","1","14","-","108","1","-","-","-","-"
"324","B. Corum","B. Corum","RB","LAR","8","","injury-status","Sun 4:25 PMvs HOU","49","212.7","59","251","2","11","-","80","-","-","-","-","-"
"325","J. Dotson","J. Dotson","WR","PHI","9","","injury-status","Thu 8:20 PMvs DAL","49","639.8","1","5","-","21","-","255","2","-","-","-","-"
"326","I. Guerendo","I. Guerendo","RB","SF","14","","injury-status","Sun 4:05 PM@ SEA","48","201.3","60","263","2","8","-","60","-","-","-","-","-"
"327","D. Wicks","D. Wicks","WR","GB","5","Ques","injury-status questionable","Sun 4:25 PMvs DET","48","276.0","1","5","-","20","-","255","2","-","-","-","-"
"328","O. Gadsden","O. Gadsden","TE","LAC","12","","injury-status","Fri 8:00 PMvs KC","48","285.6","-","-","-","24","-","240","2","-","-","-","-"
"329","C. Stover","C. Stover","TE","HOU","6","","injury-status","Sun 4:25 PM@ LAR","48","675.0","-","-","-","24","-","236","2","-","-","-","-"
"330","D. Knox","D. Knox","TE","BUF","7","","injury-status","Sun 8:20 PMvs BAL","46","687.1","-","-","-","21","-","237","2","-","-","-","-"
"331","C. Kmet","C. Kmet","TE","CHI","5","","injury-status","Mon 8:15 PMvs MIN","46","261.4","-","-","-","24","-","240","2","-","-","-","-"
"332","S. Perine","S. Perine","RB","CIN","10","","injury-status","Sun 1:00 PM@ CLE","46","663.2","40","165","1","16","-","115","1","-","-","-","-"
"333","T. Ferguson","T. Ferguson","TE","LAR","8","","injury-status","Sun 4:25 PMvs HOU","46","257.6","-","-","-","22","-","226","2","-","-","-","-"
"334","T. Brooks","T. Brooks","RB","CIN","10","","injury-status","Sun 1:00 PM@ CLE","45","235.5","60","251","2","8","-","59","-","-","-","-","-"
"335","G. Davis","G. Davis","WR","","","Ques","injury-status questionable","BYE","45","685.2","-","-","-","17","-","242","2","-","-","-","-"
"336","D. Robinson","D. Robinson","WR","SF","14","Sus","injury-status sus","Sun 4:05 PM@ SEA","45","668.0","-","-","-","18","-","237","2","-","-","-","-"
"337","B. Sinnott","B. Sinnott","TE","WAS","12","","injury-status","Sun 1:00 PMvs NYG","44","290.0","-","-","-","21","-","219","2","-","-","-","-"
"338","C. Samuel","C. Samuel","WR","BUF","7","Ques","injury-status questionable","Sun 8:20 PMvs BAL","44","674.6","4","24","-","19","-","205","2","-","-","-","-"
"339","J. McMillan","J. McMillan","WR","TB","9","IR","injury-status ir","Sun 1:00 PM@ ATL","44","223.2","1","7","-","19","-","237","2","-","-","-","-"
"340","Z. White","Z. White","RB","LV","8","","injury-status","Sun 1:00 PM@ NE","44","636.2","55","230","2","7","-","51","-","-","-","-","-"
"341","D. Pierce","D. Pierce","RB","HOU","6","","injury-status","Sun 4:25 PM@ LAR","43","682.3","60","250","2","8","-","60","-","-","-","-","-"
"342","A. Hooper","A. Hooper","TE","NE","14","","injury-status","Sun 1:00 PMvs LV","43","685.4","-","-","-","21","-","205","2","-","-","-","-"
"343","A. Gibson","A. Gibson","RB","NE","14","","injury-status","Sun 1:00 PMvs LV","41","695.3","40","167","1","15","-","110","-","-","-","-","-"
"344","J. Hunter","J. Hunter","RB","LAR","8","","injury-status","Sun 4:25 PMvs HOU","41","255.8","55","232","2","6","-","44","-","-","-","-","-"
"345","A. Smith","A. Smith","WR","NYJ","9","","injury-status","Sun 1:00 PMvs PIT","38","674.3","2","11","-","18","-","221","1","-","-","-","-"
"346","T. Tucker","T. Tucker","WR","LV","8","","injury-status","Sun 1:00 PM@ NE","36","685.6","5","27","-","16","-","195","1","-","-","-","-"
"347","R. Mostert","R. Mostert","RB","LV","8","","injury-status","Sun 1:00 PM@ NE","36","238.6","45","188","1","9","-","66","-","-","-","-","-"
"348","D. Gabriel","D. Gabriel","QB","CLE","9","","injury-status","Sun 1:00 PMvs CIN","36","683.7","10","30","-","-","-","-","-","61","98","640","3"
"349","S. Sanders","S. Sanders","QB","CLE","9","","injury-status","Sun 1:00 PMvs CIN","35","234.0","9","24","-","-","-","-","-","61","99","650","3"
"350","M. Sanders","M. Sanders","RB","DAL","10","Ques","injury-status questionable","Thu 8:20 PM@ PHI","35","245.6","45","188","1","9","-","60","-","-","-","-","-"
"351","G. Helm","G. Helm","TE","TEN","10","","injury-status","Sun 4:05 PM@ DEN","35","696.2","-","-","-","20","-","190","1","-","-","-","-"
"352","L. Musgrave","L. Musgrave","TE","GB","5","","injury-status","Sun 4:25 PMvs DET","34","670.7","-","-","-","18","-","192","1","-","-","-","-"
"353","H. Haskins","H. Haskins","RB","LAC","12","","injury-status","Fri 8:00 PMvs KC","34","694.0","40","166","1","9","-","65","-","-","-","-","-"
"354","B. Cooks","B. Cooks","WR","NO","11","","injury-status","Sun 1:00 PMvs ARI","33","293.6","-","-","-","15","-","191","1","-","-","-","-"
"355","A. Lazard","A. Lazard","WR","NYJ","9","Ques","injury-status questionable","Sun 1:00 PMvs PIT","32","694.3","-","-","-","15","-","187","1","-","-","-","-"
"356","H. Renfrow","H. Renfrow","WR","CAR","14","","injury-status","Sun 1:00 PM@ JAX","31","671.1","-","-","-","17","-","168","1","-","-","-","-"
"357","J. Oliver","J. Oliver","TE","MIN","6","","injury-status","Mon 8:15 PM@ CHI","31","688.5","-","-","-","17","-","160","1","-","-","-","-"
"358","C. Brooks","C. Brooks","RB","GB","5","","injury-status","Sun 4:25 PMvs DET","30","677.2","35","145","1","8","-","58","-","-","-","-","-"
"359","J. McLaughlin","J. McLaughlin","RB","DEN","12","","injury-status","Sun 4:05 PMvs TEN","30","277.9","39","162","1","8","-","56","-","-","-","-","-"
"360","J. Winston","J. Winston","QB","NYG","14","","injury-status","Sun 1:00 PM@ WAS","30","685.4","5","16","-","-","-","-","-","40","65","450","3"
"361","F. Moreau","F. Moreau","TE","NO","11","PUP","injury-status pup","Sun 1:00 PMvs ARI","30","687.3","-","-","-","16","-","155","1","-","-","-","-"
"362","T. Etienne","T. Etienne","RB","CAR","14","","injury-status","Sun 1:00 PM@ JAX","29","272.4","35","147","1","7","-","50","-","-","-","-","-"
"363","J. Hyatt","J. Hyatt","WR","NYG","14","","injury-status","Sun 1:00 PM@ WAS","29","673.3","-","-","-","12","-","170","1","-","-","-","-"
"364","E. Higgins","E. Higgins","TE","ARI","8","","injury-status","Sun 1:00 PM@ NO","29","692.0","-","-","-","15","-","155","1","-","-","-","-"
"365","T. Chandler","T. Chandler","RB","MIN","6","","injury-status","Mon 8:15 PM@ CHI","29","671.2","30","130","1","8","-","58","-","-","-","-","-"
"366","I. Davis","I. Davis","RB","NYJ","9","Ques","injury-status questionable","Sun 1:00 PMvs PIT","29","687.7","39","163","1","5","-","37","-","-","-","-","-"
"367","J. Bobo","J. Bobo","WR","SEA","8","Ques","injury-status questionable","Sun 4:05 PMvs SF","28","698.7","-","-","-","13","-","157","1","-","-","-","-"
"368","K. Hodge","K. Hodge","WR","ATL","5","","injury-status","Sun 1:00 PMvs TB","28","576.8","1","6","-","12","-","152","1","-","-","-","-"
"369","K. Raymond","K. Raymond","WR","DET","8","","injury-status","Sun 4:25 PM@ GB","28","620.0","2","12","-","13","-","161","1","-","-","-","-"
"370","D. Moore","D. Moore","WR","CAR","14","","injury-status","Sun 1:00 PM@ JAX","28","692.7","-","-","-","12","-","156","1","-","-","-","-"
"371","L. Schoonmaker","L. Schoonmaker","TE","DAL","10","Ques","injury-status questionable","Thu 8:20 PM@ PHI","28","687.4","-","-","-","15","-","140","1","-","-","-","-"
"372","J. Horn","J. Horn","WR","CAR","14","","injury-status","Sun 1:00 PM@ JAX","27","665.9","-","-","-","12","-","148","1","-","-","-","-"
"373","G. Holani","G. Holani","RB","SEA","8","","injury-status","Sun 4:05 PMvs SF","27","659.0","38","158","1","4","-","29","-","-","-","-","-"
"374","L. McCaffrey","L. McCaffrey","WR","WAS","12","","injury-status","Sun 1:00 PMvs NYG","27","685.3","1","5","-","14","-","131","1","-","-","-","-"
"375","T. Tremble","T. Tremble","TE","CAR","14","Ques","injury-status questionable","Sun 1:00 PM@ JAX","26","697.0","-","-","-","14","-","130","1","-","-","-","-"
"376","D. Washington","D. Washington","TE","PIT","5","","injury-status","Sun 1:00 PM@ NYJ","26","643.9","-","-","-","13","-","132","1","-","-","-","-"
"377","Z. Jones","Z. Jones","WR","ARI","8","","injury-status","Sun 1:00 PM@ NO","26","635.2","2","11","-","11","-","129","1","-","-","-","-"
"378","T. Patrick","T. Patrick","WR","JAX","8","","injury-status","Sun 1:00 PMvs CAR","25","679.7","-","-","-","11","-","139","1","-","-","-","-"
"379","K. Lambert-Smith","K. Lambert-Smith","WR","LAC","12","","injury-status","Fri 8:00 PMvs KC","25","687.8","1","6","-","10","-","137","1","-","-","-","-"
"380","B. Melton","B. Melton","WR","GB","5","","injury-status","Sun 4:25 PMvs DET","25","695.5","4","22","-","9","-","125","1","-","-","-","-"
"381","V. Jefferson","V. Jefferson","WR","TEN","10","","injury-status","Sun 4:05 PM@ DEN","25","666.3","-","-","-","12","-","131","1","-","-","-","-"
"382","J. Hill","J. Hill","TE","MIA","12","","injury-status","Sun 1:00 PM@ IND","25","695.2","-","-","-","13","-","125","1","-","-","-","-"
"383","J. Nailor","J. Nailor","WR","MIN","6","Ques","injury-status questionable","Mon 8:15 PM@ CHI","25","632.8","1","2","-","11","-","128","1","-","-","-","-"
"384","M. Lloyd","M. Lloyd","RB","GB","5","IR","injury-status ir","Sun 4:25 PMvs DET","25","255.8","30","124","1","5","-","36","-","-","-","-","-"
"385","T. Thornton","T. Thornton","WR","KC","10","","injury-status","Fri 8:00 PM@ LAC","24","680.2","-","-","-","9","-","139","1","-","-","-","-"
"386","A. Dillon","A. Dillon","RB","PHI","9","","injury-status","Thu 8:20 PMvs DAL","24","652.5","35","147","1","3","-","22","-","-","-","-","-"
"387","R. Woods","R. Woods","WR","PIT","5","","injury-status","Sun 1:00 PM@ NYJ","24","685.5","-","-","-","12","-","120","1","-","-","-","-"
"388","C. Washington","C. Washington","WR","ATL","5","","injury-status","Sun 1:00 PMvs TB","24","522.0","-","-","-","10","-","130","1","-","-","-","-"
"389","T. Taylor","T. Taylor","QB","NYJ","9","Ques","injury-status questionable","Sun 1:00 PMvs PIT","24","686.3","6","25","-","-","-","-","-","38","60","403","2"
"390","A. Trautman","A. Trautman","TE","DEN","12","","injury-status","Sun 4:05 PMvs TEN","24","676.0","-","-","-","12","-","115","1","-","-","-","-"
"391","O. Zaccheaus","O. Zaccheaus","WR","CHI","5","","injury-status","Mon 8:15 PMvs MIN","24","663.1","1","5","-","11","-","115","1","-","-","-","-"
"392","T. Felton","T. Felton","WR","MIN","6","Ques","injury-status questionable","Mon 8:15 PM@ CHI","24","698.0","1","5","-","10","-","120","1","-","-","-","-"
"393","B. Spann-Ford","B. Spann-Ford","TE","DAL","10","","injury-status","Thu 8:20 PM@ PHI","24","611.5","-","-","-","12","-","115","1","-","-","-","-"
"394","J. Chestnut","J. Chestnut","RB","TEN","10","","injury-status","Sun 4:05 PM@ DEN","23","691.4","30","125","1","4","-","29","-","-","-","-","-"
"395","K. Mullings","K. Mullings","RB","TEN","10","Ques","injury-status questionable","Sun 4:05 PM@ DEN","23","699.5","30","125","1","4","-","29","-","-","-","-","-"
"396","T. Boyd","T. Boyd","WR","","","","injury-status","BYE","23","629.2","-","-","-","11","-","115","1","-","-","-","-"
"397","J. Hoyland","J. Hoyland","K","","","","injury-status","BYE","23","670.0","-","-","-","-","-","-","-","-","-","-","-"
"398","D. Bellinger","D. Bellinger","TE","NYG","14","","injury-status","Sun 1:00 PM@ WAS","23","687.3","-","-","-","12","-","109","1","-","-","-","-"
"399","D. Johnson","D. Johnson","WR","","","","injury-status","BYE","23","275.1","1","4","-","12","-","125","1","-","-","-","-"
"400","J. Mundt","J. Mundt","TE","JAX","8","","injury-status","Sun 1:00 PMvs CAR","23","644.5","-","-","-","12","-","106","1","-","-","-","-"
"401","J. Ruckert","J. Ruckert","TE","NYJ","9","","injury-status","Sun 1:00 PMvs PIT","23","699.0","-","-","-","11","-","110","1","-","-","-","-"
"402","M. Hollins","M. Hollins","WR","NE","14","","injury-status","Sun 1:00 PMvs LV","23","689.1","1","5","-","9","-","115","1","-","-","-","-"
"403","E. Moore","E. Moore","WR","BUF","7","","injury-status","Sun 8:20 PMvs BAL","22","675.0","1","4","-","10","-","110","1","-","-","-","-"
"404","S. Williams","S. Williams","WR","GB","5","Ques","injury-status questionable","Sun 4:25 PMvs DET","22","667.6","2","12","-","9","-","105","1","-","-","-","-"
"405","P. Mafah","P. Mafah","RB","DAL","10","IR","injury-status ir","Thu 8:20 PM@ PHI","22","649.9","30","123","1","3","-","22","-","-","-","-","-"
"406","J. Smith-Schuster","J. Smith-Schuster","WR","KC","10","","injury-status","Fri 8:00 PM@ LAC","22","681.7","-","-","-","10","-","108","1","-","-","-","-"
"407","J. Milroe","J. Milroe","QB","SEA","8","","injury-status","Sun 4:05 PMvs SF","22","276.7","10","53","1","-","-","-","-","17","28","185","1"
"408","C. Parkinson","C. Parkinson","TE","LAR","8","","injury-status","Sun 4:25 PMvs HOU","21","695.0","-","-","-","10","-","100","1","-","-","-","-"
"409","A. Seibert","A. Seibert","K","","","Ques","injury-status questionable","BYE","21","614.3","-","-","-","-","-","-","-","-","-","-","-"
"410","E. Pineiro","E. Pineiro","K","","","","injury-status","BYE","21","625.5","-","-","-","-","-","-","-","-","-","-","-"
"411","Z. Gonzalez","Z. Gonzalez","K","","","","injury-status","BYE","21","453.9","-","-","-","-","-","-","-","-","-","-","-"
"412","J. Bell","J. Bell","TE","","","","injury-status","BYE","21","999.0","-","-","-","10","-","100","1","-","-","-","-"
"413","M. Valdes-Scantling","M. Valdes-Scantling","WR","SF","14","","injury-status","Sun 4:05 PM@ SEA","21","688.5","1","2","-","7","-","112","1","-","-","-","-"
"414","E. Mitchell","E. Mitchell","RB","KC","10","","injury-status","Fri 8:00 PM@ LAC","21","281.8","22","100","1","4","-","29","-","-","-","-","-"
"415","C. Woerner","C. Woerner","TE","ATL","5","","injury-status","Sun 1:00 PMvs TB","21","999.0","-","-","-","10","-","98","1","-","-","-","-"
"416","D. Sample","D. Sample","TE","CIN","10","Ques","injury-status questionable","Sun 1:00 PM@ CLE","21","640.5","-","-","-","11","-","92","1","-","-","-","-"
"417","D. Walker","D. Walker","WR","BAL","7","","injury-status","Sun 8:20 PM@ BUF","21","677.0","1","5","-","7","-","106","1","-","-","-","-"
"418","M. Prater","M. Prater","K","","","Ques","injury-status questionable","BYE","20","596.5","-","-","-","-","-","-","-","-","-","-","-"
"419","D. Hopkins","D. Hopkins","K","","","","injury-status","BYE","20","699.0","-","-","-","-","-","-","-","-","-","-","-"
"420","G. Zuerlein","G. Zuerlein","K","","","Ques","injury-status questionable","BYE","20","398.3","-","-","-","-","-","-","-","-","-","-","-"
"421","H. Mevis","H. Mevis","K","NYJ","9","","injury-status","Sun 1:00 PMvs PIT","20","692.7","-","-","-","-","-","-","-","-","-","-","-"
"422","A. Carlson","A. Carlson","K","","","","injury-status","BYE","20","692.3","-","-","-","-","-","-","-","-","-","-","-"
"423","G. Calcaterra","G. Calcaterra","TE","PHI","9","","injury-status","Thu 8:20 PMvs DAL","19","693.0","-","-","-","8","-","90","1","-","-","-","-"
"424","B. Wright","B. Wright","TE","DET","8","","injury-status","Sun 4:25 PM@ GB","18","683.9","-","-","-","8","-","80","1","-","-","-","-"
"425","T. Wallace","T. Wallace","WR","BAL","7","","injury-status","Sun 8:20 PM@ BUF","18","621.7","1","5","-","6","-","84","1","-","-","-","-"
"426","J. McNichols","J. McNichols","RB","WAS","12","","injury-status","Sun 1:00 PMvs NYG","18","537.0","19","80","1","3","-","24","-","-","-","-","-"
"427","P. Durham","P. Durham","TE","TB","9","","injury-status","Sun 1:00 PM@ ATL","18","610.0","-","-","-","8","-","78","1","-","-","-","-"
"428","D. Culp","D. Culp","TE","TB","9","","injury-status","Sun 1:00 PM@ ATL","18","685.0","-","-","-","8","-","77","1","-","-","-","-"
"429","J. Bates","J. Bates","TE","WAS","12","","injury-status","Sun 1:00 PMvs NYG","17","655.7","-","-","-","8","-","74","1","-","-","-","-"
"430","S. Howell","S. Howell","QB","PHI","9","","injury-status","Thu 8:20 PMvs DAL","17","687.8","3","14","-","-","-","-","-","20","32","215","2"
"431","T. Hill","T. Hill","TE","NO","11","PUP","injury-status pup","Sun 1:00 PMvs ARI","17","277.8","12","50","1","4","-","40","-","-","-","-","-"
"432","J. Garoppolo","J. Garoppolo","QB","LAR","8","","injury-status","Sun 4:25 PMvs HOU","16","671.9","2","6","-","-","-","-","-","21","32","222","2"
"433","E. Demercado","E. Demercado","RB","ARI","8","","injury-status","Sun 1:00 PM@ NO","16","686.0","15","62","-","8","-","57","-","-","-","-","-"
"434","K. Juszczyk","K. Juszczyk","RB","SF","14","","injury-status","Sun 4:05 PM@ SEA","16","692.2","5","20","-","10","-","85","-","-","-","-","-"
"435","P. Romo","P. Romo","K","","","","injury-status","BYE","15","673.0","-","-","-","-","-","-","-","-","-","-","-"
"436","C. York","C. York","K","","","","injury-status","BYE","15","666.0","-","-","-","-","-","-","-","-","-","-","-"
"437","R. Patterson","R. Patterson","K","MIA","12","","injury-status","Sun 1:00 PM@ IND","15","502.9","-","-","-","-","-","-","-","-","-","-","-"
"438","M. Wright","M. Wright","K","","","","injury-status","BYE","15","682.0","-","-","-","-","-","-","-","-","-","-","-"
"439","M. Badgley","M. Badgley","K","","","","injury-status","BYE","15","535.9","-","-","-","-","-","-","-","-","-","-","-"
"440","J. Tucker","J. Tucker","K","","","Sus","injury-status sus","BYE","15","697.6","-","-","-","-","-","-","-","-","-","-","-"
"441","B. Narveson","B. Narveson","K","","","","injury-status","BYE","15","633.5","-","-","-","-","-","-","-","-","-","-","-"
"442","M. Willis","M. Willis","QB","GB","5","","injury-status","Sun 4:25 PMvs DET","15","669.6","6","39","-","-","-","-","-","18","29","191","1"
"443","A. Ingold","A. Ingold","RB","MIA","12","","injury-status","Sun 1:00 PM@ IND","14","659.2","6","10","-","6","-","41","1","-","-","-","-"
"444","M. Mariota","M. Mariota","QB","WAS","12","Ques","injury-status questionable","Sun 1:00 PMvs NYG","14","664.2","5","25","-","-","-","-","-","20","31","215","1"
"445","T. Goodson","T. Goodson","RB","IND","11","Ques","injury-status questionable","Sun 1:00 PMvs MIA","14","631.4","10","41","-","8","-","58","-","-","-","-","-"
"446","L. Allen","L. Allen","RB","JAX","8","","injury-status","Sun 1:00 PMvs CAR","14","697.2","10","42","1","3","-","22","-","-","-","-","-"
"447","J. Dobbs","J. Dobbs","QB","NE","14","","injury-status","Sun 1:00 PMvs LV","14","677.3","5","26","-","-","-","-","-","20","31","205","1"
"448","J. Milton","J. Milton","QB","DAL","10","","injury-status","Thu 8:20 PM@ PHI","14","684.6","5","23","-","-","-","-","-","19","31","210","1"
"449","T. Lance","T. Lance","QB","LAC","12","","injury-status","Fri 8:00 PMvs KC","14","662.4","6","31","-","-","-","-","-","18","29","185","1"
"450","D. Ogunbowale","D. Ogunbowale","RB","HOU","6","","injury-status","Sun 4:25 PM@ LAR","13","698.0","15","61","-","6","-","43","-","-","-","-","-"
"451","D. Watson","D. Watson","QB","CLE","9","PUP","injury-status pup","Sun 1:00 PMvs CIN","13","678.3","5","21","-","-","-","-","-","19","31","200","1"
"452","T. Bagent","T. Bagent","QB","CHI","5","","injury-status","Mon 8:15 PMvs MIN","13","672.5","5","22","-","-","-","-","-","19","30","197","1"
"453","J. Browning","J. Browning","QB","CIN","10","","injury-status","Sun 1:00 PM@ CLE","13","688.7","3","15","-","-","-","-","-","19","31","214","1"
"454","K. Pickett","K. Pickett","QB","LV","8","Ques","injury-status questionable","Sun 1:00 PM@ NE","13","689.8","4","15","-","-","-","-","-","20","32","213","1"
"455","H. Hooker","H. Hooker","QB","CAR","14","","injury-status","Sun 1:00 PM@ JAX","13","686.2","3","16","-","-","-","-","-","20","31","210","1"
"456","T. McKee","T. McKee","QB","PHI","9","Ques","injury-status questionable","Thu 8:20 PMvs DAL","13","678.5","3","13","-","-","-","-","-","20","31","215","1"
"457","N. Mullens","N. Mullens","QB","JAX","8","","injury-status","Sun 1:00 PMvs CAR","13","669.0","2","8","-","-","-","-","-","20","33","224","1"
"458","K. Cousins","K. Cousins","QB","ATL","5","","injury-status","Sun 1:00 PMvs TB","12","695.2","2","2","-","-","-","-","-","22","33","231","1"
"459","Z. Wilson","Z. Wilson","QB","MIA","12","","injury-status","Sun 1:00 PM@ IND","12","668.0","3","14","-","-","-","-","-","19","31","200","1"
"460","Q. Ewers","Q. Ewers","QB","MIA","12","","injury-status","Sun 1:00 PM@ IND","12","678.6","3","14","-","-","-","-","-","19","31","200","1"
"461","J. Brissett","J. Brissett","QB","ARI","8","","injury-status","Sun 1:00 PM@ NO","12","626.6","3","10","-","-","-","-","-","20","31","208","1"
"462","J. Stidham","J. Stidham","QB","DEN","12","","injury-status","Sun 4:05 PMvs TEN","12","664.0","3","10","-","-","-","-","-","20","31","205","1"
"463","X. Restrepo","X. Restrepo","WR","TEN","10","","injury-status","Sun 4:05 PM@ DEN","12","284.0","1","2","-","4","-","40","1","-","-","-","-"
"464","M. Jones","M. Jones","QB","SF","14","Ques","injury-status questionable","Sun 4:05 PM@ SEA","12","670.0","2","7","-","-","-","-","-","21","32","211","1"
"465","M. Rudolph","M. Rudolph","QB","PIT","5","","injury-status","Sun 1:00 PM@ NYJ","12","690.0","3","9","-","-","-","-","-","20","31","205","1"
"466","A. Dalton","A. Dalton","QB","CAR","14","Ques","injury-status questionable","Sun 1:00 PM@ JAX","12","698.1","2","8","-","-","-","-","-","20","31","207","1"
"467","C. Rush","C. Rush","QB","BAL","7","","injury-status","Sun 8:20 PM@ BUF","12","695.0","4","10","-","-","-","-","-","19","30","202","1"
"468","M. Trubisky","M. Trubisky","QB","BUF","7","","injury-status","Sun 8:20 PMvs BAL","12","683.5","2","8","-","-","-","-","-","19","30","205","1"
"469","T. Bridgewater","T. Bridgewater","QB","TB","9","","injury-status","Sun 1:00 PM@ ATL","12","600.0","2","8","-","-","-","-","-","19","30","204","1"
"470","D. Lock","D. Lock","QB","SEA","8","","injury-status","Sun 4:05 PMvs SF","12","688.0","2","8","-","-","-","-","-","19","30","200","1"
"471","D. Mills","D. Mills","QB","HOU","6","","injury-status","Sun 4:25 PM@ LAR","12","698.0","2","7","-","-","-","-","-","19","30","199","1"
"472","B. Allen","B. Allen","QB","TEN","10","","injury-status","Sun 4:05 PM@ DEN","12","698.7","2","8","-","-","-","-","-","19","30","195","1"
"473","T. Johnson","T. Johnson","WR","NYJ","9","","injury-status","Sun 1:00 PMvs PIT","12","695.8","-","-","-","7","-","80","-","-","-","-","-"
"474","T. Palmer","T. Palmer","WR","NO","11","","injury-status","Sun 1:00 PMvs ARI","11","631.5","1","6","-","6","-","74","-","-","-","-","-"
"475","G. Minshew","G. Minshew","QB","KC","10","","injury-status","Fri 8:00 PM@ LAC","11","668.4","4","13","-","-","-","-","-","20","32","215","1"
"476","J. Metchie","J. Metchie","WR","PHI","9","","injury-status","Thu 8:20 PMvs DAL","11","700.5","-","-","-","7","-","72","-","-","-","-","-"
"477","P. Ricard","P. Ricard","RB","BAL","7","Ques","injury-status questionable","Sun 8:20 PM@ BUF","11","590.8","-","-","-","3","-","30","1","-","-","-","-"
"478","D. Laube","D. Laube","RB","LV","8","","injury-status","Sun 1:00 PM@ NE","9","659.3","10","42","-","4","-","29","-","-","-","-","-"
"479","M. Evans","M. Evans","TE","CAR","14","","injury-status","Sun 1:00 PM@ JAX","9","698.0","-","-","-","6","-","60","-","-","-","-","-"
"480","L. Farrell","L. Farrell","TE","SF","14","","injury-status","Sun 4:05 PM@ SEA","9","697.0","-","-","-","6","-","55","-","-","-","-","-"
"481","S. Shepard","S. Shepard","WR","TB","9","","injury-status","Sun 1:00 PM@ ATL","8","674.3","2","11","-","5","-","48","-","-","-","-","-"
"482","L. Jackson","L. Jackson","WR","MIN","6","","injury-status","Mon 8:15 PM@ CHI","8","556.5","-","-","-","5","-","58","-","-","-","-","-"
"483","G. Joseph","G. Joseph","K","","","","injury-status","BYE","8","689.0","-","-","-","-","-","-","-","-","-","-","-"
"484","M. Carter","M. Carter","RB","ARI","8","","injury-status","Sun 1:00 PM@ NO","8","999.0","10","42","-","3","-","22","-","-","-","-","-"
"485","D. Carter","D. Carter","WR","CLE","9","","injury-status","Sun 1:00 PMvs CIN","8","999.0","1","6","-","6","-","60","-","-","-","-","-"
"486","P. Brown","P. Brown","TE","","","","injury-status","BYE","8","615.8","-","-","-","5","-","50","-","-","-","-","-"
"487","T. Reiman","T. Reiman","TE","ARI","8","","injury-status","Sun 1:00 PM@ NO","7","999.0","-","-","-","5","-","49","-","-","-","-","-"
"488","H. Luepke","H. Luepke","RB","DAL","10","","injury-status","Thu 8:20 PM@ PHI","7","599.5","2","8","-","5","-","34","-","-","-","-","-"
"489","C. Reynolds","C. Reynolds","RB","DET","8","","injury-status","Sun 4:25 PM@ GB","7","699.6","10","42","-","2","-","14","-","-","-","-","-"
"490","L. Humphrey","L. Humphrey","WR","NYG","14","","injury-status","Sun 1:00 PM@ WAS","6","483.4","-","-","-","4","-","44","-","-","-","-","-"
"491","C. Kolar","C. Kolar","TE","BAL","7","","injury-status","Sun 8:20 PM@ BUF","6","671.3","1","1","-","4","-","43","-","-","-","-","-"
"492","D. Bell","D. Bell","WR","CLE","9","PUP","injury-status pup","Sun 1:00 PMvs CIN","6","516.5","-","-","-","4","-","42","-","-","-","-","-"
"493","J. Hawes","J. Hawes","TE","BUF","7","","injury-status","Sun 8:20 PMvs BAL","6","653.7","-","-","-","4","-","42","-","-","-","-","-"
"494","T. Fisk","T. Fisk","TE","LAC","12","","injury-status","Fri 8:00 PMvs KC","6","999.0","-","-","-","4","-","39","-","-","-","-","-"
"495","D. Ogletree","D. Ogletree","TE","IND","11","","injury-status","Sun 1:00 PMvs MIA","6","681.5","-","-","-","4","-","39","-","-","-","-","-"
"496","E. Saubert","E. Saubert","TE","SEA","8","","injury-status","Sun 4:05 PMvs SF","6","678.0","-","-","-","4","-","39","-","-","-","-","-"
"497","M. Heath","M. Heath","WR","GB","5","","injury-status","Sun 4:25 PMvs DET","6","640.7","1","6","-","3","-","38","-","-","-","-","-"
"498","R. Ali","R. Ali","RB","BAL","7","","injury-status","Sun 8:20 PM@ BUF","6","692.0","10","45","-","1","-","8","-","-","-","-","-"
"499","X. Gipson","X. Gipson","WR","NYJ","9","Ques","injury-status questionable","Sun 1:00 PMvs PIT","6","672.0","2","11","-","4","-","44","-","-","-","-","-"
"500","T. Johnson","T. Johnson","WR","TB","9","","injury-status","Sun 1:00 PM@ ATL","5","691.1","-","-","-","3","-","39","-","-","-","-","-"
"501","S. Miller","S. Miller","WR","PIT","5","","injury-status","Sun 1:00 PM@ NYJ","5","533.0","-","-","-","3","-","36","-","-","-","-","-"
"502","P. Strong","P. Strong","RB","","","IR","injury-status ir","BYE","5","999.0","6","25","-","2","-","15","-","-","-","-","-"
"503","N. Nash","N. Nash","WR","ATL","5","","injury-status","Sun 1:00 PMvs TB","5","674.0","-","-","-","3","-","35","-","-","-","-","-"
"504","M. Tinsley","M. Tinsley","WR","CIN","10","","injury-status","Sun 1:00 PM@ CLE","5","675.5","-","-","-","3","-","35","-","-","-","-","-"
"505","D. Turner","D. Turner","WR","","","Ques","injury-status questionable","BYE","5","999.0","1","4","-","3","-","30","-","-","-","-","-"
"506","L. Larison","L. Larison","RB","NE","14","IR","injury-status ir","Sun 1:00 PMvs LV","5","645.3","3","12","-","3","-","22","-","-","-","-","-"
"507","L. Krull","L. Krull","TE","DEN","12","","injury-status","Sun 4:05 PMvs TEN","5","694.0","-","-","-","3","-","33","-","-","-","-","-"
"508","T. Homer","T. Homer","RB","CHI","5","IR","injury-status ir","Mon 8:15 PMvs MIN","5","695.8","5","22","-","2","-","15","-","-","-","-","-"
"509","G. Everett","G. Everett","TE","","","","injury-status","BYE","5","261.0","-","-","-","3","-","32","-","-","-","-","-"
"510","M. Corley","M. Corley","WR","CLE","9","","injury-status","Sun 1:00 PMvs CIN","5","694.9","-","2","-","3","-","29","-","-","-","-","-"
"511","S. Smartt","S. Smartt","TE","NYJ","9","","injury-status","Sun 1:00 PMvs PIT","5","693.3","-","-","-","3","-","31","-","-","-","-","-"
"512","J. Whyle","J. Whyle","TE","GB","5","","injury-status","Sun 4:25 PMvs DET","5","651.3","-","-","-","3","-","31","-","-","-","-","-"
"513","J. Stoll","J. Stoll","TE","NO","11","","injury-status","Sun 1:00 PMvs ARI","5","641.9","-","-","-","3","-","30","-","-","-","-","-"
"514","R. Gage","R. Gage","WR","SF","14","Ques","injury-status questionable","Sun 4:05 PM@ SEA","5","555.8","-","-","-","3","-","30","-","-","-","-","-"
"515","D. Smythe","D. Smythe","TE","CHI","5","","injury-status","Mon 8:15 PMvs MIN","5","668.7","-","-","-","3","-","30","-","-","-","-","-"
"516","I. Thomas","I. Thomas","TE","LV","8","","injury-status","Sun 1:00 PM@ NE","4","463.7","-","-","-","3","-","29","-","-","-","-","-"
"517","A. Gould","A. Gould","WR","IND","11","","injury-status","Sun 1:00 PMvs MIA","4","677.0","1","5","-","2","-","29","-","-","-","-","-"
"518","D. Vaughn","D. Vaughn","RB","","","","injury-status","BYE","4","687.2","8","31","-","1","-","7","-","-","-","-","-"
"519","M. Woods","M. Woods","WR","","","Ques","injury-status questionable","BYE","4","698.0","-","-","-","3","-","28","-","-","-","-","-"
"520","J. Akins","J. Akins","TE","","","","injury-status","BYE","4","999.0","-","-","-","3","-","28","-","-","-","-","-"
"521","J. Corbin","J. Corbin","RB","","","","injury-status","BYE","4","653.3","7","30","-","1","-","7","-","-","-","-","-"
"522","C. Washington","C. Washington","RB","ATL","5","","injury-status","Sun 1:00 PMvs TB","4","634.0","7","30","-","1","-","7","-","-","-","-","-"
"523","G. Edwards","G. Edwards","RB","","","","injury-status","BYE","4","692.2","7","29","-","1","-","6","-","-","-","-","-"
"524","C. Wilson","C. Wilson","WR","NO","11","","injury-status","Sun 1:00 PMvs ARI","4","598.5","1","6","-","2","-","22","-","-","-","-","-"
"525","D. Pettis","D. Pettis","WR","","","","injury-status","BYE","4","999.0","1","6","-","2","-","22","-","-","-","-","-"
"526","A. Dulin","A. Dulin","WR","IND","11","Ques","injury-status questionable","Sun 1:00 PMvs MIA","4","999.0","1","5","-","2","-","22","-","-","-","-","-"
"527","K. Bourne","K. Bourne","WR","","","Ques","injury-status questionable","BYE","4","688.0","1","5","-","2","-","22","-","-","-","-","-"
"528","J. Jackson","J. Jackson","WR","","","","injury-status","BYE","4","641.8","1","6","-","2","-","21","-","-","-","-","-"
"529","T. Scott","T. Scott","WR","IND","11","","injury-status","Sun 1:00 PMvs MIA","4","694.3","1","5","-","2","-","21","-","-","-","-","-"
"530","S. McCormick","S. McCormick","RB","SF","14","","injury-status","Sun 4:05 PM@ SEA","4","684.0","6","25","-","1","-","6","-","-","-","-","-"
"531","E. Chism","E. Chism","WR","NE","14","Ques","injury-status questionable","Sun 1:00 PMvs LV","4","673.2","1","6","-","2","-","20","-","-","-","-","-"
"532","K. Vidal","K. Vidal","RB","LAC","12","","injury-status","Fri 8:00 PMvs KC","4","678.2","6","25","-","1","-","6","-","-","-","-","-"
"533","C. Jones","C. Jones","WR","CIN","10","","injury-status","Sun 1:00 PM@ CLE","4","670.6","1","5","-","2","-","21","-","-","-","-","-"
"534","B. Berrios","B. Berrios","WR","HOU","6","","injury-status","Sun 4:25 PM@ LAR","3","616.1","1","5","-","2","-","19","-","-","-","-","-"
"535","L. Wester","L. Wester","WR","BAL","7","","injury-status","Sun 8:20 PM@ BUF","3","694.0","-","-","-","2","-","24","-","-","-","-","-"
"536","E. Gray","E. Gray","RB","NYG","14","PUP","injury-status pup","Sun 1:00 PM@ WAS","3","549.6","7","29","-","2","-","15","-","-","-","-","-"
"537","T. Badie","T. Badie","RB","DEN","12","","injury-status","Sun 4:05 PMvs TEN","3","671.7","5","21","-","1","-","7","-","-","-","-","-"
"538","T. Sermon","T. Sermon","RB","PIT","5","","injury-status","Sun 1:00 PM@ NYJ","3","640.8","5","21","-","1","-","7","-","-","-","-","-"
"539","D. Dallas","D. Dallas","RB","CAR","14","","injury-status","Sun 1:00 PM@ JAX","3","999.0","4","16","-","3","-","22","-","-","-","-","-"
"540","T. Dell","T. Dell","WR","HOU","6","PUP","injury-status pup","Sun 4:25 PM@ LAR","3","683.5","-","-","-","2","-","22","-","-","-","-","-"
"541","K. Herbert","K. Herbert","RB","","","","injury-status","BYE","3","673.8","5","21","-","1","-","6","-","-","-","-","-"
"542","C. Akers","C. Akers","RB","","","","injury-status","BYE","3","700.1","5","21","-","1","-","6","-","-","-","-","-"
"543","J. Watson","J. Watson","WR","HOU","6","","injury-status","Sun 4:25 PM@ LAR","3","661.5","-","-","-","2","-","22","-","-","-","-","-"
"544","T. Sherfield","T. Sherfield","WR","DEN","12","","injury-status","Sun 4:05 PMvs TEN","3","999.0","-","-","-","2","-","22","-","-","-","-","-"
"545","N. Agholor","N. Agholor","WR","","","","injury-status","BYE","3","493.0","-","-","-","2","-","22","-","-","-","-","-"
"546","S. Moore","S. Moore","WR","SF","14","","injury-status","Sun 4:05 PM@ SEA","3","612.2","-","-","-","2","-","21","-","-","-","-","-"
"547","P. Campbell","P. Campbell","WR","","","Ques","injury-status questionable","BYE","3","999.0","-","-","-","2","-","21","-","-","-","-","-"
"548","A. Estime","A. Estime","RB","PHI","9","","injury-status","Thu 8:20 PMvs DAL","3","296.3","5","20","-","1","-","6","-","-","-","-","-"
"549","X. Hutchinson","X. Hutchinson","WR","HOU","6","","injury-status","Sun 4:25 PM@ LAR","3","652.0","-","-","-","2","-","21","-","-","-","-","-"
"550","G. Dulcich","G. Dulcich","TE","MIA","12","","injury-status","Sun 1:00 PM@ IND","3","683.0","-","-","-","2","-","20","-","-","-","-","-"
"551","R. Tonyan","R. Tonyan","TE","KC","10","","injury-status","Fri 8:00 PM@ LAC","3","669.0","-","-","-","2","-","20","-","-","-","-","-"
"552","M. Alie-Cox","M. Alie-Cox","TE","IND","11","","injury-status","Sun 1:00 PMvs MIA","3","559.4","-","-","-","2","-","20","-","-","-","-","-"
"553","N. Vannett","N. Vannett","TE","MIN","6","","injury-status","Mon 8:15 PM@ CHI","3","999.0","-","-","-","2","-","20","-","-","-","-","-"
"554","C. Manhertz","C. Manhertz","TE","NYG","14","","injury-status","Sun 1:00 PM@ WAS","3","999.0","-","-","-","2","-","20","-","-","-","-","-"
"555","J. Wiley","J. Wiley","TE","KC","10","","injury-status","Fri 8:00 PM@ LAC","3","695.0","-","-","-","2","-","20","-","-","-","-","-"
"556","B. Whiteheart","B. Whiteheart","TE","CLE","9","Ques","injury-status questionable","Sun 1:00 PMvs CIN","3","591.0","-","-","-","2","-","20","-","-","-","-","-"
"557","D. Allen","D. Allen","TE","LAR","8","","injury-status","Sun 4:25 PMvs HOU","3","626.3","-","-","-","2","-","20","-","-","-","-","-"
"558","Q. Morris","Q. Morris","TE","JAX","8","","injury-status","Sun 1:00 PMvs CAR","3","603.0","-","-","-","2","-","19","-","-","-","-","-"
"559","H. Long","H. Long","TE","JAX","8","","injury-status","Sun 1:00 PMvs CAR","3","999.0","-","-","-","2","-","19","-","-","-","-","-"
"560","J. James","J. James","RB","SF","14","IR","injury-status ir","Sun 4:05 PM@ SEA","3","262.3","4","17","-","1","-","7","-","-","-","-","-"
"561","D. Martinez","D. Martinez","RB","SEA","8","","injury-status","Sun 4:05 PMvs SF","3","699.4","4","17","-","1","-","7","-","-","-","-","-"
"562","W. Mallory","W. Mallory","TE","IND","11","","injury-status","Sun 1:00 PMvs MIA","3","664.5","-","-","-","2","-","19","-","-","-","-","-"
"563","D. Davis","D. Davis","WR","LAC","12","","injury-status","Fri 8:00 PMvs KC","3","680.8","3","16","-","2","-","22","-","-","-","-","-"
"564","T. Hudson","T. Hudson","TE","CIN","10","","injury-status","Sun 1:00 PM@ CLE","3","642.5","-","-","-","2","-","18","-","-","-","-","-"
"565","T. Mellott","T. Mellott","WR","","","","injury-status","BYE","3","669.7","1","6","-","1","-","15","-","-","-","-","-"
"566","J. Watkins","J. Watkins","WR","SF","14","Ques","injury-status questionable","Sun 4:05 PM@ SEA","3","692.6","1","5","-","1","-","15","-","-","-","-","-"
"567","J. Wilson","J. Wilson","RB","MIA","12","","injury-status","Sun 1:00 PM@ IND","2","682.9","3","12","-","1","-","7","-","-","-","-","-"
"568","C. Steele","C. Steele","RB","KC","10","","injury-status","Fri 8:00 PM@ LAC","2","696.3","3","12","-","1","-","7","-","-","-","-","-"
"569","E. Elliott","E. Elliott","RB","","","","injury-status","BYE","2","667.6","3","12","-","1","-","6","-","-","-","-","-"
"570","S. Vaki","S. Vaki","RB","DET","8","","injury-status","Sun 4:25 PM@ GB","2","680.0","2","9","-","1","-","7","-","-","-","-","-"
"571","J. Hasty","J. Hasty","RB","MIA","12","","injury-status","Sun 1:00 PM@ IND","2","692.5","2","8","-","1","-","7","-","-","-","-","-"
"572","P. Taylor","P. Taylor","RB","SF","14","IR","injury-status ir","Sun 4:05 PM@ SEA","2","649.0","2","8","-","1","-","7","-","-","-","-","-"
"573","D. Chark","D. Chark","WR","","","","injury-status","BYE","2","384.5","-","-","-","1","-","14","-","-","-","-","-"
"574","I. Williams","I. Williams","WR","CIN","10","","injury-status","Sun 1:00 PM@ CLE","2","999.0","-","-","-","1","-","14","-","-","-","-","-"
"575","J. Brownlee","J. Brownlee","WR","KC","10","","injury-status","Fri 8:00 PM@ LAC","2","647.5","-","-","-","1","-","14","-","-","-","-","-"
"576","N. Remigio","N. Remigio","WR","KC","10","","injury-status","Fri 8:00 PM@ LAC","2","684.8","-","-","-","1","-","13","-","-","-","-","-"
"577","D. Duvernay","D. Duvernay","WR","CHI","5","","injury-status","Mon 8:15 PMvs MIN","2","674.8","1","6","-","2","-","21","-","-","-","-","-"
"578","J. Cowing","J. Cowing","WR","SF","14","IR","injury-status ir","Sun 4:05 PM@ SEA","2","693.1","3","17","-","-","-","-","-","-","-","-","-"
"579","X. Smith","X. Smith","WR","LAR","8","","injury-status","Sun 4:25 PMvs HOU","2","488.0","1","5","-","2","-","22","-","-","-","-","-"
"580","R. Rivers","R. Rivers","RB","LAR","8","","injury-status","Sun 4:25 PMvs HOU","2","689.5","1","4","-","1","-","7","-","-","-","-","-"
"581","K. Robinson","K. Robinson","RB","","","","injury-status","BYE","2","689.3","1","4","-","1","-","7","-","-","-","-","-"
"582","D. Johnson","D. Johnson","RB","BAL","7","","injury-status","Sun 8:20 PM@ BUF","2","333.0","1","4","-","1","-","6","-","-","-","-","-"
"583","K. Granson","K. Granson","TE","PHI","9","","injury-status","Thu 8:20 PMvs DAL","1","690.0","-","-","-","1","-","9","-","-","-","-","-"
"584","H. Bryant","H. Bryant","TE","HOU","6","","injury-status","Sun 4:25 PM@ LAR","1","499.0","-","-","-","1","-","9","-","-","-","-","-"
"585","D. Eskridge","D. Eskridge","WR","MIA","12","Ques","injury-status questionable","Sun 1:00 PM@ IND","1","687.0","1","5","-","-","-","-","-","-","-","-","-"
"586","T. Irwin","T. Irwin","WR","","","","injury-status","BYE","1","502.5","1","5","-","-","-","-","-","-","-","-","-"
"587","J. Jackson","J. Jackson","WR","","","","injury-status","BYE","1","611.5","1","5","-","1","-","15","-","-","-","-","-"
"588","D. Thompkins","D. Thompkins","WR","","","","injury-status","BYE","0","999.0","-","1","-","-","-","2","-","-","-","-","-"
"589","B. Powell","B. Powell","WR","","","","injury-status","BYE","0","999.0","-","-","-","-","-","3","-","-","-","-","-"
"590","J. Crowder","J. Crowder","WR","","","","injury-status","BYE","0","516.3","-","-","-","-","-","3","-","-","-","-","-"
"591","D. Harty","D. Harty","WR","","","Ques","injury-status questionable","BYE","0","999.0","-","1","-","-","-","-","-","-","-","-","-"
"592","A. Williams","A. Williams","RB","","","","injury-status","BYE","-0","647.5","1","5","-","1","-","7","-","-","-","-","-"
"593","R. Blackshear","R. Blackshear","RB","","","Ques","injury-status questionable","BYE","-0","680.7","1","4","-","1","-","6","-","-","-","-","-"
"594","T. Davis","T. Davis","K","","","","injury-status","BYE","-","360.9","-","-","-","-","-","-","-","-","-","-","-"
"595","W. Levis","W. Levis","QB","TEN","10","IR","injury-status ir","Sun 4:05 PM@ DEN","-","679.6","-","-","-","-","-","-","-","-","-","-","-"
"596","B. Miller","B. Miller","RB","","","","injury-status","BYE","-","999.0","-","-","-","-","-","-","-","-","-","-","-"
"597","C. Johnson","C. Johnson","WR","","","","injury-status","BYE","-","999.0","-","-","-","-","-","-","-","-","-","-","-"
"598","A. Sherman","A. Sherman","RB","","","","injury-status","BYE","-","999.0","-","-","-","-","-","-","-","-","-","-","-"
"599","L. Kendricks","L. Kendricks","TE","","","","injury-status","BYE","-","632.0","-","-","-","-","-","-","-","-","-","-","-"
"600","L. Stocker","L. Stocker","TE","","","","injury-status","BYE","-","999.0","-","-","-","-","-","-","-","-","-","-","-"
"601","M. Ingram","M. Ingram","RB","","","","injury-status","BYE","-","645.5","-","-","-","-","-","-","-","-","-","-","-"
"602","C. Newton","C. Newton","QB","","","","injury-status","BYE","-","668.6","-","-","-","-","-","-","-","-","-","-","-"
"603","D. McBride","D. McBride","RB","","","","injury-status","BYE","-","465.2","-","-","-","-","-","-","-","-","-","-","-"
"604","L. Nichols","L. Nichols","RB","PIT","5","","injury-status","Sun 1:00 PM@ NYJ","-","999.0","-","-","-","-","-","-","-","-","-","-","-"
"605","T. Swen","T. Swen","RB","","","","injury-status","BYE","-","999.0","-","-","-","-","-","-","-","-","-","-","-"
"606","J. Copeland","J. Copeland","WR","","","","injury-status","BYE","-","999.0","-","-","-","-","-","-","-","-","-","-","-"
"607","B. Ford-Wheaton","B. Ford-Wheaton","WR","NYG","14","IR","injury-status ir","Sun 1:00 PM@ WAS","-","999.0","-","-","-","-","-","-","-","-","-","-","-"
"608","J. Haselwood","J. Haselwood","WR","","","","injury-status","BYE","-","999.0","-","-","-","-","-","-","-","-","-","-","-"
"609","S. James","S. James","WR","","","","injury-status","BYE","-","999.0","-","-","-","-","-","-","-","-","-","-","-"
"610","R. Jarrett","R. Jarrett","WR","","","","injury-status","BYE","-","999.0","-","-","-","-","-","-","-","-","-","-","-"
"611","T. Scott","T. Scott","WR","","","","injury-status","BYE","-","620.8","-","-","-","-","-","-","-","-","-","-","-"
"612","J. Shorter","J. Shorter","WR","LV","8","","injury-status","Sun 1:00 PM@ NE","-","569.4","-","-","-","-","-","-","-","-","-","-","-"
"613","Z. Kuntz","Z. Kuntz","TE","","","","injury-status","BYE","-","601.7","-","-","-","-","-","-","-","-","-","-","-"
"614","J. Jones","J. Jones","WR","","","","injury-status","BYE","-","631.9","-","-","-","-","-","-","-","-","-","-","-"
"615","K. Rudolph","K. Rudolph","TE","","","","injury-status","BYE","-","697.0","-","-","-","-","-","-","-","-","-","-","-"
"616","R. Cobb","R. Cobb","WR","","","","injury-status","BYE","-","554.3","-","-","-","-","-","-","-","-","-","-","-"
"617","J. Hall","J. Hall","QB","","","","injury-status","BYE","-","676.0","-","-","-","-","-","-","-","-","-","-","-"
"618","I. Abanikanda","I. Abanikanda","RB","GB","5","","injury-status","Sun 4:25 PMvs DET","-","688.3","-","-","-","-","-","-","-","-","-","-","-"
"619","T. Evans","T. Evans","RB","","","","injury-status","BYE","-","999.0","-","-","-","-","-","-","-","-","-","-","-"
"620","Z. Evans","Z. Evans","RB","","","","injury-status","BYE","-","554.0","-","-","-","-","-","-","-","-","-","-","-"
"621","E. Hull","E. Hull","RB","","","","injury-status","BYE","-","694.0","-","-","-","-","-","-","-","-","-","-","-"
"622","D. Harris","D. Harris","WR","","","Ques","injury-status questionable","BYE","-","634.8","-","-","-","-","-","-","-","-","-","-","-"
"623","D. Bailey","D. Bailey","K","","","","injury-status","BYE","-","668.3","-","-","-","-","-","-","-","-","-","-","-"
"624","N. Rourke","N. Rourke","QB","","","","injury-status","BYE","-","633.0","-","-","-","-","-","-","-","-","-","-","-"
"625","P. White","P. White","K","","","","injury-status","BYE","-","411.1","-","-","-","-","-","-","-","-","-","-","-"
"626","C. Ratkovich","C. Ratkovich","RB","","","","injury-status","BYE","-","284.0","-","-","-","-","-","-","-","-","-","-","-"
"627","L. Havrisik","L. Havrisik","K","","","","injury-status","BYE","-","663.0","-","-","-","-","-","-","-","-","-","-","-"
"628","J. Ali","J. Ali","WR","","","","injury-status","BYE","-","628.5","-","-","-","-","-","-","-","-","-","-","-"
"629","D. Baldwin","D. Baldwin","WR","","","","injury-status","BYE","-","583.0","-","-","-","-","-","-","-","-","-","-","-"
"630","T. Odukoya","T. Odukoya","TE","TEN","10","","injury-status","Sun 4:05 PM@ DEN","-","999.0","-","-","-","-","-","-","-","-","-","-","-"
"631","M. Alexander","M. Alexander","WR","CHI","5","","injury-status","Mon 8:15 PMvs MIN","-","999.0","-","-","-","-","-","-","-","-","-","-","-"
"632","D. Plitt","D. Plitt","QB","","","","injury-status","BYE","-","379.0","-","-","-","-","-","-","-","-","-","-","-"
"633","B. Lewis","B. Lewis","WR","","","","injury-status","BYE","-","547.0","-","-","-","-","-","-","-","-","-","-","-"
"634","T. Koontz","T. Koontz","TE","","","","injury-status","BYE","-","640.0","-","-","-","-","-","-","-","-","-","-","-"
"635","C. Henne","C. Henne","QB","","","","injury-status","BYE","-","503.5","-","-","-","-","-","-","-","-","-","-","-"
"636","N. Sciba","N. Sciba","K","","","","injury-status","BYE","-","572.0","-","-","-","-","-","-","-","-","-","-","-"
"637","K. Wheatfall","K. Wheatfall","WR","","","","injury-status","BYE","-","648.0","-","-","-","-","-","-","-","-","-","-","-"
"638","R. McDaniel","R. McDaniel","WR","","","","injury-status","BYE","-","684.5","-","-","-","-","-","-","-","-","-","-","-"
"639","N. Bohannon","N. Bohannon","TE","","","","injury-status","BYE","-","999.0","-","-","-","-","-","-","-","-","-","-","-"
"640","K. Brown","K. Brown","WR","","","","injury-status","BYE","-","999.0","-","-","-","-","-","-","-","-","-","-","-"
"641","J. Howland","J. Howland","TE","","","","injury-status","BYE","-","999.0","-","-","-","-","-","-","-","-","-","-","-"
"642","W. Johnson","W. Johnson","WR","","","Ques","injury-status questionable","BYE","-","999.0","-","-","-","-","-","-","-","-","-","-","-"
"643","J. Scott","J. Scott","TE","","","","injury-status","BYE","-","999.0","-","-","-","-","-","-","-","-","-","-","-"
"644","K. Kassis","K. Kassis","WR","","","","injury-status","BYE","-","999.0","-","-","-","-","-","-","-","-","-","-","-"
"645","B. Beise","B. Beise","TE","","","","injury-status","BYE","-","999.0","-","-","-","-","-","-","-","-","-","-","-"
"646","K. Geiger","K. Geiger","WR","","","","injury-status","BYE","-","999.0","-","-","-","-","-","-","-","-","-","-","-"
"647","I. Charles","I. Charles","WR","NYJ","9","PUP","injury-status pup","Sun 1:00 PMvs PIT","-","531.7","-","-","-","-","-","-","-","-","-","-","-"
"648","T. Jones","T. Jones","RB","","","","injury-status","BYE","-","999.0","-","-","-","-","-","-","-","-","-","-","-"
"649","K. Abram","K. Abram","WR","","","","injury-status","BYE","-","999.0","-","-","-","-","-","-","-","-","-","-","-"
"650","T. Conner","T. Conner","TE","MIA","12","","injury-status","Sun 1:00 PM@ IND","-","543.0","-","-","-","-","-","-","-","-","-","-","-"
"651","C. Fotheringham","C. Fotheringham","TE","","","","injury-status","BYE","-","999.0","-","-","-","-","-","-","-","-","-","-","-"
"652","E. Fernea","E. Fernea","WR","","","","injury-status","BYE","-","999.0","-","-","-","-","-","-","-","-","-","-","-"
"653","M. Young","M. Young","WR","","","","injury-status","BYE","-","684.0","-","-","-","-","-","-","-","-","-","-","-"
"654","K. Crawford","K. Crawford","WR","","","Ques","injury-status questionable","BYE","-","999.0","-","-","-","-","-","-","-","-","-","-","-"
"655","S. Nacua","S. Nacua","WR","","","","injury-status","BYE","-","691.5","-","-","-","-","-","-","-","-","-","-","-"
"656","T. Hairston","T. Hairston","RB","","","","injury-status","BYE","-","501.5","-","-","-","-","-","-","-","-","-","-","-"
"657","N. Givan","N. Givan","TE","","","","injury-status","BYE","-","999.0","-","-","-","-","-","-","-","-","-","-","-"
"658","A. Turner","A. Turner","WR","","","","injury-status","BYE","-","999.0","-","-","-","-","-","-","-","-","-","-","-"
"659","J. Garibay","J. Garibay","K","","","","injury-status","BYE","-","509.0","-","-","-","-","-","-","-","-","-","-","-"
"660","A. Shampklin","A. Shampklin","RB","","","","injury-status","BYE","-","999.0","-","-","-","-","-","-","-","-","-","-","-"
"661","D. Houston","D. Houston","WR","TB","9","","injury-status","Sun 1:00 PM@ ATL","-","676.1","-","-","-","-","-","-","-","-","-","-","-"
"662","M. Davis","M. Davis","RB","DAL","10","","injury-status","Thu 8:20 PM@ PHI","-","617.7","-","-","-","-","-","-","-","-","-","-","-"
"663","Z. Mitchell-Paden","Z. Mitchell-Paden","TE","BAL","7","","injury-status","Sun 8:20 PM@ BUF","-","417.7","-","-","-","-","-","-","-","-","-","-","-"
"664","F. Harper","F. Harper","QB","","","","injury-status","BYE","-","691.0","-","-","-","-","-","-","-","-","-","-","-"
"665","K. Pryor","K. Pryor","WR","","","","injury-status","BYE","-","999.0","-","-","-","-","-","-","-","-","-","-","-"
"666","J. Rigg","J. Rigg","TE","","","","injury-status","BYE","-","685.0","-","-","-","-","-","-","-","-","-","-","-"
"667","A. Mevis","A. Mevis","K","","","","injury-status","BYE","-","401.5","-","-","-","-","-","-","-","-","-","-","-"
"668","M. Williams","M. Williams","WR","","","","injury-status","BYE","-","999.0","-","-","-","-","-","-","-","-","-","-","-"
"669","J. Bist","J. Bist","TE","","","","injury-status","BYE","-","999.0","-","-","-","-","-","-","-","-","-","-","-"
"670","D. Miller","D. Miller","TE","","","","injury-status","BYE","-","999.0","-","-","-","-","-","-","-","-","-","-","-"
"671","R. Williams","R. Williams","TE","","","","injury-status","BYE","-","999.0","-","-","-","-","-","-","-","-","-","-","-"
"672","B. Johnson","B. Johnson","WR","","","Ques","injury-status questionable","BYE","-","280.0","-","-","-","-","-","-","-","-","-","-","-"
"673","K. Davis","K. Davis","WR","CLE","9","","injury-status","Sun 1:00 PMvs CIN","-","595.0","-","-","-","-","-","-","-","-","-","-","-"
"674","D. Parham","D. Parham","TE","","","","injury-status","BYE","-","999.0","-","-","-","-","-","-","-","-","-","-","-"
"675","T. McAllister","T. McAllister","RB","","","","injury-status","BYE","-","999.0","-","-","-","-","-","-","-","-","-","-","-"
"676","R. Carter","R. Carter","TE","","","","injury-status","BYE","-","999.0","-","-","-","-","-","-","-","-","-","-","-"
"677","L. McCutcheon","L. McCutcheon","WR","","","","injury-status","BYE","-","673.3","-","-","-","-","-","-","-","-","-","-","-"
"678","J. Pettigrew","J. Pettigrew","TE","","","","injury-status","BYE","-","347.0","-","-","-","-","-","-","-","-","-","-","-"
"679","R. Webb","R. Webb","WR","","","","injury-status","BYE","-","999.0","-","-","-","-","-","-","-","-","-","-","-"
"680","S. Bridges","S. Bridges","WR","","","","injury-status","BYE","-","699.0","-","-","-","-","-","-","-","-","-","-","-"
"681","D. Tuggle","D. Tuggle","RB","","","","injury-status","BYE","-","621.2","-","-","-","-","-","-","-","-","-","-","-"
"682","T. Fleet-Davis","T. Fleet-Davis","RB","","","","injury-status","BYE","-","999.0","-","-","-","-","-","-","-","-","-","-","-"
"683","K. Oginni","K. Oginni","TE","","","","injury-status","BYE","-","999.0","-","-","-","-","-","-","-","-","-","-","-"
"684","L. Lenoir","L. Lenoir","WR","","","","injury-status","BYE","-","999.0","-","-","-","-","-","-","-","-","-","-","-"
"685","S. Scarver","S. Scarver","WR","","","","injury-status","BYE","-","999.0","-","-","-","-","-","-","-","-","-","-","-"
"686","C. Holder","C. Holder","WR","","","","injury-status","BYE","-","599.0","-","-","-","-","-","-","-","-","-","-","-"
"687","J. Tonges","J. Tonges","TE","SF","14","","injury-status","Sun 4:05 PM@ SEA","-","679.5","-","-","-","-","-","-","-","-","-","-","-"
"688","K. Shaa","K. Shaa","WR","","","","injury-status","BYE","-","999.0","-","-","-","-","-","-","-","-","-","-","-"
"689","H. Litwin","H. Litwin","WR","","","","injury-status","BYE","-","999.0","-","-","-","-","-","-","-","-","-","-","-"
"690","J. Herslow","J. Herslow","WR","","","","injury-status","BYE","-","999.0","-","-","-","-","-","-","-","-","-","-","-"
"691","J. Mitchell","J. Mitchell","TE","","","","injury-status","BYE","-","999.0","-","-","-","-","-","-","-","-","-","-","-"
"692","V. Green","V. Green","TE","","","Ques","injury-status questionable","BYE","-","999.0","-","-","-","-","-","-","-","-","-","-","-"
"693","A. Rogers","A. Rogers","TE","","","Ques","injury-status questionable","BYE","-","999.0","-","-","-","-","-","-","-","-","-","-","-"
"694","J. Bernhardt","J. Bernhardt","WR","","","","injury-status","BYE","-","999.0","-","-","-","-","-","-","-","-","-","-","-"
"695","L. Watson","L. Watson","TE","","","","injury-status","BYE","-","999.0","-","-","-","-","-","-","-","-","-","-","-"
"696","T. James","T. James","WR","","","","injury-status","BYE","-","999.0","-","-","-","-","-","-","-","-","-","-","-"
"697","L. Winningham","L. Winningham","WR","","","","injury-status","BYE","-","999.0","-","-","-","-","-","-","-","-","-","-","-"
"698","G. Gunter","G. Gunter","TE","","","","injury-status","BYE","-","999.0","-","-","-","-","-","-","-","-","-","-","-"
"699","C. Pierce","C. Pierce","TE","","","","injury-status","BYE","-","999.0","-","-","-","-","-","-","-","-","-","-","-"
"700","S. Robinson","S. Robinson","WR","","","","injury-status","BYE","-","638.4","-","-","-","-","-","-","-","-","-","-","-"
"701","J. Payton","J. Payton","WR","","","","injury-status","BYE","-","999.0","-","-","-","-","-","-","-","-","-","-","-"
"702","J. Kirklin","J. Kirklin","WR","","","","injury-status","BYE","-","999.0","-","-","-","-","-","-","-","-","-","-","-"
"703","C. Hodge","C. Hodge","WR","","","","injury-status","BYE","-","999.0","-","-","-","-","-","-","-","-","-","-","-"
"704","G. Walston","G. Walston","TE","","","","injury-status","BYE","-","999.0","-","-","-","-","-","-","-","-","-","-","-"
"705","B. Gabbert","B. Gabbert","QB","","","","injury-status","BYE","-","690.0","-","-","-","-","-","-","-","-","-","-","-"
"706","T. Mack","T. Mack","WR","","","","injury-status","BYE","-","419.0","-","-","-","-","-","-","-","-","-","-","-"
"707","D. Davis","D. Davis","WR","","","","injury-status","BYE","-","999.0","-","-","-","-","-","-","-","-","-","-","-"
"708","K. McGowan","K. McGowan","WR","","","","injury-status","BYE","-","999.0","-","-","-","-","-","-","-","-","-","-","-"
"709","M. Santos-Silva","M. Santos-Silva","TE","","","","injury-status","BYE","-","999.0","-","-","-","-","-","-","-","-","-","-","-"
"710","T. Bradford","T. Bradford","WR","","","","injury-status","BYE","-","493.0","-","-","-","-","-","-","-","-","-","-","-"
"711","B. Peters","B. Peters","QB","","","","injury-status","BYE","-","575.5","-","-","-","-","-","-","-","-","-","-","-"
"712","J. McCourt","J. McCourt","K","","","","injury-status","BYE","-","412.4","-","-","-","-","-","-","-","-","-","-","-"
"713","E. Krommenhoek","E. Krommenhoek","TE","","","","injury-status","BYE","-","638.3","-","-","-","-","-","-","-","-","-","-","-"
"714","T. Limi-Jones","T. Limi-Jones","WR","","","","injury-status","BYE","-","685.0","-","-","-","-","-","-","-","-","-","-","-"
"715","A. Parchment","A. Parchment","WR","","","Ques","injury-status questionable","BYE","-","615.5","-","-","-","-","-","-","-","-","-","-","-"
"716","R. Henry","R. Henry","WR","","","Ques","injury-status questionable","BYE","-","999.0","-","-","-","-","-","-","-","-","-","-","-"
"717","D. Wright","D. Wright","WR","","","Ques","injury-status questionable","BYE","-","999.0","-","-","-","-","-","-","-","-","-","-","-"
"718","J. Lovett","J. Lovett","RB","","","","injury-status","BYE","-","680.5","-","-","-","-","-","-","-","-","-","-","-"
"719","D. Cheek","D. Cheek","QB","","","","injury-status","BYE","-","671.5","-","-","-","-","-","-","-","-","-","-","-"
"720","J. Babicz","J. Babicz","TE","","","","injury-status","BYE","-","999.0","-","-","-","-","-","-","-","-","-","-","-"
"721","T. Ford","T. Ford","QB","","","","injury-status","BYE","-","667.5","-","-","-","-","-","-","-","-","-","-","-"
"722","T. Clark","T. Clark","WR","","","","injury-status","BYE","-","999.0","-","-","-","-","-","-","-","-","-","-","-"
"723","D. Estrada","D. Estrada","WR","","","Ques","injury-status questionable","BYE","-","999.0","-","-","-","-","-","-","-","-","-","-","-"
"724","S. Green","S. Green","TE","","","","injury-status","BYE","-","999.0","-","-","-","-","-","-","-","-","-","-","-"
"725","C. Shudak","C. Shudak","K","","","","injury-status","BYE","-","686.0","-","-","-","-","-","-","-","-","-","-","-"
"726","D. Young","D. Young","WR","SEA","8","","injury-status","Sun 4:05 PMvs SF","-","999.0","-","-","-","-","-","-","-","-","-","-","-"
"727","N. Muse","N. Muse","TE","","","","injury-status","BYE","-","684.0","-","-","-","-","-","-","-","-","-","-","-"
"728","J. FitzPatrick","J. FitzPatrick","TE","GB","5","","injury-status","Sun 4:25 PMvs DET","-","999.0","-","-","-","-","-","-","-","-","-","-","-"
"729","K. Kieft","K. Kieft","TE","TB","9","","injury-status","Sun 1:00 PM@ ATL","-","999.0","-","-","-","-","-","-","-","-","-","-","-"
"730","M. Washington","M. Washington","WR","","","","injury-status","BYE","-","681.0","-","-","-","-","-","-","-","-","-","-","-"
"731","J. Guarantano","J. Guarantano","QB","","","","injury-status","BYE","-","672.0","-","-","-","-","-","-","-","-","-","-","-"
"732","J. Hall","J. Hall","WR","","","","injury-status","BYE","-","999.0","-","-","-","-","-","-","-","-","-","-","-"
"733","D. Robertson","D. Robertson","WR","","","","injury-status","BYE","-","999.0","-","-","-","-","-","-","-","-","-","-","-"
"734","C. Sutton","C. Sutton","WR","","","","injury-status","BYE","-","366.3","-","-","-","-","-","-","-","-","-","-","-"
"735","T. Hennigan","T. Hennigan","WR","","","","injury-status","BYE","-","638.5","-","-","-","-","-","-","-","-","-","-","-"
"736","N. Pau'u","N. Pau'u","WR","","","","injury-status","BYE","-","999.0","-","-","-","-","-","-","-","-","-","-","-"
"737","K. Lassiter","K. Lassiter","WR","","","","injury-status","BYE","-","999.0","-","-","-","-","-","-","-","-","-","-","-"
"738","C. Brewer","C. Brewer","TE","","","","injury-status","BYE","-","999.0","-","-","-","-","-","-","-","-","-","-","-"
"739","C. Garbers","C. Garbers","QB","","","","injury-status","BYE","-","592.0","-","-","-","-","-","-","-","-","-","-","-"
"740","L. Lewis","L. Lewis","QB","","","","injury-status","BYE","-","499.0","-","-","-","-","-","-","-","-","-","-","-"
"741","Z. Horvath","Z. Horvath","RB","","","","injury-status","BYE","-","999.0","-","-","-","-","-","-","-","-","-","-","-"
"742","K. Marks","K. Marks","RB","","","","injury-status","BYE","-","658.0","-","-","-","-","-","-","-","-","-","-","-"
"743","B. Brown","B. Brown","RB","CHI","5","","injury-status","Mon 8:15 PMvs MIN","-","696.5","-","-","-","-","-","-","-","-","-","-","-"
"744","M. Harley","M. Harley","WR","","","","injury-status","BYE","-","999.0","-","-","-","-","-","-","-","-","-","-","-"
"745","J. Sorenson","J. Sorenson","WR","","","","injury-status","BYE","-","999.0","-","-","-","-","-","-","-","-","-","-","-"
"746","S. Berryhill","S. Berryhill","WR","","","","injury-status","BYE","-","999.0","-","-","-","-","-","-","-","-","-","-","-"
"747","J. Smart","J. Smart","WR","","","","injury-status","BYE","-","999.0","-","-","-","-","-","-","-","-","-","-","-"
"748","J. Virgil","J. Virgil","WR","","","Ques","injury-status questionable","BYE","-","695.5","-","-","-","-","-","-","-","-","-","-","-"
"749","B. Covey","B. Covey","WR","PHI","9","","injury-status","Thu 8:20 PMvs DAL","-","674.5","-","-","-","-","-","-","-","-","-","-","-"
"750","C. Oladokun","C. Oladokun","QB","KC","10","","injury-status","Fri 8:00 PM@ LAC","-","565.9","-","-","-","-","-","-","-","-","-","-","-"
"751","D. Allen","D. Allen","WR","","","","injury-status","BYE","-","414.9","-","-","-","-","-","-","-","-","-","-","-"
"752","J. Ezzard","J. Ezzard","WR","","","Ques","injury-status questionable","BYE","-","999.0","-","-","-","-","-","-","-","-","-","-","-"
"753","T. Snead","T. Snead","WR","","","","injury-status","BYE","-","999.0","-","-","-","-","-","-","-","-","-","-","-"
"754","T. Pledger","T. Pledger","RB","","","","injury-status","BYE","-","999.0","-","-","-","-","-","-","-","-","-","-","-"
"755","A. Green","A. Green","WR","","","","injury-status","BYE","-","623.4","-","-","-","-","-","-","-","-","-","-","-"
"756","G. Brkic","G. Brkic","K","","","","injury-status","BYE","-","322.0","-","-","-","-","-","-","-","-","-","-","-"
"757","T. Harris","T. Harris","WR","","","","injury-status","BYE","-","609.8","-","-","-","-","-","-","-","-","-","-","-"
"758","C. Jackson","C. Jackson","WR","","","","injury-status","BYE","-","599.5","-","-","-","-","-","-","-","-","-","-","-"
"759","T. Martin","T. Martin","WR","","","","injury-status","BYE","-","999.0","-","-","-","-","-","-","-","-","-","-","-"
"760","K. Pimpleton","K. Pimpleton","WR","","","","injury-status","BYE","-","664.8","-","-","-","-","-","-","-","-","-","-","-"
"761","G. Prince","G. Prince","TE","","","","injury-status","BYE","-","999.0","-","-","-","-","-","-","-","-","-","-","-"
"762","B. Koback","B. Koback","RB","","","","injury-status","BYE","-","999.0","-","-","-","-","-","-","-","-","-","-","-"
"763","D. Deese","D. Deese","TE","","","","injury-status","BYE","-","656.5","-","-","-","-","-","-","-","-","-","-","-"
"764","D. Torrey","D. Torrey","RB","","","","injury-status","BYE","-","999.0","-","-","-","-","-","-","-","-","-","-","-"
"765","S. Jones","S. Jones","RB","","","","injury-status","BYE","-","999.0","-","-","-","-","-","-","-","-","-","-","-"
"766","A. Brown","A. Brown","QB","","","","injury-status","BYE","-","470.0","-","-","-","-","-","-","-","-","-","-","-"
"767","B. Baylor","B. Baylor","RB","","","","injury-status","BYE","-","999.0","-","-","-","-","-","-","-","-","-","-","-"
"768","R. Person","R. Person","RB","","","","injury-status","BYE","-","632.4","-","-","-","-","-","-","-","-","-","-","-"
"769","E. Emezie","E. Emezie","WR","","","","injury-status","BYE","-","678.5","-","-","-","-","-","-","-","-","-","-","-"
"770","J. Sterns","J. Sterns","WR","","","","injury-status","BYE","-","999.0","-","-","-","-","-","-","-","-","-","-","-"
"771","S. Toure","S. Toure","WR","","","","injury-status","BYE","-","316.0","-","-","-","-","-","-","-","-","-","-","-"
"772","J. Heiligh","J. Heiligh","WR","","","","injury-status","BYE","-","999.0","-","-","-","-","-","-","-","-","-","-","-"
"773","M. Durant","M. Durant","RB","","","","injury-status","BYE","-","999.0","-","-","-","-","-","-","-","-","-","-","-"
"774","J. Roberson","J. Roberson","WR","","","","injury-status","BYE","-","999.0","-","-","-","-","-","-","-","-","-","-","-"
"775","I. Weston","I. Weston","WR","","","","injury-status","BYE","-","495.0","-","-","-","-","-","-","-","-","-","-","-"
"776","T. Quitoriano","T. Quitoriano","TE","ATL","5","","injury-status","Sun 1:00 PMvs TB","-","666.0","-","-","-","-","-","-","-","-","-","-","-"
"777","G. Bell","G. Bell","RB","","","","injury-status","BYE","-","294.0","-","-","-","-","-","-","-","-","-","-","-"
"778","C. Kelley","C. Kelley","QB","","","","injury-status","BYE","-","419.5","-","-","-","-","-","-","-","-","-","-","-"
"779","V. Jones","V. Jones","WR","NO","11","","injury-status","Sun 1:00 PMvs ARI","-","999.0","-","-","-","-","-","-","-","-","-","-","-"
"780","J. Johnson","J. Johnson","WR","","","","injury-status","BYE","-","999.0","-","-","-","-","-","-","-","-","-","-","-"
"781","K. Ingram","K. Ingram","RB","KC","10","IR","injury-status ir","Fri 8:00 PM@ LAC","-","999.0","-","-","-","-","-","-","-","-","-","-","-"
"782","J. Woods","J. Woods","TE","NYJ","9","","injury-status","Sun 1:00 PMvs PIT","-","683.5","-","-","-","-","-","-","-","-","-","-","-"
"783","M. Borghi","M. Borghi","RB","","","","injury-status","BYE","-","624.0","-","-","-","-","-","-","-","-","-","-","-"
"784","L. Brown","L. Brown","RB","","","","injury-status","BYE","-","313.0","-","-","-","-","-","-","-","-","-","-","-"
"785","A. Allen","A. Allen","TE","","","","injury-status","BYE","-","479.0","-","-","-","-","-","-","-","-","-","-","-"
"786","C. Turner","C. Turner","TE","","","","injury-status","BYE","-","656.7","-","-","-","-","-","-","-","-","-","-","-"
"787","D. Dixon","D. Dixon","WR","","","","injury-status","BYE","-","999.0","-","-","-","-","-","-","-","-","-","-","-"
"788","D. Crum","D. Crum","QB","","","","injury-status","BYE","-","503.2","-","-","-","-","-","-","-","-","-","-","-"
"789","T. Davis-Price","T. Davis-Price","RB","","","","injury-status","BYE","-","643.7","-","-","-","-","-","-","-","-","-","-","-"
"790","M. Polk","M. Polk","WR","","","","injury-status","BYE","-","999.0","-","-","-","-","-","-","-","-","-","-","-"
"791","S. Thompson","S. Thompson","QB","PIT","5","","injury-status","Sun 1:00 PM@ NYJ","-","999.0","-","-","-","-","-","-","-","-","-","-","-"
"792","J. Hall","J. Hall","TE","","","","injury-status","BYE","-","627.3","-","-","-","-","-","-","-","-","-","-","-"
"793","J. Coan","J. Coan","QB","","","","injury-status","BYE","-","564.5","-","-","-","-","-","-","-","-","-","-","-"
"794","K. Austin","K. Austin","WR","NO","11","","injury-status","Sun 1:00 PMvs ARI","-","999.0","-","-","-","-","-","-","-","-","-","-","-"
"795","D. King","D. King","QB","","","","injury-status","BYE","-","255.0","-","-","-","-","-","-","-","-","-","-","-"
"796","C. Rambo","C. Rambo","WR","","","Ques","injury-status questionable","BYE","-","999.0","-","-","-","-","-","-","-","-","-","-","-"
"797","P. Hendershot","P. Hendershot","TE","","","","injury-status","BYE","-","622.8","-","-","-","-","-","-","-","-","-","-","-"
"798","T. Fryfogle","T. Fryfogle","WR","","","","injury-status","BYE","-","656.3","-","-","-","-","-","-","-","-","-","-","-"
"799","E. Perry","E. Perry","QB","","","","injury-status","BYE","-","999.0","-","-","-","-","-","-","-","-","-","-","-"
"800","C. Hodges","C. Hodges","TE","","","Ques","injury-status questionable","BYE","-","476.0","-","-","-","-","-","-","-","-","-","-","-"
"801","S. Bolden","S. Bolden","WR","","","","injury-status","BYE","-","999.0","-","-","-","-","-","-","-","-","-","-","-"
"802","A. Smith","A. Smith","RB","","","","injury-status","BYE","-","516.0","-","-","-","-","-","-","-","-","-","-","-"
"803","T. Ebner","T. Ebner","RB","","","Ques","injury-status questionable","BYE","-","664.0","-","-","-","-","-","-","-","-","-","-","-"
"804","C. Verdell","C. Verdell","RB","","","","injury-status","BYE","-","999.0","-","-","-","-","-","-","-","-","-","-","-"
"805","D. Williams","D. Williams","WR","","","","injury-status","BYE","-","999.0","-","-","-","-","-","-","-","-","-","-","-"
"806","J. Johnson","J. Johnson","WR","","","Ques","injury-status questionable","BYE","-","999.0","-","-","-","-","-","-","-","-","-","-","-"
"807","D. Price","D. Price","RB","","","","injury-status","BYE","-","999.0","-","-","-","-","-","-","-","-","-","-","-"
"808","C. Allen","C. Allen","TE","","","","injury-status","BYE","-","658.0","-","-","-","-","-","-","-","-","-","-","-"
"809","C. Heyward","C. Heyward","TE","PIT","5","","injury-status","Sun 1:00 PM@ NYJ","-","999.0","-","-","-","-","-","-","-","-","-","-","-"
"810","B. Powell","B. Powell","RB","","","","injury-status","BYE","-","682.5","-","-","-","-","-","-","-","-","-","-","-"
"811","S. Conner","S. Conner","RB","","","","injury-status","BYE","-","661.6","-","-","-","-","-","-","-","-","-","-","-"
"812","B. Sanders","B. Sanders","WR","","","","injury-status","BYE","-","999.0","-","-","-","-","-","-","-","-","-","-","-"
"813","D. Gray","D. Gray","WR","","","Ques","injury-status questionable","BYE","-","999.0","-","-","-","-","-","-","-","-","-","-","-"
"814","R. Roberson","R. Roberson","WR","","","","injury-status","BYE","-","617.5","-","-","-","-","-","-","-","-","-","-","-"
"815","K. Harris","K. Harris","RB","","","","injury-status","BYE","-","487.5","-","-","-","-","-","-","-","-","-","-","-"
"816","Z. White","Z. White","RB","","","","injury-status","BYE","-","647.5","-","-","-","-","-","-","-","-","-","-","-"
"817","K. Philips","K. Philips","WR","","","","injury-status","BYE","-","692.0","-","-","-","-","-","-","-","-","-","-","-"
"818","J. Mitchell","J. Mitchell","TE","CAR","14","","injury-status","Sun 1:00 PM@ JAX","-","400.5","-","-","-","-","-","-","-","-","-","-","-"
"819","T. Turner","T. Turner","WR","","","","injury-status","BYE","-","999.0","-","-","-","-","-","-","-","-","-","-","-"
"820","D. Drummond","D. Drummond","WR","","","","injury-status","BYE","-","999.0","-","-","-","-","-","-","-","-","-","-","-"
"821","M. Corral","M. Corral","QB","","","","injury-status","BYE","-","999.0","-","-","-","-","-","-","-","-","-","-","-"
"822","D. Ridder","D. Ridder","QB","","","","injury-status","BYE","-","667.0","-","-","-","-","-","-","-","-","-","-","-"
"823","C. Strong","C. Strong","QB","","","","injury-status","BYE","-","999.0","-","-","-","-","-","-","-","-","-","-","-"
"824","B. Zappe","B. Zappe","QB","CLE","9","","injury-status","Sun 1:00 PMvs CIN","-","423.9","-","-","-","-","-","-","-","-","-","-","-"
"825","I. Spiller","I. Spiller","RB","","","","injury-status","BYE","-","999.0","-","-","-","-","-","-","-","-","-","-","-"
"826","K. Brooks","K. Brooks","RB","","","","injury-status","BYE","-","442.5","-","-","-","-","-","-","-","-","-","-","-"
"827","M. Teague","M. Teague","RB","","","","injury-status","BYE","-","999.0","-","-","-","-","-","-","-","-","-","-","-"
"828","J. Ross","J. Ross","WR","","","","injury-status","BYE","-","558.8","-","-","-","-","-","-","-","-","-","-","-"
"829","T. Burks","T. Burks","WR","TEN","10","IR","injury-status ir","Sun 4:05 PM@ DEN","-","687.0","-","-","-","-","-","-","-","-","-","-","-"
"830","B. Knight","B. Knight","RB","ARI","8","","injury-status","Sun 1:00 PM@ NO","-","568.8","-","-","-","-","-","-","-","-","-","-","-"
"831","J. Ealy","J. Ealy","RB","","","","injury-status","BYE","-","700.0","-","-","-","-","-","-","-","-","-","-","-"
"832","L. Smith","L. Smith","TE","ATL","5","","injury-status","Sun 1:00 PMvs TB","-","999.0","-","-","-","-","-","-","-","-","-","-","-"
"833","J. Wydermyer","J. Wydermyer","TE","","","","injury-status","BYE","-","694.3","-","-","-","-","-","-","-","-","-","-","-"
"834","E. Ezukanma","E. Ezukanma","WR","JAX","8","","injury-status","Sun 1:00 PMvs CAR","-","577.0","-","-","-","-","-","-","-","-","-","-","-"
"835","D. Dedmon","D. Dedmon","WR","","","","injury-status","BYE","-","999.0","-","-","-","-","-","-","-","-","-","-","-"
"836","N. Kalinic","N. Kalinic","TE","CHI","5","","injury-status","Mon 8:15 PMvs MIN","-","999.0","-","-","-","-","-","-","-","-","-","-","-"
"837","B. Lenius","B. Lenius","TE","","","","injury-status","BYE","-","651.0","-","-","-","-","-","-","-","-","-","-","-"
"838","R. Willis","R. Willis","QB","","","","injury-status","BYE","-","473.6","-","-","-","-","-","-","-","-","-","-","-"
"839","D. Williams","D. Williams","TE","","","","injury-status","BYE","-","999.0","-","-","-","-","-","-","-","-","-","-","-"
"840","M. Vital","M. Vital","TE","","","","injury-status","BYE","-","999.0","-","-","-","-","-","-","-","-","-","-","-"
"841","G. Adomitis","G. Adomitis","TE","","","","injury-status","BYE","-","680.0","-","-","-","-","-","-","-","-","-","-","-"
"842","M. Jacobson","M. Jacobson","TE","","","","injury-status","BYE","-","999.0","-","-","-","-","-","-","-","-","-","-","-"
"843","C. Taylor","C. Taylor","RB","","","","injury-status","BYE","-","697.6","-","-","-","-","-","-","-","-","-","-","-"
"844","D. Crawford","D. Crawford","TE","","","","injury-status","BYE","-","999.0","-","-","-","-","-","-","-","-","-","-","-"
"845","S. Cannella","S. Cannella","TE","CLE","9","","injury-status","Sun 1:00 PMvs CIN","-","999.0","-","-","-","-","-","-","-","-","-","-","-"
"846","K. Jackson","K. Jackson","TE","MIA","12","","injury-status","Sun 1:00 PM@ IND","-","999.0","-","-","-","-","-","-","-","-","-","-","-"
"847","K. Costello","K. Costello","QB","","","","injury-status","BYE","-","670.8","-","-","-","-","-","-","-","-","-","-","-"
"848","M. Sargent","M. Sargent","RB","","","","injury-status","BYE","-","999.0","-","-","-","-","-","-","-","-","-","-","-"
"849","O. Anderson","O. Anderson","RB","","","","injury-status","BYE","-","677.6","-","-","-","-","-","-","-","-","-","-","-"
"850","M. Bandy","M. Bandy","WR","DEN","12","","injury-status","Sun 4:05 PMvs TEN","-","999.0","-","-","-","-","-","-","-","-","-","-","-"
"851","M. Seybert","M. Seybert","TE","","","","injury-status","BYE","-","999.0","-","-","-","-","-","-","-","-","-","-","-"
"852","T. Toivonen","T. Toivonen","WR","","","","injury-status","BYE","-","999.0","-","-","-","-","-","-","-","-","-","-","-"
"853","C. Saunders","C. Saunders","WR","","","","injury-status","BYE","-","545.0","-","-","-","-","-","-","-","-","-","-","-"
"854","J. Hausmann","J. Hausmann","TE","","","","injury-status","BYE","-","650.0","-","-","-","-","-","-","-","-","-","-","-"
"855","N. McCrary","N. McCrary","RB","","","Ques","injury-status questionable","BYE","-","999.0","-","-","-","-","-","-","-","-","-","-","-"
"856","K. Bahar","K. Bahar","QB","","","","injury-status","BYE","-","999.0","-","-","-","-","-","-","-","-","-","-","-"
"857","J. Verity","J. Verity","K","","","","injury-status","BYE","-","375.7","-","-","-","-","-","-","-","-","-","-","-"
"858","B. Johnson","B. Johnson","K","","","","injury-status","BYE","-","381.0","-","-","-","-","-","-","-","-","-","-","-"
"859","D. Sylencieux","D. Sylencieux","WR","","","Ques","injury-status questionable","BYE","-","644.0","-","-","-","-","-","-","-","-","-","-","-"
"860","J. Johnson","J. Johnson","RB","","","Ques","injury-status questionable","BYE","-","999.0","-","-","-","-","-","-","-","-","-","-","-"
"861","C. Naggar","C. Naggar","K","","","","injury-status","BYE","-","629.9","-","-","-","-","-","-","-","-","-","-","-"
"862","S. Zylstra","S. Zylstra","TE","DET","8","","injury-status","Sun 4:25 PM@ GB","-","550.4","-","-","-","-","-","-","-","-","-","-","-"
"863","Q. Nordin","Q. Nordin","K","","","Ques","injury-status questionable","BYE","-","429.3","-","-","-","-","-","-","-","-","-","-","-"
"864","J. Blount","J. Blount","TE","","","","injury-status","BYE","-","520.0","-","-","-","-","-","-","-","-","-","-","-"
"865","N. Guggemos","N. Guggemos","TE","","","","injury-status","BYE","-","563.0","-","-","-","-","-","-","-","-","-","-","-"
"866","B. Seikovits","B. Seikovits","TE","","","","injury-status","BYE","-","999.0","-","-","-","-","-","-","-","-","-","-","-"
"867","T. Harbison","T. Harbison","RB","","","Ques","injury-status questionable","BYE","-","999.0","-","-","-","-","-","-","-","-","-","-","-"
"868","L. Rice","L. Rice","TE","","","","injury-status","BYE","-","415.0","-","-","-","-","-","-","-","-","-","-","-"
"869","A. Prentice","A. Prentice","RB","DEN","12","","injury-status","Sun 4:05 PMvs TEN","-","999.0","-","-","-","-","-","-","-","-","-","-","-"
"870","B. Mack","B. Mack","WR","","","","injury-status","BYE","-","284.0","-","-","-","-","-","-","-","-","-","-","-"
"871","D. Dukes","D. Dukes","WR","","","","injury-status","BYE","-","999.0","-","-","-","-","-","-","-","-","-","-","-"
"872","S. Beyer","S. Beyer","TE","","","","injury-status","BYE","-","390.0","-","-","-","-","-","-","-","-","-","-","-"
"873","T. Jones","T. Jones","WR","MIN","6","","injury-status","Mon 8:15 PM@ CHI","-","999.0","-","-","-","-","-","-","-","-","-","-","-"
"874","C. Clay","C. Clay","TE","","","","injury-status","BYE","-","999.0","-","-","-","-","-","-","-","-","-","-","-"
"875","J. Imatorbhebhe","J. Imatorbhebhe","WR","","","","injury-status","BYE","-","662.7","-","-","-","-","-","-","-","-","-","-","-"
"876","T. Black","T. Black","WR","","","","injury-status","BYE","-","679.2","-","-","-","-","-","-","-","-","-","-","-"
"877","S. Buechele","S. Buechele","QB","BUF","7","","injury-status","Sun 8:20 PMvs BAL","-","999.0","-","-","-","-","-","-","-","-","-","-","-"
"878","D. Stoner","D. Stoner","WR","","","","injury-status","BYE","-","615.5","-","-","-","-","-","-","-","-","-","-","-"
"879","T. Ragas","T. Ragas","RB","","","Ques","injury-status questionable","BYE","-","999.0","-","-","-","-","-","-","-","-","-","-","-"
"880","M. Bushman","M. Bushman","TE","","","","injury-status","BYE","-","999.0","-","-","-","-","-","-","-","-","-","-","-"
"881","G. Groshek","G. Groshek","RB","","","","injury-status","BYE","-","999.0","-","-","-","-","-","-","-","-","-","-","-"
"882","R. Lees","R. Lees","WR","","","","injury-status","BYE","-","999.0","-","-","-","-","-","-","-","-","-","-","-"
"883","P. Wells","P. Wells","TE","","","","injury-status","BYE","-","679.7","-","-","-","-","-","-","-","-","-","-","-"
"884","C. Hill","C. Hill","QB","","","","injury-status","BYE","-","689.0","-","-","-","-","-","-","-","-","-","-","-"
"885","J. Raine","J. Raine","TE","","","","injury-status","BYE","-","999.0","-","-","-","-","-","-","-","-","-","-","-"
"886","T. Walker","T. Walker","WR","","","","injury-status","BYE","-","647.0","-","-","-","-","-","-","-","-","-","-","-"
"887","T. Poljan","T. Poljan","TE","","","","injury-status","BYE","-","679.8","-","-","-","-","-","-","-","-","-","-","-"
"888","J. Borregales","J. Borregales","K","","","","injury-status","BYE","-","348.3","-","-","-","-","-","-","-","-","-","-","-"
"889","T. Simmons","T. Simmons","WR","","","","injury-status","BYE","-","999.0","-","-","-","-","-","-","-","-","-","-","-"
"890","C. Johnson","C. Johnson","WR","","","","injury-status","BYE","-","627.1","-","-","-","-","-","-","-","-","-","-","-"
"891","C. Wedington","C. Wedington","WR","","","","injury-status","BYE","-","999.0","-","-","-","-","-","-","-","-","-","-","-"
"892","B. Emmons","B. Emmons","RB","","","","injury-status","BYE","-","288.5","-","-","-","-","-","-","-","-","-","-","-"
"893","T. Grimes","T. Grimes","WR","","","Ques","injury-status questionable","BYE","-","999.0","-","-","-","-","-","-","-","-","-","-","-"
"894","M. Strachan","M. Strachan","WR","","","","injury-status","BYE","-","999.0","-","-","-","-","-","-","-","-","-","-","-"
"895","Z. Davidson","Z. Davidson","TE","","","","injury-status","BYE","-","686.0","-","-","-","-","-","-","-","-","-","-","-"
"896","N. Ralston","N. Ralston","RB","","","","injury-status","BYE","-","999.0","-","-","-","-","-","-","-","-","-","-","-"
"897","H. Kampmoyer","H. Kampmoyer","TE","","","","injury-status","BYE","-","676.0","-","-","-","-","-","-","-","-","-","-","-"
"898","E. Stove","E. Stove","WR","","","","injury-status","BYE","-","641.0","-","-","-","-","-","-","-","-","-","-","-"
"899","A. Kessman","A. Kessman","K","CAR","14","","injury-status","Sun 1:00 PM@ JAX","-","687.6","-","-","-","-","-","-","-","-","-","-","-"
"900","C. Tucker","C. Tucker","TE","","","","injury-status","BYE","-","999.0","-","-","-","-","-","-","-","-","-","-","-"
"901","A. Rose","A. Rose","RB","","","","injury-status","BYE","-","432.3","-","-","-","-","-","-","-","-","-","-","-"
"902","L. Akers","L. Akers","WR","","","","injury-status","BYE","-","999.0","-","-","-","-","-","-","-","-","-","-","-"
"903","D. Soehner","D. Soehner","TE","","","Ques","injury-status questionable","BYE","-","999.0","-","-","-","-","-","-","-","-","-","-","-"
"904","S. Scott","S. Scott","RB","","","","injury-status","BYE","-","999.0","-","-","-","-","-","-","-","-","-","-","-"
"905","B. Moore","B. Moore","TE","","","","injury-status","BYE","-","999.0","-","-","-","-","-","-","-","-","-","-","-"
"906","R. Bussey","R. Bussey","WR","","","","injury-status","BYE","-","685.8","-","-","-","-","-","-","-","-","-","-","-"
"907","I. McKoy","I. McKoy","WR","","","","injury-status","BYE","-","558.0","-","-","-","-","-","-","-","-","-","-","-"
"908","R. Rivers","R. Rivers","QB","","","","injury-status","BYE","-","689.2","-","-","-","-","-","-","-","-","-","-","-"
"909","D. Mills","D. Mills","RB","","","","injury-status","BYE","-","999.0","-","-","-","-","-","-","-","-","-","-","-"
"910","J. McKinley","J. McKinley","WR","","","","injury-status","BYE","-","999.0","-","-","-","-","-","-","-","-","-","-","-"
"911","B. Gaither","B. Gaither","WR","","","","injury-status","BYE","-","590.0","-","-","-","-","-","-","-","-","-","-","-"
"912","D. Lewis","D. Lewis","RB","","","","injury-status","BYE","-","999.0","-","-","-","-","-","-","-","-","-","-","-"
"913","J. Haydel","J. Haydel","WR","","","","injury-status","BYE","-","999.0","-","-","-","-","-","-","-","-","-","-","-"
"914","M. Stokke","M. Stokke","RB","CAR","14","","injury-status","Sun 1:00 PM@ JAX","-","999.0","-","-","-","-","-","-","-","-","-","-","-"
"915","S. Brown","S. Brown","RB","","","","injury-status","BYE","-","999.0","-","-","-","-","-","-","-","-","-","-","-"
"916","B. Smith","B. Smith","WR","NYJ","9","","injury-status","Sun 1:00 PMvs PIT","-","551.0","-","-","-","-","-","-","-","-","-","-","-"
"917","A. Lynn","A. Lynn","TE","","","","injury-status","BYE","-","999.0","-","-","-","-","-","-","-","-","-","-","-"
"918","J. Hardy","J. Hardy","RB","","","","injury-status","BYE","-","679.0","-","-","-","-","-","-","-","-","-","-","-"
"919","T. Vasher","T. Vasher","WR","","","","injury-status","BYE","-","999.0","-","-","-","-","-","-","-","-","-","-","-"
"920","O. Mitchell","O. Mitchell","WR","","","Ques","injury-status questionable","BYE","-","637.0","-","-","-","-","-","-","-","-","-","-","-"
"921","N. Eubanks","N. Eubanks","TE","","","","injury-status","BYE","-","999.0","-","-","-","-","-","-","-","-","-","-","-"
"922","B. Knox","B. Knox","RB","","","","injury-status","BYE","-","999.0","-","-","-","-","-","-","-","-","-","-","-"
"923","B. Haubeil","B. Haubeil","K","","","","injury-status","BYE","-","282.0","-","-","-","-","-","-","-","-","-","-","-"
"924","M. Forristall","M. Forristall","TE","","","Ques","injury-status questionable","BYE","-","356.2","-","-","-","-","-","-","-","-","-","-","-"
"925","T. Carter","T. Carter","RB","","","","injury-status","BYE","-","561.5","-","-","-","-","-","-","-","-","-","-","-"
"926","S. Harrington","S. Harrington","TE","","","","injury-status","BYE","-","999.0","-","-","-","-","-","-","-","-","-","-","-"
"927","S. Fehoko","S. Fehoko","WR","ARI","8","","injury-status","Sun 1:00 PM@ NO","-","584.3","-","-","-","-","-","-","-","-","-","-","-"
"928","B. Mason","B. Mason","TE","","","Ques","injury-status questionable","BYE","-","999.0","-","-","-","-","-","-","-","-","-","-","-"
"929","C. Evans","C. Evans","RB","","","","injury-status","BYE","-","609.5","-","-","-","-","-","-","-","-","-","-","-"
"930","R. McMath","R. McMath","WR","","","","injury-status","BYE","-","609.0","-","-","-","-","-","-","-","-","-","-","-"
"931","J. Camp","J. Camp","WR","","","","injury-status","BYE","-","636.0","-","-","-","-","-","-","-","-","-","-","-"
"932","J. Funk","J. Funk","RB","","","","injury-status","BYE","-","625.1","-","-","-","-","-","-","-","-","-","-","-"
"933","B. Skowronek","B. Skowronek","WR","PIT","5","","injury-status","Sun 1:00 PM@ NYJ","-","699.3","-","-","-","-","-","-","-","-","-","-","-"
"934","K. Baker","K. Baker","WR","","","","injury-status","BYE","-","679.0","-","-","-","-","-","-","-","-","-","-","-"
"935","D. Milne","D. Milne","WR","","","","injury-status","BYE","-","671.5","-","-","-","-","-","-","-","-","-","-","-"
"936","S. Hauschka","S. Hauschka","K","","","","injury-status","BYE","-","377.1","-","-","-","-","-","-","-","-","-","-","-"
"937","A. Trammell","A. Trammell","WR","JAX","8","","injury-status","Sun 1:00 PMvs CAR","-","999.0","-","-","-","-","-","-","-","-","-","-","-"
"938","A. Nunn","A. Nunn","WR","","","","injury-status","BYE","-","999.0","-","-","-","-","-","-","-","-","-","-","-"
"939","C. Huntley","C. Huntley","RB","","","","injury-status","BYE","-","999.0","-","-","-","-","-","-","-","-","-","-","-"
"940","C. Angeline","C. Angeline","TE","","","","injury-status","BYE","-","999.0","-","-","-","-","-","-","-","-","-","-","-"
"941","B. Labelle","B. Labelle","TE","","","Ques","injury-status questionable","BYE","-","999.0","-","-","-","-","-","-","-","-","-","-","-"
"942","J. Pederson","J. Pederson","TE","","","Ques","injury-status questionable","BYE","-","999.0","-","-","-","-","-","-","-","-","-","-","-"
"943","D. Fitzpatrick","D. Fitzpatrick","WR","","","Ques","injury-status questionable","BYE","-","999.0","-","-","-","-","-","-","-","-","-","-","-"
"944","K. Nwangwu","K. Nwangwu","RB","NYJ","9","","injury-status","Sun 1:00 PMvs PIT","-","654.0","-","-","-","-","-","-","-","-","-","-","-"
"945","J. Darden","J. Darden","WR","","","","injury-status","BYE","-","634.8","-","-","-","-","-","-","-","-","-","-","-"
"946","J. Harris","J. Harris","WR","","","","injury-status","BYE","-","999.0","-","-","-","-","-","-","-","-","-","-","-"
"947","C. Williams","C. Williams","TE","","","","injury-status","BYE","-","999.0","-","-","-","-","-","-","-","-","-","-","-"
"948","D. Roberson","D. Roberson","WR","","","","injury-status","BYE","-","541.0","-","-","-","-","-","-","-","-","-","-","-"
"949","S. Reyes","S. Reyes","TE","","","","injury-status","BYE","-","999.0","-","-","-","-","-","-","-","-","-","-","-"
"950","M. Sexton","M. Sexton","WR","","","","injury-status","BYE","-","587.6","-","-","-","-","-","-","-","-","-","-","-"
"951","M. Simon","M. Simon","WR","CAR","14","","injury-status","Sun 1:00 PM@ JAX","-","396.0","-","-","-","-","-","-","-","-","-","-","-"
"952","M. Ammendola","M. Ammendola","K, P","","","","injury-status","BYE","-","361.3","-","-","-","-","-","-","-","-","-","-","-"
"953","K. Locksley","K. Locksley","WR","","","","injury-status","BYE","-","999.0","-","-","-","-","-","-","-","-","-","-","-"
"954","D. Clark","D. Clark","RB","","","Ques","injury-status questionable","BYE","-","999.0","-","-","-","-","-","-","-","-","-","-","-"
"955","J. Adams","J. Adams","WR","","","","injury-status","BYE","-","593.0","-","-","-","-","-","-","-","-","-","-","-"
"956","D. Felton","D. Felton","RB","","","","injury-status","BYE","-","658.5","-","-","-","-","-","-","-","-","-","-","-"
"957","K. Toney","K. Toney","WR","","","","injury-status","BYE","-","687.1","-","-","-","-","-","-","-","-","-","-","-"
"958","K. Trask","K. Trask","QB","","","","injury-status","BYE","-","680.0","-","-","-","-","-","-","-","-","-","-","-"
"959","S. Smith","S. Smith","WR","","","Sus","injury-status sus","BYE","-","683.9","-","-","-","-","-","-","-","-","-","-","-"
"960","R. Moore","R. Moore","WR","MIN","6","IR","injury-status ir","Mon 8:15 PM@ CHI","-","695.2","-","-","-","-","-","-","-","-","-","-","-"
"961","J. Jefferson","J. Jefferson","RB","","","","injury-status","BYE","-","486.4","-","-","-","-","-","-","-","-","-","-","-"
"962","K. Yeboah","K. Yeboah","TE","DET","8","IR","injury-status ir","Sun 4:25 PM@ GB","-","458.5","-","-","-","-","-","-","-","-","-","-","-"
"963","I. Book","I. Book","QB","","","","injury-status","BYE","-","652.0","-","-","-","-","-","-","-","-","-","-","-"
"964","D. Newsome","D. Newsome","WR","","","","injury-status","BYE","-","672.1","-","-","-","-","-","-","-","-","-","-","-"
"965","B. Eagles","B. Eagles","WR","","","","injury-status","BYE","-","604.2","-","-","-","-","-","-","-","-","-","-","-"
"966","S. Ehlinger","S. Ehlinger","QB","DEN","12","","injury-status","Sun 4:05 PMvs TEN","-","407.2","-","-","-","-","-","-","-","-","-","-","-"
"967","J. Ausbon","J. Ausbon","WR","","","","injury-status","BYE","-","634.0","-","-","-","-","-","-","-","-","-","-","-"
"968","K. Mond","K. Mond","QB","","","","injury-status","BYE","-","514.0","-","-","-","-","-","-","-","-","-","-","-"
"969","K. McClain","K. McClain","WR","","","","injury-status","BYE","-","613.0","-","-","-","-","-","-","-","-","-","-","-"
"970","A. Watkins","A. Watkins","WR","","","","injury-status","BYE","-","689.0","-","-","-","-","-","-","-","-","-","-","-"
"971","M. Mitchell","M. Mitchell","WR","","","","injury-status","BYE","-","632.0","-","-","-","-","-","-","-","-","-","-","-"
"972","S. Surratt","S. Surratt","TE","","","Ques","injury-status questionable","BYE","-","629.2","-","-","-","-","-","-","-","-","-","-","-"
"973","L. Rountree","L. Rountree","RB","","","","injury-status","BYE","-","665.0","-","-","-","-","-","-","-","-","-","-","-"
"974","D. Hazelton","D. Hazelton","WR","","","","injury-status","BYE","-","599.0","-","-","-","-","-","-","-","-","-","-","-"
"975","K. Hill","K. Hill","RB","","","","injury-status","BYE","-","439.1","-","-","-","-","-","-","-","-","-","-","-"
"976","B. Jordan","B. Jordan","TE","HOU","6","IR","injury-status ir","Sun 4:25 PM@ LAR","-","324.5","-","-","-","-","-","-","-","-","-","-","-"
"977","T. Marshall","T. Marshall","WR","PHI","9","","injury-status","Thu 8:20 PMvs DAL","-","608.0","-","-","-","-","-","-","-","-","-","-","-"
"978","J. Hawkins","J. Hawkins","RB","","","","injury-status","BYE","-","422.8","-","-","-","-","-","-","-","-","-","-","-"
"979","P. Williams","P. Williams","RB","","","","injury-status","BYE","-","475.1","-","-","-","-","-","-","-","-","-","-","-"
"980","W. Philyor","W. Philyor","WR","","","","injury-status","BYE","-","683.8","-","-","-","-","-","-","-","-","-","-","-"
"981","M. Stevenson","M. Stevenson","WR","","","","injury-status","BYE","-","999.0","-","-","-","-","-","-","-","-","-","-","-"
"982","J. Newman","J. Newman","QB","","","","injury-status","BYE","-","999.0","-","-","-","-","-","-","-","-","-","-","-"
"983","T. McKitty","T. McKitty","TE","","","","injury-status","BYE","-","690.5","-","-","-","-","-","-","-","-","-","-","-"
"984","B. Proehl","B. Proehl","WR","","","","injury-status","BYE","-","999.0","-","-","-","-","-","-","-","-","-","-","-"
"985","D. Jackson","D. Jackson","RB","","","","injury-status","BYE","-","482.3","-","-","-","-","-","-","-","-","-","-","-"
"986","W. Jackson","W. Jackson","WR","","","Ques","injury-status questionable","BYE","-","339.0","-","-","-","-","-","-","-","-","-","-","-"
"987","C. Marable","C. Marable","RB","","","","injury-status","BYE","-","619.0","-","-","-","-","-","-","-","-","-","-","-"
"988","T. Vaughns","T. Vaughns","WR","","","","injury-status","BYE","-","999.0","-","-","-","-","-","-","-","-","-","-","-"
"989","T. Nixon","T. Nixon","WR","","","","injury-status","BYE","-","999.0","-","-","-","-","-","-","-","-","-","-","-"
"990","M. Williams","M. Williams","WR","","","","injury-status","BYE","-","527.0","-","-","-","-","-","-","-","-","-","-","-"
"991","C. Powell","C. Powell","WR","","","","injury-status","BYE","-","550.8","-","-","-","-","-","-","-","-","-","-","-"
"992","A. Rodgers","A. Rodgers","WR","","","","injury-status","BYE","-","579.8","-","-","-","-","-","-","-","-","-","-","-"
"993","G. Doaks","G. Doaks","RB","","","","injury-status","BYE","-","621.0","-","-","-","-","-","-","-","-","-","-","-"
"994","J. Patterson","J. Patterson","RB","","","Ques","injury-status questionable","BYE","-","999.0","-","-","-","-","-","-","-","-","-","-","-"
"995","S. Williams","S. Williams","WR","","","Ques","injury-status questionable","BYE","-","999.0","-","-","-","-","-","-","-","-","-","-","-"
"996","A. Schwartz","A. Schwartz","WR","","","Ques","injury-status questionable","BYE","-","696.5","-","-","-","-","-","-","-","-","-","-","-"
"997","R. Boyd","R. Boyd","RB","","","","injury-status","BYE","-","999.0","-","-","-","-","-","-","-","-","-","-","-"
"998","F. Franks","F. Franks","TE","ATL","5","","injury-status","Sun 1:00 PMvs TB","-","999.0","-","-","-","-","-","-","-","-","-","-","-"
"999","F. Darby","F. Darby","WR","","","","injury-status","BYE","-","999.0","-","-","-","-","-","-","-","-","-","-","-"
"1000","G. Brightwell","G. Brightwell","RB","CIN","10","","injury-status","Sun 1:00 PM@ CLE","-","538.8","-","-","-","-","-","-","-","-","-","-","-"
"1001","H. Thedford","H. Thedford","TE","","","","injury-status","BYE","-","606.3","-","-","-","-","-","-","-","-","-","-","-"
"1002","C. Blair","C. Blair","WR","ATL","5","","injury-status","Sun 1:00 PMvs TB","-","534.0","-","-","-","-","-","-","-","-","-","-","-"
"1003","T. Russolino","T. Russolino","K","","","","injury-status","BYE","-","311.0","-","-","-","-","-","-","-","-","-","-","-"
"1004","S. Castillo","S. Castillo","K","","","","injury-status","BYE","-","675.9","-","-","-","-","-","-","-","-","-","-","-"
"1005","C. Davis","C. Davis","TE","","","","injury-status","BYE","-","999.0","-","-","-","-","-","-","-","-","-","-","-"
"1006","D. Dafney","D. Dafney","TE","","","","injury-status","BYE","-","999.0","-","-","-","-","-","-","-","-","-","-","-"
"1007","P. Quessenberry","P. Quessenberry","TE","","","","injury-status","BYE","-","698.0","-","-","-","-","-","-","-","-","-","-","-"
"1008","F. Green","F. Green","TE","","","","injury-status","BYE","-","999.0","-","-","-","-","-","-","-","-","-","-","-"
"1009","C. Harrell","C. Harrell","TE","","","","injury-status","BYE","-","999.0","-","-","-","-","-","-","-","-","-","-","-"
"1010","N. Maxwell","N. Maxwell","RB","","","","injury-status","BYE","-","999.0","-","-","-","-","-","-","-","-","-","-","-"
"1011","N. Cottrell","N. Cottrell","RB","","","Ques","injury-status questionable","BYE","-","999.0","-","-","-","-","-","-","-","-","-","-","-"
"1012","N. Tiano","N. Tiano","QB","","","","injury-status","BYE","-","999.0","-","-","-","-","-","-","-","-","-","-","-"
"1013","C. Slomka","C. Slomka","RB","","","","injury-status","BYE","-","298.0","-","-","-","-","-","-","-","-","-","-","-"
"1014","S. Guidry","S. Guidry","WR","","","","injury-status","BYE","-","534.5","-","-","-","-","-","-","-","-","-","-","-"
"1015","J. Burt","J. Burt","TE","","","","injury-status","BYE","-","999.0","-","-","-","-","-","-","-","-","-","-","-"
"1016","I. Zuber","I. Zuber","WR","","","Ques","injury-status questionable","BYE","-","999.0","-","-","-","-","-","-","-","-","-","-","-"
"1017","M. Dereus","M. Dereus","WR","","","","injury-status","BYE","-","999.0","-","-","-","-","-","-","-","-","-","-","-"
"1018","J. Hurst","J. Hurst","WR","","","Ques","injury-status questionable","BYE","-","999.0","-","-","-","-","-","-","-","-","-","-","-"
"1019","T. Jonsen","T. Jonsen","WR","","","","injury-status","BYE","-","999.0","-","-","-","-","-","-","-","-","-","-","-"
"1020","J. Pearson","J. Pearson","WR","","","","injury-status","BYE","-","999.0","-","-","-","-","-","-","-","-","-","-","-"
"1021","M. Lynch","M. Lynch","RB","","","","injury-status","BYE","-","647.4","-","-","-","-","-","-","-","-","-","-","-"
"1022","T. McCann","T. McCann","K","","","","injury-status","BYE","-","627.3","-","-","-","-","-","-","-","-","-","-","-"
"1023","T. Hudson","T. Hudson","TE","","","Ques","injury-status questionable","BYE","-","999.0","-","-","-","-","-","-","-","-","-","-","-"
"1024","K. Wilkerson","K. Wilkerson","WR","BUF","7","","injury-status","Sun 8:20 PMvs BAL","-","412.0","-","-","-","-","-","-","-","-","-","-","-"
"1025","M. Kinsey","M. Kinsey","WR","TEN","10","","injury-status","Sun 4:05 PM@ DEN","-","999.0","-","-","-","-","-","-","-","-","-","-","-"
"1026","C. Scarlett","C. Scarlett","RB","","","","injury-status","BYE","-","259.0","-","-","-","-","-","-","-","-","-","-","-"
"1027","T. Mabry","T. Mabry","TE","","","Ques","injury-status questionable","BYE","-","354.0","-","-","-","-","-","-","-","-","-","-","-"
"1028","S. Dawkins","S. Dawkins","WR","","","","injury-status","BYE","-","999.0","-","-","-","-","-","-","-","-","-","-","-"
"1029","P. Carr","P. Carr","RB","","","Ques","injury-status questionable","BYE","-","999.0","-","-","-","-","-","-","-","-","-","-","-"
"1030","A. Jones","A. Jones","RB","","","","injury-status","BYE","-","685.8","-","-","-","-","-","-","-","-","-","-","-"
"1031","J. Hokit","J. Hokit","RB","","","","injury-status","BYE","-","480.0","-","-","-","-","-","-","-","-","-","-","-"
"1032","B. Rutter","B. Rutter","QB","","","","injury-status","BYE","-","510.0","-","-","-","-","-","-","-","-","-","-","-"
"1033","J. Johnson","J. Johnson","WR","","","","injury-status","BYE","-","681.8","-","-","-","-","-","-","-","-","-","-","-"
"1034","S. Platzgummer","S. Platzgummer","RB","","","","injury-status","BYE","-","669.5","-","-","-","-","-","-","-","-","-","-","-"
"1035","I. Wright","I. Wright","WR","","","","injury-status","BYE","-","999.0","-","-","-","-","-","-","-","-","-","-","-"
"1036","N. Togiai","N. Togiai","TE","","","","injury-status","BYE","-","584.7","-","-","-","-","-","-","-","-","-","-","-"
"1037","K. Tate","K. Tate","WR","","","","injury-status","BYE","-","999.0","-","-","-","-","-","-","-","-","-","-","-"
"1038","M. Bailey","M. Bailey","WR","","","","injury-status","BYE","-","999.0","-","-","-","-","-","-","-","-","-","-","-"
"1039","P. Houston","P. Houston","TE","","","","injury-status","BYE","-","419.0","-","-","-","-","-","-","-","-","-","-","-"
"1040","D. Phelps","D. Phelps","WR","","","","injury-status","BYE","-","999.0","-","-","-","-","-","-","-","-","-","-","-"
"1041","R. Medaris","R. Medaris","WR","","","","injury-status","BYE","-","999.0","-","-","-","-","-","-","-","-","-","-","-"
"1042","J. Braswell","J. Braswell","WR","","","","injury-status","BYE","-","496.7","-","-","-","-","-","-","-","-","-","-","-"
"1043","G. Campbell","G. Campbell","WR","","","","injury-status","BYE","-","999.0","-","-","-","-","-","-","-","-","-","-","-"
"1044","R. John","R. John","TE","","","","injury-status","BYE","-","999.0","-","-","-","-","-","-","-","-","-","-","-"
"1045","K. Markway","K. Markway","TE","","","","injury-status","BYE","-","546.0","-","-","-","-","-","-","-","-","-","-","-"
"1046","C. Cookus","C. Cookus","QB","","","","injury-status","BYE","-","376.5","-","-","-","-","-","-","-","-","-","-","-"
"1047","J. Ward","J. Ward","WR","","","","injury-status","BYE","-","999.0","-","-","-","-","-","-","-","-","-","-","-"
"1048","S. Riley","S. Riley","WR","","","","injury-status","BYE","-","999.0","-","-","-","-","-","-","-","-","-","-","-"
"1049","W. Hastings","W. Hastings","WR","","","","injury-status","BYE","-","512.5","-","-","-","-","-","-","-","-","-","-","-"
"1050","N. Griffin-Stewart","N. Griffin-Stewart","TE","","","","injury-status","BYE","-","697.0","-","-","-","-","-","-","-","-","-","-","-"
"1051","J. Bargas","J. Bargas","RB","","","","injury-status","BYE","-","999.0","-","-","-","-","-","-","-","-","-","-","-"
"1052","D. Chisena","D. Chisena","WR","","","Ques","injury-status questionable","BYE","-","638.0","-","-","-","-","-","-","-","-","-","-","-"
"1053","M. Cole","M. Cole","WR","","","","injury-status","BYE","-","501.7","-","-","-","-","-","-","-","-","-","-","-"
"1054","K. Merritt","K. Merritt","WR","","","","injury-status","BYE","-","636.3","-","-","-","-","-","-","-","-","-","-","-"
"1055","B. Polk","B. Polk","WR","","","","injury-status","BYE","-","517.4","-","-","-","-","-","-","-","-","-","-","-"
"1056","J. Koski","J. Koski","WR","","","","injury-status","BYE","-","561.0","-","-","-","-","-","-","-","-","-","-","-"
"1057","E. Winston","E. Winston","WR","","","","injury-status","BYE","-","613.7","-","-","-","-","-","-","-","-","-","-","-"
"1058","J. Gilbert","J. Gilbert","RB","","","","injury-status","BYE","-","587.0","-","-","-","-","-","-","-","-","-","-","-"
"1059","B. Perkins","B. Perkins","QB","","","","injury-status","BYE","-","514.0","-","-","-","-","-","-","-","-","-","-","-"
"1060","E. Edwards","E. Edwards","WR","","","","injury-status","BYE","-","588.5","-","-","-","-","-","-","-","-","-","-","-"
"1061","D. Schoen","D. Schoen","WR","","","","injury-status","BYE","-","999.0","-","-","-","-","-","-","-","-","-","-","-"
"1062","J. Cotton","J. Cotton","WR","","","Ques","injury-status questionable","BYE","-","622.3","-","-","-","-","-","-","-","-","-","-","-"
"1063","G. Nabers","G. Nabers","RB","","","","injury-status","BYE","-","412.5","-","-","-","-","-","-","-","-","-","-","-"
"1064","J. Rice","J. Rice","TE","","","","injury-status","BYE","-","535.0","-","-","-","-","-","-","-","-","-","-","-"
"1065","D. Bradwell","D. Bradwell","RB","","","","injury-status","BYE","-","628.5","-","-","-","-","-","-","-","-","-","-","-"
"1066","B. Holly","B. Holly","RB","","","","injury-status","BYE","-","686.8","-","-","-","-","-","-","-","-","-","-","-"
"1067","D. Eberle","D. Eberle","K","","","","injury-status","BYE","-","558.0","-","-","-","-","-","-","-","-","-","-","-"
"1068","S. Mariner","S. Mariner","WR","","","","injury-status","BYE","-","688.0","-","-","-","-","-","-","-","-","-","-","-"
"1069","N. Bowers","N. Bowers","TE","","","","injury-status","BYE","-","482.5","-","-","-","-","-","-","-","-","-","-","-"
"1070","J. Shelton-Mosley","J. Shelton-Mosley","WR","","","","injury-status","BYE","-","999.0","-","-","-","-","-","-","-","-","-","-","-"
"1071","B. Wright","B. Wright","P, K","","","","injury-status","BYE","-","293.0","-","-","-","-","-","-","-","-","-","-","-"
"1072","B. Ellefson","B. Ellefson","TE","","","","injury-status","BYE","-","690.0","-","-","-","-","-","-","-","-","-","-","-"
"1073","J. Hammond","J. Hammond","WR","","","","injury-status","BYE","-","548.5","-","-","-","-","-","-","-","-","-","-","-"
"1074","M. Ross","M. Ross","WR","","","","injury-status","BYE","-","351.0","-","-","-","-","-","-","-","-","-","-","-"
"1075","D. Harris","D. Harris","WR","","","","injury-status","BYE","-","353.8","-","-","-","-","-","-","-","-","-","-","-"
"1076","T. Simmons","T. Simmons","WR","","","","injury-status","BYE","-","431.0","-","-","-","-","-","-","-","-","-","-","-"
"1077","D. Stapleton","D. Stapleton","TE","","","","injury-status","BYE","-","513.3","-","-","-","-","-","-","-","-","-","-","-"
"1078","J. Jones","J. Jones","RB","","","","injury-status","BYE","-","459.1","-","-","-","-","-","-","-","-","-","-","-"
"1079","J. Morton","J. Morton","QB","IND","11","","injury-status","Sun 1:00 PMvs MIA","-","342.2","-","-","-","-","-","-","-","-","-","-","-"
"1080","L. Sellers","L. Sellers","RB","","","","injury-status","BYE","-","277.0","-","-","-","-","-","-","-","-","-","-","-"
"1081","N. Wieting","N. Wieting","TE","","","","injury-status","BYE","-","266.0","-","-","-","-","-","-","-","-","-","-","-"
"1082","J. Bradley","J. Bradley","WR","","","","injury-status","BYE","-","264.0","-","-","-","-","-","-","-","-","-","-","-"
"1083","K. Davidson","K. Davidson","QB","","","","injury-status","BYE","-","391.7","-","-","-","-","-","-","-","-","-","-","-"
"1084","S. Washington","S. Washington","WR","","","","injury-status","BYE","-","257.0","-","-","-","-","-","-","-","-","-","-","-"
"1085","D. Whaley","D. Whaley","RB","","","","injury-status","BYE","-","256.0","-","-","-","-","-","-","-","-","-","-","-"
"1086","A. Hifo","A. Hifo","WR","","","","injury-status","BYE","-","586.5","-","-","-","-","-","-","-","-","-","-","-"
"1087","M. Ffrench","M. Ffrench","WR","","","","injury-status","BYE","-","694.0","-","-","-","-","-","-","-","-","-","-","-"
"1088","A. Baccellia","A. Baccellia","WR","ARI","8","","injury-status","Sun 1:00 PM@ NO","-","253.0","-","-","-","-","-","-","-","-","-","-","-"
"1089","A. Wagner","A. Wagner","WR","","","","injury-status","BYE","-","252.0","-","-","-","-","-","-","-","-","-","-","-"
"1090","A. Pierce","A. Pierce","RB","","","","injury-status","BYE","-","650.9","-","-","-","-","-","-","-","-","-","-","-"
"1091","C. Sutton","C. Sutton","TE","","","","injury-status","BYE","-","699.5","-","-","-","-","-","-","-","-","-","-","-"
"1092","T. Hights","T. Hights","WR","","","","injury-status","BYE","-","544.4","-","-","-","-","-","-","-","-","-","-","-"
"1093","G. Ricci","G. Ricci","TE","","","","injury-status","BYE","-","676.5","-","-","-","-","-","-","-","-","-","-","-"
"1094","S. Nigh","S. Nigh","RB","","","","injury-status","BYE","-","687.8","-","-","-","-","-","-","-","-","-","-","-"
"1095","Z. Manning","Z. Manning","WR","","","","injury-status","BYE","-","999.0","-","-","-","-","-","-","-","-","-","-","-"
"1096","K. Hinton","K. Hinton","WR","","","","injury-status","BYE","-","416.0","-","-","-","-","-","-","-","-","-","-","-"
"1097","R. Gilliam","R. Gilliam","RB","BUF","7","","injury-status","Sun 8:20 PMvs BAL","-","691.5","-","-","-","-","-","-","-","-","-","-","-"
"1098","A. Williams","A. Williams","RB","","","","injury-status","BYE","-","999.0","-","-","-","-","-","-","-","-","-","-","-"
"1099","N. Vogel","N. Vogel","K","","","","injury-status","BYE","-","541.0","-","-","-","-","-","-","-","-","-","-","-"
"1100","J. Moore","J. Moore","WR","","","Ques","injury-status questionable","BYE","-","999.0","-","-","-","-","-","-","-","-","-","-","-"
"1101","B. Rechsteiner","B. Rechsteiner","RB","","","","injury-status","BYE","-","625.0","-","-","-","-","-","-","-","-","-","-","-"
"1102","C. Repp","C. Repp","TE","","","","injury-status","BYE","-","999.0","-","-","-","-","-","-","-","-","-","-","-"
"1103","C. Rowland","C. Rowland","WR","","","","injury-status","BYE","-","643.0","-","-","-","-","-","-","-","-","-","-","-"
"1104","J. Green","J. Green","WR","","","","injury-status","BYE","-","999.0","-","-","-","-","-","-","-","-","-","-","-"
"1105","J. McCleskey","J. McCleskey","WR","","","","injury-status","BYE","-","999.0","-","-","-","-","-","-","-","-","-","-","-"
"1106","M. Daniel","M. Daniel","RB","","","","injury-status","BYE","-","999.0","-","-","-","-","-","-","-","-","-","-","-"
"1107","R. Becker","R. Becker","TE","","","","injury-status","BYE","-","999.0","-","-","-","-","-","-","-","-","-","-","-"
"1108","S. Leatherbury","S. Leatherbury","WR","","","","injury-status","BYE","-","698.5","-","-","-","-","-","-","-","-","-","-","-"
"1109","R. Sinnett","R. Sinnett","QB","","","","injury-status","BYE","-","464.0","-","-","-","-","-","-","-","-","-","-","-"
"1110","R. Neal","R. Neal","QB","","","","injury-status","BYE","-","999.0","-","-","-","-","-","-","-","-","-","-","-"
"1111","J. Love","J. Love","QB","","","","injury-status","BYE","-","388.4","-","-","-","-","-","-","-","-","-","-","-"
"1112","J. Smith","J. Smith","QB","","","","injury-status","BYE","-","559.0","-","-","-","-","-","-","-","-","-","-","-"
"1113","S. Sloman","S. Sloman","K","","","","injury-status","BYE","-","538.6","-","-","-","-","-","-","-","-","-","-","-"
"1114","T. Stevens","T. Stevens","QB","NYG","14","","injury-status","Sun 1:00 PM@ WAS","-","999.0","-","-","-","-","-","-","-","-","-","-","-"
"1115","B. DiNucci","B. DiNucci","QB","","","","injury-status","BYE","-","697.3","-","-","-","-","-","-","-","-","-","-","-"
"1116","F. Swain","F. Swain","WR","","","Ques","injury-status questionable","BYE","-","999.0","-","-","-","-","-","-","-","-","-","-","-"
"1117","T. Davis","T. Davis","TE","","","","injury-status","BYE","-","706.0","-","-","-","-","-","-","-","-","-","-","-"
"1118","J. Rohrwasser","J. Rohrwasser","K","","","","injury-status","BYE","-","528.8","-","-","-","-","-","-","-","-","-","-","-"
"1119","M. Perry","M. Perry","WR","","","","injury-status","BYE","-","999.0","-","-","-","-","-","-","-","-","-","-","-"
"1120","J. Huntley","J. Huntley","RB","","","","injury-status","BYE","-","386.1","-","-","-","-","-","-","-","-","-","-","-"
"1121","L. Cager","L. Cager","TE","WAS","12","","injury-status","Sun 1:00 PMvs NYG","-","999.0","-","-","-","-","-","-","-","-","-","-","-"
"1122","R. Ahmed","R. Ahmed","K","","","","injury-status","BYE","-","514.0","-","-","-","-","-","-","-","-","-","-","-"
"1123","T. Feaster","T. Feaster","RB","ARI","8","","injury-status","Sun 1:00 PM@ NO","-","535.0","-","-","-","-","-","-","-","-","-","-","-"
"1124","R. Smith","R. Smith","RB","","","","injury-status","BYE","-","999.0","-","-","-","-","-","-","-","-","-","-","-"
"1125","D. Dillon","D. Dillon","WR","","","","injury-status","BYE","-","999.0","-","-","-","-","-","-","-","-","-","-","-"
"1126","T. Williams","T. Williams","RB","","","","injury-status","BYE","-","693.0","-","-","-","-","-","-","-","-","-","-","-"
"1127","A. MacGinnis","A. MacGinnis","K","","","","injury-status","BYE","-","247.0","-","-","-","-","-","-","-","-","-","-","-"
"1128","L. Hajrullahu","L. Hajrullahu","K","","","","injury-status","BYE","-","688.8","-","-","-","-","-","-","-","-","-","-","-"
"1129","A. Killins","A. Killins","RB","DEN","12","","injury-status","Sun 4:05 PMvs TEN","-","325.0","-","-","-","-","-","-","-","-","-","-","-"
"1130","C. Finke","C. Finke","WR","","","","injury-status","BYE","-","999.0","-","-","-","-","-","-","-","-","-","-","-"
"1131","A. Parker","A. Parker","WR","","","","injury-status","BYE","-","999.0","-","-","-","-","-","-","-","-","-","-","-"
"1132","X. Jones","X. Jones","RB","","","Ques","injury-status questionable","BYE","-","548.3","-","-","-","-","-","-","-","-","-","-","-"
"1133","J. Ward","J. Ward","RB","","","","injury-status","BYE","-","999.0","-","-","-","-","-","-","-","-","-","-","-"
"1134","J. Hightower","J. Hightower","WR","","","","injury-status","BYE","-","671.5","-","-","-","-","-","-","-","-","-","-","-"
"1135","I. Coulter","I. Coulter","WR","","","","injury-status","BYE","-","999.0","-","-","-","-","-","-","-","-","-","-","-"
"1136","J. Luton","J. Luton","QB","","","","injury-status","BYE","-","323.0","-","-","-","-","-","-","-","-","-","-","-"
"1137","T. Huntley","T. Huntley","QB","BAL","7","","injury-status","Sun 8:20 PM@ BUF","-","580.5","-","-","-","-","-","-","-","-","-","-","-"
"1138","D. Keene","D. Keene","TE","","","Ques","injury-status questionable","BYE","-","555.5","-","-","-","-","-","-","-","-","-","-","-"
"1139","J. Morgan","J. Morgan","QB","","","","injury-status","BYE","-","547.0","-","-","-","-","-","-","-","-","-","-","-"
"1140","O. Bayless","O. Bayless","WR","","","","injury-status","BYE","-","999.0","-","-","-","-","-","-","-","-","-","-","-"
"1141","P. Guerriero","P. Guerriero","RB","","","","injury-status","BYE","-","999.0","-","-","-","-","-","-","-","-","-","-","-"
"1142","T. Brown","T. Brown","WR","","","","injury-status","BYE","-","999.0","-","-","-","-","-","-","-","-","-","-","-"
"1143","J. Thomas","J. Thomas","WR","","","","injury-status","BYE","-","634.0","-","-","-","-","-","-","-","-","-","-","-"
"1144","J. Molson","J. Molson","K","","","","injury-status","BYE","-","601.5","-","-","-","-","-","-","-","-","-","-","-"
"1145","K. Osborn","K. Osborn","WR","","","","injury-status","BYE","-","700.5","-","-","-","-","-","-","-","-","-","-","-"
"1146","E. Wolf","E. Wolf","TE","","","","injury-status","BYE","-","999.0","-","-","-","-","-","-","-","-","-","-","-"
"1147","D. Evans","D. Evans","RB","","","Ques","injury-status questionable","BYE","-","467.3","-","-","-","-","-","-","-","-","-","-","-"
"1148","S. Patterson","S. Patterson","QB","","","","injury-status","BYE","-","691.5","-","-","-","-","-","-","-","-","-","-","-"
"1149","R. Blankenship","R. Blankenship","K","","","","injury-status","BYE","-","664.6","-","-","-","-","-","-","-","-","-","-","-"
"1150","D. Stewart","D. Stewart","WR","","","","injury-status","BYE","-","999.0","-","-","-","-","-","-","-","-","-","-","-"
"1151","S. Olonilua","S. Olonilua","RB","","","Ques","injury-status questionable","BYE","-","612.0","-","-","-","-","-","-","-","-","-","-","-"
"1152","J. Deguara","J. Deguara","TE","ARI","8","","injury-status","Sun 1:00 PM@ NO","-","999.0","-","-","-","-","-","-","-","-","-","-","-"
"1153","B. LeMay","B. LeMay","RB","CLE","9","","injury-status","Sun 1:00 PMvs CIN","-","647.5","-","-","-","-","-","-","-","-","-","-","-"
"1154","J. Kelley","J. Kelley","RB","","","","injury-status","BYE","-","999.0","-","-","-","-","-","-","-","-","-","-","-"
"1155","C. White","C. White","WR","SEA","8","","injury-status","Sun 4:05 PMvs SF","-","327.0","-","-","-","-","-","-","-","-","-","-","-"
"1156","D. Anderson","D. Anderson","RB","","","","injury-status","BYE","-","679.0","-","-","-","-","-","-","-","-","-","-","-"
"1157","K. Rogers","K. Rogers","WR","","","","injury-status","BYE","-","999.0","-","-","-","-","-","-","-","-","-","-","-"
"1158","T. Cleveland","T. Cleveland","WR","","","","injury-status","BYE","-","655.0","-","-","-","-","-","-","-","-","-","-","-"
"1159","J. Breeland","J. Breeland","TE","","","","injury-status","BYE","-","999.0","-","-","-","-","-","-","-","-","-","-","-"
"1160","S. Montez","S. Montez","QB","","","","injury-status","BYE","-","999.0","-","-","-","-","-","-","-","-","-","-","-"
"1161","T. Jackson","T. Jackson","WR","ARI","8","IR","injury-status ir","Sun 1:00 PM@ NO","-","525.0","-","-","-","-","-","-","-","-","-","-","-"
"1162","B. Lewerke","B. Lewerke","QB","","","","injury-status","BYE","-","999.0","-","-","-","-","-","-","-","-","-","-","-"
"1163","S. Phillips","S. Phillips","RB","","","","injury-status","BYE","-","999.0","-","-","-","-","-","-","-","-","-","-","-"
"1164","B. Herrien","B. Herrien","RB","","","","injury-status","BYE","-","999.0","-","-","-","-","-","-","-","-","-","-","-"
"1165","D. Wood-Anderson","D. Wood-Anderson","TE","","","","injury-status","BYE","-","545.9","-","-","-","-","-","-","-","-","-","-","-"
"1166","M. Warren","M. Warren","RB","DET","8","","injury-status","Sun 4:25 PM@ GB","-","691.7","-","-","-","-","-","-","-","-","-","-","-"
"1167","M. Callaway","M. Callaway","WR","","","","injury-status","BYE","-","278.0","-","-","-","-","-","-","-","-","-","-","-"
"1168","R. Calais","R. Calais","RB","","","","injury-status","BYE","-","999.0","-","-","-","-","-","-","-","-","-","-","-"
"1169","D. Patmon","D. Patmon","WR","","","","injury-status","BYE","-","999.0","-","-","-","-","-","-","-","-","-","-","-"
"1170","T. Jones","T. Jones","RB","","","","injury-status","BYE","-","999.0","-","-","-","-","-","-","-","-","-","-","-"
"1171","C. O'Grady","C. O'Grady","TE","","","","injury-status","BYE","-","594.7","-","-","-","-","-","-","-","-","-","-","-"
"1172","J. Taylor","J. Taylor","RB","","","","injury-status","BYE","-","433.4","-","-","-","-","-","-","-","-","-","-","-"
"1173","S. Sullivan","S. Sullivan","TE","","","Out","injury-status out","BYE","-","999.0","-","-","-","-","-","-","-","-","-","-","-"
"1174","A. Fuller","A. Fuller","WR","","","","injury-status","BYE","-","999.0","-","-","-","-","-","-","-","-","-","-","-"
"1175","J. Leake","J. Leake","RB","","","","injury-status","BYE","-","485.5","-","-","-","-","-","-","-","-","-","-","-"
"1176","S. McKeon","S. McKeon","TE","IND","11","","injury-status","Sun 1:00 PMvs MIA","-","999.0","-","-","-","-","-","-","-","-","-","-","-"
"1177","L. Bellamy","L. Bellamy","RB","","","","injury-status","BYE","-","999.0","-","-","-","-","-","-","-","-","-","-","-"
"1178","J. Proche","J. Proche","WR","TEN","10","","injury-status","Sun 4:05 PM@ DEN","-","999.0","-","-","-","-","-","-","-","-","-","-","-"
"1179","D. Asiasi","D. Asiasi","TE","","","","injury-status","BYE","-","999.0","-","-","-","-","-","-","-","-","-","-","-"
"1180","J. Robinson","J. Robinson","RB","","","","injury-status","BYE","-","649.0","-","-","-","-","-","-","-","-","-","-","-"
"1181","C. McDonald","C. McDonald","QB","","","","injury-status","BYE","-","589.5","-","-","-","-","-","-","-","-","-","-","-"
"1182","E. Benjamin","E. Benjamin","RB","","","","injury-status","BYE","-","619.5","-","-","-","-","-","-","-","-","-","-","-"
"1183","T. Ginn","T. Ginn","WR","","","","injury-status","BYE","-","677.0","-","-","-","-","-","-","-","-","-","-","-"
"1184","B. Victor","B. Victor","WR","","","","injury-status","BYE","-","999.0","-","-","-","-","-","-","-","-","-","-","-"
"1185","C. Taumoepeau","C. Taumoepeau","TE","","","","injury-status","BYE","-","624.0","-","-","-","-","-","-","-","-","-","-","-"
"1186","Q. Watkins","Q. Watkins","WR","","","Ques","injury-status questionable","BYE","-","999.0","-","-","-","-","-","-","-","-","-","-","-"
"1187","B. Hopkins","B. Hopkins","TE","","","","injury-status","BYE","-","668.5","-","-","-","-","-","-","-","-","-","-","-"
"1188","I. Hodgins","I. Hodgins","WR","","","","injury-status","BYE","-","999.0","-","-","-","-","-","-","-","-","-","-","-"
"1189","T. Moss","T. Moss","TE","","","","injury-status","BYE","-","584.0","-","-","-","-","-","-","-","-","-","-","-"
"1190","S. Ahmed","S. Ahmed","RB","IND","11","IR","injury-status ir","Sun 1:00 PMvs MIA","-","402.0","-","-","-","-","-","-","-","-","-","-","-"
"1191","J. Reed","J. Reed","WR","","","Ques","injury-status questionable","BYE","-","700.0","-","-","-","-","-","-","-","-","-","-","-"
"1192","L. Bowden","L. Bowden","WR","","","","injury-status","BYE","-","472.5","-","-","-","-","-","-","-","-","-","-","-"
"1193","L. Perine","L. Perine","RB","","","","injury-status","BYE","-","695.0","-","-","-","-","-","-","-","-","-","-","-"
"1194","A. Gandy-Golden","A. Gandy-Golden","TE","","","","injury-status","BYE","-","682.2","-","-","-","-","-","-","-","-","-","-","-"
"1195","A. Gordon","A. Gordon","QB","","","","injury-status","BYE","-","999.0","-","-","-","-","-","-","-","-","-","-","-"
"1196","Q. Cephus","Q. Cephus","WR","","","","injury-status","BYE","-","999.0","-","-","-","-","-","-","-","-","-","-","-"
"1197","M. Wilcox","M. Wilcox","TE","","","","injury-status","BYE","-","999.0","-","-","-","-","-","-","-","-","-","-","-"
"1198","N. Stanley","N. Stanley","QB","","","","injury-status","BYE","-","674.0","-","-","-","-","-","-","-","-","-","-","-"
"1199","C. Claypool","C. Claypool","WR","","","Ques","injury-status questionable","BYE","-","689.3","-","-","-","-","-","-","-","-","-","-","-"
"1200","K. Vaughn","K. Vaughn","RB","","","","injury-status","BYE","-","999.0","-","-","-","-","-","-","-","-","-","-","-"
"1201","Q. Davis","Q. Davis","WR","","","Ques","injury-status questionable","BYE","-","999.0","-","-","-","-","-","-","-","-","-","-","-"
"1202","A. McFarland","A. McFarland","RB","","","","injury-status","BYE","-","698.8","-","-","-","-","-","-","-","-","-","-","-"
"1203","A. Mack","A. Mack","WR","","","","injury-status","BYE","-","999.0","-","-","-","-","-","-","-","-","-","-","-"
"1204","B. Edwards","B. Edwards","WR","","","","injury-status","BYE","-","999.0","-","-","-","-","-","-","-","-","-","-","-"
"1205","K. Hill","K. Hill","WR","LAC","12","","injury-status","Fri 8:00 PMvs KC","-","672.0","-","-","-","-","-","-","-","-","-","-","-"
"1206","C. Johnson","C. Johnson","WR","","","","injury-status","BYE","-","494.0","-","-","-","-","-","-","-","-","-","-","-"
"1207","D. Mims","D. Mims","WR","","","","injury-status","BYE","-","999.0","-","-","-","-","-","-","-","-","-","-","-"
"1208","H. Bryant","H. Bryant","TE","","","Ques","injury-status questionable","BYE","-","999.0","-","-","-","-","-","-","-","-","-","-","-"
"1209","Z. Moss","Z. Moss","RB","","","Ques","injury-status questionable","BYE","-","301.9","-","-","-","-","-","-","-","-","-","-","-"
"1210","A. Okwuegbunam","A. Okwuegbunam","TE","LV","8","","injury-status","Sun 1:00 PM@ NE","-","680.4","-","-","-","-","-","-","-","-","-","-","-"
"1211","J. Pinkney","J. Pinkney","TE","","","Ques","injury-status questionable","BYE","-","999.0","-","-","-","-","-","-","-","-","-","-","-"
"1212","K. Lipscomb","K. Lipscomb","WR","","","","injury-status","BYE","-","999.0","-","-","-","-","-","-","-","-","-","-","-"
"1213","D. Peoples-Jones","D. Peoples-Jones","WR","","","","injury-status","BYE","-","659.2","-","-","-","-","-","-","-","-","-","-","-"
"1214","J. Eason","J. Eason","QB","","","","injury-status","BYE","-","999.0","-","-","-","-","-","-","-","-","-","-","-"
"1215","J. Fromm","J. Fromm","QB","","","","injury-status","BYE","-","646.0","-","-","-","-","-","-","-","-","-","-","-"
"1216","C. Edwards-Helaire","C. Edwards-Helaire","RB","KC","10","","injury-status","Fri 8:00 PM@ LAC","-","675.2","-","-","-","-","-","-","-","-","-","-","-"
"1217","L. Shenault","L. Shenault","WR","","","","injury-status","BYE","-","999.0","-","-","-","-","-","-","-","-","-","-","-"
"1218","K. Hamler","K. Hamler","WR","","","","injury-status","BYE","-","678.2","-","-","-","-","-","-","-","-","-","-","-"
"1219","J. Reagor","J. Reagor","WR","LAC","12","Out","injury-status out","Fri 8:00 PMvs KC","-","630.0","-","-","-","-","-","-","-","-","-","-","-"
"1220","H. Ruggs","H. Ruggs","WR","","","","injury-status","BYE","-","692.4","-","-","-","-","-","-","-","-","-","-","-"
"1221","C. Streveler","C. Streveler","QB","","","","injury-status","BYE","-","320.7","-","-","-","-","-","-","-","-","-","-","-"
"1222","R. Begelton","R. Begelton","WR","","","","injury-status","BYE","-","999.0","-","-","-","-","-","-","-","-","-","-","-"
"1223","D. Clark","D. Clark","TE","","","","injury-status","BYE","-","380.0","-","-","-","-","-","-","-","-","-","-","-"
"1224","L. McCoy","L. McCoy","RB","","","","injury-status","BYE","-","631.7","-","-","-","-","-","-","-","-","-","-","-"
"1225","T. Salter","T. Salter","WR","","","NA","injury-status na","BYE","-","999.0","-","-","-","-","-","-","-","-","-","-","-"
"1226","D. Gore","D. Gore","RB","","","","injury-status","BYE","-","633.8","-","-","-","-","-","-","-","-","-","-","-"
"1227","G. Ward","G. Ward","WR","","","","injury-status","BYE","-","670.5","-","-","-","-","-","-","-","-","-","-","-"
"1228","M. Young","M. Young","RB","","","","injury-status","BYE","-","617.8","-","-","-","-","-","-","-","-","-","-","-"
"1229","M. Crum","M. Crum","TE","","","","injury-status","BYE","-","999.0","-","-","-","-","-","-","-","-","-","-","-"
"1230","J. Ta'amu","J. Ta'amu","QB","","","","injury-status","BYE","-","363.7","-","-","-","-","-","-","-","-","-","-","-"
"1231","J. Harris","J. Harris","TE","","","","injury-status","BYE","-","999.0","-","-","-","-","-","-","-","-","-","-","-"
"1232","J. Walker","J. Walker","WR","","","","injury-status","BYE","-","999.0","-","-","-","-","-","-","-","-","-","-","-"
"1233","V. Testaverde","V. Testaverde","QB","","","","injury-status","BYE","-","656.5","-","-","-","-","-","-","-","-","-","-","-"
"1234","J. Way","J. Way","WR","","","","injury-status","BYE","-","999.0","-","-","-","-","-","-","-","-","-","-","-"
"1235","M. Simms","M. Simms","WR","","","Ques","injury-status questionable","BYE","-","999.0","-","-","-","-","-","-","-","-","-","-","-"
"1236","J. Caldwell","J. Caldwell","RB","","","","injury-status","BYE","-","642.3","-","-","-","-","-","-","-","-","-","-","-"
"1237","T. McGowan","T. McGowan","RB","","","","injury-status","BYE","-","999.0","-","-","-","-","-","-","-","-","-","-","-"
"1238","F. Trevillion","F. Trevillion","WR","","","","injury-status","BYE","-","999.0","-","-","-","-","-","-","-","-","-","-","-"
"1239","M. Sutton","M. Sutton","RB","","","","injury-status","BYE","-","607.3","-","-","-","-","-","-","-","-","-","-","-"
"1240","G. Olszewski","G. Olszewski","WR","NYG","14","","injury-status","Sun 1:00 PM@ WAS","-","619.5","-","-","-","-","-","-","-","-","-","-","-"
"1241","F. Allen","F. Allen","WR","","","","injury-status","BYE","-","999.0","-","-","-","-","-","-","-","-","-","-","-"
"1242","J. Horn","J. Horn","WR","","","","injury-status","BYE","-","999.0","-","-","-","-","-","-","-","-","-","-","-"
"1243","J. Horn","J. Horn","WR","","","","injury-status","BYE","-","999.0","-","-","-","-","-","-","-","-","-","-","-"
"1244","J. Greene","J. Greene","WR","","","","injury-status","BYE","-","999.0","-","-","-","-","-","-","-","-","-","-","-"
"1245","J. Fortson","J. Fortson","TE","","","Ques","injury-status questionable","BYE","-","999.0","-","-","-","-","-","-","-","-","-","-","-"
"1246","A. Ouellette","A. Ouellette","RB","","","","injury-status","BYE","-","460.8","-","-","-","-","-","-","-","-","-","-","-"
"1247","M. Wright","M. Wright","WR","","","","injury-status","BYE","-","999.0","-","-","-","-","-","-","-","-","-","-","-"
"1248","P. Hesse","P. Hesse","TE","","","","injury-status","BYE","-","999.0","-","-","-","-","-","-","-","-","-","-","-"
"1249","J. Parker","J. Parker","WR","","","","injury-status","BYE","-","999.0","-","-","-","-","-","-","-","-","-","-","-"
"1250","N. Evans","N. Evans","RB","","","","injury-status","BYE","-","446.0","-","-","-","-","-","-","-","-","-","-","-"
"1251","B. Watson","B. Watson","TE","","","","injury-status","BYE","-","657.2","-","-","-","-","-","-","-","-","-","-","-"
"1252","B. Burt","B. Burt","WR","","","","injury-status","BYE","-","999.0","-","-","-","-","-","-","-","-","-","-","-"
"1253","V. Bryant","V. Bryant","WR","","","","injury-status","BYE","-","593.5","-","-","-","-","-","-","-","-","-","-","-"
"1254","I. Zico","I. Zico","WR","","","","injury-status","BYE","-","999.0","-","-","-","-","-","-","-","-","-","-","-"
"1255","C. Hatfield","C. Hatfield","K","","","","injury-status","BYE","-","254.0","-","-","-","-","-","-","-","-","-","-","-"
"1256","J. Baron","J. Baron","K","","","","injury-status","BYE","-","283.7","-","-","-","-","-","-","-","-","-","-","-"
"1257","I. Searight","I. Searight","TE","","","","injury-status","BYE","-","999.0","-","-","-","-","-","-","-","-","-","-","-"
"1258","A. Lindsey","A. Lindsey","WR","","","","injury-status","BYE","-","999.0","-","-","-","-","-","-","-","-","-","-","-"
"1259","N. Fitzgerald","N. Fitzgerald","QB","","","","injury-status","BYE","-","626.7","-","-","-","-","-","-","-","-","-","-","-"
"1260","C. Simpson","C. Simpson","WR","","","","injury-status","BYE","-","999.0","-","-","-","-","-","-","-","-","-","-","-"
"1261","J. McClendon","J. McClendon","QB","","","","injury-status","BYE","-","999.0","-","-","-","-","-","-","-","-","-","-","-"
"1262","D. Hodges","D. Hodges","QB","","","","injury-status","BYE","-","691.5","-","-","-","-","-","-","-","-","-","-","-"
"1263","S. Schnell","S. Schnell","WR","","","","injury-status","BYE","-","999.0","-","-","-","-","-","-","-","-","-","-","-"
"1264","D. Strickland","D. Strickland","RB","","","","injury-status","BYE","-","626.0","-","-","-","-","-","-","-","-","-","-","-"
"1265","C. Jones","C. Jones","TE","","","","injury-status","BYE","-","999.0","-","-","-","-","-","-","-","-","-","-","-"
"1266","M. Colubiale","M. Colubiale","TE","","","","injury-status","BYE","-","999.0","-","-","-","-","-","-","-","-","-","-","-"
"1267","T. Kennedy","T. Kennedy","WR","DET","8","","injury-status","Sun 4:25 PM@ GB","-","999.0","-","-","-","-","-","-","-","-","-","-","-"
"1268","M. Stephens","M. Stephens","TE","","","","injury-status","BYE","-","999.0","-","-","-","-","-","-","-","-","-","-","-"
"1269","T. Brooks-James","T. Brooks-James","RB","","","","injury-status","BYE","-","999.0","-","-","-","-","-","-","-","-","-","-","-"
"1270","M. Nugent","M. Nugent","K","","","","injury-status","BYE","-","625.0","-","-","-","-","-","-","-","-","-","-","-"
"1271","J. Smith","J. Smith","WR","","","Ques","injury-status questionable","BYE","-","999.0","-","-","-","-","-","-","-","-","-","-","-"
"1272","S. Poindexter","S. Poindexter","WR","","","","injury-status","BYE","-","679.3","-","-","-","-","-","-","-","-","-","-","-"
"1273","A. Walter","A. Walter","RB","","","Ques","injury-status questionable","BYE","-","999.0","-","-","-","-","-","-","-","-","-","-","-"
"1274","M. Henry","M. Henry","WR","","","","injury-status","BYE","-","999.0","-","-","-","-","-","-","-","-","-","-","-"
"1275","D. Willis","D. Willis","WR","","","","injury-status","BYE","-","999.0","-","-","-","-","-","-","-","-","-","-","-"
"1276","M. Marshall","M. Marshall","RB","","","","injury-status","BYE","-","536.3","-","-","-","-","-","-","-","-","-","-","-"
"1277","D. Thompkins","D. Thompkins","WR","GB","5","Ques","injury-status questionable","Sun 4:25 PMvs DET","-","999.0","-","-","-","-","-","-","-","-","-","-","-"
"1278","D. Jackson","D. Jackson","RB","","","","injury-status","BYE","-","999.0","-","-","-","-","-","-","-","-","-","-","-"
"1279","N. Becker","N. Becker","TE","","","Ques","injury-status questionable","BYE","-","999.0","-","-","-","-","-","-","-","-","-","-","-"
"1280","C. Myarick","C. Myarick","TE","","","","injury-status","BYE","-","999.0","-","-","-","-","-","-","-","-","-","-","-"
"1281","J. Jordan","J. Jordan","WR","","","","injury-status","BYE","-","999.0","-","-","-","-","-","-","-","-","-","-","-"
"1282","T. Linta","T. Linta","QB","","","","injury-status","BYE","-","999.0","-","-","-","-","-","-","-","-","-","-","-"
"1283","D. Shepherd","D. Shepherd","WR","","","Ques","injury-status questionable","BYE","-","999.0","-","-","-","-","-","-","-","-","-","-","-"
"1284","T. Gray","T. Gray","RB","","","","injury-status","BYE","-","999.0","-","-","-","-","-","-","-","-","-","-","-"
"1285","C. Conrad","C. Conrad","TE","","","","injury-status","BYE","-","999.0","-","-","-","-","-","-","-","-","-","-","-"
"1286","C. Hedlund","C. Hedlund","K","","","","injury-status","BYE","-","263.0","-","-","-","-","-","-","-","-","-","-","-"
"1287","J. Johnson","J. Johnson","TE","","","","injury-status","BYE","-","999.0","-","-","-","-","-","-","-","-","-","-","-"
"1288","T. Wright","T. Wright","WR","","","","injury-status","BYE","-","999.0","-","-","-","-","-","-","-","-","-","-","-"
"1289","A. Choice","A. Choice","RB","","","","injury-status","BYE","-","697.5","-","-","-","-","-","-","-","-","-","-","-"
"1290","M. Deane","M. Deane","TE","","","","injury-status","BYE","-","999.0","-","-","-","-","-","-","-","-","-","-","-"
"1291","T. Christion","T. Christion","QB","","","","injury-status","BYE","-","692.0","-","-","-","-","-","-","-","-","-","-","-"
"1292","C. Scarff","C. Scarff","TE","","","","injury-status","BYE","-","999.0","-","-","-","-","-","-","-","-","-","-","-"
"1293","D. Koppenhaver","D. Koppenhaver","TE","","","","injury-status","BYE","-","693.3","-","-","-","-","-","-","-","-","-","-","-"
"1294","M. Eaton","M. Eaton","WR","","","","injury-status","BYE","-","589.5","-","-","-","-","-","-","-","-","-","-","-"
"1295","T. Ives","T. Ives","WR","CHI","5","Ques","injury-status questionable","Mon 8:15 PMvs MIN","-","999.0","-","-","-","-","-","-","-","-","-","-","-"
"1296","E. Richardson","E. Richardson","TE","","","","injury-status","BYE","-","999.0","-","-","-","-","-","-","-","-","-","-","-"
"1297","C. Herdman","C. Herdman","TE","","","","injury-status","BYE","-","999.0","-","-","-","-","-","-","-","-","-","-","-"
"1298","S. Modster","S. Modster","WR","","","","injury-status","BYE","-","999.0","-","-","-","-","-","-","-","-","-","-","-"
"1299","D. Montgomery","D. Montgomery","WR","IND","11","IR","injury-status ir","Sun 1:00 PMvs MIA","-","457.9","-","-","-","-","-","-","-","-","-","-","-"
"1300","S. Carlson","S. Carlson","TE","CHI","5","","injury-status","Mon 8:15 PMvs MIN","-","999.0","-","-","-","-","-","-","-","-","-","-","-"
"1301","D. Blough","D. Blough","QB","","","","injury-status","BYE","-","665.0","-","-","-","-","-","-","-","-","-","-","-"
"1302","D. Baker","D. Baker","WR","","","","injury-status","BYE","-","999.0","-","-","-","-","-","-","-","-","-","-","-"
"1303","D. Hall","D. Hall","RB","","","","injury-status","BYE","-","595.7","-","-","-","-","-","-","-","-","-","-","-"
"1304","J. Hilliman","J. Hilliman","RB","","","","injury-status","BYE","-","670.5","-","-","-","-","-","-","-","-","-","-","-"
"1305","E. Dungey","E. Dungey","QB","","","","injury-status","BYE","-","670.0","-","-","-","-","-","-","-","-","-","-","-"
"1306","H. Hentges","H. Hentges","TE","","","","injury-status","BYE","-","999.0","-","-","-","-","-","-","-","-","-","-","-"
"1307","K. McKnight","K. McKnight","WR","","","","injury-status","BYE","-","999.0","-","-","-","-","-","-","-","-","-","-","-"
"1308","G. Aston","G. Aston","RB","","","","injury-status","BYE","-","999.0","-","-","-","-","-","-","-","-","-","-","-"
"1309","J. Guyton","J. Guyton","WR","","","","injury-status","BYE","-","999.0","-","-","-","-","-","-","-","-","-","-","-"
"1310","J. Johnson","J. Johnson","WR","","","","injury-status","BYE","-","999.0","-","-","-","-","-","-","-","-","-","-","-"
"1311","G. Tate","G. Tate","WR","","","","injury-status","BYE","-","617.5","-","-","-","-","-","-","-","-","-","-","-"
"1312","S. Sims","S. Sims","WR","","","Ques","injury-status questionable","BYE","-","999.0","-","-","-","-","-","-","-","-","-","-","-"
"1313","T. Rahming","T. Rahming","WR","","","","injury-status","BYE","-","999.0","-","-","-","-","-","-","-","-","-","-","-"
"1314","K. Dillon","K. Dillon","TE","","","","injury-status","BYE","-","999.0","-","-","-","-","-","-","-","-","-","-","-"
"1315","A. Fort","A. Fort","TE","","","","injury-status","BYE","-","999.0","-","-","-","-","-","-","-","-","-","-","-"
"1316","T. Benson","T. Benson","WR","","","","injury-status","BYE","-","520.0","-","-","-","-","-","-","-","-","-","-","-"
"1317","R. Guerrier","R. Guerrier","WR","","","","injury-status","BYE","-","999.0","-","-","-","-","-","-","-","-","-","-","-"
"1318","J. Lloyd","J. Lloyd","WR","","","","injury-status","BYE","-","999.0","-","-","-","-","-","-","-","-","-","-","-"
"1319","K. Brown","K. Brown","TE","","","","injury-status","BYE","-","999.0","-","-","-","-","-","-","-","-","-","-","-"
"1320","R. Brooker","R. Brooker","TE","","","","injury-status","BYE","-","999.0","-","-","-","-","-","-","-","-","-","-","-"
"1321","N. Webster","N. Webster","WR","","","","injury-status","BYE","-","999.0","-","-","-","-","-","-","-","-","-","-","-"
"1322","A. Bachman","A. Bachman","WR","LV","8","","injury-status","Sun 1:00 PM@ NE","-","492.5","-","-","-","-","-","-","-","-","-","-","-"
"1323","M. Colburn","M. Colburn","RB","","","","injury-status","BYE","-","501.5","-","-","-","-","-","-","-","-","-","-","-"
"1324","J. Sumpter","J. Sumpter","WR","","","","injury-status","BYE","-","999.0","-","-","-","-","-","-","-","-","-","-","-"
"1325","A. Hollins","A. Hollins","WR","","","","injury-status","BYE","-","999.0","-","-","-","-","-","-","-","-","-","-","-"
"1326","D. Davis","D. Davis","WR","","","","injury-status","BYE","-","999.0","-","-","-","-","-","-","-","-","-","-","-"
"1327","K. Blasingame","K. Blasingame","RB","","","","injury-status","BYE","-","648.0","-","-","-","-","-","-","-","-","-","-","-"
"1328","J. Washington","J. Washington","TE","","","","injury-status","BYE","-","668.0","-","-","-","-","-","-","-","-","-","-","-"
"1329","D. Belcher","D. Belcher","TE","","","","injury-status","BYE","-","999.0","-","-","-","-","-","-","-","-","-","-","-"
"1330","A. Richardson","A. Richardson","WR","","","","injury-status","BYE","-","668.7","-","-","-","-","-","-","-","-","-","-","-"
"1331","X. Turner","X. Turner","RB","","","","injury-status","BYE","-","571.0","-","-","-","-","-","-","-","-","-","-","-"
"1332","D. Anderson","D. Anderson","QB","","","","injury-status","BYE","-","610.0","-","-","-","-","-","-","-","-","-","-","-"
"1333","D. Jeanpiere","D. Jeanpiere","WR","","","","injury-status","BYE","-","634.0","-","-","-","-","-","-","-","-","-","-","-"
"1334","C. Meier","C. Meier","TE","","","","injury-status","BYE","-","260.0","-","-","-","-","-","-","-","-","-","-","-"
"1335","P. White","P. White","WR","","","","injury-status","BYE","-","495.0","-","-","-","-","-","-","-","-","-","-","-"
"1336","M. Walker","M. Walker","WR","","","Ques","injury-status questionable","BYE","-","999.0","-","-","-","-","-","-","-","-","-","-","-"
"1337","D. Snelson","D. Snelson","WR","","","","injury-status","BYE","-","999.0","-","-","-","-","-","-","-","-","-","-","-"
"1338","R. Leonard","R. Leonard","WR","","","","injury-status","BYE","-","252.0","-","-","-","-","-","-","-","-","-","-","-"
"1339","C. Worton","C. Worton","WR","","","","injury-status","BYE","-","999.0","-","-","-","-","-","-","-","-","-","-","-"
"1340","K. Lewis","K. Lewis","WR","","","","injury-status","BYE","-","999.0","-","-","-","-","-","-","-","-","-","-","-"
"1341","S. Bane","S. Bane","WR","","","","injury-status","BYE","-","999.0","-","-","-","-","-","-","-","-","-","-","-"
"1342","M. Colburn","M. Colburn","RB","","","","injury-status","BYE","-","999.0","-","-","-","-","-","-","-","-","-","-","-"
"1343","M. Wilkins","M. Wilkins","QB","","","","injury-status","BYE","-","582.0","-","-","-","-","-","-","-","-","-","-","-"
"1344","S. Louis","S. Louis","WR","","","","injury-status","BYE","-","999.0","-","-","-","-","-","-","-","-","-","-","-"
"1345","D. Crockett","D. Crockett","RB","","","","injury-status","BYE","-","527.3","-","-","-","-","-","-","-","-","-","-","-"
"1346","A. Beck","A. Beck","RB","NYJ","9","","injury-status","Sun 1:00 PMvs PIT","-","494.5","-","-","-","-","-","-","-","-","-","-","-"
"1347","X. Ubosi","X. Ubosi","WR","","","","injury-status","BYE","-","999.0","-","-","-","-","-","-","-","-","-","-","-"
"1348","J. Duhart","J. Duhart","WR","","","","injury-status","BYE","-","999.0","-","-","-","-","-","-","-","-","-","-","-"
"1349","J. Ellis","J. Ellis","RB","","","","injury-status","BYE","-","999.0","-","-","-","-","-","-","-","-","-","-","-"
"1350","J. Dolegala","J. Dolegala","QB","","","","injury-status","BYE","-","496.0","-","-","-","-","-","-","-","-","-","-","-"
"1351","P. Laird","P. Laird","RB","","","","injury-status","BYE","-","531.0","-","-","-","-","-","-","-","-","-","-","-"
"1352","I. Bunting","I. Bunting","TE","","","Ques","injury-status questionable","BYE","-","687.5","-","-","-","-","-","-","-","-","-","-","-"
"1353","C. Cox","C. Cox","RB","","","","injury-status","BYE","-","534.6","-","-","-","-","-","-","-","-","-","-","-"
"1354","C. Gillaspia","C. Gillaspia","RB","","","Ques","injury-status questionable","BYE","-","309.0","-","-","-","-","-","-","-","-","-","-","-"
"1355","M. Green","M. Green","WR","","","","injury-status","BYE","-","999.0","-","-","-","-","-","-","-","-","-","-","-"
"1356","B. Dillon","B. Dillon","TE","","","Ques","injury-status questionable","BYE","-","629.8","-","-","-","-","-","-","-","-","-","-","-"
"1357","A. Roberts","A. Roberts","WR","","","","injury-status","BYE","-","999.0","-","-","-","-","-","-","-","-","-","-","-"
"1358","K. Shurmur","K. Shurmur","QB","","","","injury-status","BYE","-","521.0","-","-","-","-","-","-","-","-","-","-","-"
"1359","T. Wood","T. Wood","TE","","","","injury-status","BYE","-","999.0","-","-","-","-","-","-","-","-","-","-","-"
"1360","R. White","R. White","WR","","","","injury-status","BYE","-","999.0","-","-","-","-","-","-","-","-","-","-","-"
"1361","J. Powell","J. Powell","TE","","","","injury-status","BYE","-","999.0","-","-","-","-","-","-","-","-","-","-","-"
"1362","D. Holland","D. Holland","RB","","","","injury-status","BYE","-","653.5","-","-","-","-","-","-","-","-","-","-","-"
"1363","T. Thompson","T. Thompson","WR","","","","injury-status","BYE","-","999.0","-","-","-","-","-","-","-","-","-","-","-"
"1364","J. Moore","J. Moore","WR","","","","injury-status","BYE","-","999.0","-","-","-","-","-","-","-","-","-","-","-"
"1365","J. Cox","J. Cox","RB","","","","injury-status","BYE","-","594.0","-","-","-","-","-","-","-","-","-","-","-"
"1366","M. Taylor","M. Taylor","WR","","","","injury-status","BYE","-","999.0","-","-","-","-","-","-","-","-","-","-","-"
"1367","T. Mayfield","T. Mayfield","TE","","","","injury-status","BYE","-","671.6","-","-","-","-","-","-","-","-","-","-","-"
"1368","W. Speight","W. Speight","QB","","","","injury-status","BYE","-","999.0","-","-","-","-","-","-","-","-","-","-","-"
"1369","T. McMillian","T. McMillian","RB","","","","injury-status","BYE","-","645.1","-","-","-","-","-","-","-","-","-","-","-"
"1370","M. Sokol","M. Sokol","TE","","","","injury-status","BYE","-","674.0","-","-","-","-","-","-","-","-","-","-","-"
"1371","J. Lovett","J. Lovett","RB","","","Ques","injury-status questionable","BYE","-","408.5","-","-","-","-","-","-","-","-","-","-","-"
"1372","N. Easley","N. Easley","WR","","","","injury-status","BYE","-","999.0","-","-","-","-","-","-","-","-","-","-","-"
"1373","J. Winfree","J. Winfree","WR","HOU","6","Ques","injury-status questionable","Sun 4:25 PM@ LAR","-","999.0","-","-","-","-","-","-","-","-","-","-","-"
"1374","I. Hyman","I. Hyman","WR","","","Ques","injury-status questionable","BYE","-","999.0","-","-","-","-","-","-","-","-","-","-","-"
"1375","E. Fry","E. Fry","K","","","","injury-status","BYE","-","338.3","-","-","-","-","-","-","-","-","-","-","-"
"1376","B. Silvers","B. Silvers","QB","","","","injury-status","BYE","-","999.0","-","-","-","-","-","-","-","-","-","-","-"
"1377","V. Holmes","V. Holmes","RB","","","","injury-status","BYE","-","642.8","-","-","-","-","-","-","-","-","-","-","-"
"1378","J. Johnson","J. Johnson","RB","HOU","6","","injury-status","Sun 4:25 PM@ LAR","-","642.5","-","-","-","-","-","-","-","-","-","-","-"
"1379","C. Wade","C. Wade","RB","","","","injury-status","BYE","-","678.0","-","-","-","-","-","-","-","-","-","-","-"
"1380","D. Sheehy-Guiseppi","D. Sheehy-Guiseppi","WR","","","","injury-status","BYE","-","666.5","-","-","-","-","-","-","-","-","-","-","-"
"1381","C. Murphy","C. Murphy","K","","","","injury-status","BYE","-","557.7","-","-","-","-","-","-","-","-","-","-","-"
"1382","C. Blewitt","C. Blewitt","K","","","","injury-status","BYE","-","686.0","-","-","-","-","-","-","-","-","-","-","-"
"1383","S. Smith","S. Smith","RB","","","","injury-status","BYE","-","999.0","-","-","-","-","-","-","-","-","-","-","-"
"1384","A. Ware","A. Ware","RB","","","","injury-status","BYE","-","590.0","-","-","-","-","-","-","-","-","-","-","-"
"1385","E. Stick","E. Stick","QB","ATL","5","","injury-status","Sun 1:00 PMvs TB","-","567.0","-","-","-","-","-","-","-","-","-","-","-"
"1386","T. Wesco","T. Wesco","TE","","","","injury-status","BYE","-","999.0","-","-","-","-","-","-","-","-","-","-","-"
"1387","D. Thompson","D. Thompson","RB","","","","injury-status","BYE","-","999.0","-","-","-","-","-","-","-","-","-","-","-"
"1388","K. Whyte","K. Whyte","RB","GB","5","","injury-status","Sun 4:25 PMvs DET","-","999.0","-","-","-","-","-","-","-","-","-","-","-"
"1389","C. Thompson","C. Thompson","WR","","","","injury-status","BYE","-","999.0","-","-","-","-","-","-","-","-","-","-","-"
"1390","J. Ursua","J. Ursua","WR","","","","injury-status","BYE","-","478.0","-","-","-","-","-","-","-","-","-","-","-"
"1391","J. Scarlett","J. Scarlett","RB","MIA","12","","injury-status","Sun 1:00 PM@ IND","-","999.0","-","-","-","-","-","-","-","-","-","-","-"
"1392","A. Wesley","A. Wesley","WR","","","","injury-status","BYE","-","999.0","-","-","-","-","-","-","-","-","-","-","-"
"1393","K. Warring","K. Warring","TE","","","","injury-status","BYE","-","999.0","-","-","-","-","-","-","-","-","-","-","-"
"1394","A. Wesley","A. Wesley","WR","","","","injury-status","BYE","-","999.0","-","-","-","-","-","-","-","-","-","-","-"
"1395","L. Scott","L. Scott","RB","","","","injury-status","BYE","-","999.0","-","-","-","-","-","-","-","-","-","-","-"
"1396","J. Graham","J. Graham","TE","","","","injury-status","BYE","-","620.8","-","-","-","-","-","-","-","-","-","-","-"
"1397","M. Weber","M. Weber","RB","","","","injury-status","BYE","-","694.0","-","-","-","-","-","-","-","-","-","-","-"
"1398","B. Snell","B. Snell","RB","","","","injury-status","BYE","-","658.0","-","-","-","-","-","-","-","-","-","-","-"
"1399","J. Smith","J. Smith","WR","","","","injury-status","BYE","-","999.0","-","-","-","-","-","-","-","-","-","-","-"
"1400","D. Sills","D. Sills","WR","ATL","5","","injury-status","Sun 1:00 PMvs TB","-","655.3","-","-","-","-","-","-","-","-","-","-","-"
"1401","D. Williams","D. Williams","RB","","","","injury-status","BYE","-","999.0","-","-","-","-","-","-","-","-","-","-","-"
"1402","P. Williams","P. Williams","WR","","","","injury-status","BYE","-","999.0","-","-","-","-","-","-","-","-","-","-","-"
"1403","C. Thorson","C. Thorson","QB","NYG","14","","injury-status","Sun 1:00 PM@ WAS","-","675.0","-","-","-","-","-","-","-","-","-","-","-"
"1404","K. Smith","K. Smith","TE","","","","injury-status","BYE","-","587.6","-","-","-","-","-","-","-","-","-","-","-"
"1405","T. Williams","T. Williams","RB","CLE","9","","injury-status","Sun 1:00 PMvs CIN","-","312.0","-","-","-","-","-","-","-","-","-","-","-"
"1406","C. Wilson","C. Wilson","TE","","","","injury-status","BYE","-","999.0","-","-","-","-","-","-","-","-","-","-","-"
"1407","J. Sternberger","J. Sternberger","TE","","","","injury-status","BYE","-","497.3","-","-","-","-","-","-","-","-","-","-","-"
"1408","T. Sweeney","T. Sweeney","TE","","","Out","injury-status out","BYE","-","999.0","-","-","-","-","-","-","-","-","-","-","-"
"1409","I. Smith","I. Smith","TE","HOU","6","IR","injury-status ir","Sun 4:25 PM@ LAR","-","685.8","-","-","-","-","-","-","-","-","-","-","-"
"1410","W. Hills","W. Hills","RB","","","","injury-status","BYE","-","999.0","-","-","-","-","-","-","-","-","-","-","-"
"1411","J. Patrick","J. Patrick","RB","","","","injury-status","BYE","-","999.0","-","-","-","-","-","-","-","-","-","-","-"
"1412","E. Butler","E. Butler","WR","","","","injury-status","BYE","-","999.0","-","-","-","-","-","-","-","-","-","-","-"
"1413","J. Custis","J. Custis","WR","","","","injury-status","BYE","-","999.0","-","-","-","-","-","-","-","-","-","-","-"
"1414","D. Helm","D. Helm","TE","","","","injury-status","BYE","-","594.0","-","-","-","-","-","-","-","-","-","-","-"
"1415","B. Johnson","B. Johnson","WR","","","Ques","injury-status questionable","BYE","-","999.0","-","-","-","-","-","-","-","-","-","-","-"
"1416","K. Blanton","K. Blanton","TE","","","","injury-status","BYE","-","558.0","-","-","-","-","-","-","-","-","-","-","-"
"1417","J. Horsted","J. Horsted","TE","","","","injury-status","BYE","-","695.0","-","-","-","-","-","-","-","-","-","-","-"
"1418","D. Parham","D. Parham","TE","PIT","5","IR","injury-status ir","Sun 1:00 PM@ NYJ","-","638.3","-","-","-","-","-","-","-","-","-","-","-"
"1419","B. Anderson","B. Anderson","RB","","","","injury-status","BYE","-","999.0","-","-","-","-","-","-","-","-","-","-","-"
"1420","S. Morgan","S. Morgan","WR","","","","injury-status","BYE","-","669.5","-","-","-","-","-","-","-","-","-","-","-"
"1421","D. Ozigbo","D. Ozigbo","RB","","","","injury-status","BYE","-","654.0","-","-","-","-","-","-","-","-","-","-","-"
"1422","T. Billy-Johnson","T. Billy-Johnson","WR","","","","injury-status","BYE","-","472.0","-","-","-","-","-","-","-","-","-","-","-"
"1423","J. Webb","J. Webb","QB","","","","injury-status","BYE","-","512.0","-","-","-","-","-","-","-","-","-","-","-"
"1424","T. Fulgham","T. Fulgham","WR","","","","injury-status","BYE","-","999.0","-","-","-","-","-","-","-","-","-","-","-"
"1425","T. Brady","T. Brady","WR","","","","injury-status","BYE","-","999.0","-","-","-","-","-","-","-","-","-","-","-"
"1426","D. Mitchell","D. Mitchell","WR","","","","injury-status","BYE","-","999.0","-","-","-","-","-","-","-","-","-","-","-"
"1427","G. Jennings","G. Jennings","WR","","","","injury-status","BYE","-","372.8","-","-","-","-","-","-","-","-","-","-","-"
"1428","T. Jackson","T. Jackson","TE","WAS","12","IR","injury-status ir","Sun 1:00 PMvs NYG","-","999.0","-","-","-","-","-","-","-","-","-","-","-"
"1429","B. Rypien","B. Rypien","QB","CIN","10","","injury-status","Sun 1:00 PM@ CLE","-","519.0","-","-","-","-","-","-","-","-","-","-","-"
"1430","R. Davis","R. Davis","WR","","","","injury-status","BYE","-","676.5","-","-","-","-","-","-","-","-","-","-","-"
"1431","K. Doss","K. Doss","WR","","","Ques","injury-status questionable","BYE","-","999.0","-","-","-","-","-","-","-","-","-","-","-"
"1432","A. Barnes","A. Barnes","RB","","","","injury-status","BYE","-","592.0","-","-","-","-","-","-","-","-","-","-","-"
"1433","N. Brossette","N. Brossette","RB","","","","injury-status","BYE","-","999.0","-","-","-","-","-","-","-","-","-","-","-"
"1434","J. Dixon","J. Dixon","WR","","","","injury-status","BYE","-","999.0","-","-","-","-","-","-","-","-","-","-","-"
"1435","Z. Gentry","Z. Gentry","TE","","","","injury-status","BYE","-","999.0","-","-","-","-","-","-","-","-","-","-","-"
"1436","D. Lodge","D. Lodge","WR","","","","injury-status","BYE","-","999.0","-","-","-","-","-","-","-","-","-","-","-"
"1437","D. Raymond","D. Raymond","TE","PIT","5","","injury-status","Sun 1:00 PM@ NYJ","-","999.0","-","-","-","-","-","-","-","-","-","-","-"
"1438","R. Armstead","R. Armstead","RB","","","","injury-status","BYE","-","709.0","-","-","-","-","-","-","-","-","-","-","-"
"1439","Q. Ollison","Q. Ollison","RB","","","","injury-status","BYE","-","684.8","-","-","-","-","-","-","-","-","-","-","-"
"1440","J. Ferguson","J. Ferguson","WR","","","","injury-status","BYE","-","999.0","-","-","-","-","-","-","-","-","-","-","-"
"1441","A. Mattison","A. Mattison","RB","MIA","12","IR","injury-status ir","Sun 1:00 PM@ IND","-","677.6","-","-","-","-","-","-","-","-","-","-","-"
"1442","A. Ratliff-Williams","A. Ratliff-Williams","WR","","","","injury-status","BYE","-","999.0","-","-","-","-","-","-","-","-","-","-","-"
"1443","M. Gaskin","M. Gaskin","RB","","","","injury-status","BYE","-","999.0","-","-","-","-","-","-","-","-","-","-","-"
"1444","T. Godwin","T. Godwin","WR","","","","injury-status","BYE","-","686.3","-","-","-","-","-","-","-","-","-","-","-"
"1445","K. Higdon","K. Higdon","RB","","","","injury-status","BYE","-","700.0","-","-","-","-","-","-","-","-","-","-","-"
"1446","A. Mack","A. Mack","TE","","","Ques","injury-status questionable","BYE","-","999.0","-","-","-","-","-","-","-","-","-","-","-"
"1447","T. McSorley","T. McSorley","QB","","","","injury-status","BYE","-","683.4","-","-","-","-","-","-","-","-","-","-","-"
"1448","M. Boykin","M. Boykin","WR","CHI","5","","injury-status","Mon 8:15 PMvs MIN","-","523.0","-","-","-","-","-","-","-","-","-","-","-"
"1449","K. Johnson","K. Johnson","WR","","","","injury-status","BYE","-","999.0","-","-","-","-","-","-","-","-","-","-","-"
"1450","J. Moore","J. Moore","RB","","","","injury-status","BYE","-","999.0","-","-","-","-","-","-","-","-","-","-","-"
"1451","I. Nauta","I. Nauta","TE","GB","5","Ques","injury-status questionable","Sun 4:25 PMvs DET","-","536.5","-","-","-","-","-","-","-","-","-","-","-"
"1452","N. Murray","N. Murray","WR","","","","injury-status","BYE","-","999.0","-","-","-","-","-","-","-","-","-","-","-"
"1453","F. Davis","F. Davis","WR","","","","injury-status","BYE","-","999.0","-","-","-","-","-","-","-","-","-","-","-"
"1454","A. Johnson","A. Johnson","WR","","","","injury-status","BYE","-","690.4","-","-","-","-","-","-","-","-","-","-","-"
"1455","E. Hall","E. Hall","WR","","","Ques","injury-status questionable","BYE","-","999.0","-","-","-","-","-","-","-","-","-","-","-"
"1456","E. Holyfield","E. Holyfield","RB","","","","injury-status","BYE","-","644.0","-","-","-","-","-","-","-","-","-","-","-"
"1457","R. Anderson","R. Anderson","RB","","","","injury-status","BYE","-","999.0","-","-","-","-","-","-","-","-","-","-","-"
"1458","M. Hardman","M. Hardman","WR","GB","5","","injury-status","Sun 4:25 PMvs DET","-","660.4","-","-","-","-","-","-","-","-","-","-","-"
"1459","D. Henderson","D. Henderson","RB","","","","injury-status","BYE","-","650.0","-","-","-","-","-","-","-","-","-","-","-"
"1460","A. Isabella","A. Isabella","WR","","","Ques","injury-status questionable","BYE","-","617.8","-","-","-","-","-","-","-","-","-","-","-"
"1461","J. Hurd","J. Hurd","WR","","","","injury-status","BYE","-","999.0","-","-","-","-","-","-","-","-","-","-","-"
"1462","W. Grier","W. Grier","QB","DAL","10","","injury-status","Thu 8:20 PM@ PHI","-","391.0","-","-","-","-","-","-","-","-","-","-","-"
"1463","P. Hart","P. Hart","WR","","","Ques","injury-status questionable","BYE","-","566.0","-","-","-","-","-","-","-","-","-","-","-"
"1464","M. Crosby","M. Crosby","K","","","","injury-status","BYE","-","624.3","-","-","-","-","-","-","-","-","-","-","-"
"1465","D. Harris","D. Harris","RB","","","","injury-status","BYE","-","695.6","-","-","-","-","-","-","-","-","-","-","-"
"1466","B. Love","B. Love","RB","","","Ques","injury-status questionable","BYE","-","606.3","-","-","-","-","-","-","-","-","-","-","-"
"1467","H. Butler","H. Butler","TE","","","","injury-status","BYE","-","999.0","-","-","-","-","-","-","-","-","-","-","-"
"1468","R. Finley","R. Finley","QB","","","","injury-status","BYE","-","999.0","-","-","-","-","-","-","-","-","-","-","-"
"1469","K. Harmon","K. Harmon","WR","","","","injury-status","BYE","-","999.0","-","-","-","-","-","-","-","-","-","-","-"
"1470","N. Harry","N. Harry","TE","","","","injury-status","BYE","-","593.3","-","-","-","-","-","-","-","-","-","-","-"
"1471","R. Ridley","R. Ridley","WR","","","","injury-status","BYE","-","606.4","-","-","-","-","-","-","-","-","-","-","-"
"1472","L. Paulsen","L. Paulsen","TE","","","","injury-status","BYE","-","999.0","-","-","-","-","-","-","-","-","-","-","-"
"1473","J. Arcega-Whiteside","J. Arcega-Whiteside","TE","","","","injury-status","BYE","-","698.0","-","-","-","-","-","-","-","-","-","-","-"
"1474","P. Andersen","P. Andersen","K","","","","injury-status","BYE","-","507.0","-","-","-","-","-","-","-","-","-","-","-"
"1475","R. Jones","R. Jones","K","","","","injury-status","BYE","-","650.5","-","-","-","-","-","-","-","-","-","-","-"
"1476","B. Mitchell","B. Mitchell","WR","","","","injury-status","BYE","-","999.0","-","-","-","-","-","-","-","-","-","-","-"
"1477","D. Spencer","D. Spencer","WR","","","","injury-status","BYE","-","999.0","-","-","-","-","-","-","-","-","-","-","-"
"1478","T. Vizcaino","T. Vizcaino","K","","","","injury-status","BYE","-","404.6","-","-","-","-","-","-","-","-","-","-","-"
"1479","J. Gardner","J. Gardner","RB","","","","injury-status","BYE","-","583.2","-","-","-","-","-","-","-","-","-","-","-"
"1480","C. Jessop","C. Jessop","QB","","","","injury-status","BYE","-","999.0","-","-","-","-","-","-","-","-","-","-","-"
"1481","J. Wolford","J. Wolford","QB","","","","injury-status","BYE","-","999.0","-","-","-","-","-","-","-","-","-","-","-"
"1482","J. Williams","J. Williams","WR","","","","injury-status","BYE","-","266.0","-","-","-","-","-","-","-","-","-","-","-"
"1483","K. McCrary","K. McCrary","RB","","","","injury-status","BYE","-","999.0","-","-","-","-","-","-","-","-","-","-","-"
"1484","J. Stockton","J. Stockton","RB","","","","injury-status","BYE","-","999.0","-","-","-","-","-","-","-","-","-","-","-"
"1485","D. Prince","D. Prince","WR","","","","injury-status","BYE","-","999.0","-","-","-","-","-","-","-","-","-","-","-"
"1486","D. Carrington","D. Carrington","WR","","","NA","injury-status na","BYE","-","999.0","-","-","-","-","-","-","-","-","-","-","-"
"1487","A. Wolf","A. Wolf","WR","","","","injury-status","BYE","-","999.0","-","-","-","-","-","-","-","-","-","-","-"
"1488","G. Holmes","G. Holmes","RB","","","","injury-status","BYE","-","999.0","-","-","-","-","-","-","-","-","-","-","-"
"1489","B. Bobo","B. Bobo","WR","","","","injury-status","BYE","-","691.5","-","-","-","-","-","-","-","-","-","-","-"
"1490","M. Peterson","M. Peterson","WR","","","","injury-status","BYE","-","286.5","-","-","-","-","-","-","-","-","-","-","-"
"1491","J. Butler","J. Butler","RB","","","","injury-status","BYE","-","594.0","-","-","-","-","-","-","-","-","-","-","-"
"1492","M. Turner","M. Turner","WR","SF","14","","injury-status","Sun 4:05 PM@ SEA","-","999.0","-","-","-","-","-","-","-","-","-","-","-"
"1493","M. Jones","M. Jones","WR","","","","injury-status","BYE","-","999.0","-","-","-","-","-","-","-","-","-","-","-"
"1494","M. Chapman","M. Chapman","WR","","","","injury-status","BYE","-","999.0","-","-","-","-","-","-","-","-","-","-","-"
"1495","J. Murphy","J. Murphy","WR","","","","injury-status","BYE","-","999.0","-","-","-","-","-","-","-","-","-","-","-"
"1496","C. Serigne","C. Serigne","TE","","","","injury-status","BYE","-","999.0","-","-","-","-","-","-","-","-","-","-","-"
"1497","A. Lacombe","A. Lacombe","WR","","","","injury-status","BYE","-","999.0","-","-","-","-","-","-","-","-","-","-","-"
"1498","J. Smith","J. Smith","WR","","","","injury-status","BYE","-","601.0","-","-","-","-","-","-","-","-","-","-","-"
"1499","J. Crockett","J. Crockett","WR","","","","injury-status","BYE","-","647.9","-","-","-","-","-","-","-","-","-","-","-"
"1500","G. Dickerson","G. Dickerson","TE","","","","injury-status","BYE","-","663.8","-","-","-","-","-","-","-","-","-","-","-"
"1501","J. Graham","J. Graham","TE","","","Ques","injury-status questionable","BYE","-","568.5","-","-","-","-","-","-","-","-","-","-","-"
"1502","S. Badie","S. Badie","RB","","","","injury-status","BYE","-","999.0","-","-","-","-","-","-","-","-","-","-","-"
"1503","A. Roberts","A. Roberts","TE","","","","injury-status","BYE","-","999.0","-","-","-","-","-","-","-","-","-","-","-"
"1504","G. Hudson","G. Hudson","TE","","","","injury-status","BYE","-","999.0","-","-","-","-","-","-","-","-","-","-","-"
"1505","K. Ross","K. Ross","WR","","","","injury-status","BYE","-","999.0","-","-","-","-","-","-","-","-","-","-","-"
"1506","N. Stevens","N. Stevens","QB","","","","injury-status","BYE","-","999.0","-","-","-","-","-","-","-","-","-","-","-"
"1507","E. Massington","E. Massington","WR","NO","11","","injury-status","Sun 1:00 PMvs ARI","-","999.0","-","-","-","-","-","-","-","-","-","-","-"
"1508","D. Bryant","D. Bryant","WR","","","","injury-status","BYE","-","616.5","-","-","-","-","-","-","-","-","-","-","-"
"1509","C. Duncan","C. Duncan","WR","","","","injury-status","BYE","-","635.6","-","-","-","-","-","-","-","-","-","-","-"
"1510","C. Wilson","C. Wilson","TE","","","","injury-status","BYE","-","695.0","-","-","-","-","-","-","-","-","-","-","-"
"1511","D. Kidsy","D. Kidsy","WR","","","","injury-status","BYE","-","999.0","-","-","-","-","-","-","-","-","-","-","-"
"1512","R. Yurachek","R. Yurachek","TE","","","","injury-status","BYE","-","539.0","-","-","-","-","-","-","-","-","-","-","-"
"1513","T. Wilson","T. Wilson","WR","","","","injury-status","BYE","-","426.2","-","-","-","-","-","-","-","-","-","-","-"
"1514","N. Holley","N. Holley","WR","","","","injury-status","BYE","-","999.0","-","-","-","-","-","-","-","-","-","-","-"
"1515","L. Perez","L. Perez","QB","","","","injury-status","BYE","-","999.0","-","-","-","-","-","-","-","-","-","-","-"
"1516","J. Franklin","J. Franklin","WR","","","Ques","injury-status questionable","BYE","-","999.0","-","-","-","-","-","-","-","-","-","-","-"
"1517","D. Alexander","D. Alexander","WR","","","","injury-status","BYE","-","999.0","-","-","-","-","-","-","-","-","-","-","-"
"1518","R. Martin","R. Martin","RB","","","","injury-status","BYE","-","999.0","-","-","-","-","-","-","-","-","-","-","-"
"1519","M. Fleming","M. Fleming","WR","","","","injury-status","BYE","-","999.0","-","-","-","-","-","-","-","-","-","-","-"
"1520","Z. Olstad","Z. Olstad","RB","","","","injury-status","BYE","-","999.0","-","-","-","-","-","-","-","-","-","-","-"
"1521","R. Santoso","R. Santoso","K, P","","","","injury-status","BYE","-","358.8","-","-","-","-","-","-","-","-","-","-","-"
"1522","S. Wimann","S. Wimann","RB","","","","injury-status","BYE","-","999.0","-","-","-","-","-","-","-","-","-","-","-"
"1523","C. Lacy","C. Lacy","WR","","","Ques","injury-status questionable","BYE","-","699.5","-","-","-","-","-","-","-","-","-","-","-"
"1524","S. Roland","S. Roland","WR","CHI","5","","injury-status","Mon 8:15 PMvs MIN","-","657.2","-","-","-","-","-","-","-","-","-","-","-"
"1525","G. Johnson","G. Johnson","WR","","","","injury-status","BYE","-","656.0","-","-","-","-","-","-","-","-","-","-","-"
"1526","D. Dawkins","D. Dawkins","RB","","","","injury-status","BYE","-","630.0","-","-","-","-","-","-","-","-","-","-","-"
"1527","L. Rose","L. Rose","RB","","","NA","injury-status na","BYE","-","683.9","-","-","-","-","-","-","-","-","-","-","-"
"1528","A. Mahoungou","A. Mahoungou","WR","","","","injury-status","BYE","-","999.0","-","-","-","-","-","-","-","-","-","-","-"
"1529","S. Baggett","S. Baggett","TE","","","","injury-status","BYE","-","678.1","-","-","-","-","-","-","-","-","-","-","-"
"1530","D. Boyd","D. Boyd","WR","","","","injury-status","BYE","-","637.0","-","-","-","-","-","-","-","-","-","-","-"
"1531","B. Roback","B. Roback","QB","","","","injury-status","BYE","-","999.0","-","-","-","-","-","-","-","-","-","-","-"
"1532","J. Smallwood","J. Smallwood","WR","","","","injury-status","BYE","-","659.5","-","-","-","-","-","-","-","-","-","-","-"
"1533","T. Tebow","T. Tebow","TE","","","","injury-status","BYE","-","674.5","-","-","-","-","-","-","-","-","-","-","-"
"1534","C. Warren","C. Warren","RB","","","","injury-status","BYE","-","999.0","-","-","-","-","-","-","-","-","-","-","-"
"1535","H. Poggi","H. Poggi","RB","","","","injury-status","BYE","-","657.5","-","-","-","-","-","-","-","-","-","-","-"
"1536","C. Beebe","C. Beebe","WR","","","","injury-status","BYE","-","580.3","-","-","-","-","-","-","-","-","-","-","-"
"1537","J. Stanton","J. Stanton","RB","","","","injury-status","BYE","-","999.0","-","-","-","-","-","-","-","-","-","-","-"
"1538","J. Allen","J. Allen","RB","","","","injury-status","BYE","-","574.8","-","-","-","-","-","-","-","-","-","-","-"
"1539","J. Cabinda","J. Cabinda","RB","","","","injury-status","BYE","-","638.3","-","-","-","-","-","-","-","-","-","-","-"
"1540","K. Hill","K. Hill","RB","","","","injury-status","BYE","-","999.0","-","-","-","-","-","-","-","-","-","-","-"
"1541","M. Martin","M. Martin","RB","","","","injury-status","BYE","-","999.0","-","-","-","-","-","-","-","-","-","-","-"
"1542","J. Moore","J. Moore","RB","","","","injury-status","BYE","-","251.0","-","-","-","-","-","-","-","-","-","-","-"
"1543","D. Williams","D. Williams","RB","","","","injury-status","BYE","-","999.0","-","-","-","-","-","-","-","-","-","-","-"
"1544","E. Marks","E. Marks","WR","","","","injury-status","BYE","-","678.7","-","-","-","-","-","-","-","-","-","-","-"
"1545","R. Smith","R. Smith","TE","","","","injury-status","BYE","-","626.0","-","-","-","-","-","-","-","-","-","-","-"
"1546","D. Willies","D. Willies","WR","","","","injury-status","BYE","-","663.8","-","-","-","-","-","-","-","-","-","-","-"
"1547","D. Hilliard","D. Hilliard","RB","","","Ques","injury-status questionable","BYE","-","999.0","-","-","-","-","-","-","-","-","-","-","-"
"1548","E. Berry","E. Berry","WR","","","","injury-status","BYE","-","999.0","-","-","-","-","-","-","-","-","-","-","-"
"1549","C. Scotland-Williamson","C. Scotland-Williamson","TE","","","","injury-status","BYE","-","999.0","-","-","-","-","-","-","-","-","-","-","-"
"1550","N. Keizer","N. Keizer","TE","","","","injury-status","BYE","-","682.2","-","-","-","-","-","-","-","-","-","-","-"
"1551","D. Turner","D. Turner","RB","","","","injury-status","BYE","-","689.8","-","-","-","-","-","-","-","-","-","-","-"
"1552","M. Thompson","M. Thompson","RB","","","","injury-status","BYE","-","635.2","-","-","-","-","-","-","-","-","-","-","-"
"1553","C. Ezeala","C. Ezeala","RB","","","","injury-status","BYE","-","999.0","-","-","-","-","-","-","-","-","-","-","-"
"1554","K. Vedvik","K. Vedvik","K, P","","","","injury-status","BYE","-","256.0","-","-","-","-","-","-","-","-","-","-","-"
"1555","C. Sims","C. Sims","WR","","","Ques","injury-status questionable","BYE","-","539.5","-","-","-","-","-","-","-","-","-","-","-"
"1556","S. Fields","S. Fields","WR","","","","injury-status","BYE","-","999.0","-","-","-","-","-","-","-","-","-","-","-"
"1557","R. Jeune","R. Jeune","WR","","","","injury-status","BYE","-","999.0","-","-","-","-","-","-","-","-","-","-","-"
"1558","L. Gonzalez","L. Gonzalez","WR","","","","injury-status","BYE","-","999.0","-","-","-","-","-","-","-","-","-","-","-"
"1559","J. Diarse","J. Diarse","WR","","","","injury-status","BYE","-","999.0","-","-","-","-","-","-","-","-","-","-","-"
"1560","S. Bailey","S. Bailey","WR","","","","injury-status","BYE","-","999.0","-","-","-","-","-","-","-","-","-","-","-"
"1561","E. Philips","E. Philips","RB","","","","injury-status","BYE","-","999.0","-","-","-","-","-","-","-","-","-","-","-"
"1562","P. Pujals","P. Pujals","QB","","","","injury-status","BYE","-","583.5","-","-","-","-","-","-","-","-","-","-","-"
"1563","A. Foreman","A. Foreman","WR","","","","injury-status","BYE","-","999.0","-","-","-","-","-","-","-","-","-","-","-"
"1564","J. Crawford","J. Crawford","RB","","","","injury-status","BYE","-","700.4","-","-","-","-","-","-","-","-","-","-","-"
"1565","T. Moore","T. Moore","K","","","","injury-status","BYE","-","317.0","-","-","-","-","-","-","-","-","-","-","-"
"1566","S. Wilson","S. Wilson","RB","","","","injury-status","BYE","-","628.5","-","-","-","-","-","-","-","-","-","-","-"
"1567","J. Heneghan","J. Heneghan","QB","","","","injury-status","BYE","-","999.0","-","-","-","-","-","-","-","-","-","-","-"
"1568","M. McCrane","M. McCrane","K","","","","injury-status","BYE","-","533.5","-","-","-","-","-","-","-","-","-","-","-"
"1569","A. Bloom","A. Bloom","TE","","","","injury-status","BYE","-","999.0","-","-","-","-","-","-","-","-","-","-","-"
"1570","J. Trinnaman","J. Trinnaman","WR","","","","injury-status","BYE","-","687.0","-","-","-","-","-","-","-","-","-","-","-"
"1571","E. Sanders","E. Sanders","WR","","","","injury-status","BYE","-","638.3","-","-","-","-","-","-","-","-","-","-","-"
"1572","A. Brown","A. Brown","WR","","","","injury-status","BYE","-","675.7","-","-","-","-","-","-","-","-","-","-","-"
"1573","D. Miller","D. Miller","WR","","","","injury-status","BYE","-","999.0","-","-","-","-","-","-","-","-","-","-","-"
"1574","A. Manzo-Lewis","A. Manzo-Lewis","TE","","","","injury-status","BYE","-","540.4","-","-","-","-","-","-","-","-","-","-","-"
"1575","N. Sharga","N. Sharga","RB","","","","injury-status","BYE","-","399.0","-","-","-","-","-","-","-","-","-","-","-"
"1576","N. Miller-Hines","N. Miller-Hines","RB","LAC","12","","injury-status","Fri 8:00 PMvs KC","-","663.0","-","-","-","-","-","-","-","-","-","-","-"
"1577","C. McCoy","C. McCoy","QB","","","","injury-status","BYE","-","652.5","-","-","-","-","-","-","-","-","-","-","-"
"1578","E. St. Brown","E. St. Brown","WR","","","Ques","injury-status questionable","BYE","-","656.8","-","-","-","-","-","-","-","-","-","-","-"
"1579","J. Looney","J. Looney","TE","","","","injury-status","BYE","-","483.0","-","-","-","-","-","-","-","-","-","-","-"
"1580","A. Callaway","A. Callaway","WR","","","","injury-status","BYE","-","999.0","-","-","-","-","-","-","-","-","-","-","-"
"1581","E. Wellman","E. Wellman","TE","","","","injury-status","BYE","-","999.0","-","-","-","-","-","-","-","-","-","-","-"
"1582","D. Pierson-El","D. Pierson-El","WR","","","","injury-status","BYE","-","258.0","-","-","-","-","-","-","-","-","-","-","-"
"1583","M. Holder","M. Holder","WR","","","","injury-status","BYE","-","999.0","-","-","-","-","-","-","-","-","-","-","-"
"1584","J. Veasy","J. Veasy","WR","","","","injury-status","BYE","-","999.0","-","-","-","-","-","-","-","-","-","-","-"
"1585","D. Ross","D. Ross","WR","","","","injury-status","BYE","-","999.0","-","-","-","-","-","-","-","-","-","-","-"
"1586","D. Burnett","D. Burnett","WR","","","","injury-status","BYE","-","641.7","-","-","-","-","-","-","-","-","-","-","-"
"1587","C. Batson","C. Batson","WR","","","","injury-status","BYE","-","999.0","-","-","-","-","-","-","-","-","-","-","-"
"1588","A. Allen","A. Allen","QB","","","","injury-status","BYE","-","999.0","-","-","-","-","-","-","-","-","-","-","-"
"1589","R. Dwelley","R. Dwelley","TE","","","","injury-status","BYE","-","566.5","-","-","-","-","-","-","-","-","-","-","-"
"1590","K. White","K. White","WR","","","","injury-status","BYE","-","999.0","-","-","-","-","-","-","-","-","-","-","-"
"1591","J. Franklin","J. Franklin","RB","","","","injury-status","BYE","-","438.0","-","-","-","-","-","-","-","-","-","-","-"
"1592","D. Yelder","D. Yelder","TE","","","","injury-status","BYE","-","999.0","-","-","-","-","-","-","-","-","-","-","-"
"1593","T. Hoppes","T. Hoppes","TE","","","","injury-status","BYE","-","649.3","-","-","-","-","-","-","-","-","-","-","-"
"1594","J. Badet","J. Badet","WR","","","","injury-status","BYE","-","999.0","-","-","-","-","-","-","-","-","-","-","-"
"1595","K. Pettway","K. Pettway","RB","","","","injury-status","BYE","-","999.0","-","-","-","-","-","-","-","-","-","-","-"
"1596","B. Howell","B. Howell","RB","","","","injury-status","BYE","-","556.0","-","-","-","-","-","-","-","-","-","-","-"
"1597","C. McElroy","C. McElroy","TE","","","Ques","injury-status questionable","BYE","-","999.0","-","-","-","-","-","-","-","-","-","-","-"
"1598","B. Johnson","B. Johnson","TE","","","","injury-status","BYE","-","664.3","-","-","-","-","-","-","-","-","-","-","-"
"1599","N. Shimonek","N. Shimonek","QB","","","","injury-status","BYE","-","383.0","-","-","-","-","-","-","-","-","-","-","-"
"1600","B. Mack","B. Mack","TE","","","","injury-status","BYE","-","646.0","-","-","-","-","-","-","-","-","-","-","-"
"1601","C. Litton","C. Litton","QB","","","","injury-status","BYE","-","999.0","-","-","-","-","-","-","-","-","-","-","-"
"1602","J. Weah","J. Weah","WR","","","","injury-status","BYE","-","578.0","-","-","-","-","-","-","-","-","-","-","-"
"1603","V. Smith","V. Smith","WR","","","","injury-status","BYE","-","622.3","-","-","-","-","-","-","-","-","-","-","-"
"1604","T. Boyle","T. Boyle","QB","","","","injury-status","BYE","-","377.0","-","-","-","-","-","-","-","-","-","-","-"
"1605","T. Redding","T. Redding","WR","","","","injury-status","BYE","-","999.0","-","-","-","-","-","-","-","-","-","-","-"
"1606","J. Williams","J. Williams","WR","","","","injury-status","BYE","-","449.6","-","-","-","-","-","-","-","-","-","-","-"
"1607","J. Franks","J. Franks","TE","","","","injury-status","BYE","-","999.0","-","-","-","-","-","-","-","-","-","-","-"
"1608","R. Lawry","R. Lawry","RB","","","","injury-status","BYE","-","999.0","-","-","-","-","-","-","-","-","-","-","-"
"1609","R. Foster","R. Foster","WR","","","","injury-status","BYE","-","999.0","-","-","-","-","-","-","-","-","-","-","-"
"1610","A. Levrone","A. Levrone","WR","","","","injury-status","BYE","-","999.0","-","-","-","-","-","-","-","-","-","-","-"
"1611","D. Marvin","D. Marvin","K","","","","injury-status","BYE","-","678.2","-","-","-","-","-","-","-","-","-","-","-"
"1612","J. Roh","J. Roh","TE","","","","injury-status","BYE","-","615.5","-","-","-","-","-","-","-","-","-","-","-"
"1613","T. Mangen","T. Mangen","TE","","","","injury-status","BYE","-","999.0","-","-","-","-","-","-","-","-","-","-","-"
"1614","D. Gray","D. Gray","WR","","","","injury-status","BYE","-","649.0","-","-","-","-","-","-","-","-","-","-","-"
"1615","D. Clark","D. Clark","WR","","","","injury-status","BYE","-","999.0","-","-","-","-","-","-","-","-","-","-","-"
"1616","D. Byrd","D. Byrd","WR","","","","injury-status","BYE","-","999.0","-","-","-","-","-","-","-","-","-","-","-"
"1617","C. Blake","C. Blake","WR","","","","injury-status","BYE","-","999.0","-","-","-","-","-","-","-","-","-","-","-"
"1618","D. Marx","D. Marx","RB","","","","injury-status","BYE","-","999.0","-","-","-","-","-","-","-","-","-","-","-"
"1619","L. Jordan","L. Jordan","QB","","","","injury-status","BYE","-","489.5","-","-","-","-","-","-","-","-","-","-","-"
"1620","A. Ramesh","A. Ramesh","RB","","","","injury-status","BYE","-","999.0","-","-","-","-","-","-","-","-","-","-","-"
"1621","K. Lewis","K. Lewis","WR","","","","injury-status","BYE","-","999.0","-","-","-","-","-","-","-","-","-","-","-"
"1622","D. Wells","D. Wells","TE","","","","injury-status","BYE","-","999.0","-","-","-","-","-","-","-","-","-","-","-"
"1623","M. Baugh","M. Baugh","TE","","","","injury-status","BYE","-","999.0","-","-","-","-","-","-","-","-","-","-","-"
"1624","C. Hunt","C. Hunt","TE","","","","injury-status","BYE","-","999.0","-","-","-","-","-","-","-","-","-","-","-"
"1625","J. Barrett","J. Barrett","QB","","","","injury-status","BYE","-","635.0","-","-","-","-","-","-","-","-","-","-","-"
"1626","T. Williams","T. Williams","WR","","","","injury-status","BYE","-","999.0","-","-","-","-","-","-","-","-","-","-","-"
"1627","C. Scott","C. Scott","WR","TEN","10","","injury-status","Sun 4:05 PM@ DEN","-","525.3","-","-","-","-","-","-","-","-","-","-","-"
"1628","G. Igwebuike","G. Igwebuike","RB","","","","injury-status","BYE","-","636.1","-","-","-","-","-","-","-","-","-","-","-"
"1629","J. Reese","J. Reese","TE","","","","injury-status","BYE","-","999.0","-","-","-","-","-","-","-","-","-","-","-"
"1630","J. Wieneke","J. Wieneke","WR","","","","injury-status","BYE","-","602.0","-","-","-","-","-","-","-","-","-","-","-"
"1631","K. Robertson","K. Robertson","WR","","","","injury-status","BYE","-","410.0","-","-","-","-","-","-","-","-","-","-","-"
"1632","M. Boone","M. Boone","RB","","","","injury-status","BYE","-","683.0","-","-","-","-","-","-","-","-","-","-","-"
"1633","M. Murdock","M. Murdock","WR","","","","injury-status","BYE","-","636.0","-","-","-","-","-","-","-","-","-","-","-"
"1634","T. Swanson","T. Swanson","RB","","","","injury-status","BYE","-","669.0","-","-","-","-","-","-","-","-","-","-","-"
"1635","B. Pringle","B. Pringle","WR","","","","injury-status","BYE","-","999.0","-","-","-","-","-","-","-","-","-","-","-"
"1636","R. Gafford","R. Gafford","WR","","","","injury-status","BYE","-","427.0","-","-","-","-","-","-","-","-","-","-","-"
"1637","E. Wolf","E. Wolf","TE","","","","injury-status","BYE","-","686.5","-","-","-","-","-","-","-","-","-","-","-"
"1638","A. Wadley","A. Wadley","RB","","","","injury-status","BYE","-","616.0","-","-","-","-","-","-","-","-","-","-","-"
"1639","D. Grayson","D. Grayson","WR","","","","injury-status","BYE","-","999.0","-","-","-","-","-","-","-","-","-","-","-"
"1640","K. Rader","K. Rader","TE","","","Ques","injury-status questionable","BYE","-","695.5","-","-","-","-","-","-","-","-","-","-","-"
"1641","P. Lindsay","P. Lindsay","RB","","","","injury-status","BYE","-","999.0","-","-","-","-","-","-","-","-","-","-","-"
"1642","M. Earl","M. Earl","WR","","","","injury-status","BYE","-","999.0","-","-","-","-","-","-","-","-","-","-","-"
"1643","J. Chunn","J. Chunn","RB","","","","injury-status","BYE","-","999.0","-","-","-","-","-","-","-","-","-","-","-"
"1644","D. Sturm","D. Sturm","QB","","","","injury-status","BYE","-","597.9","-","-","-","-","-","-","-","-","-","-","-"
"1645","D. Scott","D. Scott","WR","","","","injury-status","BYE","-","999.0","-","-","-","-","-","-","-","-","-","-","-"
"1646","R. Nall","R. Nall","RB","","","","injury-status","BYE","-","999.0","-","-","-","-","-","-","-","-","-","-","-"
"1647","R. Bonnafon","R. Bonnafon","RB","","","","injury-status","BYE","-","999.0","-","-","-","-","-","-","-","-","-","-","-"
"1648","A. Vollert","A. Vollert","TE","","","","injury-status","BYE","-","999.0","-","-","-","-","-","-","-","-","-","-","-"
"1649","C. Willis","C. Willis","WR","","","","injury-status","BYE","-","999.0","-","-","-","-","-","-","-","-","-","-","-"
"1650","R. Gronkowski","R. Gronkowski","TE","","","","injury-status","BYE","-","677.1","-","-","-","-","-","-","-","-","-","-","-"
"1651","L. McNitt","L. McNitt","RB","","","","injury-status","BYE","-","622.0","-","-","-","-","-","-","-","-","-","-","-"
"1652","M. Williams","M. Williams","RB","","","","injury-status","BYE","-","999.0","-","-","-","-","-","-","-","-","-","-","-"
"1653","D. Richard","D. Richard","RB","","","","injury-status","BYE","-","999.0","-","-","-","-","-","-","-","-","-","-","-"
"1654","K. Benkert","K. Benkert","QB","","","","injury-status","BYE","-","699.0","-","-","-","-","-","-","-","-","-","-","-"
"1655","J. Acklin","J. Acklin","WR","","","","injury-status","BYE","-","999.0","-","-","-","-","-","-","-","-","-","-","-"
"1656","T. Quinn","T. Quinn","WR","","","","injury-status","BYE","-","999.0","-","-","-","-","-","-","-","-","-","-","-"
"1657","M. Carter","M. Carter","RB","","","","injury-status","BYE","-","999.0","-","-","-","-","-","-","-","-","-","-","-"
"1658","R. James","R. James","WR","","","","injury-status","BYE","-","999.0","-","-","-","-","-","-","-","-","-","-","-"
"1659","J. Adams","J. Adams","RB","","","","injury-status","BYE","-","999.0","-","-","-","-","-","-","-","-","-","-","-"
"1660","K. Kirkwood","K. Kirkwood","WR","BAL","7","","injury-status","Sun 8:20 PM@ BUF","-","999.0","-","-","-","-","-","-","-","-","-","-","-"
"1661","S. Mitchell","S. Mitchell","WR","","","","injury-status","BYE","-","999.0","-","-","-","-","-","-","-","-","-","-","-"
"1662","J. Jackson","J. Jackson","RB","","","","injury-status","BYE","-","651.0","-","-","-","-","-","-","-","-","-","-","-"
"1663","A. Tate","A. Tate","WR","","","","injury-status","BYE","-","513.0","-","-","-","-","-","-","-","-","-","-","-"
"1664","A. Jennings","A. Jennings","WR","","","","injury-status","BYE","-","306.0","-","-","-","-","-","-","-","-","-","-","-"
"1665","L. Woodside","L. Woodside","QB","","","","injury-status","BYE","-","999.0","-","-","-","-","-","-","-","-","-","-","-"
"1666","K. Allen","K. Allen","QB","DET","8","","injury-status","Sun 4:25 PM@ GB","-","346.8","-","-","-","-","-","-","-","-","-","-","-"
"1667","A. Proehl","A. Proehl","WR","","","Ques","injury-status questionable","BYE","-","999.0","-","-","-","-","-","-","-","-","-","-","-"
"1668","D. Patterson","D. Patterson","WR","","","","injury-status","BYE","-","999.0","-","-","-","-","-","-","-","-","-","-","-"
"1669","A. McGough","A. McGough","QB","","","","injury-status","BYE","-","999.0","-","-","-","-","-","-","-","-","-","-","-"
"1670","T. Cannon","T. Cannon","RB","","","","injury-status","BYE","-","999.0","-","-","-","-","-","-","-","-","-","-","-"
"1671","B. Scott","B. Scott","RB","","","","injury-status","BYE","-","670.5","-","-","-","-","-","-","-","-","-","-","-"
"1672","D. Etling","D. Etling","QB","","","","injury-status","BYE","-","999.0","-","-","-","-","-","-","-","-","-","-","-"
"1673","J. Thomas","J. Thomas","TE","","","","injury-status","BYE","-","999.0","-","-","-","-","-","-","-","-","-","-","-"
"1674","N. Bawden","N. Bawden","RB","","","","injury-status","BYE","-","659.0","-","-","-","-","-","-","-","-","-","-","-"
"1675","B. Scarbrough","B. Scarbrough","RB","","","","injury-status","BYE","-","999.0","-","-","-","-","-","-","-","-","-","-","-"
"1676","J. Wims","J. Wims","WR","","","","injury-status","BYE","-","999.0","-","-","-","-","-","-","-","-","-","-","-"
"1677","L. Falk","L. Falk","QB","","","","injury-status","BYE","-","999.0","-","-","-","-","-","-","-","-","-","-","-"
"1678","J. Samuels","J. Samuels","RB","","","","injury-status","BYE","-","999.0","-","-","-","-","-","-","-","-","-","-","-"
"1679","D. Cantrell","D. Cantrell","TE","","","Ques","injury-status questionable","BYE","-","999.0","-","-","-","-","-","-","-","-","-","-","-"
"1680","D. Fountain","D. Fountain","WR","","","","injury-status","BYE","-","643.0","-","-","-","-","-","-","-","-","-","-","-"
"1681","D. Cain","D. Cain","WR","","","","injury-status","BYE","-","679.0","-","-","-","-","-","-","-","-","-","-","-"
"1682","J. Wilkins","J. Wilkins","RB","","","","injury-status","BYE","-","610.3","-","-","-","-","-","-","-","-","-","-","-"
"1683","R. Izzo","R. Izzo","TE","","","","injury-status","BYE","-","271.0","-","-","-","-","-","-","-","-","-","-","-"
"1684","T. Fumagalli","T. Fumagalli","TE","","","","injury-status","BYE","-","598.0","-","-","-","-","-","-","-","-","-","-","-"
"1685","M. White","M. White","QB","","","","injury-status","BYE","-","620.0","-","-","-","-","-","-","-","-","-","-","-"
"1686","D. Ratley","D. Ratley","WR","","","","injury-status","BYE","-","999.0","-","-","-","-","-","-","-","-","-","-","-"
"1687","J. Kelly","J. Kelly","RB","","","","injury-status","BYE","-","999.0","-","-","-","-","-","-","-","-","-","-","-"
"1688","K. Johnson","K. Johnson","RB","","","","injury-status","BYE","-","999.0","-","-","-","-","-","-","-","-","-","-","-"
"1689","R. Jones","R. Jones","RB","","","","injury-status","BYE","-","485.3","-","-","-","-","-","-","-","-","-","-","-"
"1690","R. Freeman","R. Freeman","RB","","","","injury-status","BYE","-","999.0","-","-","-","-","-","-","-","-","-","-","-"
"1691","M. Gallup","M. Gallup","WR","","","","injury-status","BYE","-","673.5","-","-","-","-","-","-","-","-","-","-","-"
"1692","T. Smith","T. Smith","WR","","","","injury-status","BYE","-","550.0","-","-","-","-","-","-","-","-","-","-","-"
"1693","J. Washington","J. Washington","WR","","","","injury-status","BYE","-","497.0","-","-","-","-","-","-","-","-","-","-","-"
"1694","A. Miller","A. Miller","WR","BAL","7","","injury-status","Sun 8:20 PM@ BUF","-","387.5","-","-","-","-","-","-","-","-","-","-","-"
"1695","C. Herndon","C. Herndon","TE","","","","injury-status","BYE","-","999.0","-","-","-","-","-","-","-","-","-","-","-"
"1696","K. Coutee","K. Coutee","WR","","","","injury-status","BYE","-","999.0","-","-","-","-","-","-","-","-","-","-","-"
"1697","J. Scott","J. Scott","WR","","","","injury-status","BYE","-","999.0","-","-","-","-","-","-","-","-","-","-","-"
"1698","I. Smith","I. Smith","RB","DAL","10","","injury-status","Thu 8:20 PM@ PHI","-","536.0","-","-","-","-","-","-","-","-","-","-","-"
"1699","C. Edmonds","C. Edmonds","RB","","","","injury-status","BYE","-","648.0","-","-","-","-","-","-","-","-","-","-","-"
"1700","D. Hamilton","D. Hamilton","WR","","","","injury-status","BYE","-","999.0","-","-","-","-","-","-","-","-","-","-","-"
"1701","M. Walton","M. Walton","RB","","","","injury-status","BYE","-","999.0","-","-","-","-","-","-","-","-","-","-","-"
"1702","K. Lauletta","K. Lauletta","QB","","","","injury-status","BYE","-","315.0","-","-","-","-","-","-","-","-","-","-","-"
"1703","K. Ballage","K. Ballage","RB","","","","injury-status","BYE","-","601.5","-","-","-","-","-","-","-","-","-","-","-"
"1704","R. Penny","R. Penny","RB","","","","injury-status","BYE","-","697.8","-","-","-","-","-","-","-","-","-","-","-"
"1705","H. Hurst","H. Hurst","TE","","","","injury-status","BYE","-","380.0","-","-","-","-","-","-","-","-","-","-","-"
"1706","S. Michel","S. Michel","RB","","","","injury-status","BYE","-","696.0","-","-","-","-","-","-","-","-","-","-","-"
"1707","B. Maher","B. Maher","K","","","","injury-status","BYE","-","428.2","-","-","-","-","-","-","-","-","-","-","-"
"1708","R. Jones","R. Jones","RB","","","","injury-status","BYE","-","999.0","-","-","-","-","-","-","-","-","-","-","-"
"1709","D. Guice","D. Guice","RB","","","","injury-status","BYE","-","676.9","-","-","-","-","-","-","-","-","-","-","-"
"1710","M. Ateman","M. Ateman","WR","","","","injury-status","BYE","-","999.0","-","-","-","-","-","-","-","-","-","-","-"
"1711","D. Smith","D. Smith","TE","","","","injury-status","BYE","-","999.0","-","-","-","-","-","-","-","-","-","-","-"
"1712","S. Noil","S. Noil","WR","","","","injury-status","BYE","-","618.5","-","-","-","-","-","-","-","-","-","-","-"
"1713","A. Riles","A. Riles","WR","IND","11","","injury-status","Sun 1:00 PMvs MIA","-","999.0","-","-","-","-","-","-","-","-","-","-","-"
"1714","S. Howard","S. Howard","QB","SEA","8","","injury-status","Sun 4:05 PMvs SF","-","999.0","-","-","-","-","-","-","-","-","-","-","-"
"1715","J. Williams","J. Williams","WR","","","","injury-status","BYE","-","592.8","-","-","-","-","-","-","-","-","-","-","-"
"1716","A. Appleby","A. Appleby","QB","","","","injury-status","BYE","-","651.5","-","-","-","-","-","-","-","-","-","-","-"
"1717","F. House","F. House","TE","CHI","5","","injury-status","Mon 8:15 PMvs MIN","-","999.0","-","-","-","-","-","-","-","-","-","-","-"
"1718","A. Fulwood","A. Fulwood","WR","","","","injury-status","BYE","-","694.8","-","-","-","-","-","-","-","-","-","-","-"
"1719","N. Schuessler","N. Schuessler","QB","PIT","5","","injury-status","Sun 1:00 PM@ NYJ","-","500.0","-","-","-","-","-","-","-","-","-","-","-"
"1720","Z. Terrell","Z. Terrell","QB","BAL","7","","injury-status","Sun 8:20 PM@ BUF","-","999.0","-","-","-","-","-","-","-","-","-","-","-"
"1721","R. Shell","R. Shell","RB","","","","injury-status","BYE","-","999.0","-","-","-","-","-","-","-","-","-","-","-"
"1722","G. Scantling","G. Scantling","WR","ATL","5","","injury-status","Sun 1:00 PMvs TB","-","999.0","-","-","-","-","-","-","-","-","-","-","-"
"1723","D. Virgies","D. Virgies","RB","","","","injury-status","BYE","-","999.0","-","-","-","-","-","-","-","-","-","-","-"
"1724","Q. McDuffie","Q. McDuffie","WR","","","","injury-status","BYE","-","686.3","-","-","-","-","-","-","-","-","-","-","-"
"1725","D. Amendola","D. Amendola","WR","","","","injury-status","BYE","-","699.0","-","-","-","-","-","-","-","-","-","-","-"
"1726","C. Daniel","C. Daniel","QB","","","","injury-status","BYE","-","551.4","-","-","-","-","-","-","-","-","-","-","-"
"1727","R. Gould","R. Gould","K","","","","injury-status","BYE","-","618.0","-","-","-","-","-","-","-","-","-","-","-"
"1728","L. Atkins","L. Atkins","WR","","","","injury-status","BYE","-","999.0","-","-","-","-","-","-","-","-","-","-","-"
"1729","B. Zylstra","B. Zylstra","WR","","","","injury-status","BYE","-","999.0","-","-","-","-","-","-","-","-","-","-","-"
"1730","C. Bazile","C. Bazile","TE","","","","injury-status","BYE","-","999.0","-","-","-","-","-","-","-","-","-","-","-"
"1731","J. Robinson","J. Robinson","TE","","","","injury-status","BYE","-","999.0","-","-","-","-","-","-","-","-","-","-","-"
"1732","J. Rosen","J. Rosen","QB","","","","injury-status","BYE","-","627.4","-","-","-","-","-","-","-","-","-","-","-"
"1733","K. Taylor","K. Taylor","TE","","","","injury-status","BYE","-","999.0","-","-","-","-","-","-","-","-","-","-","-"
"1734","R. Cracraft","R. Cracraft","WR","","","","injury-status","BYE","-","553.0","-","-","-","-","-","-","-","-","-","-","-"
"1735","J. Evans","J. Evans","QB","","","","injury-status","BYE","-","999.0","-","-","-","-","-","-","-","-","-","-","-"
"1736","M. Leidner","M. Leidner","QB","","","","injury-status","BYE","-","999.0","-","-","-","-","-","-","-","-","-","-","-"
"1737","D. Sims","D. Sims","RB","","","","injury-status","BYE","-","275.0","-","-","-","-","-","-","-","-","-","-","-"
"1738","A. Price","A. Price","TE","","","","injury-status","BYE","-","999.0","-","-","-","-","-","-","-","-","-","-","-"
"1739","J. Liggins","J. Liggins","WR","","","","injury-status","BYE","-","603.3","-","-","-","-","-","-","-","-","-","-","-"
"1740","D. Williams","D. Williams","WR","","","","injury-status","BYE","-","999.0","-","-","-","-","-","-","-","-","-","-","-"
"1741","R. Davis","R. Davis","WR","","","","injury-status","BYE","-","999.0","-","-","-","-","-","-","-","-","-","-","-"
"1742","G. Hopper","G. Hopper","WR","","","","injury-status","BYE","-","656.1","-","-","-","-","-","-","-","-","-","-","-"
"1743","K. Lucas","K. Lucas","WR","","","","injury-status","BYE","-","999.0","-","-","-","-","-","-","-","-","-","-","-"
"1744","J. Staples","J. Staples","WR","","","","injury-status","BYE","-","999.0","-","-","-","-","-","-","-","-","-","-","-"
"1745","B. Riley","B. Riley","WR","","","","injury-status","BYE","-","999.0","-","-","-","-","-","-","-","-","-","-","-"
"1746","D. Hampton","D. Hampton","WR","","","","injury-status","BYE","-","676.5","-","-","-","-","-","-","-","-","-","-","-"
"1747","M. Bracy","M. Bracy","WR","","","","injury-status","BYE","-","999.0","-","-","-","-","-","-","-","-","-","-","-"
"1748","M. Estes","M. Estes","TE","","","","injury-status","BYE","-","552.0","-","-","-","-","-","-","-","-","-","-","-"
"1749","B. Radcliff","B. Radcliff","RB","","","","injury-status","BYE","-","563.5","-","-","-","-","-","-","-","-","-","-","-"
"1750","P. Howard","P. Howard","WR","","","","injury-status","BYE","-","685.3","-","-","-","-","-","-","-","-","-","-","-"
"1751","N. Iese","N. Iese","TE","","","","injury-status","BYE","-","440.1","-","-","-","-","-","-","-","-","-","-","-"
"1752","C. Germany","C. Germany","WR","","","","injury-status","BYE","-","479.0","-","-","-","-","-","-","-","-","-","-","-"
"1753","J. Rounds","J. Rounds","RB","","","","injury-status","BYE","-","999.0","-","-","-","-","-","-","-","-","-","-","-"
"1754","T. Armstrong Jr.","T. Armstrong Jr.","QB","","","","injury-status","BYE","-","397.0","-","-","-","-","-","-","-","-","-","-","-"
"1755","D. Victor","D. Victor","RB","","","","injury-status","BYE","-","999.0","-","-","-","-","-","-","-","-","-","-","-"
"1756","R. Wheelwright","R. Wheelwright","WR","","","","injury-status","BYE","-","999.0","-","-","-","-","-","-","-","-","-","-","-"
"1757","J. Westerkamp","J. Westerkamp","WR","","","","injury-status","BYE","-","695.5","-","-","-","-","-","-","-","-","-","-","-"
"1758","J. Seales","J. Seales","WR","","","","injury-status","BYE","-","999.0","-","-","-","-","-","-","-","-","-","-","-"
"1759","K. Whitfield","K. Whitfield","WR","","","","injury-status","BYE","-","999.0","-","-","-","-","-","-","-","-","-","-","-"
"1760","B. Cherry","B. Cherry","WR","","","","injury-status","BYE","-","649.0","-","-","-","-","-","-","-","-","-","-","-"
"1761","D. Hayes","D. Hayes","RB","","","","injury-status","BYE","-","999.0","-","-","-","-","-","-","-","-","-","-","-"
"1762","D. Olson","D. Olson","QB","","","","injury-status","BYE","-","304.0","-","-","-","-","-","-","-","-","-","-","-"
"1763","D. Llorens","D. Llorens","RB","","","","injury-status","BYE","-","999.0","-","-","-","-","-","-","-","-","-","-","-"
"1764","A. Zaruba","A. Zaruba","TE","","","","injury-status","BYE","-","999.0","-","-","-","-","-","-","-","-","-","-","-"
"1765","F. Brown","F. Brown","WR","","","","injury-status","BYE","-","699.3","-","-","-","-","-","-","-","-","-","-","-"
"1766","L. Lenoir","L. Lenoir","WR","","","","injury-status","BYE","-","999.0","-","-","-","-","-","-","-","-","-","-","-"
"1767","C. Posey","C. Posey","WR","","","","injury-status","BYE","-","999.0","-","-","-","-","-","-","-","-","-","-","-"
"1768","S. Donatell","S. Donatell","TE","","","","injury-status","BYE","-","999.0","-","-","-","-","-","-","-","-","-","-","-"
"1769","B. Burns","B. Burns","TE","BAL","7","","injury-status","Sun 8:20 PM@ BUF","-","999.0","-","-","-","-","-","-","-","-","-","-","-"
"1770","D. Arnold","D. Arnold","TE","","","","injury-status","BYE","-","565.0","-","-","-","-","-","-","-","-","-","-","-"
"1771","C. Pearson","C. Pearson","WR","","","","injury-status","BYE","-","999.0","-","-","-","-","-","-","-","-","-","-","-"
"1772","A. Gray","A. Gray","TE","","","","injury-status","BYE","-","649.5","-","-","-","-","-","-","-","-","-","-","-"
"1773","J. Bacci","J. Bacci","RB","","","","injury-status","BYE","-","999.0","-","-","-","-","-","-","-","-","-","-","-"
"1774","S. Cotton","S. Cotton","TE","","","","injury-status","BYE","-","643.0","-","-","-","-","-","-","-","-","-","-","-"
"1775","B. Houston","B. Houston","QB","","","","injury-status","BYE","-","578.3","-","-","-","-","-","-","-","-","-","-","-"
"1776","M. Paige","M. Paige","WR","","","","injury-status","BYE","-","999.0","-","-","-","-","-","-","-","-","-","-","-"
"1777","P. Odom","P. Odom","TE","","","","injury-status","BYE","-","999.0","-","-","-","-","-","-","-","-","-","-","-"
"1778","S. Ryan","S. Ryan","WR","","","","injury-status","BYE","-","631.0","-","-","-","-","-","-","-","-","-","-","-"
"1779","G. Pascascio","G. Pascascio","WR","","","","injury-status","BYE","-","999.0","-","-","-","-","-","-","-","-","-","-","-"
"1780","K. Mabon","K. Mabon","WR","","","","injury-status","BYE","-","999.0","-","-","-","-","-","-","-","-","-","-","-"
"1781","T. Ferguson","T. Ferguson","QB","","","","injury-status","BYE","-","342.1","-","-","-","-","-","-","-","-","-","-","-"
"1782","K. Snead","K. Snead","WR","","","","injury-status","BYE","-","999.0","-","-","-","-","-","-","-","-","-","-","-"
"1783","K. Abdullah","K. Abdullah","RB","","","","injury-status","BYE","-","999.0","-","-","-","-","-","-","-","-","-","-","-"
"1784","T. Edmunds","T. Edmunds","RB","","","","injury-status","BYE","-","611.0","-","-","-","-","-","-","-","-","-","-","-"
"1785","A. Bailey","A. Bailey","QB","BAL","7","","injury-status","Sun 8:20 PM@ BUF","-","253.0","-","-","-","-","-","-","-","-","-","-","-"
"1786","L. Clark","L. Clark","WR","","","","injury-status","BYE","-","999.0","-","-","-","-","-","-","-","-","-","-","-"
"1787","T. Swoopes","T. Swoopes","TE","","","","injury-status","BYE","-","607.0","-","-","-","-","-","-","-","-","-","-","-"
"1788","D. Rogers","D. Rogers","WR","","","","injury-status","BYE","-","999.0","-","-","-","-","-","-","-","-","-","-","-"
"1789","A. Brown","A. Brown","RB","","","","injury-status","BYE","-","999.0","-","-","-","-","-","-","-","-","-","-","-"
"1790","A. Scott","A. Scott","WR","","","","injury-status","BYE","-","999.0","-","-","-","-","-","-","-","-","-","-","-"
"1791","A. Patton","A. Patton","WR","","","","injury-status","BYE","-","999.0","-","-","-","-","-","-","-","-","-","-","-"
"1792","E. Jenkins","E. Jenkins","QB","","","","injury-status","BYE","-","587.5","-","-","-","-","-","-","-","-","-","-","-"
"1793","S. Culkin","S. Culkin","TE","","","","injury-status","BYE","-","999.0","-","-","-","-","-","-","-","-","-","-","-"
"1794","C. Clement","C. Clement","RB","","","","injury-status","BYE","-","694.0","-","-","-","-","-","-","-","-","-","-","-"
"1795","B. Brown","B. Brown","TE","","","","injury-status","BYE","-","999.0","-","-","-","-","-","-","-","-","-","-","-"
"1796","C. Thompson","C. Thompson","TE","","","","injury-status","BYE","-","999.0","-","-","-","-","-","-","-","-","-","-","-"
"1797","K. Johnson","K. Johnson","WR","","","","injury-status","BYE","-","999.0","-","-","-","-","-","-","-","-","-","-","-"
"1798","L. Tillery","L. Tillery","RB","","","","injury-status","BYE","-","999.0","-","-","-","-","-","-","-","-","-","-","-"
"1799","I. Mathers","I. Mathers","RB","","","","injury-status","BYE","-","625.8","-","-","-","-","-","-","-","-","-","-","-"
"1800","A. Etta-Tawo","A. Etta-Tawo","WR","","","","injury-status","BYE","-","267.0","-","-","-","-","-","-","-","-","-","-","-"
"1801","T. Cook","T. Cook","RB","","","","injury-status","BYE","-","999.0","-","-","-","-","-","-","-","-","-","-","-"
"1802","K. Cole","K. Cole","WR","","","","injury-status","BYE","-","650.0","-","-","-","-","-","-","-","-","-","-","-"
"1803","C. Bluiett","C. Bluiett","TE","","","","injury-status","BYE","-","999.0","-","-","-","-","-","-","-","-","-","-","-"
"1804","S. Hill","S. Hill","WR","","","","injury-status","BYE","-","612.0","-","-","-","-","-","-","-","-","-","-","-"
"1805","D. Gray","D. Gray","WR","","","","injury-status","BYE","-","999.0","-","-","-","-","-","-","-","-","-","-","-"
"1806","Z. Conque","Z. Conque","QB","","","","injury-status","BYE","-","498.0","-","-","-","-","-","-","-","-","-","-","-"
"1807","E. Baylis","E. Baylis","TE","","","Ques","injury-status questionable","BYE","-","999.0","-","-","-","-","-","-","-","-","-","-","-"
"1808","N. Thomas","N. Thomas","WR","","","","injury-status","BYE","-","999.0","-","-","-","-","-","-","-","-","-","-","-"
"1809","M. Rector","M. Rector","WR","","","","injury-status","BYE","-","661.0","-","-","-","-","-","-","-","-","-","-","-"
"1810","D. Ford","D. Ford","WR","","","","injury-status","BYE","-","999.0","-","-","-","-","-","-","-","-","-","-","-"
"1811","B. Barnes","B. Barnes","TE","","","","injury-status","BYE","-","999.0","-","-","-","-","-","-","-","-","-","-","-"
"1812","K. Sloter","K. Sloter","QB","","","","injury-status","BYE","-","436.5","-","-","-","-","-","-","-","-","-","-","-"
"1813","A. Nash","A. Nash","WR","","","","injury-status","BYE","-","999.0","-","-","-","-","-","-","-","-","-","-","-"
"1814","B. Jarwin","B. Jarwin","TE","","","","injury-status","BYE","-","999.0","-","-","-","-","-","-","-","-","-","-","-"
"1815","B. Brown","B. Brown","WR","","","","injury-status","BYE","-","999.0","-","-","-","-","-","-","-","-","-","-","-"
"1816","T. McNamara","T. McNamara","TE","","","","injury-status","BYE","-","999.0","-","-","-","-","-","-","-","-","-","-","-"
"1817","F. Stevenson","F. Stevenson","RB","","","","injury-status","BYE","-","363.5","-","-","-","-","-","-","-","-","-","-","-"
"1818","A. Phillips","A. Phillips","K","","","","injury-status","BYE","-","611.3","-","-","-","-","-","-","-","-","-","-","-"
"1819","T. Gentry","T. Gentry","WR","","","","injury-status","BYE","-","605.0","-","-","-","-","-","-","-","-","-","-","-"
"1820","M. Crabtree","M. Crabtree","WR","","","","injury-status","BYE","-","684.0","-","-","-","-","-","-","-","-","-","-","-"
"1821","J. Bouagnon","J. Bouagnon","RB","","","","injury-status","BYE","-","999.0","-","-","-","-","-","-","-","-","-","-","-"
"1822","K. Towbridge","K. Towbridge","TE","","","","injury-status","BYE","-","999.0","-","-","-","-","-","-","-","-","-","-","-"
"1823","D. Shorts","D. Shorts","WR","","","","injury-status","BYE","-","365.0","-","-","-","-","-","-","-","-","-","-","-"
"1824","J. Johnson","J. Johnson","RB","","","","injury-status","BYE","-","999.0","-","-","-","-","-","-","-","-","-","-","-"
"1825","J. Croom","J. Croom","TE","","","","injury-status","BYE","-","999.0","-","-","-","-","-","-","-","-","-","-","-"
"1826","S. Wroblewski","S. Wroblewski","TE","","","","injury-status","BYE","-","658.0","-","-","-","-","-","-","-","-","-","-","-"
"1827","J. Summers","J. Summers","RB","","","","injury-status","BYE","-","999.0","-","-","-","-","-","-","-","-","-","-","-"
"1828","R. Seals-Jones","R. Seals-Jones","TE","","","Ques","injury-status questionable","BYE","-","999.0","-","-","-","-","-","-","-","-","-","-","-"
"1829","T. Knight","T. Knight","QB","","","","injury-status","BYE","-","686.0","-","-","-","-","-","-","-","-","-","-","-"
"1830","K. Hogan","K. Hogan","WR","","","","injury-status","BYE","-","999.0","-","-","-","-","-","-","-","-","-","-","-"
"1831","T. Dural","T. Dural","WR","","","","injury-status","BYE","-","999.0","-","-","-","-","-","-","-","-","-","-","-"
"1832","D. Redding","D. Redding","RB","","","","injury-status","BYE","-","999.0","-","-","-","-","-","-","-","-","-","-","-"
"1833","B. Johnson","B. Johnson","WR","","","","injury-status","BYE","-","694.0","-","-","-","-","-","-","-","-","-","-","-"
"1834","G. Marks","G. Marks","WR","","","","injury-status","BYE","-","999.0","-","-","-","-","-","-","-","-","-","-","-"
"1835","J. Robinson-Woodgett","J. Robinson-Woodgett","RB","","","","injury-status","BYE","-","999.0","-","-","-","-","-","-","-","-","-","-","-"
"1836","T. Stevens","T. Stevens","WR","","","","injury-status","BYE","-","999.0","-","-","-","-","-","-","-","-","-","-","-"
"1837","A. Moore","A. Moore","WR","","","","injury-status","BYE","-","999.0","-","-","-","-","-","-","-","-","-","-","-"
"1838","M. Kemp","M. Kemp","WR","","","","injury-status","BYE","-","999.0","-","-","-","-","-","-","-","-","-","-","-"
"1839","W. Houston","W. Houston","TE","CAR","14","","injury-status","Sun 1:00 PM@ JAX","-","615.5","-","-","-","-","-","-","-","-","-","-","-"
"1840","G. Dieter","G. Dieter","WR","","","","injury-status","BYE","-","572.0","-","-","-","-","-","-","-","-","-","-","-"
"1841","W. Stanback","W. Stanback","RB","","","","injury-status","BYE","-","999.0","-","-","-","-","-","-","-","-","-","-","-"
"1842","B. Wilson","B. Wilson","WR","","","","injury-status","BYE","-","650.0","-","-","-","-","-","-","-","-","-","-","-"
"1843","T. Sperbeck","T. Sperbeck","WR","","","","injury-status","BYE","-","389.4","-","-","-","-","-","-","-","-","-","-","-"
"1844","S. Liufau","S. Liufau","QB","","","","injury-status","BYE","-","688.5","-","-","-","-","-","-","-","-","-","-","-"
"1845","A. Auclair","A. Auclair","TE","","","","injury-status","BYE","-","999.0","-","-","-","-","-","-","-","-","-","-","-"
"1846","T. McCloskey","T. McCloskey","RB","","","","injury-status","BYE","-","645.0","-","-","-","-","-","-","-","-","-","-","-"
"1847","K. Cannon","K. Cannon","WR","","","","injury-status","BYE","-","999.0","-","-","-","-","-","-","-","-","-","-","-"
"1848","M. Breida","M. Breida","RB","","","","injury-status","BYE","-","646.8","-","-","-","-","-","-","-","-","-","-","-"
"1849","V. Bolden","V. Bolden","WR","","","","injury-status","BYE","-","686.0","-","-","-","-","-","-","-","-","-","-","-"
"1850","K. Hatcher","K. Hatcher","WR","","","","injury-status","BYE","-","999.0","-","-","-","-","-","-","-","-","-","-","-"
"1851","C. Harris","C. Harris","RB","","","","injury-status","BYE","-","999.0","-","-","-","-","-","-","-","-","-","-","-"
"1852","A. Firkser","A. Firkser","TE","","","","injury-status","BYE","-","999.0","-","-","-","-","-","-","-","-","-","-","-"
"1853","B. Estime","B. Estime","WR","","","","injury-status","BYE","-","441.0","-","-","-","-","-","-","-","-","-","-","-"
"1854","J. Hollister","J. Hollister","TE","","","","injury-status","BYE","-","682.5","-","-","-","-","-","-","-","-","-","-","-"
"1855","C. Hollister","C. Hollister","WR","","","Ques","injury-status questionable","BYE","-","999.0","-","-","-","-","-","-","-","-","-","-","-"
"1856","A. Carr","A. Carr","WR","","","","injury-status","BYE","-","999.0","-","-","-","-","-","-","-","-","-","-","-"
"1857","R. Shelton","R. Shelton","WR","","","","injury-status","BYE","-","492.0","-","-","-","-","-","-","-","-","-","-","-"
"1858","J. Price","J. Price","TE","","","","injury-status","BYE","-","999.0","-","-","-","-","-","-","-","-","-","-","-"
"1859","T. Newby","T. Newby","RB","","","","injury-status","BYE","-","999.0","-","-","-","-","-","-","-","-","-","-","-"
"1860","W. Lunt","W. Lunt","QB","","","","injury-status","BYE","-","433.2","-","-","-","-","-","-","-","-","-","-","-"
"1861","D. Stringfellow","D. Stringfellow","WR","","","","injury-status","BYE","-","492.0","-","-","-","-","-","-","-","-","-","-","-"
"1862","D. Morgan","D. Morgan","WR","","","","injury-status","BYE","-","999.0","-","-","-","-","-","-","-","-","-","-","-"
"1863","M. Lewis","M. Lewis","WR","","","","injury-status","BYE","-","999.0","-","-","-","-","-","-","-","-","-","-","-"
"1864","K. Phillips","K. Phillips","RB","","","","injury-status","BYE","-","999.0","-","-","-","-","-","-","-","-","-","-","-"
"1865","A. Peck","A. Peck","TE","","","","injury-status","BYE","-","590.8","-","-","-","-","-","-","-","-","-","-","-"
"1866","S. Williams","S. Williams","RB","","","","injury-status","BYE","-","999.0","-","-","-","-","-","-","-","-","-","-","-"
"1867","M. Madaris","M. Madaris","WR","","","","injury-status","BYE","-","688.0","-","-","-","-","-","-","-","-","-","-","-"
"1868","D. Laufasa","D. Laufasa","RB","","","","injury-status","BYE","-","999.0","-","-","-","-","-","-","-","-","-","-","-"
"1869","K. Hamilton","K. Hamilton","WR","","","","injury-status","BYE","-","999.0","-","-","-","-","-","-","-","-","-","-","-"
"1870","C. Carter","C. Carter","TE","","","","injury-status","BYE","-","999.0","-","-","-","-","-","-","-","-","-","-","-"
"1871","F. Ross","F. Ross","WR","","","","injury-status","BYE","-","999.0","-","-","-","-","-","-","-","-","-","-","-"
"1872","A. Duke","A. Duke","WR","","","","injury-status","BYE","-","999.0","-","-","-","-","-","-","-","-","-","-","-"
"1873","R. Ortiz","R. Ortiz","RB","","","","injury-status","BYE","-","999.0","-","-","-","-","-","-","-","-","-","-","-"
"1874","T. Mizzell","T. Mizzell","RB","NYG","14","Ques","injury-status questionable","Sun 1:00 PM@ WAS","-","999.0","-","-","-","-","-","-","-","-","-","-","-"
"1875","C. Board","C. Board","WR","","","Ques","injury-status questionable","BYE","-","999.0","-","-","-","-","-","-","-","-","-","-","-"
"1876","L. Jacobs","L. Jacobs","WR","","","","injury-status","BYE","-","999.0","-","-","-","-","-","-","-","-","-","-","-"
"1877","P. Walker","P. Walker","QB","","","","injury-status","BYE","-","620.3","-","-","-","-","-","-","-","-","-","-","-"
"1878","J. Natson","J. Natson","WR","","","","injury-status","BYE","-","628.0","-","-","-","-","-","-","-","-","-","-","-"
"1879","J. Lane","J. Lane","WR","","","","injury-status","BYE","-","999.0","-","-","-","-","-","-","-","-","-","-","-"
"1880","C. Jeter","C. Jeter","TE","","","","injury-status","BYE","-","999.0","-","-","-","-","-","-","-","-","-","-","-"
"1881","B. Howard","B. Howard","TE","","","","injury-status","BYE","-","524.2","-","-","-","-","-","-","-","-","-","-","-"
"1882","T. Griffey","T. Griffey","WR","","","","injury-status","BYE","-","999.0","-","-","-","-","-","-","-","-","-","-","-"
"1883","D. Daniels","D. Daniels","TE","","","","injury-status","BYE","-","604.5","-","-","-","-","-","-","-","-","-","-","-"
"1884","D. Crossan","D. Crossan","RB","","","","injury-status","BYE","-","999.0","-","-","-","-","-","-","-","-","-","-","-"
"1885","J. Quick","J. Quick","WR","","","","injury-status","BYE","-","999.0","-","-","-","-","-","-","-","-","-","-","-"
"1886","Z. Pascal","Z. Pascal","WR","","","","injury-status","BYE","-","548.6","-","-","-","-","-","-","-","-","-","-","-"
"1887","S. Orndoff","S. Orndoff","TE","","","","injury-status","BYE","-","999.0","-","-","-","-","-","-","-","-","-","-","-"
"1888","T. Renew","T. Renew","RB","","","","injury-status","BYE","-","704.0","-","-","-","-","-","-","-","-","-","-","-"
"1889","J. Magee","J. Magee","WR","","","","injury-status","BYE","-","999.0","-","-","-","-","-","-","-","-","-","-","-"
"1890","I. Zamora","I. Zamora","WR","","","","injury-status","BYE","-","999.0","-","-","-","-","-","-","-","-","-","-","-"
"1891","R. Davis","R. Davis","WR","","","","injury-status","BYE","-","999.0","-","-","-","-","-","-","-","-","-","-","-"
"1892","K. Muhammad","K. Muhammad","RB","","","","injury-status","BYE","-","602.0","-","-","-","-","-","-","-","-","-","-","-"
"1893","C. Carson","C. Carson","RB","","","","injury-status","BYE","-","999.0","-","-","-","-","-","-","-","-","-","-","-"
"1894","E. McGuire","E. McGuire","RB","KC","10","","injury-status","Fri 8:00 PM@ LAC","-","999.0","-","-","-","-","-","-","-","-","-","-","-"
"1895","I. Ford","I. Ford","WR","","","","injury-status","BYE","-","511.8","-","-","-","-","-","-","-","-","-","-","-"
"1896","S. Rogers","S. Rogers","RB","","","","injury-status","BYE","-","999.0","-","-","-","-","-","-","-","-","-","-","-"
"1897","M. Schreck","M. Schreck","TE","","","","injury-status","BYE","-","530.2","-","-","-","-","-","-","-","-","-","-","-"
"1898","A. Armah","A. Armah","RB","","","","injury-status","BYE","-","999.0","-","-","-","-","-","-","-","-","-","-","-"
"1899","J. Sprinkle","J. Sprinkle","TE","","","Ques","injury-status questionable","BYE","-","685.5","-","-","-","-","-","-","-","-","-","-","-"
"1900","T. Taylor","T. Taylor","WR","SF","14","IR","injury-status ir","Sun 4:05 PM@ SEA","-","999.0","-","-","-","-","-","-","-","-","-","-","-"
"1901","S. Gibson","S. Gibson","WR","","","","injury-status","BYE","-","999.0","-","-","-","-","-","-","-","-","-","-","-"
"1902","R. Adams","R. Adams","WR","","","","injury-status","BYE","-","692.5","-","-","-","-","-","-","-","-","-","-","-"
"1903","D. Yancey","D. Yancey","WR","","","","injury-status","BYE","-","303.0","-","-","-","-","-","-","-","-","-","-","-"
"1904","J. Agnew","J. Agnew","WR","ATL","5","Ques","injury-status questionable","Sun 1:00 PMvs TB","-","510.0","-","-","-","-","-","-","-","-","-","-","-"
"1905","I. McKenzie","I. McKenzie","WR","","","","injury-status","BYE","-","999.0","-","-","-","-","-","-","-","-","-","-","-"
"1906","B. Hill","B. Hill","RB","","","","injury-status","BYE","-","624.0","-","-","-","-","-","-","-","-","-","-","-"
"1907","T. Logan","T. Logan","RB","","","","injury-status","BYE","-","999.0","-","-","-","-","-","-","-","-","-","-","-"
"1908","B. Hodges","B. Hodges","TE","","","","injury-status","BYE","-","643.0","-","-","-","-","-","-","-","-","-","-","-"
"1909","N. Peterman","N. Peterman","QB","","","","injury-status","BYE","-","681.8","-","-","-","-","-","-","-","-","-","-","-"
"1910","C. Hansen","C. Hansen","WR","","","","injury-status","BYE","-","999.0","-","-","-","-","-","-","-","-","-","-","-"
"1911","J. Chesson","J. Chesson","WR","","","","injury-status","BYE","-","498.0","-","-","-","-","-","-","-","-","-","-","-"
"1912","R. Switzer","R. Switzer","WR","","","","injury-status","BYE","-","999.0","-","-","-","-","-","-","-","-","-","-","-"
"1913","J. Malone","J. Malone","WR","","","","injury-status","BYE","-","999.0","-","-","-","-","-","-","-","-","-","-","-"
"1914","T. Cohen","T. Cohen","RB","","","","injury-status","BYE","-","578.7","-","-","-","-","-","-","-","-","-","-","-"
"1915","J. Leggett","J. Leggett","TE","","","","injury-status","BYE","-","507.5","-","-","-","-","-","-","-","-","-","-","-"
"1916","M. Mack","M. Mack","RB","","","Ques","injury-status questionable","BYE","-","680.5","-","-","-","-","-","-","-","-","-","-","-"
"1917","J. Butt","J. Butt","TE","","","","injury-status","BYE","-","661.8","-","-","-","-","-","-","-","-","-","-","-"
"1918","W. Gallman","W. Gallman","RB","","","","injury-status","BYE","-","549.5","-","-","-","-","-","-","-","-","-","-","-"
"1919","J. Williams","J. Williams","RB","","","","injury-status","BYE","-","628.3","-","-","-","-","-","-","-","-","-","-","-"
"1920","D. Westbrook","D. Westbrook","WR","","","","injury-status","BYE","-","525.0","-","-","-","-","-","-","-","-","-","-","-"
"1921","A. Darboh","A. Darboh","WR","","","","injury-status","BYE","-","999.0","-","-","-","-","-","-","-","-","-","-","-"
"1922","K. Golladay","K. Golladay","WR","","","","injury-status","BYE","-","271.0","-","-","-","-","-","-","-","-","-","-","-"
"1923","C. Williams","C. Williams","WR","","","Ques","injury-status questionable","BYE","-","515.5","-","-","-","-","-","-","-","-","-","-","-"
"1924","C. Beathard","C. Beathard","QB","","","","injury-status","BYE","-","653.7","-","-","-","-","-","-","-","-","-","-","-"
"1925","T. Taylor","T. Taylor","WR","","","","injury-status","BYE","-","999.0","-","-","-","-","-","-","-","-","-","-","-"
"1926","D. Foreman","D. Foreman","RB","","","","injury-status","BYE","-","527.5","-","-","-","-","-","-","-","-","-","-","-"
"1927","C. Henderson","C. Henderson","WR","","","","injury-status","BYE","-","694.0","-","-","-","-","-","-","-","-","-","-","-"
"1928","A. Shaheen","A. Shaheen","TE","","","","injury-status","BYE","-","999.0","-","-","-","-","-","-","-","-","-","-","-"
"1929","M. Williams","M. Williams","WR","","","DNR","injury-status dnr","BYE","-","700.6","-","-","-","-","-","-","-","-","-","-","-"
"1930","D. Webb","D. Webb","QB","","","","injury-status","BYE","-","517.2","-","-","-","-","-","-","-","-","-","-","-"
"1931","O. Howard","O. Howard","TE","","","","injury-status","BYE","-","999.0","-","-","-","-","-","-","-","-","-","-","-"
"1932","C. Kelly","C. Kelly","QB","","","","injury-status","BYE","-","631.0","-","-","-","-","-","-","-","-","-","-","-"
"1933","C. Grayson","C. Grayson","WR","","","","injury-status","BYE","-","590.0","-","-","-","-","-","-","-","-","-","-","-"
"1934","J. Williams","J. Williams","RB","","","","injury-status","BYE","-","999.0","-","-","-","-","-","-","-","-","-","-","-"
"1935","J. Ross","J. Ross","WR","","","Ques","injury-status questionable","BYE","-","999.0","-","-","-","-","-","-","-","-","-","-","-"
"1936","C. Davis","C. Davis","WR","","","","injury-status","BYE","-","668.0","-","-","-","-","-","-","-","-","-","-","-"
"1937","T. Wilson","T. Wilson","TE","","","","injury-status","BYE","-","999.0","-","-","-","-","-","-","-","-","-","-","-"
"1938","D. Cook","D. Cook","RB","","","","injury-status","BYE","-","699.2","-","-","-","-","-","-","-","-","-","-","-"
"1939","D. Kizer","D. Kizer","QB","","","","injury-status","BYE","-","477.0","-","-","-","-","-","-","-","-","-","-","-"
"1940","C. Briggs","C. Briggs","TE","","","","injury-status","BYE","-","999.0","-","-","-","-","-","-","-","-","-","-","-"
"1941","J. Huesman","J. Huesman","QB","","","","injury-status","BYE","-","628.0","-","-","-","-","-","-","-","-","-","-","-"
"1942","L. Fournette","L. Fournette","RB","","","","injury-status","BYE","-","632.5","-","-","-","-","-","-","-","-","-","-","-"
"1943","B. Sims","B. Sims","QB","","","","injury-status","BYE","-","279.5","-","-","-","-","-","-","-","-","-","-","-"
"1944","T. Pope","T. Pope","RB","","","Ques","injury-status questionable","BYE","-","999.0","-","-","-","-","-","-","-","-","-","-","-"
"1945","N. Truesdell","N. Truesdell","TE","","","","injury-status","BYE","-","999.0","-","-","-","-","-","-","-","-","-","-","-"
"1946","H. Binford","H. Binford","WR","","","","injury-status","BYE","-","999.0","-","-","-","-","-","-","-","-","-","-","-"
"1947","K. Thompson","K. Thompson","WR","","","","injury-status","BYE","-","999.0","-","-","-","-","-","-","-","-","-","-","-"
"1948","D. Watford","D. Watford","WR","","","","injury-status","BYE","-","684.6","-","-","-","-","-","-","-","-","-","-","-"
"1949","R. Succop","R. Succop","K","","","","injury-status","BYE","-","676.2","-","-","-","-","-","-","-","-","-","-","-"
"1950","S. Ficken","S. Ficken","K","","","","injury-status","BYE","-","578.3","-","-","-","-","-","-","-","-","-","-","-"
"1951","E. Wallace","E. Wallace","TE","","","","injury-status","BYE","-","999.0","-","-","-","-","-","-","-","-","-","-","-"
"1952","M. Hall","M. Hall","WR","","","","injury-status","BYE","-","664.0","-","-","-","-","-","-","-","-","-","-","-"
"1953","G. Griffin","G. Griffin","TE","","","","injury-status","BYE","-","999.0","-","-","-","-","-","-","-","-","-","-","-"
"1954","R. Horn","R. Horn","WR","","","","injury-status","BYE","-","497.0","-","-","-","-","-","-","-","-","-","-","-"
"1955","K. Coleman","K. Coleman","RB","","","","injury-status","BYE","-","696.3","-","-","-","-","-","-","-","-","-","-","-"
"1956","D. Bell","D. Bell","K","","","","injury-status","BYE","-","673.5","-","-","-","-","-","-","-","-","-","-","-"
"1957","R. Morris","R. Morris","RB","","","","injury-status","BYE","-","999.0","-","-","-","-","-","-","-","-","-","-","-"
"1958","M. McFarland","M. McFarland","TE","","","","injury-status","BYE","-","999.0","-","-","-","-","-","-","-","-","-","-","-"
"1959","J. Richard","J. Richard","RB","LV","8","","injury-status","Sun 1:00 PM@ NE","-","999.0","-","-","-","-","-","-","-","-","-","-","-"
"1960","J. Simmons","J. Simmons","RB","","","","injury-status","BYE","-","999.0","-","-","-","-","-","-","-","-","-","-","-"
"1961","J. Mickens","J. Mickens","WR","","","","injury-status","BYE","-","682.0","-","-","-","-","-","-","-","-","-","-","-"
"1962","D. Williams","D. Williams","WR","","","Ques","injury-status questionable","BYE","-","691.0","-","-","-","-","-","-","-","-","-","-","-"
"1963","C. Ham","C. Ham","RB","MIN","6","IR","injury-status ir","Mon 8:15 PM@ CHI","-","697.8","-","-","-","-","-","-","-","-","-","-","-"
"1964","A. Rosas","A. Rosas","K","","","Ques","injury-status questionable","BYE","-","305.0","-","-","-","-","-","-","-","-","-","-","-"
"1965","A. Ellis","A. Ellis","TE","","","","injury-status","BYE","-","999.0","-","-","-","-","-","-","-","-","-","-","-"
"1966","M. Tucker","M. Tucker","WR","","","","injury-status","BYE","-","999.0","-","-","-","-","-","-","-","-","-","-","-"
"1967","B. Brown-Dukes","B. Brown-Dukes","RB","","","","injury-status","BYE","-","641.8","-","-","-","-","-","-","-","-","-","-","-"
"1968","A. Squirewell","A. Squirewell","RB","","","","injury-status","BYE","-","374.1","-","-","-","-","-","-","-","-","-","-","-"
"1969","J. Brown","J. Brown","K","","","","injury-status","BYE","-","384.2","-","-","-","-","-","-","-","-","-","-","-"
"1970","E. Penny","E. Penny","RB","","","","injury-status","BYE","-","999.0","-","-","-","-","-","-","-","-","-","-","-"
"1971","C. O'Neal","C. O'Neal","RB","","","","injury-status","BYE","-","999.0","-","-","-","-","-","-","-","-","-","-","-"
"1972","J. Vander Laan","J. Vander Laan","TE","","","","injury-status","BYE","-","999.0","-","-","-","-","-","-","-","-","-","-","-"
"1973","Q. Bundrage","Q. Bundrage","WR","","","","injury-status","BYE","-","999.0","-","-","-","-","-","-","-","-","-","-","-"
"1974","B. Shippen","B. Shippen","WR","","","","injury-status","BYE","-","999.0","-","-","-","-","-","-","-","-","-","-","-"
"1975","R. Mullaney","R. Mullaney","WR","","","","injury-status","BYE","-","999.0","-","-","-","-","-","-","-","-","-","-","-"
"1976","T. Jones","T. Jones","WR","","","","injury-status","BYE","-","999.0","-","-","-","-","-","-","-","-","-","-","-"
"1977","D. Parks","D. Parks","WR","","","","injury-status","BYE","-","999.0","-","-","-","-","-","-","-","-","-","-","-"
"1978","J. Holtz","J. Holtz","TE","","","","injury-status","BYE","-","999.0","-","-","-","-","-","-","-","-","-","-","-"
"1979","T. Carson","T. Carson","RB","","","","injury-status","BYE","-","999.0","-","-","-","-","-","-","-","-","-","-","-"
"1980","W. Ratelle","W. Ratelle","RB","","","","injury-status","BYE","-","662.5","-","-","-","-","-","-","-","-","-","-","-"
"1981","J. Cook","J. Cook","TE","","","","injury-status","BYE","-","629.2","-","-","-","-","-","-","-","-","-","-","-"
"1982","J. Perkins","J. Perkins","TE","NYJ","9","","injury-status","Sun 1:00 PMvs PIT","-","999.0","-","-","-","-","-","-","-","-","-","-","-"
"1983","J. McKissic","J. McKissic","RB","","","Ques","injury-status questionable","BYE","-","655.5","-","-","-","-","-","-","-","-","-","-","-"
"1984","V. Showers","V. Showers","WR","","","","injury-status","BYE","-","999.0","-","-","-","-","-","-","-","-","-","-","-"
"1985","R. Diggs","R. Diggs","WR","","","","injury-status","BYE","-","628.5","-","-","-","-","-","-","-","-","-","-","-"
"1986","M. Thomas","M. Thomas","WR","","","Ques","injury-status questionable","BYE","-","999.0","-","-","-","-","-","-","-","-","-","-","-"
"1987","M. Weiser","M. Weiser","TE","","","","injury-status","BYE","-","999.0","-","-","-","-","-","-","-","-","-","-","-"
"1988","Q. Hicks","Q. Hicks","RB","","","","injury-status","BYE","-","999.0","-","-","-","-","-","-","-","-","-","-","-"
"1989","S. Vainuku","S. Vainuku","RB","","","","injury-status","BYE","-","999.0","-","-","-","-","-","-","-","-","-","-","-"
"1990","D. Neal","D. Neal","WR","","","","injury-status","BYE","-","999.0","-","-","-","-","-","-","-","-","-","-","-"
"1991","J. Williams-Lambert","J. Williams-Lambert","WR","","","","injury-status","BYE","-","999.0","-","-","-","-","-","-","-","-","-","-","-"
"1992","S. Houma","S. Houma","RB","","","","injury-status","BYE","-","999.0","-","-","-","-","-","-","-","-","-","-","-"
"1993","T. Lewis","T. Lewis","WR","","","Ques","injury-status questionable","BYE","-","485.6","-","-","-","-","-","-","-","-","-","-","-"
"1994","C. King","C. King","WR","","","","injury-status","BYE","-","999.0","-","-","-","-","-","-","-","-","-","-","-"
"1995","A. Carlisle","A. Carlisle","WR","","","","injury-status","BYE","-","999.0","-","-","-","-","-","-","-","-","-","-","-"
"1996","D. Stewart","D. Stewart","WR","","","","injury-status","BYE","-","999.0","-","-","-","-","-","-","-","-","-","-","-"
"1997","K. Cartwright","K. Cartwright","TE","","","","injury-status","BYE","-","999.0","-","-","-","-","-","-","-","-","-","-","-"
"1998","P. Barber","P. Barber","RB","","","","injury-status","BYE","-","700.2","-","-","-","-","-","-","-","-","-","-","-"
"1999","A. Kelly","A. Kelly","WR","","","","injury-status","BYE","-","999.0","-","-","-","-","-","-","-","-","-","-","-"
"2000","M. Miller","M. Miller","TE","","","","injury-status","BYE","-","999.0","-","-","-","-","-","-","-","-","-","-","-"
"2001","M. Leak","M. Leak","WR","","","","injury-status","BYE","-","999.0","-","-","-","-","-","-","-","-","-","-","-"
"2002","C. Rogers","C. Rogers","WR","","","","injury-status","BYE","-","249.0","-","-","-","-","-","-","-","-","-","-","-"
"2003","M. Morgan","M. Morgan","K","","","","injury-status","BYE","-","639.3","-","-","-","-","-","-","-","-","-","-","-"
"2004","J. Lunsford","J. Lunsford","K","","","","injury-status","BYE","-","467.0","-","-","-","-","-","-","-","-","-","-","-"
"2005","A. Bonnet","A. Bonnet","RB","","","","injury-status","BYE","-","999.0","-","-","-","-","-","-","-","-","-","-","-"
"2006","B. Ross","B. Ross","RB","","","","injury-status","BYE","-","999.0","-","-","-","-","-","-","-","-","-","-","-"
"2007","M. Michel","M. Michel","WR","","","","injury-status","BYE","-","999.0","-","-","-","-","-","-","-","-","-","-","-"
"2008","B. Williams","B. Williams","TE","","","","injury-status","BYE","-","999.0","-","-","-","-","-","-","-","-","-","-","-"
"2009","C. Powell","C. Powell","RB","","","","injury-status","BYE","-","999.0","-","-","-","-","-","-","-","-","-","-","-"
"2010","C. Severin","C. Severin","WR","","","","injury-status","BYE","-","662.5","-","-","-","-","-","-","-","-","-","-","-"
"2011","D. Reeves","D. Reeves","TE","","","","injury-status","BYE","-","999.0","-","-","-","-","-","-","-","-","-","-","-"
"2012","M. Wittek","M. Wittek","QB","","","","injury-status","BYE","-","350.0","-","-","-","-","-","-","-","-","-","-","-"
"2013","J. Robinson","J. Robinson","WR","","","","injury-status","BYE","-","999.0","-","-","-","-","-","-","-","-","-","-","-"
"2014","D. Reaves","D. Reaves","WR","","","","injury-status","BYE","-","999.0","-","-","-","-","-","-","-","-","-","-","-"
"2015","J. Jones","J. Jones","WR","","","","injury-status","BYE","-","587.5","-","-","-","-","-","-","-","-","-","-","-"
"2016","M. Coprich","M. Coprich","RB","","","","injury-status","BYE","-","999.0","-","-","-","-","-","-","-","-","-","-","-"
"2017","M. Williams","M. Williams","QB","","","","injury-status","BYE","-","641.5","-","-","-","-","-","-","-","-","-","-","-"
"2018","J. Lee","J. Lee","WR","","","","injury-status","BYE","-","999.0","-","-","-","-","-","-","-","-","-","-","-"
"2019","M. Mathews","M. Mathews","WR","","","","injury-status","BYE","-","999.0","-","-","-","-","-","-","-","-","-","-","-"
"2020","K. Maye","K. Maye","WR","","","","injury-status","BYE","-","999.0","-","-","-","-","-","-","-","-","-","-","-"
"2021","J. McGee","J. McGee","TE","","","","injury-status","BYE","-","488.5","-","-","-","-","-","-","-","-","-","-","-"
"2022","D. Williams","D. Williams","WR","","","","injury-status","BYE","-","999.0","-","-","-","-","-","-","-","-","-","-","-"
"2023","S. Scheu","S. Scheu","TE","","","","injury-status","BYE","-","999.0","-","-","-","-","-","-","-","-","-","-","-"
"2024","G. Allison","G. Allison","WR","","","","injury-status","BYE","-","517.5","-","-","-","-","-","-","-","-","-","-","-"
"2025","D. Cajuste","D. Cajuste","WR","","","","injury-status","BYE","-","567.0","-","-","-","-","-","-","-","-","-","-","-"
"2026","D. Griswold","D. Griswold","TE","","","","injury-status","BYE","-","475.5","-","-","-","-","-","-","-","-","-","-","-"
"2027","S. Anderson","S. Anderson","TE","","","","injury-status","BYE","-","999.0","-","-","-","-","-","-","-","-","-","-","-"
"2028","M. Bercovici","M. Bercovici","QB","","","","injury-status","BYE","-","430.2","-","-","-","-","-","-","-","-","-","-","-"
"2029","D. Foster","D. Foster","RB","","","","injury-status","BYE","-","999.0","-","-","-","-","-","-","-","-","-","-","-"
"2030","C. Brown","C. Brown","WR","","","","injury-status","BYE","-","698.3","-","-","-","-","-","-","-","-","-","-","-"
"2031","J. Holton","J. Holton","WR","","","","injury-status","BYE","-","999.0","-","-","-","-","-","-","-","-","-","-","-"
"2032","K. Garrett","K. Garrett","WR","","","","injury-status","BYE","-","999.0","-","-","-","-","-","-","-","-","-","-","-"
"2033","T. Bertolet","T. Bertolet","K","","","","injury-status","BYE","-","655.6","-","-","-","-","-","-","-","-","-","-","-"
"2034","B. Braunecker","B. Braunecker","TE","","","","injury-status","BYE","-","999.0","-","-","-","-","-","-","-","-","-","-","-"
"2035","M. North","M. North","WR","","","","injury-status","BYE","-","999.0","-","-","-","-","-","-","-","-","-","-","-"
"2036","J. Dangerfield","J. Dangerfield","WR","","","","injury-status","BYE","-","577.0","-","-","-","-","-","-","-","-","-","-","-"
"2037","R. Martin","R. Martin","K","","","","injury-status","BYE","-","390.5","-","-","-","-","-","-","-","-","-","-","-"
"2038","J. Stave","J. Stave","QB","","","","injury-status","BYE","-","479.8","-","-","-","-","-","-","-","-","-","-","-"
"2039","D. Anthrop","D. Anthrop","WR","","","","injury-status","BYE","-","999.0","-","-","-","-","-","-","-","-","-","-","-"
"2040","J. Ferguson","J. Ferguson","RB","","","","injury-status","BYE","-","999.0","-","-","-","-","-","-","-","-","-","-","-"
"2041","B. Hoyer","B. Hoyer","QB","","","","injury-status","BYE","-","648.0","-","-","-","-","-","-","-","-","-","-","-"
"2042","C. Jones","C. Jones","WR","","","","injury-status","BYE","-","999.0","-","-","-","-","-","-","-","-","-","-","-"
"2043","M. Johnson","M. Johnson","WR","","","","injury-status","BYE","-","494.0","-","-","-","-","-","-","-","-","-","-","-"
"2044","C. Swain","C. Swain","RB","","","","injury-status","BYE","-","655.0","-","-","-","-","-","-","-","-","-","-","-"
"2045","J. Woodrum","J. Woodrum","QB","","","","injury-status","BYE","-","559.5","-","-","-","-","-","-","-","-","-","-","-"
"2046","J. Edelman","J. Edelman","WR","","","","injury-status","BYE","-","647.3","-","-","-","-","-","-","-","-","-","-","-"
"2047","A. Erickson","A. Erickson","WR","","","","injury-status","BYE","-","557.0","-","-","-","-","-","-","-","-","-","-","-"
"2048","R. Chosen","R. Chosen","WR","SF","14","","injury-status","Sun 4:05 PM@ SEA","-","641.4","-","-","-","-","-","-","-","-","-","-","-"
"2049","M. McKay","M. McKay","WR","","","","injury-status","BYE","-","999.0","-","-","-","-","-","-","-","-","-","-","-"
"2050","D. Johnson","D. Johnson","RB","","","","injury-status","BYE","-","999.0","-","-","-","-","-","-","-","-","-","-","-"
"2051","J. Coker","J. Coker","QB","","","","injury-status","BYE","-","573.0","-","-","-","-","-","-","-","-","-","-","-"
"2052","B. Sandland","B. Sandland","TE","","","","injury-status","BYE","-","999.0","-","-","-","-","-","-","-","-","-","-","-"
"2053","Z. Brooks","Z. Brooks","RB","","","","injury-status","BYE","-","685.5","-","-","-","-","-","-","-","-","-","-","-"
"2054","K. Lawler","K. Lawler","WR","","","","injury-status","BYE","-","999.0","-","-","-","-","-","-","-","-","-","-","-"
"2055","K. Marshall","K. Marshall","RB","","","","injury-status","BYE","-","999.0","-","-","-","-","-","-","-","-","-","-","-"
"2056","D. Fuller","D. Fuller","WR","","","","injury-status","BYE","-","999.0","-","-","-","-","-","-","-","-","-","-","-"
"2057","D. Washington","D. Washington","RB","","","Ques","injury-status questionable","BYE","-","999.0","-","-","-","-","-","-","-","-","-","-","-"
"2058","D. Lucien","D. Lucien","WR","","","","injury-status","BYE","-","999.0","-","-","-","-","-","-","-","-","-","-","-"
"2059","D. Jackson","D. Jackson","RB","","","","injury-status","BYE","-","999.0","-","-","-","-","-","-","-","-","-","-","-"
"2060","J. Driskel","J. Driskel","QB","","","","injury-status","BYE","-","576.0","-","-","-","-","-","-","-","-","-","-","-"
"2061","C. Core","C. Core","WR","","","Ques","injury-status questionable","BYE","-","999.0","-","-","-","-","-","-","-","-","-","-","-"
"2062","D. Watt","D. Watt","RB","","","","injury-status","BYE","-","527.8","-","-","-","-","-","-","-","-","-","-","-"
"2063","D. Vitale","D. Vitale","RB","","","","injury-status","BYE","-","700.5","-","-","-","-","-","-","-","-","-","-","-"
"2064","K. Listenbee","K. Listenbee","WR","","","","injury-status","BYE","-","602.0","-","-","-","-","-","-","-","-","-","-","-"
"2065","J. Rudock","J. Rudock","QB","","","","injury-status","BYE","-","627.0","-","-","-","-","-","-","-","-","-","-","-"
"2066","N. Sudfeld","N. Sudfeld","QB","","","","injury-status","BYE","-","570.5","-","-","-","-","-","-","-","-","-","-","-"
"2067","J. Grant","J. Grant","WR","","","","injury-status","BYE","-","999.0","-","-","-","-","-","-","-","-","-","-","-"
"2068","J. Adams","J. Adams","TE","","","","injury-status","BYE","-","999.0","-","-","-","-","-","-","-","-","-","-","-"
"2069","M. Bohringer","M. Bohringer","TE","","","","injury-status","BYE","-","530.5","-","-","-","-","-","-","-","-","-","-","-"
"2070","T. Hemingway","T. Hemingway","TE","WAS","12","","injury-status","Sun 1:00 PMvs NYG","-","540.0","-","-","-","-","-","-","-","-","-","-","-"
"2071","A. Janovich","A. Janovich","RB","","","","injury-status","BYE","-","999.0","-","-","-","-","-","-","-","-","-","-","-"
"2072","R. Fitzpatrick","R. Fitzpatrick","QB","","","","injury-status","BYE","-","699.9","-","-","-","-","-","-","-","-","-","-","-"
"2073","R. Higgins","R. Higgins","WR","","","","injury-status","BYE","-","264.0","-","-","-","-","-","-","-","-","-","-","-"
"2074","T. Davis","T. Davis","WR","","","","injury-status","BYE","-","999.0","-","-","-","-","-","-","-","-","-","-","-"
"2075","K. Hogan","K. Hogan","QB","","","","injury-status","BYE","-","593.5","-","-","-","-","-","-","-","-","-","-","-"
"2076","J. Williams","J. Williams","RB","","","Ques","injury-status questionable","BYE","-","999.0","-","-","-","-","-","-","-","-","-","-","-"
"2077","P. Rivers","P. Rivers","QB","","","","injury-status","BYE","-","681.9","-","-","-","-","-","-","-","-","-","-","-"
"2078","W. Smallwood","W. Smallwood","RB","WAS","12","","injury-status","Sun 1:00 PMvs NYG","-","691.9","-","-","-","-","-","-","-","-","-","-","-"
"2079","J. Howard","J. Howard","RB","","","","injury-status","BYE","-","552.0","-","-","-","-","-","-","-","-","-","-","-"
"2080","D. Washington","D. Washington","RB","","","","injury-status","BYE","-","999.0","-","-","-","-","-","-","-","-","-","-","-"
"2081","T. Sharpe","T. Sharpe","WR","","","Ques","injury-status questionable","BYE","-","340.0","-","-","-","-","-","-","-","-","-","-","-"
"2082","S. DeValve","S. DeValve","TE","","","","injury-status","BYE","-","999.0","-","-","-","-","-","-","-","-","-","-","-"
"2083","T. Ervin","T. Ervin","RB","","","Ques","injury-status questionable","BYE","-","999.0","-","-","-","-","-","-","-","-","-","-","-"
"2084","P. Cooper","P. Cooper","WR","","","","injury-status","BYE","-","999.0","-","-","-","-","-","-","-","-","-","-","-"
"2085","C. Moore","C. Moore","WR","WAS","12","","injury-status","Sun 1:00 PMvs NYG","-","999.0","-","-","-","-","-","-","-","-","-","-","-"
"2086","K. Drake","K. Drake","RB","","","","injury-status","BYE","-","670.0","-","-","-","-","-","-","-","-","-","-","-"
"2087","B. Kaufusi","B. Kaufusi","TE","GB","5","","injury-status","Sun 4:25 PMvs DET","-","999.0","-","-","-","-","-","-","-","-","-","-","-"
"2088","P. Perkins","P. Perkins","RB","","","","injury-status","BYE","-","999.0","-","-","-","-","-","-","-","-","-","-","-"
"2089","D. Booker","D. Booker","RB","","","","injury-status","BYE","-","337.0","-","-","-","-","-","-","-","-","-","-","-"
"2090","K. Dixon","K. Dixon","RB","","","","injury-status","BYE","-","999.0","-","-","-","-","-","-","-","-","-","-","-"
"2091","C. Kessler","C. Kessler","QB","","","","injury-status","BYE","-","490.0","-","-","-","-","-","-","-","-","-","-","-"
"2092","C. Prosise","C. Prosise","RB","","","","injury-status","BYE","-","999.0","-","-","-","-","-","-","-","-","-","-","-"
"2093","M. Thomas","M. Thomas","WR","","","","injury-status","BYE","-","653.0","-","-","-","-","-","-","-","-","-","-","-"
"2094","J. Doctson","J. Doctson","WR","","","","injury-status","BYE","-","999.0","-","-","-","-","-","-","-","-","-","-","-"
"2095","C. Coleman","C. Coleman","WR","","","","injury-status","BYE","-","999.0","-","-","-","-","-","-","-","-","-","-","-"
"2096","P. Lynch","P. Lynch","QB","","","","injury-status","BYE","-","680.7","-","-","-","-","-","-","-","-","-","-","-"
"2097","C. Wentz","C. Wentz","QB","MIN","6","","injury-status","Mon 8:15 PM@ CHI","-","677.3","-","-","-","-","-","-","-","-","-","-","-"
"2098","W. Fuller","W. Fuller","WR","","","Ques","injury-status questionable","BYE","-","669.8","-","-","-","-","-","-","-","-","-","-","-"
"2099","L. Treadwell","L. Treadwell","WR","IND","11","","injury-status","Sun 1:00 PMvs MIA","-","699.8","-","-","-","-","-","-","-","-","-","-","-"
"2100","X. Rush","X. Rush","WR","","","","injury-status","BYE","-","999.0","-","-","-","-","-","-","-","-","-","-","-"
"2101","A. Dable","A. Dable","WR","","","","injury-status","BYE","-","662.0","-","-","-","-","-","-","-","-","-","-","-"
"2102","M. Slater","M. Slater","WR","","","","injury-status","BYE","-","468.5","-","-","-","-","-","-","-","-","-","-","-"
"2103","J. Johnson","J. Johnson","WR","","","","injury-status","BYE","-","999.0","-","-","-","-","-","-","-","-","-","-","-"
"2104","K. Ings","K. Ings","WR","","","","injury-status","BYE","-","999.0","-","-","-","-","-","-","-","-","-","-","-"
"2105","G. Sinclair","G. Sinclair","TE","","","","injury-status","BYE","-","999.0","-","-","-","-","-","-","-","-","-","-","-"
"2106","R. Travis","R. Travis","TE","","","","injury-status","BYE","-","999.0","-","-","-","-","-","-","-","-","-","-","-"
"2107","M. Lengel","M. Lengel","TE","","","","injury-status","BYE","-","999.0","-","-","-","-","-","-","-","-","-","-","-"
"2108","D. Gardner","D. Gardner","WR","","","","injury-status","BYE","-","999.0","-","-","-","-","-","-","-","-","-","-","-"
"2109","D. Light","D. Light","TE","","","","injury-status","BYE","-","999.0","-","-","-","-","-","-","-","-","-","-","-"
"2110","M. Wile","M. Wile","P, K","","","","injury-status","BYE","-","587.7","-","-","-","-","-","-","-","-","-","-","-"
"2111","L. Stokes","L. Stokes","TE","","","","injury-status","BYE","-","999.0","-","-","-","-","-","-","-","-","-","-","-"
"2112","R. Scheuerman","R. Scheuerman","RB","","","","injury-status","BYE","-","999.0","-","-","-","-","-","-","-","-","-","-","-"
"2113","Z. D'Orazio","Z. D'Orazio","WR","","","","injury-status","BYE","-","999.0","-","-","-","-","-","-","-","-","-","-","-"
"2114","E. Brun","E. Brun","TE","","","","injury-status","BYE","-","529.7","-","-","-","-","-","-","-","-","-","-","-"
"2115","S. Days","S. Days","RB","","","","injury-status","BYE","-","999.0","-","-","-","-","-","-","-","-","-","-","-"
"2116","B. Cottom","B. Cottom","RB","","","","injury-status","BYE","-","999.0","-","-","-","-","-","-","-","-","-","-","-"
"2117","C. Burton","C. Burton","TE","","","","injury-status","BYE","-","521.0","-","-","-","-","-","-","-","-","-","-","-"
"2118","L. Ward","L. Ward","RB","","","","injury-status","BYE","-","999.0","-","-","-","-","-","-","-","-","-","-","-"
"2119","M. LaCosse","M. LaCosse","TE","NE","14","","injury-status","Sun 1:00 PMvs LV","-","999.0","-","-","-","-","-","-","-","-","-","-","-"
"2120","M. Weisman","M. Weisman","RB","","","","injury-status","BYE","-","999.0","-","-","-","-","-","-","-","-","-","-","-"
"2121","D. Lawrence","D. Lawrence","WR","","","","injury-status","BYE","-","999.0","-","-","-","-","-","-","-","-","-","-","-"
"2122","J. Blue","J. Blue","WR","","","","injury-status","BYE","-","608.6","-","-","-","-","-","-","-","-","-","-","-"
"2123","C. Worthy","C. Worthy","WR","","","","injury-status","BYE","-","698.9","-","-","-","-","-","-","-","-","-","-","-"
"2124","D. Powell","D. Powell","WR","","","","injury-status","BYE","-","999.0","-","-","-","-","-","-","-","-","-","-","-"
"2125","R. Williams","R. Williams","RB","","","","injury-status","BYE","-","999.0","-","-","-","-","-","-","-","-","-","-","-"
"2126","R. Collins","R. Collins","WR","","","","injury-status","BYE","-","681.6","-","-","-","-","-","-","-","-","-","-","-"
"2127","J. Rumph","J. Rumph","WR","","","","injury-status","BYE","-","999.0","-","-","-","-","-","-","-","-","-","-","-"
"2128","C. Knox","C. Knox","RB","","","","injury-status","BYE","-","999.0","-","-","-","-","-","-","-","-","-","-","-"
"2129","E. Frohnapfel","E. Frohnapfel","TE","","","","injury-status","BYE","-","999.0","-","-","-","-","-","-","-","-","-","-","-"
"2130","D. Foxx","D. Foxx","WR","","","","injury-status","BYE","-","396.0","-","-","-","-","-","-","-","-","-","-","-"
"2131","J. Tukes","J. Tukes","TE","","","","injury-status","BYE","-","999.0","-","-","-","-","-","-","-","-","-","-","-"
"2132","A. Coxson","A. Coxson","WR","","","","injury-status","BYE","-","999.0","-","-","-","-","-","-","-","-","-","-","-"
"2133","K. Hill","K. Hill","RB","","","","injury-status","BYE","-","999.0","-","-","-","-","-","-","-","-","-","-","-"
"2134","D. Davis","D. Davis","WR","","","","injury-status","BYE","-","604.0","-","-","-","-","-","-","-","-","-","-","-"
"2135","C. Neighbors","C. Neighbors","RB","","","","injury-status","BYE","-","999.0","-","-","-","-","-","-","-","-","-","-","-"
"2136","D. Mahina","D. Mahina","TE","","","","injury-status","BYE","-","999.0","-","-","-","-","-","-","-","-","-","-","-"
"2137","T. Sloat","T. Sloat","TE","","","","injury-status","BYE","-","999.0","-","-","-","-","-","-","-","-","-","-","-"
"2138","J. Smith","J. Smith","WR","","","","injury-status","BYE","-","999.0","-","-","-","-","-","-","-","-","-","-","-"
"2139","D. Wilson","D. Wilson","WR","","","","injury-status","BYE","-","999.0","-","-","-","-","-","-","-","-","-","-","-"
"2140","B. Vogler","B. Vogler","TE","","","","injury-status","BYE","-","999.0","-","-","-","-","-","-","-","-","-","-","-"
"2141","I. Umodu","I. Umodu","WR","","","","injury-status","BYE","-","999.0","-","-","-","-","-","-","-","-","-","-","-"
"2142","L. Lundy","L. Lundy","RB","","","","injury-status","BYE","-","999.0","-","-","-","-","-","-","-","-","-","-","-"
"2143","G. Lutman","G. Lutman","WR","","","","injury-status","BYE","-","999.0","-","-","-","-","-","-","-","-","-","-","-"
"2144","J. Manton","J. Manton","K","","","","injury-status","BYE","-","634.5","-","-","-","-","-","-","-","-","-","-","-"
"2145","T. Rutenbeck","T. Rutenbeck","WR","","","","injury-status","BYE","-","608.8","-","-","-","-","-","-","-","-","-","-","-"
"2146","B. Gardner","B. Gardner","TE","","","","injury-status","BYE","-","999.0","-","-","-","-","-","-","-","-","-","-","-"
"2147","B. Braylon","B. Braylon","WR","","","","injury-status","BYE","-","603.5","-","-","-","-","-","-","-","-","-","-","-"
"2148","J. Reese","J. Reese","WR","","","","injury-status","BYE","-","999.0","-","-","-","-","-","-","-","-","-","-","-"
"2149","S. Carden","S. Carden","QB","","","","injury-status","BYE","-","471.0","-","-","-","-","-","-","-","-","-","-","-"
"2150","T. Franks","T. Franks","RB","","","","injury-status","BYE","-","999.0","-","-","-","-","-","-","-","-","-","-","-"
"2151","C. Clear","C. Clear","TE","","","","injury-status","BYE","-","999.0","-","-","-","-","-","-","-","-","-","-","-"
"2152","R. Smith","R. Smith","RB","","","","injury-status","BYE","-","999.0","-","-","-","-","-","-","-","-","-","-","-"
"2153","D. Brees","D. Brees","QB","","","","injury-status","BYE","-","695.2","-","-","-","-","-","-","-","-","-","-","-"
"2154","J. Sinz","J. Sinz","TE","","","","injury-status","BYE","-","999.0","-","-","-","-","-","-","-","-","-","-","-"
"2155","Z. Laskey","Z. Laskey","RB","","","","injury-status","BYE","-","999.0","-","-","-","-","-","-","-","-","-","-","-"
"2156","I. Ferguson","I. Ferguson","WR","","","","injury-status","BYE","-","999.0","-","-","-","-","-","-","-","-","-","-","-"
"2157","T. Creecy","T. Creecy","RB","","","","injury-status","BYE","-","999.0","-","-","-","-","-","-","-","-","-","-","-"
"2158","R. Hamilton","R. Hamilton","TE","","","","injury-status","BYE","-","999.0","-","-","-","-","-","-","-","-","-","-","-"
"2159","M. Clark","M. Clark","WR","","","","injury-status","BYE","-","999.0","-","-","-","-","-","-","-","-","-","-","-"
"2160","D. Walker","D. Walker","TE","","","","injury-status","BYE","-","505.3","-","-","-","-","-","-","-","-","-","-","-"
"2161","T. Harman","T. Harman","WR","","","","injury-status","BYE","-","999.0","-","-","-","-","-","-","-","-","-","-","-"
"2162","K. Cook","K. Cook","WR","","","","injury-status","BYE","-","542.5","-","-","-","-","-","-","-","-","-","-","-"
"2163","A. Humphries","A. Humphries","WR","","","","injury-status","BYE","-","617.7","-","-","-","-","-","-","-","-","-","-","-"
"2164","J. Kumerow","J. Kumerow","WR","","","Ques","injury-status questionable","BYE","-","334.0","-","-","-","-","-","-","-","-","-","-","-"
"2165","D. Brown","D. Brown","RB","","","","injury-status","BYE","-","999.0","-","-","-","-","-","-","-","-","-","-","-"
"2166","M. Meyer","M. Meyer","K","","","","injury-status","BYE","-","466.5","-","-","-","-","-","-","-","-","-","-","-"
"2167","M. Palardy","M. Palardy","P, K","","","","injury-status","BYE","-","667.0","-","-","-","-","-","-","-","-","-","-","-"
"2168","D. Rodriguez","D. Rodriguez","WR","","","","injury-status","BYE","-","999.0","-","-","-","-","-","-","-","-","-","-","-"
"2169","C. Acosta","C. Acosta","K","","","","injury-status","BYE","-","615.0","-","-","-","-","-","-","-","-","-","-","-"
"2170","D. White","D. White","WR","","","Ques","injury-status questionable","BYE","-","999.0","-","-","-","-","-","-","-","-","-","-","-"
"2171","M. Hull","M. Hull","WR","","","","injury-status","BYE","-","999.0","-","-","-","-","-","-","-","-","-","-","-"
"2172","N. King","N. King","WR","","","","injury-status","BYE","-","442.0","-","-","-","-","-","-","-","-","-","-","-"
"2173","D. Porter","D. Porter","WR","","","","injury-status","BYE","-","999.0","-","-","-","-","-","-","-","-","-","-","-"
"2174","G. Johnson","G. Johnson","RB","","","","injury-status","BYE","-","341.3","-","-","-","-","-","-","-","-","-","-","-"
"2175","K. Doe","K. Doe","WR","","","","injury-status","BYE","-","999.0","-","-","-","-","-","-","-","-","-","-","-"
"2176","J. Hunt","J. Hunt","WR","","","","injury-status","BYE","-","999.0","-","-","-","-","-","-","-","-","-","-","-"
"2177","H. Spears","H. Spears","TE","","","","injury-status","BYE","-","999.0","-","-","-","-","-","-","-","-","-","-","-"
"2178","B. Heard","B. Heard","RB","","","","injury-status","BYE","-","999.0","-","-","-","-","-","-","-","-","-","-","-"
"2179","J. Chisholm","J. Chisholm","RB","","","","injury-status","BYE","-","999.0","-","-","-","-","-","-","-","-","-","-","-"
"2180","A. Gleichert","A. Gleichert","TE","","","","injury-status","BYE","-","999.0","-","-","-","-","-","-","-","-","-","-","-"
"2181","E. Tomlinson","E. Tomlinson","TE","","","","injury-status","BYE","-","999.0","-","-","-","-","-","-","-","-","-","-","-"
"2182","M. Johnson","M. Johnson","WR","","","","injury-status","BYE","-","999.0","-","-","-","-","-","-","-","-","-","-","-"
"2183","R. Bailey","R. Bailey","WR","","","","injury-status","BYE","-","308.0","-","-","-","-","-","-","-","-","-","-","-"
"2184","T. Steelman","T. Steelman","WR","","","","injury-status","BYE","-","999.0","-","-","-","-","-","-","-","-","-","-","-"
"2185","D. Brown","D. Brown","TE","","","Ques","injury-status questionable","BYE","-","999.0","-","-","-","-","-","-","-","-","-","-","-"
"2186","K. Closs","K. Closs","WR","","","","injury-status","BYE","-","999.0","-","-","-","-","-","-","-","-","-","-","-"
"2187","K. Harper","K. Harper","RB","","","","injury-status","BYE","-","999.0","-","-","-","-","-","-","-","-","-","-","-"
"2188","J. Harper","J. Harper","WR","","","","injury-status","BYE","-","999.0","-","-","-","-","-","-","-","-","-","-","-"
"2189","T. Heinicke","T. Heinicke","QB","","","","injury-status","BYE","-","669.5","-","-","-","-","-","-","-","-","-","-","-"
"2190","E. Ruffin","E. Ruffin","WR","","","","injury-status","BYE","-","999.0","-","-","-","-","-","-","-","-","-","-","-"
"2191","C. Louks","C. Louks","WR","","","","injury-status","BYE","-","999.0","-","-","-","-","-","-","-","-","-","-","-"
"2192","A. Smith","A. Smith","QB","","","","injury-status","BYE","-","663.3","-","-","-","-","-","-","-","-","-","-","-"
"2193","P. Browning","P. Browning","WR","","","","injury-status","BYE","-","999.0","-","-","-","-","-","-","-","-","-","-","-"
"2194","D. Byrd","D. Byrd","WR","","","","injury-status","BYE","-","999.0","-","-","-","-","-","-","-","-","-","-","-"
"2195","D. Aultman","D. Aultman","WR","","","","injury-status","BYE","-","999.0","-","-","-","-","-","-","-","-","-","-","-"
"2196","J. Lambo","J. Lambo","K","","","","injury-status","BYE","-","586.4","-","-","-","-","-","-","-","-","-","-","-"
"2197","R. Mueller","R. Mueller","RB","","","","injury-status","BYE","-","999.0","-","-","-","-","-","-","-","-","-","-","-"
"2198","P. Sims","P. Sims","QB","","","","injury-status","BYE","-","440.8","-","-","-","-","-","-","-","-","-","-","-"
"2199","T. Long","T. Long","P, K","","","","injury-status","BYE","-","660.0","-","-","-","-","-","-","-","-","-","-","-"
"2200","T. Jones","T. Jones","WR","","","","injury-status","BYE","-","999.0","-","-","-","-","-","-","-","-","-","-","-"
"2201","J. Haggins","J. Haggins","WR","","","","injury-status","BYE","-","999.0","-","-","-","-","-","-","-","-","-","-","-"
"2202","V. Johnson","V. Johnson","WR","","","","injury-status","BYE","-","999.0","-","-","-","-","-","-","-","-","-","-","-"
"2203","D. Martin","D. Martin","RB","","","","injury-status","BYE","-","999.0","-","-","-","-","-","-","-","-","-","-","-"
"2204","J. Heaps","J. Heaps","QB","","","","injury-status","BYE","-","529.9","-","-","-","-","-","-","-","-","-","-","-"
"2205","D. Jennings","D. Jennings","WR","","","","injury-status","BYE","-","999.0","-","-","-","-","-","-","-","-","-","-","-"
"2206","R. Seale","R. Seale","RB","","","","injury-status","BYE","-","999.0","-","-","-","-","-","-","-","-","-","-","-"
"2207","J. Johnson","J. Johnson","QB","WAS","12","","injury-status","Sun 1:00 PMvs NYG","-","600.0","-","-","-","-","-","-","-","-","-","-","-"
"2208","M. Dyer","M. Dyer","RB","","","","injury-status","BYE","-","999.0","-","-","-","-","-","-","-","-","-","-","-"
"2209","T. Semisch","T. Semisch","TE","","","","injury-status","BYE","-","571.0","-","-","-","-","-","-","-","-","-","-","-"
"2210","A. Goodley","A. Goodley","WR","","","","injury-status","BYE","-","508.8","-","-","-","-","-","-","-","-","-","-","-"
"2211","M. Brown","M. Brown","RB","","","","injury-status","BYE","-","692.5","-","-","-","-","-","-","-","-","-","-","-"
"2212","D. Anderson","D. Anderson","WR","","","","injury-status","BYE","-","999.0","-","-","-","-","-","-","-","-","-","-","-"
"2213","T. Williams","T. Williams","WR","","","Ques","injury-status questionable","BYE","-","999.0","-","-","-","-","-","-","-","-","-","-","-"
"2214","C. Stoudt","C. Stoudt","QB","","","","injury-status","BYE","-","335.8","-","-","-","-","-","-","-","-","-","-","-"
"2215","J. Edwards","J. Edwards","RB","","","","injury-status","BYE","-","999.0","-","-","-","-","-","-","-","-","-","-","-"
"2216","T. Davis","T. Davis","WR","","","","injury-status","BYE","-","267.0","-","-","-","-","-","-","-","-","-","-","-"
"2217","J. Harris","J. Harris","WR","","","","injury-status","BYE","-","999.0","-","-","-","-","-","-","-","-","-","-","-"
"2218","D. Davis","D. Davis","WR","","","","injury-status","BYE","-","556.8","-","-","-","-","-","-","-","-","-","-","-"
"2219","C. Fajardo","C. Fajardo","QB","","","","injury-status","BYE","-","524.4","-","-","-","-","-","-","-","-","-","-","-"
"2220","D. Daniels","D. Daniels","WR","","","","injury-status","BYE","-","999.0","-","-","-","-","-","-","-","-","-","-","-"
"2221","D. Luckett","D. Luckett","WR","","","","injury-status","BYE","-","999.0","-","-","-","-","-","-","-","-","-","-","-"
"2222","J. Waters","J. Waters","QB","","","","injury-status","BYE","-","478.8","-","-","-","-","-","-","-","-","-","-","-"
"2223","B. Bennett","B. Bennett","QB","","","","injury-status","BYE","-","477.3","-","-","-","-","-","-","-","-","-","-","-"
"2224","J. Sifrin","J. Sifrin","TE","","","","injury-status","BYE","-","999.0","-","-","-","-","-","-","-","-","-","-","-"
"2225","A. Boone","A. Boone","QB","","","","injury-status","BYE","-","472.2","-","-","-","-","-","-","-","-","-","-","-"
"2226","Z. Zenner","Z. Zenner","RB","","","","injury-status","BYE","-","999.0","-","-","-","-","-","-","-","-","-","-","-"
"2227","J. Lovelocke","J. Lovelocke","QB","","","","injury-status","BYE","-","537.6","-","-","-","-","-","-","-","-","-","-","-"
"2228","R. Anderson","R. Anderson","TE","","","","injury-status","BYE","-","999.0","-","-","-","-","-","-","-","-","-","-","-"
"2229","T. Siemian","T. Siemian","QB","TEN","10","","injury-status","Sun 4:05 PM@ DEN","-","538.9","-","-","-","-","-","-","-","-","-","-","-"
"2230","G. Swaim","G. Swaim","TE","","","Ques","injury-status questionable","BYE","-","999.0","-","-","-","-","-","-","-","-","-","-","-"
"2231","D. Brown","D. Brown","WR","","","","injury-status","BYE","-","999.0","-","-","-","-","-","-","-","-","-","-","-"
"2232","B. Koyack","B. Koyack","TE","","","","injury-status","BYE","-","999.0","-","-","-","-","-","-","-","-","-","-","-"
"2233","B. Sasser","B. Sasser","WR","","","","injury-status","BYE","-","999.0","-","-","-","-","-","-","-","-","-","-","-"
"2234","M. Johnson","M. Johnson","RB","","","","injury-status","BYE","-","999.0","-","-","-","-","-","-","-","-","-","-","-"
"2235","N. O'Leary","N. O'Leary","TE","","","Ques","injury-status questionable","BYE","-","999.0","-","-","-","-","-","-","-","-","-","-","-"
"2236","G. Davis","G. Davis","WR","","","","injury-status","BYE","-","999.0","-","-","-","-","-","-","-","-","-","-","-"
"2237","J. O'Shaughnessy","J. O'Shaughnessy","TE","","","","injury-status","BYE","-","999.0","-","-","-","-","-","-","-","-","-","-","-"
"2238","N. Boyle","N. Boyle","TE","","","","injury-status","BYE","-","999.0","-","-","-","-","-","-","-","-","-","-","-"
"2239","M. Burton","M. Burton","RB","DEN","12","IR","injury-status ir","Sun 4:05 PMvs TEN","-","646.0","-","-","-","-","-","-","-","-","-","-","-"
"2240","K. Bell","K. Bell","WR","","","","injury-status","BYE","-","999.0","-","-","-","-","-","-","-","-","-","-","-"
"2241","J. James","J. James","TE","","","","injury-status","BYE","-","405.0","-","-","-","-","-","-","-","-","-","-","-"
"2242","J. Nelson","J. Nelson","WR","","","","injury-status","BYE","-","999.0","-","-","-","-","-","-","-","-","-","-","-"
"2243","C. Uzomah","C. Uzomah","TE","","","Ques","injury-status questionable","BYE","-","495.8","-","-","-","-","-","-","-","-","-","-","-"
"2244","D. Sproles","D. Sproles","RB","","","","injury-status","BYE","-","668.5","-","-","-","-","-","-","-","-","-","-","-"
"2245","J. Ajayi","J. Ajayi","RB","","","","injury-status","BYE","-","672.0","-","-","-","-","-","-","-","-","-","-","-"
"2246","B. Hundley","B. Hundley","QB","","","","injury-status","BYE","-","371.0","-","-","-","-","-","-","-","-","-","-","-"
"2247","M. Pruitt","M. Pruitt","TE","","","","injury-status","BYE","-","648.0","-","-","-","-","-","-","-","-","-","-","-"
"2248","M. Davis","M. Davis","RB","","","","injury-status","BYE","-","699.7","-","-","-","-","-","-","-","-","-","-","-"
"2249","J. Allen","J. Allen","RB","","","","injury-status","BYE","-","689.5","-","-","-","-","-","-","-","-","-","-","-"
"2250","B. Bell","B. Bell","TE","","","","injury-status","BYE","-","561.0","-","-","-","-","-","-","-","-","-","-","-"
"2251","J. Hardy","J. Hardy","WR","","","","injury-status","BYE","-","692.0","-","-","-","-","-","-","-","-","-","-","-"
"2252","M. Ryan","M. Ryan","QB","","","","injury-status","BYE","-","691.5","-","-","-","-","-","-","-","-","-","-","-"
"2253","T. Montgomery","T. Montgomery","RB","","","","injury-status","BYE","-","999.0","-","-","-","-","-","-","-","-","-","-","-"
"2254","J. Heuerman","J. Heuerman","TE","","","","injury-status","BYE","-","999.0","-","-","-","-","-","-","-","-","-","-","-"
"2255","S. Mannion","S. Mannion","QB","","","","injury-status","BYE","-","697.8","-","-","-","-","-","-","-","-","-","-","-"
"2256","D. Johnson","D. Johnson","RB","","","","injury-status","BYE","-","695.1","-","-","-","-","-","-","-","-","-","-","-"
"2257","T. Kroft","T. Kroft","TE","","","","injury-status","BYE","-","481.0","-","-","-","-","-","-","-","-","-","-","-"
"2258","D. Johnson","D. Johnson","RB","","","","injury-status","BYE","-","999.0","-","-","-","-","-","-","-","-","-","-","-"
"2259","C. Conley","C. Conley","WR","","","","injury-status","BYE","-","999.0","-","-","-","-","-","-","-","-","-","-","-"
"2260","T. Coleman","T. Coleman","RB","","","","injury-status","BYE","-","999.0","-","-","-","-","-","-","-","-","-","-","-"
"2261","C. Walford","C. Walford","TE","","","","injury-status","BYE","-","999.0","-","-","-","-","-","-","-","-","-","-","-"
"2262","M. Williams","M. Williams","TE","","","","injury-status","BYE","-","999.0","-","-","-","-","-","-","-","-","-","-","-"
"2263","A. Abdullah","A. Abdullah","RB","","","Ques","injury-status questionable","BYE","-","657.0","-","-","-","-","-","-","-","-","-","-","-"
"2264","D. Funchess","D. Funchess","TE","","","","injury-status","BYE","-","248.0","-","-","-","-","-","-","-","-","-","-","-"
"2265","D. Smith","D. Smith","WR","","","","injury-status","BYE","-","612.5","-","-","-","-","-","-","-","-","-","-","-"
"2266","T. Yeldon","T. Yeldon","RB","","","","injury-status","BYE","-","689.0","-","-","-","-","-","-","-","-","-","-","-"
"2267","P. Dorsett","P. Dorsett","WR","","","","injury-status","BYE","-","999.0","-","-","-","-","-","-","-","-","-","-","-"
"2268","B. Perriman","B. Perriman","WR","","","","injury-status","BYE","-","644.5","-","-","-","-","-","-","-","-","-","-","-"
"2269","M. Moore","M. Moore","QB","","","","injury-status","BYE","-","623.0","-","-","-","-","-","-","-","-","-","-","-"
"2270","M. Gordon","M. Gordon","RB","","","","injury-status","BYE","-","659.3","-","-","-","-","-","-","-","-","-","-","-"
"2271","F. Gore","F. Gore","RB","","","","injury-status","BYE","-","620.7","-","-","-","-","-","-","-","-","-","-","-"
"2272","D. Parker","D. Parker","WR","","","","injury-status","BYE","-","443.0","-","-","-","-","-","-","-","-","-","-","-"
"2273","T. Gurley","T. Gurley","RB","","","","injury-status","BYE","-","661.6","-","-","-","-","-","-","-","-","-","-","-"
"2274","K. White","K. White","WR","","","","injury-status","BYE","-","698.4","-","-","-","-","-","-","-","-","-","-","-"
"2275","J. Cunningham","J. Cunningham","TE","","","","injury-status","BYE","-","999.0","-","-","-","-","-","-","-","-","-","-","-"
"2276","J. Witten","J. Witten","TE","","","","injury-status","BYE","-","653.8","-","-","-","-","-","-","-","-","-","-","-"
"2277","D. Inman","D. Inman","WR","","","","injury-status","BYE","-","577.0","-","-","-","-","-","-","-","-","-","-","-"
"2278","P. Richardson","P. Richardson","WR","","","","injury-status","BYE","-","999.0","-","-","-","-","-","-","-","-","-","-","-"
"2279","T. Millard","T. Millard","RB","","","","injury-status","BYE","-","999.0","-","-","-","-","-","-","-","-","-","-","-"
"2280","C. Hyde","C. Hyde","RB","","","","injury-status","BYE","-","545.7","-","-","-","-","-","-","-","-","-","-","-"
"2281","L. Thomas","L. Thomas","TE","","","","injury-status","BYE","-","999.0","-","-","-","-","-","-","-","-","-","-","-"
"2282","J. Brown","J. Brown","WR","","","","injury-status","BYE","-","999.0","-","-","-","-","-","-","-","-","-","-","-"
"2283","L. Fitzgerald","L. Fitzgerald","WR","","","","injury-status","BYE","-","687.9","-","-","-","-","-","-","-","-","-","-","-"
"2284","G. Gilbert","G. Gilbert","QB","","","","injury-status","BYE","-","359.9","-","-","-","-","-","-","-","-","-","-","-"
"2285","C. Brate","C. Brate","TE","","","","injury-status","BYE","-","657.0","-","-","-","-","-","-","-","-","-","-","-"
"2286","L. Kilgore","L. Kilgore","QB","","","","injury-status","BYE","-","398.7","-","-","-","-","-","-","-","-","-","-","-"
"2287","T. Flanders","T. Flanders","RB","","","","injury-status","BYE","-","999.0","-","-","-","-","-","-","-","-","-","-","-"
"2288","M. Lucas","M. Lucas","WR","","","","injury-status","BYE","-","999.0","-","-","-","-","-","-","-","-","-","-","-"
"2289","R. Nix","R. Nix","RB","","","","injury-status","BYE","-","424.5","-","-","-","-","-","-","-","-","-","-","-"
"2290","D. Freeman","D. Freeman","RB","","","","injury-status","BYE","-","645.8","-","-","-","-","-","-","-","-","-","-","-"
"2291","J. McKinnon","J. McKinnon","RB","","","","injury-status","BYE","-","608.9","-","-","-","-","-","-","-","-","-","-","-"
"2292","R. Rodgers","R. Rodgers","TE","","","Ques","injury-status questionable","BYE","-","331.5","-","-","-","-","-","-","-","-","-","-","-"
"2293","R. Neal","R. Neal","RB","","","","injury-status","BYE","-","681.9","-","-","-","-","-","-","-","-","-","-","-"
"2294","T. Jones","T. Jones","WR","","","","injury-status","BYE","-","999.0","-","-","-","-","-","-","-","-","-","-","-"
"2295","J. Franklin","J. Franklin","QB","","","","injury-status","BYE","-","599.0","-","-","-","-","-","-","-","-","-","-","-"
"2296","E. Ebron","E. Ebron","TE","PIT","5","","injury-status","Sun 1:00 PM@ NYJ","-","999.0","-","-","-","-","-","-","-","-","-","-","-"
"2297","S. Perry","S. Perry","RB","","","","injury-status","BYE","-","999.0","-","-","-","-","-","-","-","-","-","-","-"
"2298","D. Fales","D. Fales","QB","","","","injury-status","BYE","-","482.0","-","-","-","-","-","-","-","-","-","-","-"
"2299","R. Grant","R. Grant","WR","","","","injury-status","BYE","-","671.0","-","-","-","-","-","-","-","-","-","-","-"
"2300","X. Grimble","X. Grimble","TE","","","","injury-status","BYE","-","999.0","-","-","-","-","-","-","-","-","-","-","-"
"2301","J. McCown","J. McCown","QB","","","","injury-status","BYE","-","670.5","-","-","-","-","-","-","-","-","-","-","-"
"2302","O. Beckham","O. Beckham","WR","","","","injury-status","BYE","-","656.5","-","-","-","-","-","-","-","-","-","-","-"
"2303","K. Smith","K. Smith","RB","","","Ques","injury-status questionable","BYE","-","999.0","-","-","-","-","-","-","-","-","-","-","-"
"2304","B. Chancellor","B. Chancellor","WR","","","","injury-status","BYE","-","999.0","-","-","-","-","-","-","-","-","-","-","-"
"2305","S. Simonson","S. Simonson","TE","","","","injury-status","BYE","-","999.0","-","-","-","-","-","-","-","-","-","-","-"
"2306","S. Roberts","S. Roberts","WR","","","","injury-status","BYE","-","999.0","-","-","-","-","-","-","-","-","-","-","-"
"2307","D. Carr","D. Carr","QB","","","NA","injury-status na","BYE","-","667.6","-","-","-","-","-","-","-","-","-","-","-"
"2308","A. Wilson","A. Wilson","WR","","","","injury-status","BYE","-","250.0","-","-","-","-","-","-","-","-","-","-","-"
"2309","D. Thomas","D. Thomas","WR","","","","injury-status","BYE","-","999.0","-","-","-","-","-","-","-","-","-","-","-"
"2310","C. Latimer","C. Latimer","WR","","","","injury-status","BYE","-","999.0","-","-","-","-","-","-","-","-","-","-","-"
"2311","B. Fowler","B. Fowler","WR","","","","injury-status","BYE","-","999.0","-","-","-","-","-","-","-","-","-","-","-"
"2312","V. Davis","V. Davis","TE","","","","injury-status","BYE","-","696.3","-","-","-","-","-","-","-","-","-","-","-"
"2313","A. Robinson","A. Robinson","WR","","","","injury-status","BYE","-","582.8","-","-","-","-","-","-","-","-","-","-","-"
"2314","M. Lee","M. Lee","WR","","","","injury-status","BYE","-","688.0","-","-","-","-","-","-","-","-","-","-","-"
"2315","A. Hurns","A. Hurns","WR","MIA","12","Ques","injury-status questionable","Sun 1:00 PM@ IND","-","690.6","-","-","-","-","-","-","-","-","-","-","-"
"2316","B. Bortles","B. Bortles","QB","NO","11","","injury-status","Sun 1:00 PMvs ARI","-","692.6","-","-","-","-","-","-","-","-","-","-","-"
"2317","C. Parkey","C. Parkey","K","","","","injury-status","BYE","-","678.9","-","-","-","-","-","-","-","-","-","-","-"
"2318","D. Moncrief","D. Moncrief","WR","","","Ques","injury-status questionable","BYE","-","657.5","-","-","-","-","-","-","-","-","-","-","-"
"2319","L. Bester","L. Bester","WR","","","","injury-status","BYE","-","999.0","-","-","-","-","-","-","-","-","-","-","-"
"2320","D. Walker","D. Walker","WR","","","","injury-status","BYE","-","999.0","-","-","-","-","-","-","-","-","-","-","-"
"2321","M. Bryant","M. Bryant","WR","","","","injury-status","BYE","-","621.4","-","-","-","-","-","-","-","-","-","-","-"
"2322","W. Snead","W. Snead","WR","","","","injury-status","BYE","-","509.0","-","-","-","-","-","-","-","-","-","-","-"
"2323","T. Gabriel","T. Gabriel","WR","","","","injury-status","BYE","-","581.9","-","-","-","-","-","-","-","-","-","-","-"
"2324","A. McCarron","A. McCarron","QB","","","","injury-status","BYE","-","657.3","-","-","-","-","-","-","-","-","-","-","-"
"2325","S. Evans","S. Evans","WR","","","","injury-status","BYE","-","999.0","-","-","-","-","-","-","-","-","-","-","-"
"2326","Q. Enunwa","Q. Enunwa","WR","","","","injury-status","BYE","-","999.0","-","-","-","-","-","-","-","-","-","-","-"
"2327","J. White","J. White","RB","","","","injury-status","BYE","-","692.7","-","-","-","-","-","-","-","-","-","-","-"
"2328","D. Johnson","D. Johnson","WR","","","","injury-status","BYE","-","999.0","-","-","-","-","-","-","-","-","-","-","-"
"2329","S. Houston","S. Houston","RB","","","","injury-status","BYE","-","999.0","-","-","-","-","-","-","-","-","-","-","-"
"2330","A. Peterson","A. Peterson","RB","","","","injury-status","BYE","-","665.4","-","-","-","-","-","-","-","-","-","-","-"
"2331","D. Williams","D. Williams","RB","","","Ques","injury-status questionable","BYE","-","999.0","-","-","-","-","-","-","-","-","-","-","-"
"2332","J. Landry","J. Landry","WR","","","","injury-status","BYE","-","614.0","-","-","-","-","-","-","-","-","-","-","-"
"2333","S. Watkins","S. Watkins","WR","","","","injury-status","BYE","-","482.5","-","-","-","-","-","-","-","-","-","-","-"
"2334","D. Stanton","D. Stanton","QB","","","","injury-status","BYE","-","597.5","-","-","-","-","-","-","-","-","-","-","-"
"2335","J. Matthews","J. Matthews","TE","","","","injury-status","BYE","-","999.0","-","-","-","-","-","-","-","-","-","-","-"
"2336","D. Fluellen","D. Fluellen","RB","","","","injury-status","BYE","-","999.0","-","-","-","-","-","-","-","-","-","-","-"
"2337","T. Burton","T. Burton","TE","","","","injury-status","BYE","-","999.0","-","-","-","-","-","-","-","-","-","-","-"
"2338","M. Schaub","M. Schaub","QB","","","","injury-status","BYE","-","693.6","-","-","-","-","-","-","-","-","-","-","-"
"2339","J. Hill","J. Hill","TE","","","","injury-status","BYE","-","665.0","-","-","-","-","-","-","-","-","-","-","-"
"2340","C. Keenum","C. Keenum","QB","CHI","5","Ques","injury-status questionable","Mon 8:15 PMvs MIN","-","681.8","-","-","-","-","-","-","-","-","-","-","-"
"2341","D. Carrier","D. Carrier","TE","","","","injury-status","BYE","-","589.3","-","-","-","-","-","-","-","-","-","-","-"
"2342","J. Doyle","J. Doyle","TE","IND","11","","injury-status","Sun 1:00 PMvs MIA","-","652.3","-","-","-","-","-","-","-","-","-","-","-"
"2343","E. Rogers","E. Rogers","WR","","","","injury-status","BYE","-","999.0","-","-","-","-","-","-","-","-","-","-","-"
"2344","B. Williams","B. Williams","TE","","","","injury-status","BYE","-","999.0","-","-","-","-","-","-","-","-","-","-","-"
"2345","Z. Line","Z. Line","RB","","","","injury-status","BYE","-","999.0","-","-","-","-","-","-","-","-","-","-","-"
"2346","J. Brown","J. Brown","WR","","","","injury-status","BYE","-","999.0","-","-","-","-","-","-","-","-","-","-","-"
"2347","U. Nwachukwu","U. Nwachukwu","WR","","","","injury-status","BYE","-","655.5","-","-","-","-","-","-","-","-","-","-","-"
"2348","T. Brady","T. Brady","QB","","","","injury-status","BYE","-","668.0","-","-","-","-","-","-","-","-","-","-","-"
"2349","T. Sinkfield","T. Sinkfield","WR","","","","injury-status","BYE","-","999.0","-","-","-","-","-","-","-","-","-","-","-"
"2350","L. Toilolo","L. Toilolo","TE","NYG","14","Ques","injury-status questionable","Sun 1:00 PM@ WAS","-","999.0","-","-","-","-","-","-","-","-","-","-","-"
"2351","D. Harris","D. Harris","TE","","","","injury-status","BYE","-","999.0","-","-","-","-","-","-","-","-","-","-","-"
"2352","T. Bray","T. Bray","QB","","","","injury-status","BYE","-","571.8","-","-","-","-","-","-","-","-","-","-","-"
"2353","N. Williams","N. Williams","WR","DEN","12","","injury-status","Sun 4:05 PMvs TEN","-","999.0","-","-","-","-","-","-","-","-","-","-","-"
"2354","L. Willson","L. Willson","TE","","","","injury-status","BYE","-","642.5","-","-","-","-","-","-","-","-","-","-","-"
"2355","S. Ware","S. Ware","RB","","","","injury-status","BYE","-","999.0","-","-","-","-","-","-","-","-","-","-","-"
"2356","D. Fells","D. Fells","TE","TB","9","","injury-status","Sun 1:00 PM@ ATL","-","999.0","-","-","-","-","-","-","-","-","-","-","-"
"2357","V. McDonald","V. McDonald","TE","","","","injury-status","BYE","-","999.0","-","-","-","-","-","-","-","-","-","-","-"
"2358","T. Austin","T. Austin","WR","","","","injury-status","BYE","-","695.0","-","-","-","-","-","-","-","-","-","-","-"
"2359","M. Glennon","M. Glennon","QB","","","","injury-status","BYE","-","599.7","-","-","-","-","-","-","-","-","-","-","-"
"2360","K. Stills","K. Stills","WR","","","","injury-status","BYE","-","246.0","-","-","-","-","-","-","-","-","-","-","-"
"2361","R. Griffin","R. Griffin","QB","","","","injury-status","BYE","-","415.0","-","-","-","-","-","-","-","-","-","-","-"
"2362","K. Barner","K. Barner","RB","","","","injury-status","BYE","-","999.0","-","-","-","-","-","-","-","-","-","-","-"
"2363","T. Riddick","T. Riddick","RB","","","","injury-status","BYE","-","508.0","-","-","-","-","-","-","-","-","-","-","-"
"2364","C. Thompson","C. Thompson","RB","","","","injury-status","BYE","-","461.1","-","-","-","-","-","-","-","-","-","-","-"
"2365","J. Reed","J. Reed","TE","","","","injury-status","BYE","-","494.0","-","-","-","-","-","-","-","-","-","-","-"
"2366","L. Murray","L. Murray","RB","","","","injury-status","BYE","-","579.0","-","-","-","-","-","-","-","-","-","-","-"
"2367","D. Jackson","D. Jackson","WR","","","","injury-status","BYE","-","688.0","-","-","-","-","-","-","-","-","-","-","-"
"2368","C. Anderson","C. Anderson","RB","","","","injury-status","BYE","-","622.5","-","-","-","-","-","-","-","-","-","-","-"
"2369","R. Griffin","R. Griffin","TE","","","","injury-status","BYE","-","999.0","-","-","-","-","-","-","-","-","-","-","-"
"2370","L. Bell","L. Bell","RB","TB","9","","injury-status","Sun 1:00 PM@ ATL","-","698.5","-","-","-","-","-","-","-","-","-","-","-"
"2371","T. Eifert","T. Eifert","TE","","","","injury-status","BYE","-","605.5","-","-","-","-","-","-","-","-","-","-","-"
"2372","R. Burkhead","R. Burkhead","RB","","","","injury-status","BYE","-","367.3","-","-","-","-","-","-","-","-","-","-","-"
"2373","G. Bernard","G. Bernard","RB","","","","injury-status","BYE","-","496.0","-","-","-","-","-","-","-","-","-","-","-"
"2374","B. Roethlisberger","B. Roethlisberger","QB","PIT","5","","injury-status","Sun 1:00 PM@ NYJ","-","687.1","-","-","-","-","-","-","-","-","-","-","-"
"2375","M. Goodwin","M. Goodwin","WR","","","","injury-status","BYE","-","586.3","-","-","-","-","-","-","-","-","-","-","-"
"2376","M. Barkley","M. Barkley","QB","","","","injury-status","BYE","-","445.5","-","-","-","-","-","-","-","-","-","-","-"
"2377","R. Shepard","R. Shepard","WR","","","","injury-status","BYE","-","999.0","-","-","-","-","-","-","-","-","-","-","-"
"2378","C. Hogan","C. Hogan","WR","","","","injury-status","BYE","-","375.5","-","-","-","-","-","-","-","-","-","-","-"
"2379","P. Lutz","P. Lutz","WR","","","","injury-status","BYE","-","999.0","-","-","-","-","-","-","-","-","-","-","-"
"2380","R. Daniels","R. Daniels","WR","","","","injury-status","BYE","-","999.0","-","-","-","-","-","-","-","-","-","-","-"
"2381","S. Watts","S. Watts","RB","","","","injury-status","BYE","-","999.0","-","-","-","-","-","-","-","-","-","-","-"
"2382","G. Oakes","G. Oakes","TE","","","","injury-status","BYE","-","640.4","-","-","-","-","-","-","-","-","-","-","-"
"2383","N. Wright","N. Wright","RB","","","","injury-status","BYE","-","999.0","-","-","-","-","-","-","-","-","-","-","-"
"2384","T. Gordon","T. Gordon","TE","","","","injury-status","BYE","-","999.0","-","-","-","-","-","-","-","-","-","-","-"
"2385","J. Smith","J. Smith","WR","","","IR","injury-status ir","BYE","-","489.5","-","-","-","-","-","-","-","-","-","-","-"
"2386","L. Toafili","L. Toafili","RB","","","","injury-status","BYE","-","999.0","-","-","-","-","-","-","-","-","-","-","-"
"2387","T. Taua","T. Taua","RB","","","","injury-status","BYE","-","484.3","-","-","-","-","-","-","-","-","-","-","-"
"2388","W. Wright","W. Wright","WR","","","","injury-status","BYE","-","999.0","-","-","-","-","-","-","-","-","-","-","-"
"2389","M. McNamee","M. McNamee","K","GB","5","","injury-status","Sun 4:25 PMvs DET","-","679.0","-","-","-","-","-","-","-","-","-","-","-"
"2390","I. Adeyi","I. Adeyi","WR","","","","injury-status","BYE","-","999.0","-","-","-","-","-","-","-","-","-","-","-"
"2391","M. Van Vooren","M. Van Vooren","WR","","","","injury-status","BYE","-","999.0","-","-","-","-","-","-","-","-","-","-","-"
"2392","S. Brown","S. Brown","WR","","","","injury-status","BYE","-","999.0","-","-","-","-","-","-","-","-","-","-","-"
"2393","M. Lemonious-Craig","M. Lemonious-Craig","WR","","","Ques","injury-status questionable","BYE","-","643.4","-","-","-","-","-","-","-","-","-","-","-"
"2394","B. Gabbert","B. Gabbert","QB","","","","injury-status","BYE","-","345.4","-","-","-","-","-","-","-","-","-","-","-"
"2395","H. Dekkers","H. Dekkers","QB","NO","11","","injury-status","Sun 1:00 PMvs ARI","-","575.2","-","-","-","-","-","-","-","-","-","-","-"
"2396","L. Scott","L. Scott","RB","BAL","7","","injury-status","Sun 8:20 PM@ BUF","-","999.0","-","-","-","-","-","-","-","-","-","-","-"
"2397","C. McDonald","C. McDonald","WR","","","IR","injury-status ir","BYE","-","999.0","-","-","-","-","-","-","-","-","-","-","-"
"2398","D. Dabney","D. Dabney","TE","","","","injury-status","BYE","-","517.0","-","-","-","-","-","-","-","-","-","-","-"
"2399","K. Rowan","K. Rowan","WR","","","","injury-status","BYE","-","548.5","-","-","-","-","-","-","-","-","-","-","-"
"2400","L. Deal","L. Deal","TE","","","Ques","injury-status questionable","BYE","-","999.0","-","-","-","-","-","-","-","-","-","-","-"
"2401","D. Campbell","D. Campbell","WR","CAR","14","","injury-status","Sun 1:00 PM@ JAX","-","999.0","-","-","-","-","-","-","-","-","-","-","-"
"2402","M. Foster","M. Foster","WR","","","Ques","injury-status questionable","BYE","-","999.0","-","-","-","-","-","-","-","-","-","-","-"
"2403","K. Smith","K. Smith","WR","","","","injury-status","BYE","-","999.0","-","-","-","-","-","-","-","-","-","-","-"
"2404","K. Jackson","K. Jackson","WR","","","","injury-status","BYE","-","999.0","-","-","-","-","-","-","-","-","-","-","-"
"2405","T. Sheffield","T. Sheffield","WR","","","","injury-status","BYE","-","999.0","-","-","-","-","-","-","-","-","-","-","-"
"2406","T. Elgersma","T. Elgersma","QB","","","","injury-status","BYE","-","677.0","-","-","-","-","-","-","-","-","-","-","-"
"2407","L. Floriea","L. Floriea","WR","","","Ques","injury-status questionable","BYE","-","602.0","-","-","-","-","-","-","-","-","-","-","-"
"2408","J. Reed","J. Reed","WR","CAR","14","","injury-status","Sun 1:00 PM@ JAX","-","527.3","-","-","-","-","-","-","-","-","-","-","-"
"2409","K. Dent","K. Dent","QB","","","","injury-status","BYE","-","626.0","-","-","-","-","-","-","-","-","-","-","-"
"2410","J. Holiday","J. Holiday","WR","KC","10","","injury-status","Fri 8:00 PM@ LAC","-","664.6","-","-","-","-","-","-","-","-","-","-","-"
"2411","K. Johnson","K. Johnson","WR","","","","injury-status","BYE","-","999.0","-","-","-","-","-","-","-","-","-","-","-"
"2412","M. Mang","M. Mang","TE","IND","11","","injury-status","Sun 1:00 PMvs MIA","-","999.0","-","-","-","-","-","-","-","-","-","-","-"
"2413","Z. Franklin","Z. Franklin","WR","","","","injury-status","BYE","-","999.0","-","-","-","-","-","-","-","-","-","-","-"
"2414","R. Brown","R. Brown","TE","","","","injury-status","BYE","-","673.5","-","-","-","-","-","-","-","-","-","-","-"
"2415","S. Pitz","S. Pitz","TE","","","","injury-status","BYE","-","999.0","-","-","-","-","-","-","-","-","-","-","-"
"2416","M. Major","M. Major","RB","","","","injury-status","BYE","-","999.0","-","-","-","-","-","-","-","-","-","-","-"
"2417","G. Jackson","G. Jackson","WR","","","","injury-status","BYE","-","999.0","-","-","-","-","-","-","-","-","-","-","-"
"2418","J. Lockhart","J. Lockhart","WR","","","Ques","injury-status questionable","BYE","-","999.0","-","-","-","-","-","-","-","-","-","-","-"
"2419","N. Kallerup","N. Kallerup","TE","SEA","8","","injury-status","Sun 4:05 PMvs SF","-","585.3","-","-","-","-","-","-","-","-","-","-","-"
"2420","D. Cooper","D. Cooper","WR","PHI","9","","injury-status","Thu 8:20 PMvs DAL","-","658.2","-","-","-","-","-","-","-","-","-","-","-"
"2421","C. Davis","C. Davis","K","","","","injury-status","BYE","-","665.2","-","-","-","-","-","-","-","-","-","-","-"
"2422","S. Powell","S. Powell","RB","","","","injury-status","BYE","-","506.3","-","-","-","-","-","-","-","-","-","-","-"
"2423","D. Miller","D. Miller","WR","","","","injury-status","BYE","-","999.0","-","-","-","-","-","-","-","-","-","-","-"
"2424","T. Morin","T. Morin","WR","","","","injury-status","BYE","-","999.0","-","-","-","-","-","-","-","-","-","-","-"
"2425","R. Douglas","R. Douglas","WR","","","","injury-status","BYE","-","635.2","-","-","-","-","-","-","-","-","-","-","-"
"2426","J. Terry","J. Terry","TE","","","IR","injury-status ir","BYE","-","518.0","-","-","-","-","-","-","-","-","-","-","-"
"2427","R. Baker","R. Baker","RB","","","Ques","injury-status questionable","BYE","-","999.0","-","-","-","-","-","-","-","-","-","-","-"
"2428","M. Bernard","M. Bernard","RB","","","","injury-status","BYE","-","999.0","-","-","-","-","-","-","-","-","-","-","-"
"2429","J. Webb","J. Webb","WR","NE","14","","injury-status","Sun 1:00 PMvs LV","-","680.3","-","-","-","-","-","-","-","-","-","-","-"
"2430","C. Runyon","C. Runyon","TE","LV","8","","injury-status","Sun 1:00 PM@ NE","-","999.0","-","-","-","-","-","-","-","-","-","-","-"
"2431","B. Yurosek","B. Yurosek","TE","MIN","6","","injury-status","Mon 8:15 PM@ CHI","-","999.0","-","-","-","-","-","-","-","-","-","-","-"
"2432","J. Jones","J. Jones","WR","WAS","12","","injury-status","Sun 1:00 PMvs NYG","-","999.0","-","-","-","-","-","-","-","-","-","-","-"
"2433","J. Bellamy","J. Bellamy","WR","","","","injury-status","BYE","-","999.0","-","-","-","-","-","-","-","-","-","-","-"
"2434","C. Schlee","C. Schlee","QB","","","","injury-status","BYE","-","475.5","-","-","-","-","-","-","-","-","-","-","-"
"2435","Q. Jones","Q. Jones","RB","","","","injury-status","BYE","-","275.0","-","-","-","-","-","-","-","-","-","-","-"
"2436","T. Watson","T. Watson","TE","KC","10","","injury-status","Fri 8:00 PM@ LAC","-","999.0","-","-","-","-","-","-","-","-","-","-","-"
"2437","D. Wright","D. Wright","WR","","","","injury-status","BYE","-","999.0","-","-","-","-","-","-","-","-","-","-","-"
"2438","Z. Horton","Z. Horton","TE","DET","8","","injury-status","Sun 4:25 PM@ GB","-","999.0","-","-","-","-","-","-","-","-","-","-","-"
"2439","J. Fleming","J. Fleming","WR","","","","injury-status","BYE","-","695.5","-","-","-","-","-","-","-","-","-","-","-"
"2440","G. Larvadain","G. Larvadain","WR","CLE","9","","injury-status","Sun 1:00 PMvs CIN","-","696.7","-","-","-","-","-","-","-","-","-","-","-"
"2441","E. Wilson","E. Wilson","TE","","","","injury-status","BYE","-","999.0","-","-","-","-","-","-","-","-","-","-","-"
"2442","Q. Conley","Q. Conley","RB","","","","injury-status","BYE","-","698.7","-","-","-","-","-","-","-","-","-","-","-"
"2443","K. Taylor","K. Taylor","TE","","","","injury-status","BYE","-","999.0","-","-","-","-","-","-","-","-","-","-","-"
"2444","D. Hankins","D. Hankins","RB","CHI","5","IR","injury-status ir","Mon 8:15 PMvs MIN","-","635.0","-","-","-","-","-","-","-","-","-","-","-"
"2445","J. Olawale","J. Olawale","RB","","","","injury-status","BYE","-","694.1","-","-","-","-","-","-","-","-","-","-","-"
"2446","J. Walker","J. Walker","WR","CHI","5","","injury-status","Mon 8:15 PMvs MIN","-","623.6","-","-","-","-","-","-","-","-","-","-","-"
"2447","M. Price","M. Price","WR","MIN","6","","injury-status","Mon 8:15 PM@ CHI","-","532.5","-","-","-","-","-","-","-","-","-","-","-"
"2448","I. Neyor","I. Neyor","WR","GB","5","","injury-status","Sun 4:25 PMvs DET","-","691.7","-","-","-","-","-","-","-","-","-","-","-"
"2449","B. Sauls","B. Sauls","K","","","","injury-status","BYE","-","618.4","-","-","-","-","-","-","-","-","-","-","-"
"2450","B. Wooldridge","B. Wooldridge","QB","","","","injury-status","BYE","-","515.3","-","-","-","-","-","-","-","-","-","-","-"
"2451","D. Singer","D. Singer","WR","","","","injury-status","BYE","-","541.7","-","-","-","-","-","-","-","-","-","-","-"
"2452","D. Lassiter","D. Lassiter","WR","","","","injury-status","BYE","-","691.1","-","-","-","-","-","-","-","-","-","-","-"
"2453","D. Jackson","D. Jackson","WR","","","","injury-status","BYE","-","656.9","-","-","-","-","-","-","-","-","-","-","-"
"2454","P. DiMarco","P. DiMarco","RB","","","","injury-status","BYE","-","698.8","-","-","-","-","-","-","-","-","-","-","-"
"2455","J. Wright","J. Wright","RB","SEA","8","","injury-status","Sun 4:05 PMvs SF","-","590.3","-","-","-","-","-","-","-","-","-","-","-"
"2456","C. Tyree","C. Tyree","WR","","","Ques","injury-status questionable","BYE","-","653.5","-","-","-","-","-","-","-","-","-","-","-"
"2457","X. Guillory","X. Guillory","WR","","","Ques","injury-status questionable","BYE","-","575.5","-","-","-","-","-","-","-","-","-","-","-"
"2458","J. Banks","J. Banks","WR","","","","injury-status","BYE","-","596.7","-","-","-","-","-","-","-","-","-","-","-"
"2459","T. Broden","T. Broden","WR","SEA","8","","injury-status","Sun 4:05 PMvs SF","-","542.0","-","-","-","-","-","-","-","-","-","-","-"
"2460","M. Lang","M. Lang","TE","","","","injury-status","BYE","-","563.0","-","-","-","-","-","-","-","-","-","-","-"
"2461","J. Develin","J. Develin","RB","","","","injury-status","BYE","-","687.0","-","-","-","-","-","-","-","-","-","-","-"
"2462","M. Dixon","M. Dixon","WR","","","","injury-status","BYE","-","597.0","-","-","-","-","-","-","-","-","-","-","-"
"2463","S. Ntoh","S. Ntoh","RB","","","","injury-status","BYE","-","562.7","-","-","-","-","-","-","-","-","-","-","-"
"2464","H. Williams","H. Williams","QB","","","","injury-status","BYE","-","664.7","-","-","-","-","-","-","-","-","-","-","-"
"2465","P. Conroy","P. Conroy","TE","","","","injury-status","BYE","-","551.0","-","-","-","-","-","-","-","-","-","-","-"
"2466","M. Redman","M. Redman","TE","LAR","8","","injury-status","Sun 4:25 PMvs HOU","-","999.0","-","-","-","-","-","-","-","-","-","-","-"
"2467","B. Presley","B. Presley","WR","LAR","8","","injury-status","Sun 4:25 PMvs HOU","-","662.7","-","-","-","-","-","-","-","-","-","-","-"
"2468","J. Waters","J. Waters","RB","","","","injury-status","BYE","-","999.0","-","-","-","-","-","-","-","-","-","-","-"
"2469","A. Torres","A. Torres","TE","","","Ques","injury-status questionable","BYE","-","999.0","-","-","-","-","-","-","-","-","-","-","-"
"2470","T. Edwards","T. Edwards","WR","LAR","8","","injury-status","Sun 4:25 PMvs HOU","-","697.0","-","-","-","-","-","-","-","-","-","-","-"
"2471","M. Williams","M. Williams","WR","","","Ques","injury-status questionable","BYE","-","999.0","-","-","-","-","-","-","-","-","-","-","-"
"2472","C. Dippre","C. Dippre","TE","NE","14","","injury-status","Sun 1:00 PMvs LV","-","570.0","-","-","-","-","-","-","-","-","-","-","-"
"2473","B. Lampe","B. Lampe","RB","NE","14","IR","injury-status ir","Sun 1:00 PMvs LV","-","644.0","-","-","-","-","-","-","-","-","-","-","-"
"2474","G. Scott","G. Scott","TE","","","","injury-status","BYE","-","999.0","-","-","-","-","-","-","-","-","-","-","-"
"2475","D. Blankumsee","D. Blankumsee","WR","","","","injury-status","BYE","-","508.0","-","-","-","-","-","-","-","-","-","-","-"
"2476","J. Galbreath","J. Galbreath","TE","PIT","5","","injury-status","Sun 1:00 PM@ NYJ","-","639.0","-","-","-","-","-","-","-","-","-","-","-"
"2477","D. Thomas-Jones","D. Thomas-Jones","TE","","","","injury-status","BYE","-","999.0","-","-","-","-","-","-","-","-","-","-","-"
"2478","R. Taylor","R. Taylor","WR","","","","injury-status","BYE","-","672.0","-","-","-","-","-","-","-","-","-","-","-"
"2479","K. Williams","K. Williams","WR","PIT","5","","injury-status","Sun 1:00 PM@ NYJ","-","999.0","-","-","-","-","-","-","-","-","-","-","-"
"2480","J. George","J. George","WR","","","","injury-status","BYE","-","623.0","-","-","-","-","-","-","-","-","-","-","-"
"2481","M. Muhammad","M. Muhammad","WR","","","Ques","injury-status questionable","BYE","-","691.7","-","-","-","-","-","-","-","-","-","-","-"
"2482","E. Garbers","E. Garbers","QB","","","","injury-status","BYE","-","593.0","-","-","-","-","-","-","-","-","-","-","-"
"2483","K. Lynch-Adams","K. Lynch-Adams","RB","","","","injury-status","BYE","-","257.0","-","-","-","-","-","-","-","-","-","-","-"
"2484","B. Pierre","B. Pierre","TE","CAR","14","","injury-status","Sun 1:00 PM@ JAX","-","999.0","-","-","-","-","-","-","-","-","-","-","-"
"2485","K. Robichaux","K. Robichaux","RB","DET","8","IR","injury-status ir","Sun 4:25 PM@ GB","-","999.0","-","-","-","-","-","-","-","-","-","-","-"
"2486","J. White","J. White","RB","","","Ques","injury-status questionable","BYE","-","999.0","-","-","-","-","-","-","-","-","-","-","-"
"2487","R. Lewis","R. Lewis","WR","","","","injury-status","BYE","-","999.0","-","-","-","-","-","-","-","-","-","-","-"
"2488","D. Fleming","D. Fleming","WR","MIN","6","","injury-status","Mon 8:15 PM@ CHI","-","999.0","-","-","-","-","-","-","-","-","-","-","-"
"2489","B. Nesbit","B. Nesbit","TE","MIN","6","","injury-status","Mon 8:15 PM@ CHI","-","332.0","-","-","-","-","-","-","-","-","-","-","-"
"2490","T. Stewart","T. Stewart","RB","","","","injury-status","BYE","-","999.0","-","-","-","-","-","-","-","-","-","-","-"
"2491","A. Tyus","A. Tyus","RB","","","","injury-status","BYE","-","999.0","-","-","-","-","-","-","-","-","-","-","-"
"2492","J. Meeks","J. Meeks","WR","DET","8","","injury-status","Sun 4:25 PM@ GB","-","637.5","-","-","-","-","-","-","-","-","-","-","-"
"2493","J. Keeney-James","J. Keeney-James","WR","","","","injury-status","BYE","-","641.8","-","-","-","-","-","-","-","-","-","-","-"
"2494","C. Prieskorn","C. Prieskorn","TE","","","","injury-status","BYE","-","683.0","-","-","-","-","-","-","-","-","-","-","-"
"2495","A. Johnson","A. Johnson","RB","LAC","12","","injury-status","Fri 8:00 PMvs KC","-","666.2","-","-","-","-","-","-","-","-","-","-","-"
"2496","J. Pritchett","J. Pritchett","WR","NYJ","9","","injury-status","Sun 1:00 PMvs PIT","-","999.0","-","-","-","-","-","-","-","-","-","-","-"
"2497","J. Jones","J. Jones","WR","","","","injury-status","BYE","-","999.0","-","-","-","-","-","-","-","-","-","-","-"
"2498","E. Pancol","E. Pancol","WR","","","Ques","injury-status questionable","BYE","-","999.0","-","-","-","-","-","-","-","-","-","-","-"
"2499","C. Brayboy","C. Brayboy","WR","JAX","8","","injury-status","Sun 1:00 PMvs CAR","-","498.5","-","-","-","-","-","-","-","-","-","-","-"
"2500","Q. Skinner","Q. Skinner","WR","NYJ","9","","injury-status","Sun 1:00 PMvs PIT","-","999.0","-","-","-","-","-","-","-","-","-","-","-"
"2501","C. Camper","C. Camper","WR","","","","injury-status","BYE","-","658.0","-","-","-","-","-","-","-","-","-","-","-"
"2502","J. Copenhaver","J. Copenhaver","TE","","","","injury-status","BYE","-","289.0","-","-","-","-","-","-","-","-","-","-","-"
"2503","P. Herbert","P. Herbert","TE","JAX","8","","injury-status","Sun 1:00 PMvs CAR","-","519.0","-","-","-","-","-","-","-","-","-","-","-"
"2504","J. Kearse","J. Kearse","WR","","","","injury-status","BYE","-","674.5","-","-","-","-","-","-","-","-","-","-","-"
"2505","S. Henigan","S. Henigan","QB","JAX","8","","injury-status","Sun 1:00 PMvs CAR","-","418.1","-","-","-","-","-","-","-","-","-","-","-"
"2506","N. Carter","N. Carter","RB","ATL","5","","injury-status","Sun 1:00 PMvs TB","-","623.1","-","-","-","-","-","-","-","-","-","-","-"
"2507","N. McCollum","N. McCollum","WR","","","","injury-status","BYE","-","999.0","-","-","-","-","-","-","-","-","-","-","-"
"2508","D. Felton","D. Felton","WR","","","IR","injury-status ir","BYE","-","574.0","-","-","-","-","-","-","-","-","-","-","-"
"2509","J. Bly","J. Bly","WR","","","","injury-status","BYE","-","999.0","-","-","-","-","-","-","-","-","-","-","-"
"2510","B. Collins","B. Collins","WR","NYG","14","","injury-status","Sun 1:00 PM@ WAS","-","689.7","-","-","-","-","-","-","-","-","-","-","-"
"2511","D. Cambre","D. Cambre","WR","","","","injury-status","BYE","-","999.0","-","-","-","-","-","-","-","-","-","-","-"
"2512","Q. Skinner","Q. Skinner","WR","","","","injury-status","BYE","-","999.0","-","-","-","-","-","-","-","-","-","-","-"
"2513","J. Simon","J. Simon","TE","ATL","5","","injury-status","Sun 1:00 PMvs TB","-","999.0","-","-","-","-","-","-","-","-","-","-","-"
"2514","S. Bolden","S. Bolden","WR","","","","injury-status","BYE","-","999.0","-","-","-","-","-","-","-","-","-","-","-"
"2515","K. Forbath","K. Forbath","K","","","","injury-status","BYE","-","652.2","-","-","-","-","-","-","-","-","-","-","-"
"2516","M. Johnson","M. Johnson","RB","","","","injury-status","BYE","-","681.8","-","-","-","-","-","-","-","-","-","-","-"
"2517","J. Conyers","J. Conyers","TE","MIA","12","IR","injury-status ir","Sun 1:00 PM@ IND","-","542.0","-","-","-","-","-","-","-","-","-","-","-"
"2518","A. Henning","A. Henning","WR","MIA","12","","injury-status","Sun 1:00 PM@ IND","-","667.6","-","-","-","-","-","-","-","-","-","-","-"
"2519","A. Armstrong","A. Armstrong","WR","","","","injury-status","BYE","-","696.0","-","-","-","-","-","-","-","-","-","-","-"
"2520","T. Wease","T. Wease","WR","MIA","12","","injury-status","Sun 1:00 PM@ IND","-","692.0","-","-","-","-","-","-","-","-","-","-","-"
"2521","N. Noel","N. Noel","RB","","","","injury-status","BYE","-","999.0","-","-","-","-","-","-","-","-","-","-","-"
"2522","M. Baldwin","M. Baldwin","WR","","","","injury-status","BYE","-","999.0","-","-","-","-","-","-","-","-","-","-","-"
"2523","R. Fairweather","R. Fairweather","TE","DAL","10","","injury-status","Thu 8:20 PM@ PHI","-","265.0","-","-","-","-","-","-","-","-","-","-","-"
"2524","T. Neville","T. Neville","TE","","","","injury-status","BYE","-","684.5","-","-","-","-","-","-","-","-","-","-","-"
"2525","T. Holden","T. Holden","WR","DAL","10","","injury-status","Thu 8:20 PM@ PHI","-","503.0","-","-","-","-","-","-","-","-","-","-","-"
"2526","J. Kelly","J. Kelly","WR","HOU","6","","injury-status","Sun 4:25 PM@ LAR","-","501.0","-","-","-","-","-","-","-","-","-","-","-"
"2527","J. Bell","J. Bell","TE","","","","injury-status","BYE","-","999.0","-","-","-","-","-","-","-","-","-","-","-"
"2528","B. Taylor","B. Taylor","WR","","","","injury-status","BYE","-","999.0","-","-","-","-","-","-","-","-","-","-","-"
"2529","T. Kahmann","T. Kahmann","WR","","","","injury-status","BYE","-","999.0","-","-","-","-","-","-","-","-","-","-","-"
"2530","C. Owen","C. Owen","WR","IND","11","","injury-status","Sun 1:00 PMvs MIA","-","382.0","-","-","-","-","-","-","-","-","-","-","-"
"2531","U. Bentley","U. Bentley","RB","IND","11","","injury-status","Sun 1:00 PMvs MIA","-","573.5","-","-","-","-","-","-","-","-","-","-","-"
"2532","M. Trujillo","M. Trujillo","K","","","IR","injury-status ir","BYE","-","691.7","-","-","-","-","-","-","-","-","-","-","-"
"2533","L. Parker","L. Parker","WR","","","","injury-status","BYE","-","999.0","-","-","-","-","-","-","-","-","-","-","-"
"2534","E. Young","E. Young","RB","","","","injury-status","BYE","-","999.0","-","-","-","-","-","-","-","-","-","-","-"
"2535","J. Briningstool","J. Briningstool","TE","KC","10","IR","injury-status ir","Fri 8:00 PM@ LAC","-","585.5","-","-","-","-","-","-","-","-","-","-","-"
"2536","S. Klotz","S. Klotz","TE","","","","injury-status","BYE","-","693.0","-","-","-","-","-","-","-","-","-","-","-"
"2537","E. Badger","E. Badger","WR","","","","injury-status","BYE","-","606.0","-","-","-","-","-","-","-","-","-","-","-"
"2538","M. Dalena","M. Dalena","WR","","","","injury-status","BYE","-","678.5","-","-","-","-","-","-","-","-","-","-","-"
"2539","L. Grimm","L. Grimm","WR","LAC","12","","injury-status","Fri 8:00 PMvs KC","-","613.0","-","-","-","-","-","-","-","-","-","-","-"
"2540","O. Cardenas","O. Cardenas","TE","","","","injury-status","BYE","-","999.0","-","-","-","-","-","-","-","-","-","-","-"
"2541","B. Green","B. Green","WR","","","","injury-status","BYE","-","670.0","-","-","-","-","-","-","-","-","-","-","-"
"2542","A. Marshall","A. Marshall","RB","CLE","9","","injury-status","Sun 1:00 PMvs CIN","-","684.0","-","-","-","-","-","-","-","-","-","-","-"
"2543","G. Greene","G. Greene","QB","TB","9","","injury-status","Sun 1:00 PM@ ATL","-","489.0","-","-","-","-","-","-","-","-","-","-","-"
"2544","R. Coe","R. Coe","K","","","","injury-status","BYE","-","694.4","-","-","-","-","-","-","-","-","-","-","-"
"2545","W. Sheppard","W. Sheppard","WR","GB","5","","injury-status","Sun 4:25 PMvs DET","-","623.7","-","-","-","-","-","-","-","-","-","-","-"
"2546","J. Williams","J. Williams","RB","TB","9","","injury-status","Sun 1:00 PM@ ATL","-","580.5","-","-","-","-","-","-","-","-","-","-","-"
"2547","A. Landphere","A. Landphere","TE","","","","injury-status","BYE","-","999.0","-","-","-","-","-","-","-","-","-","-","-"
"2548","J. Newton","J. Newton","WR","","","","injury-status","BYE","-","494.8","-","-","-","-","-","-","-","-","-","-","-"
"2549","J. Davis","J. Davis","WR","","","","injury-status","BYE","-","999.0","-","-","-","-","-","-","-","-","-","-","-"
"2550","C. Bazelak","C. Bazelak","QB","TB","9","","injury-status","Sun 1:00 PM@ ATL","-","639.0","-","-","-","-","-","-","-","-","-","-","-"
"2551","M. Brosmer","M. Brosmer","QB","MIN","6","","injury-status","Mon 8:15 PM@ CHI","-","652.0","-","-","-","-","-","-","-","-","-","-","-"
"2552","D. Uiagalelei","D. Uiagalelei","QB","LAC","12","","injury-status","Fri 8:00 PMvs KC","-","689.2","-","-","-","-","-","-","-","-","-","-","-"
"2553","C. Jackson","C. Jackson","WR","SEA","8","","injury-status","Sun 4:05 PMvs SF","-","999.0","-","-","-","-","-","-","-","-","-","-","-"
"2554","K. Latu","K. Latu","TE","BUF","7","","injury-status","Sun 8:20 PMvs BAL","-","999.0","-","-","-","-","-","-","-","-","-","-","-"
"2555","P. Thorne","P. Thorne","QB","","","","injury-status","BYE","-","689.5","-","-","-","-","-","-","-","-","-","-","-"
"2556","J. Moore","J. Moore","WR","CIN","10","","injury-status","Sun 1:00 PM@ CLE","-","999.0","-","-","-","-","-","-","-","-","-","-","-"
"2557","R. Owens","R. Owens","WR","","","","injury-status","BYE","-","406.0","-","-","-","-","-","-","-","-","-","-","-"
"2558","H. Presley","H. Presley","WR","","","","injury-status","BYE","-","591.8","-","-","-","-","-","-","-","-","-","-","-"
"2559","S. Gosnell","S. Gosnell","WR","BUF","7","","injury-status","Sun 8:20 PMvs BAL","-","419.8","-","-","-","-","-","-","-","-","-","-","-"
"2560","K. Akharaiyi","K. Akharaiyi","WR","","","","injury-status","BYE","-","529.5","-","-","-","-","-","-","-","-","-","-","-"
"2561","J. Mayes","J. Mayes","WR","","","","injury-status","BYE","-","509.0","-","-","-","-","-","-","-","-","-","-","-"
"2562","J. Kim","J. Kim","K","","","","injury-status","BYE","-","654.0","-","-","-","-","-","-","-","-","-","-","-"
"2563","J. Richardson","J. Richardson","WR","CHI","5","","injury-status","Mon 8:15 PMvs MIN","-","585.3","-","-","-","-","-","-","-","-","-","-","-"
"2564","J. Bergen","J. Bergen","WR","SF","14","","injury-status","Sun 4:05 PM@ SEA","-","642.8","-","-","-","-","-","-","-","-","-","-","-"
"2565","C. Lohner","C. Lohner","TE","DEN","12","","injury-status","Sun 4:05 PMvs TEN","-","585.0","-","-","-","-","-","-","-","-","-","-","-"
"2566","D. Lovett","D. Lovett","WR","DET","8","","injury-status","Sun 4:25 PM@ GB","-","687.3","-","-","-","-","-","-","-","-","-","-","-"
"2567","F. Owusu","F. Owusu","WR","","","","injury-status","BYE","-","999.0","-","-","-","-","-","-","-","-","-","-","-"
"2568","L. Lachey","L. Lachey","TE","HOU","6","","injury-status","Sun 4:25 PM@ LAR","-","675.0","-","-","-","-","-","-","-","-","-","-","-"
"2569","K. Prather","K. Prather","WR","","","Ques","injury-status questionable","BYE","-","676.1","-","-","-","-","-","-","-","-","-","-","-"
"2570","K. Mumpfield","K. Mumpfield","WR","LAR","8","","injury-status","Sun 4:25 PMvs HOU","-","688.8","-","-","-","-","-","-","-","-","-","-","-"
"2571","T. Fidone","T. Fidone","TE","NYG","14","","injury-status","Sun 1:00 PM@ WAS","-","683.0","-","-","-","-","-","-","-","-","-","-","-"
"2572","G. Mertz","G. Mertz","QB","HOU","6","","injury-status","Sun 4:25 PM@ LAR","-","396.0","-","-","-","-","-","-","-","-","-","-","-"
"2573","G. Bartholomew","G. Bartholomew","TE","MIN","6","PUP","injury-status pup","Mon 8:15 PM@ CHI","-","605.0","-","-","-","-","-","-","-","-","-","-","-"
"2574","M. Bryant","M. Bryant","K","","","","injury-status","BYE","-","671.7","-","-","-","-","-","-","-","-","-","-","-"
"2575","C. Miller","C. Miller","QB","LV","8","","injury-status","Sun 1:00 PM@ NE","-","686.3","-","-","-","-","-","-","-","-","-","-","-"
"2576","R. Ouzts","R. Ouzts","RB","SEA","8","","injury-status","Sun 4:05 PMvs SF","-","685.5","-","-","-","-","-","-","-","-","-","-","-"
"2577","A. Tanney","A. Tanney","QB","","","","injury-status","BYE","-","699.2","-","-","-","-","-","-","-","-","-","-","-"
"2578","C. Granger","C. Granger","TE","","","Ques","injury-status questionable","BYE","-","661.8","-","-","-","-","-","-","-","-","-","-","-"
"2579","J. Petaia","J. Petaia","TE","","","Ques","injury-status questionable","BYE","-","665.0","-","-","-","-","-","-","-","-","-","-","-"
"2580","L. Krieg","L. Krieg","K","ATL","5","","injury-status","Sun 1:00 PMvs TB","-","689.2","-","-","-","-","-","-","-","-","-","-","-"
"2581","M. Yarns","M. Yarns","RB","","","","injury-status","BYE","-","687.5","-","-","-","-","-","-","-","-","-","-","-"
"2582","B. Cook","B. Cook","QB","NYJ","9","","injury-status","Sun 1:00 PMvs PIT","-","685.5","-","-","-","-","-","-","-","-","-","-","-"
"2583","J. Brooks","J. Brooks","WR","WAS","12","","injury-status","Sun 1:00 PMvs NYG","-","677.1","-","-","-","-","-","-","-","-","-","-","-"
"2584","A. Ajou","A. Ajou","WR","","","","injury-status","BYE","-","699.4","-","-","-","-","-","-","-","-","-","-","-"
"2585","D. Edwards","D. Edwards","RB","WAS","12","","injury-status","Sun 1:00 PMvs NYG","-","680.3","-","-","-","-","-","-","-","-","-","-","-"
"2586","W. Howard","W. Howard","QB","PIT","5","IR","injury-status ir","Sun 1:00 PM@ NYJ","-","697.3","-","-","-","-","-","-","-","-","-","-","-"
"2587","K. McCord","K. McCord","QB","PHI","9","","injury-status","Thu 8:20 PMvs DAL","-","692.2","-","-","-","-","-","-","-","-","-","-","-"
"2588","C. Kiner","C. Kiner","RB","SF","14","Ques","injury-status questionable","Sun 4:05 PM@ SEA","-","656.0","-","-","-","-","-","-","-","-","-","-","-"
"2589","K. Hudson","K. Hudson","WR","","","","injury-status","BYE","-","695.1","-","-","-","-","-","-","-","-","-","-","-"
"2590","M. Matavao","M. Matavao","TE","NO","11","","injury-status","Sun 1:00 PMvs ARI","-","319.0","-","-","-","-","-","-","-","-","-","-","-"
"2591","J. Jackson","J. Jackson","RB","JAX","8","","injury-status","Sun 1:00 PMvs CAR","-","685.8","-","-","-","-","-","-","-","-","-","-","-"
"2592","K. Rourke","K. Rourke","QB","SF","14","PUP","injury-status pup","Sun 4:05 PM@ SEA","-","636.7","-","-","-","-","-","-","-","-","-","-","-"
"2593","R. White","R. White","WR","SEA","8","","injury-status","Sun 4:05 PMvs SF","-","699.0","-","-","-","-","-","-","-","-","-","-","-"
"2594","R. Sanders","R. Sanders","RB","CLE","9","","injury-status","Sun 1:00 PMvs CIN","-","682.7","-","-","-","-","-","-","-","-","-","-","-"
"2595","R. Leonard","R. Leonard","QB","IND","11","","injury-status","Sun 1:00 PMvs MIA","-","623.6","-","-","-","-","-","-","-","-","-","-","-"
"2596","A. Wells","A. Wells","WR","","","","injury-status","BYE","-","681.5","-","-","-","-","-","-","-","-","-","-","-"
"2597","O. Wilson","O. Wilson","WR","","","","injury-status","BYE","-","999.0","-","-","-","-","-","-","-","-","-","-","-"
"2598","D. Garrison","D. Garrison","TE","","","","injury-status","BYE","-","422.0","-","-","-","-","-","-","-","-","-","-","-"
"2599","J. Gordon","J. Gordon","WR","","","","injury-status","BYE","-","691.1","-","-","-","-","-","-","-","-","-","-","-"
"2600","A. Hale","A. Hale","K","","","Ques","injury-status questionable","BYE","-","371.2","-","-","-","-","-","-","-","-","-","-","-"
"2601","G. Spivey","G. Spivey","TE","","","","injury-status","BYE","-","689.5","-","-","-","-","-","-","-","-","-","-","-"
"2602","K. Robinson","K. Robinson","RB","","","","injury-status","BYE","-","629.2","-","-","-","-","-","-","-","-","-","-","-"
"2603","B. Bryant","B. Bryant","QB","","","","injury-status","BYE","-","575.3","-","-","-","-","-","-","-","-","-","-","-"
"2604","R. Starkey","R. Starkey","WR","","","Ques","injury-status questionable","BYE","-","999.0","-","-","-","-","-","-","-","-","-","-","-"
"2605","D. Wallis","D. Wallis","WR","","","","injury-status","BYE","-","476.0","-","-","-","-","-","-","-","-","-","-","-"
"2606","H. El-Zayat","H. El-Zayat","WR","","","Ques","injury-status questionable","BYE","-","662.0","-","-","-","-","-","-","-","-","-","-","-"
"2607","T. Jennings","T. Jennings","RB","NE","14","","injury-status","Sun 1:00 PMvs LV","-","643.0","-","-","-","-","-","-","-","-","-","-","-"
"2608","J. Jackson","J. Jackson","WR","","","","injury-status","BYE","-","608.5","-","-","-","-","-","-","-","-","-","-","-"
"2609","M. Hiers","M. Hiers","QB","","","","injury-status","BYE","-","641.3","-","-","-","-","-","-","-","-","-","-","-"
"2610","C. Theaker","C. Theaker","K","","","","injury-status","BYE","-","300.0","-","-","-","-","-","-","-","-","-","-","-"
"2611","V. Ambrosio","V. Ambrosio","K","","","","injury-status","BYE","-","285.5","-","-","-","-","-","-","-","-","-","-","-"
"2612","R. Jefferson","R. Jefferson","RB","","","","injury-status","BYE","-","999.0","-","-","-","-","-","-","-","-","-","-","-"
"2613","C. Chapman","C. Chapman","WR","","","","injury-status","BYE","-","444.0","-","-","-","-","-","-","-","-","-","-","-"
"2614","J. Janke","J. Janke","WR","","","Ques","injury-status questionable","BYE","-","999.0","-","-","-","-","-","-","-","-","-","-","-"
"2615","T. Knue","T. Knue","WR","","","","injury-status","BYE","-","559.0","-","-","-","-","-","-","-","-","-","-","-"
"2616","T. Mosley","T. Mosley","WR","","","","injury-status","BYE","-","999.0","-","-","-","-","-","-","-","-","-","-","-"
"2617","H. Rucci","H. Rucci","TE","MIA","12","","injury-status","Sun 1:00 PM@ IND","-","273.0","-","-","-","-","-","-","-","-","-","-","-"
"2618","J. McAtamney","J. McAtamney","K","NYG","14","","injury-status","Sun 1:00 PM@ WAS","-","679.8","-","-","-","-","-","-","-","-","-","-","-"
"2619","J. Jiles","J. Jiles","WR","NE","14","","injury-status","Sun 1:00 PMvs LV","-","999.0","-","-","-","-","-","-","-","-","-","-","-"
"2620","B. Bates","B. Bates","TE","CLE","9","","injury-status","Sun 1:00 PMvs CIN","-","522.0","-","-","-","-","-","-","-","-","-","-","-"
"2621","P. LeBlanc","P. LeBlanc","WR","","","","injury-status","BYE","-","274.0","-","-","-","-","-","-","-","-","-","-","-"
"2622","V. Blanchard","V. Blanchard","K","","","","injury-status","BYE","-","646.0","-","-","-","-","-","-","-","-","-","-","-"
"2623","P. Olatoke","P. Olatoke","WR","","","","injury-status","BYE","-","999.0","-","-","-","-","-","-","-","-","-","-","-"
"2624","X. Wade","X. Wade","WR","","","","injury-status","BYE","-","999.0","-","-","-","-","-","-","-","-","-","-","-"
"2625","A. Dennis","A. Dennis","QB","","","","injury-status","BYE","-","668.0","-","-","-","-","-","-","-","-","-","-","-"
"2626","L. Jones","L. Jones","WR","","","","injury-status","BYE","-","999.0","-","-","-","-","-","-","-","-","-","-","-"
"2627","D. Martin-Robinson","D. Martin-Robinson","TE","TEN","10","","injury-status","Sun 4:05 PM@ DEN","-","326.0","-","-","-","-","-","-","-","-","-","-","-"
"2628","J. Small","J. Small","RB","","","Ques","injury-status questionable","BYE","-","435.8","-","-","-","-","-","-","-","-","-","-","-"
"2629","T. Pratt","T. Pratt","WR","","","","injury-status","BYE","-","999.0","-","-","-","-","-","-","-","-","-","-","-"
"2630","E. Dean","E. Dean","TE","","","","injury-status","BYE","-","999.0","-","-","-","-","-","-","-","-","-","-","-"
"2631","J. Moussa","J. Moussa","QB","","","","injury-status","BYE","-","425.5","-","-","-","-","-","-","-","-","-","-","-"
"2632","A. Grant","A. Grant","RB","","","","injury-status","BYE","-","999.0","-","-","-","-","-","-","-","-","-","-","-"
"2633","M. Stepp","M. Stepp","RB","","","Ques","injury-status questionable","BYE","-","664.0","-","-","-","-","-","-","-","-","-","-","-"
"2634","A. Larson","A. Larson","TE","","","","injury-status","BYE","-","633.0","-","-","-","-","-","-","-","-","-","-","-"
"2635","D. Joyner","D. Joyner","WR","","","","injury-status","BYE","-","624.0","-","-","-","-","-","-","-","-","-","-","-"
"2636","W. Thompson","W. Thompson","QB","","","","injury-status","BYE","-","553.0","-","-","-","-","-","-","-","-","-","-","-"
"2637","T. Pickering","T. Pickering","TE","","","","injury-status","BYE","-","999.0","-","-","-","-","-","-","-","-","-","-","-"
"2638","R. Turbin","R. Turbin","RB","","","","injury-status","BYE","-","699.0","-","-","-","-","-","-","-","-","-","-","-"
"2639","B. Corrales","B. Corrales","WR","","","","injury-status","BYE","-","999.0","-","-","-","-","-","-","-","-","-","-","-"
"2640","N. Rauschenberg","N. Rauschenberg","K","","","","injury-status","BYE","-","654.0","-","-","-","-","-","-","-","-","-","-","-"
"2641","D. George","D. George","WR","","","","injury-status","BYE","-","999.0","-","-","-","-","-","-","-","-","-","-","-"
"2642","S. Evans","S. Evans","RB","","","","injury-status","BYE","-","684.0","-","-","-","-","-","-","-","-","-","-","-"
"2643","L. Webb","L. Webb","RB","","","","injury-status","BYE","-","356.5","-","-","-","-","-","-","-","-","-","-","-"
"2644","J. Lingenfelter","J. Lingenfelter","TE","","","","injury-status","BYE","-","646.0","-","-","-","-","-","-","-","-","-","-","-"
"2645","K. Horton","K. Horton","WR","","","","injury-status","BYE","-","608.0","-","-","-","-","-","-","-","-","-","-","-"
"2646","D. Caton","D. Caton","WR","","","","injury-status","BYE","-","999.0","-","-","-","-","-","-","-","-","-","-","-"
"2647","M. Severance","M. Severance","RB","","","","injury-status","BYE","-","613.5","-","-","-","-","-","-","-","-","-","-","-"
"2648","C. Peterson","C. Peterson","QB","","","","injury-status","BYE","-","321.5","-","-","-","-","-","-","-","-","-","-","-"
"2649","M. Herzog","M. Herzog","RB","","","","injury-status","BYE","-","648.8","-","-","-","-","-","-","-","-","-","-","-"
"2650","D. McDuffie","D. McDuffie","RB","","","","injury-status","BYE","-","645.0","-","-","-","-","-","-","-","-","-","-","-"
"2651","D. Stanley","D. Stanley","WR","","","","injury-status","BYE","-","352.0","-","-","-","-","-","-","-","-","-","-","-"
"2652","J. Sirmon","J. Sirmon","QB","","","","injury-status","BYE","-","609.0","-","-","-","-","-","-","-","-","-","-","-"
"2653","J. Matocha","J. Matocha","QB","","","","injury-status","BYE","-","554.0","-","-","-","-","-","-","-","-","-","-","-"
"2654","R. Mobley","R. Mobley","WR","","","","injury-status","BYE","-","999.0","-","-","-","-","-","-","-","-","-","-","-"
"2655","A. Peasley","A. Peasley","QB","","","","injury-status","BYE","-","651.5","-","-","-","-","-","-","-","-","-","-","-"
"2656","C. Suits","C. Suits","QB","","","","injury-status","BYE","-","604.0","-","-","-","-","-","-","-","-","-","-","-"
"2657","Q. Ismail","Q. Ismail","WR","NYG","14","","injury-status","Sun 1:00 PM@ WAS","-","999.0","-","-","-","-","-","-","-","-","-","-","-"
"2658","C. Beck","C. Beck","WR","","","","injury-status","BYE","-","669.8","-","-","-","-","-","-","-","-","-","-","-"
"2659","M. Fairchild","M. Fairchild","TE","","","","injury-status","BYE","-","693.0","-","-","-","-","-","-","-","-","-","-","-"
"2660","T. Tagovailoa","T. Tagovailoa","QB","","","","injury-status","BYE","-","700.0","-","-","-","-","-","-","-","-","-","-","-"
"2661","B. Cupp","B. Cupp","TE","","","","injury-status","BYE","-","699.5","-","-","-","-","-","-","-","-","-","-","-"
"2662","P. Brooks","P. Brooks","WR","","","","injury-status","BYE","-","297.0","-","-","-","-","-","-","-","-","-","-","-"
"2663","R. Sharp","R. Sharp","TE","","","","injury-status","BYE","-","671.3","-","-","-","-","-","-","-","-","-","-","-"
"2664","M. Rigerman","M. Rigerman","TE","","","","injury-status","BYE","-","649.0","-","-","-","-","-","-","-","-","-","-","-"
"2665","J. Baker","J. Baker","WR","","","","injury-status","BYE","-","999.0","-","-","-","-","-","-","-","-","-","-","-"
"2666","D. Hardy","D. Hardy","WR","","","","injury-status","BYE","-","680.0","-","-","-","-","-","-","-","-","-","-","-"
"2667","P. Jarrett","P. Jarrett","QB","","","","injury-status","BYE","-","696.0","-","-","-","-","-","-","-","-","-","-","-"
"2668","L. Sefcik","L. Sefcik","TE","","","","injury-status","BYE","-","335.0","-","-","-","-","-","-","-","-","-","-","-"
"2669","M. Riley","M. Riley","WR","","","Ques","injury-status questionable","BYE","-","999.0","-","-","-","-","-","-","-","-","-","-","-"
"2670","J. Laap","J. Laap","WR","","","","injury-status","BYE","-","523.0","-","-","-","-","-","-","-","-","-","-","-"
"2671","G. Celek","G. Celek","TE","","","","injury-status","BYE","-","296.0","-","-","-","-","-","-","-","-","-","-","-"
"2672","L. Lingard","L. Lingard","RB","","","","injury-status","BYE","-","268.0","-","-","-","-","-","-","-","-","-","-","-"
"2673","D. White","D. White","WR","","","","injury-status","BYE","-","602.0","-","-","-","-","-","-","-","-","-","-","-"
"2674","J. Scates","J. Scates","WR","","","","injury-status","BYE","-","999.0","-","-","-","-","-","-","-","-","-","-","-"
"2675","B. Easton","B. Easton","WR","","","","injury-status","BYE","-","502.0","-","-","-","-","-","-","-","-","-","-","-"
"2676","J. Jackson","J. Jackson","RB","","","","injury-status","BYE","-","598.5","-","-","-","-","-","-","-","-","-","-","-"
"2677","S. Bowman","S. Bowman","TE","","","","injury-status","BYE","-","671.0","-","-","-","-","-","-","-","-","-","-","-"
"2678","K. Foelsch","K. Foelsch","TE","","","","injury-status","BYE","-","663.0","-","-","-","-","-","-","-","-","-","-","-"
"2679","A. Stogner","A. Stogner","TE","","","","injury-status","BYE","-","999.0","-","-","-","-","-","-","-","-","-","-","-"
"2680","C. Burgess","C. Burgess","WR","","","","injury-status","BYE","-","999.0","-","-","-","-","-","-","-","-","-","-","-"
"2681","W. Ruby","W. Ruby","WR","","","Ques","injury-status questionable","BYE","-","596.0","-","-","-","-","-","-","-","-","-","-","-"
"2682","J. Paddock","J. Paddock","QB","","","","injury-status","BYE","-","487.2","-","-","-","-","-","-","-","-","-","-","-"
"2683","T. Pennix","T. Pennix","TE","","","","injury-status","BYE","-","665.8","-","-","-","-","-","-","-","-","-","-","-"
"2684","J. Bean","J. Bean","QB","","","","injury-status","BYE","-","587.5","-","-","-","-","-","-","-","-","-","-","-"
"2685","X. White","X. White","WR","","","","injury-status","BYE","-","999.0","-","-","-","-","-","-","-","-","-","-","-"
"2686","J. Strong","J. Strong","RB","","","","injury-status","BYE","-","999.0","-","-","-","-","-","-","-","-","-","-","-"
"2687","M. Epps","M. Epps","TE","","","","injury-status","BYE","-","597.0","-","-","-","-","-","-","-","-","-","-","-"
"2688","A. McNulty","A. McNulty","K","","","","injury-status","BYE","-","454.0","-","-","-","-","-","-","-","-","-","-","-"
"2689","J. Janke","J. Janke","WR","","","","injury-status","BYE","-","464.0","-","-","-","-","-","-","-","-","-","-","-"
"2690","B. Brooks","B. Brooks","RB","HOU","6","","injury-status","Sun 4:25 PM@ LAR","-","299.0","-","-","-","-","-","-","-","-","-","-","-"
"2691","J. Hayek","J. Hayek","WR","","","","injury-status","BYE","-","999.0","-","-","-","-","-","-","-","-","-","-","-"
"2692","R. Brown","R. Brown","WR","","","","injury-status","BYE","-","999.0","-","-","-","-","-","-","-","-","-","-","-"
"2693","Z. Mathis","Z. Mathis","WR","","","","injury-status","BYE","-","407.0","-","-","-","-","-","-","-","-","-","-","-"
"2694","T. Potts","T. Potts","RB","","","","injury-status","BYE","-","999.0","-","-","-","-","-","-","-","-","-","-","-"
"2695","S. Sanders","S. Sanders","QB","","","","injury-status","BYE","-","677.6","-","-","-","-","-","-","-","-","-","-","-"
"2696","J. Turner","J. Turner","K","","","","injury-status","BYE","-","690.2","-","-","-","-","-","-","-","-","-","-","-"
"2697","M. Swinson","M. Swinson","TE","","","","injury-status","BYE","-","611.8","-","-","-","-","-","-","-","-","-","-","-"
"2698","J. Hicks","J. Hicks","WR","","","","injury-status","BYE","-","999.0","-","-","-","-","-","-","-","-","-","-","-"
"2699","J. Howard","J. Howard","RB","","","Ques","injury-status questionable","BYE","-","490.0","-","-","-","-","-","-","-","-","-","-","-"
"2700","J. Wright","J. Wright","WR","","","","injury-status","BYE","-","999.0","-","-","-","-","-","-","-","-","-","-","-"
"2701","G. Hardison","G. Hardison","QB","","","","injury-status","BYE","-","500.3","-","-","-","-","-","-","-","-","-","-","-"
"2702","J. Burton","J. Burton","WR","","","","injury-status","BYE","-","999.0","-","-","-","-","-","-","-","-","-","-","-"
"2703","N. Johnson","N. Johnson","TE","","","","injury-status","BYE","-","588.0","-","-","-","-","-","-","-","-","-","-","-"
"2704","S. Wiglusz","S. Wiglusz","WR","","","","injury-status","BYE","-","310.0","-","-","-","-","-","-","-","-","-","-","-"
"2705","D. Stoops","D. Stoops","WR","","","Sus","injury-status sus","BYE","-","667.5","-","-","-","-","-","-","-","-","-","-","-"
"2706","J. Calhoun","J. Calhoun","WR","","","","injury-status","BYE","-","581.3","-","-","-","-","-","-","-","-","-","-","-"
"2707","I. Rex","I. Rex","TE","","","","injury-status","BYE","-","393.5","-","-","-","-","-","-","-","-","-","-","-"
"2708","D. Fenwick","D. Fenwick","RB","","","","injury-status","BYE","-","255.0","-","-","-","-","-","-","-","-","-","-","-"
"2709","J. Warren","J. Warren","TE","","","","injury-status","BYE","-","657.0","-","-","-","-","-","-","-","-","-","-","-"
"2710","J. Cephus","J. Cephus","WR","JAX","8","IR","injury-status ir","Sun 1:00 PMvs CAR","-","409.0","-","-","-","-","-","-","-","-","-","-","-"
"2711","T. Yassmin","T. Yassmin","TE","LAC","12","","injury-status","Fri 8:00 PMvs KC","-","999.0","-","-","-","-","-","-","-","-","-","-","-"
"2712","C. Lewis","C. Lewis","K","","","","injury-status","BYE","-","620.0","-","-","-","-","-","-","-","-","-","-","-"
"2713","R. Ellison","R. Ellison","TE","","","","injury-status","BYE","-","569.5","-","-","-","-","-","-","-","-","-","-","-"
"2714","D. Leonard","D. Leonard","TE","","","","injury-status","BYE","-","999.0","-","-","-","-","-","-","-","-","-","-","-"
"2715","C. Autman-Bell","C. Autman-Bell","WR","","","","injury-status","BYE","-","318.0","-","-","-","-","-","-","-","-","-","-","-"
"2716","A. Asante","A. Asante","WR","","","","injury-status","BYE","-","658.3","-","-","-","-","-","-","-","-","-","-","-"
"2717","J. Mcafee","J. Mcafee","TE","","","","injury-status","BYE","-","645.8","-","-","-","-","-","-","-","-","-","-","-"
"2718","G. Porter","G. Porter","WR","","","","injury-status","BYE","-","558.9","-","-","-","-","-","-","-","-","-","-","-"
"2719","C. Crooms","C. Crooms","WR","","","Ques","injury-status questionable","BYE","-","295.0","-","-","-","-","-","-","-","-","-","-","-"
"2720","C. Johnson","C. Johnson","WR","","","","injury-status","BYE","-","999.0","-","-","-","-","-","-","-","-","-","-","-"
"2721","A. Holler","A. Holler","TE","","","","injury-status","BYE","-","457.0","-","-","-","-","-","-","-","-","-","-","-"
"2722","A. Robbins","A. Robbins","RB","","","","injury-status","BYE","-","633.0","-","-","-","-","-","-","-","-","-","-","-"
"2723","T. Welch","T. Welch","TE","NO","11","","injury-status","Sun 1:00 PMvs ARI","-","506.0","-","-","-","-","-","-","-","-","-","-","-"
"2724","L. Victor","L. Victor","WR","","","","injury-status","BYE","-","999.0","-","-","-","-","-","-","-","-","-","-","-"
"2725","T. Keaton","T. Keaton","WR","","","","injury-status","BYE","-","999.0","-","-","-","-","-","-","-","-","-","-","-"
"2726","M. Castles","M. Castles","TE","","","","injury-status","BYE","-","488.3","-","-","-","-","-","-","-","-","-","-","-"
"2727","M. Pline","M. Pline","TE","NO","11","IR","injury-status ir","Sun 1:00 PMvs ARI","-","643.0","-","-","-","-","-","-","-","-","-","-","-"
"2728","E. Collins","E. Collins","RB","","","","injury-status","BYE","-","999.0","-","-","-","-","-","-","-","-","-","-","-"
"2729","R. Lombardi","R. Lombardi","QB","","","","injury-status","BYE","-","580.5","-","-","-","-","-","-","-","-","-","-","-"
"2730","C. Grandy","C. Grandy","TE","CIN","10","","injury-status","Sun 1:00 PM@ CLE","-","999.0","-","-","-","-","-","-","-","-","-","-","-"
"2731","N. Cain","N. Cain","RB","","","","injury-status","BYE","-","330.0","-","-","-","-","-","-","-","-","-","-","-"
"2732","C. Cordeiro","C. Cordeiro","QB","","","","injury-status","BYE","-","608.0","-","-","-","-","-","-","-","-","-","-","-"
"2733","J. Westover","J. Westover","TE","NE","14","","injury-status","Sun 1:00 PMvs LV","-","694.0","-","-","-","-","-","-","-","-","-","-","-"
"2734","T. Ayo-Durojaiye","T. Ayo-Durojaiye","RB","","","","injury-status","BYE","-","671.0","-","-","-","-","-","-","-","-","-","-","-"
"2735","I. Wheeler","I. Wheeler","RB","","","IR","injury-status ir","BYE","-","682.3","-","-","-","-","-","-","-","-","-","-","-"
"2736","O. Hiliare","O. Hiliare","WR","","","","injury-status","BYE","-","546.0","-","-","-","-","-","-","-","-","-","-","-"
"2737","T. Harrell","T. Harrell","WR","","","","injury-status","BYE","-","999.0","-","-","-","-","-","-","-","-","-","-","-"
"2738","T. Williams","T. Williams","RB","","","","injury-status","BYE","-","514.5","-","-","-","-","-","-","-","-","-","-","-"
"2739","K. Lewis","K. Lewis","RB","","","","injury-status","BYE","-","362.7","-","-","-","-","-","-","-","-","-","-","-"
"2740","D. Carter","D. Carter","WR","","","Ques","injury-status questionable","BYE","-","999.0","-","-","-","-","-","-","-","-","-","-","-"
"2741","S. Pinckney","S. Pinckney","WR","","","","injury-status","BYE","-","626.2","-","-","-","-","-","-","-","-","-","-","-"
"2742","J. Shirden","J. Shirden","RB","","","","injury-status","BYE","-","515.5","-","-","-","-","-","-","-","-","-","-","-"
"2743","J. Plummer","J. Plummer","QB","","","","injury-status","BYE","-","526.2","-","-","-","-","-","-","-","-","-","-","-"
"2744","N. Peat","N. Peat","RB","","","","injury-status","BYE","-","689.3","-","-","-","-","-","-","-","-","-","-","-"
"2745","G. Watson","G. Watson","QB","","","","injury-status","BYE","-","652.0","-","-","-","-","-","-","-","-","-","-","-"
"2746","L. Keys","L. Keys","WR","","","Ques","injury-status questionable","BYE","-","999.0","-","-","-","-","-","-","-","-","-","-","-"
"2747","A. Vinatieri","A. Vinatieri","K","","","","injury-status","BYE","-","690.6","-","-","-","-","-","-","-","-","-","-","-"
"2748","E. Bailey","E. Bailey","RB","","","","injury-status","BYE","-","625.0","-","-","-","-","-","-","-","-","-","-","-"
"2749","Z. Annexstad","Z. Annexstad","QB","","","","injury-status","BYE","-","520.8","-","-","-","-","-","-","-","-","-","-","-"
"2750","K. Johnson","K. Johnson","WR","TB","9","","injury-status","Sun 1:00 PM@ ATL","-","707.0","-","-","-","-","-","-","-","-","-","-","-"
"2751","D. Williams","D. Williams","RB","","","Ques","injury-status questionable","BYE","-","277.0","-","-","-","-","-","-","-","-","-","-","-"
"2752","I. Washington","I. Washington","WR","","","Ques","injury-status questionable","BYE","-","999.0","-","-","-","-","-","-","-","-","-","-","-"
"2753","J. Terrell","J. Terrell","RB","","","","injury-status","BYE","-","559.5","-","-","-","-","-","-","-","-","-","-","-"
"2754","X. Johnson","X. Johnson","WR","","","Ques","injury-status questionable","BYE","-","999.0","-","-","-","-","-","-","-","-","-","-","-"
"2755","D. Wade","D. Wade","WR","BAL","7","IR","injury-status ir","Sun 8:20 PM@ BUF","-","572.0","-","-","-","-","-","-","-","-","-","-","-"
"2756","C. Collier","C. Collier","RB","LV","8","","injury-status","Sun 1:00 PM@ NE","-","276.0","-","-","-","-","-","-","-","-","-","-","-"
"2757","T. Robinson","T. Robinson","WR","","","Ques","injury-status questionable","BYE","-","651.0","-","-","-","-","-","-","-","-","-","-","-"
"2758","E. Jones","E. Jones","QB","ATL","5","IR","injury-status ir","Sun 1:00 PMvs TB","-","403.0","-","-","-","-","-","-","-","-","-","-","-"
"2759","S. Stilianos","S. Stilianos","TE","","","","injury-status","BYE","-","662.8","-","-","-","-","-","-","-","-","-","-","-"
"2760","B. Oliver","B. Oliver","WR","TEN","10","","injury-status","Sun 4:05 PM@ DEN","-","700.5","-","-","-","-","-","-","-","-","-","-","-"
"2761","S. Schnee","S. Schnee","WR","","","","injury-status","BYE","-","460.9","-","-","-","-","-","-","-","-","-","-","-"
"2762","A. Jones","A. Jones","RB","","","","injury-status","BYE","-","676.1","-","-","-","-","-","-","-","-","-","-","-"
"2763","M. Rosemy-Jacksaint","M. Rosemy-Jacksaint","WR","","","","injury-status","BYE","-","999.0","-","-","-","-","-","-","-","-","-","-","-"
"2764","M. Wiley","M. Wiley","RB","","","","injury-status","BYE","-","629.5","-","-","-","-","-","-","-","-","-","-","-"
"2765","C. Yankoff","C. Yankoff","TE","WAS","12","","injury-status","Sun 1:00 PMvs NYG","-","637.3","-","-","-","-","-","-","-","-","-","-","-"
"2766","I. Wooden","I. Wooden","WR","","","","injury-status","BYE","-","698.0","-","-","-","-","-","-","-","-","-","-","-"
"2767","J. Jackson","J. Jackson","WR","LAC","12","","injury-status","Fri 8:00 PMvs KC","-","686.8","-","-","-","-","-","-","-","-","-","-","-"
"2768","M. DiLiello","M. DiLiello","QB","","","","injury-status","BYE","-","696.8","-","-","-","-","-","-","-","-","-","-","-"
"2769","A. Reed","A. Reed","QB","","","","injury-status","BYE","-","370.5","-","-","-","-","-","-","-","-","-","-","-"
"2770","T. Owens","T. Owens","WR","","","","injury-status","BYE","-","683.8","-","-","-","-","-","-","-","-","-","-","-"
"2771","T. Mordecai","T. Mordecai","QB","","","IR","injury-status ir","BYE","-","666.0","-","-","-","-","-","-","-","-","-","-","-"
"2772","X. Weaver","X. Weaver","WR","ARI","8","","injury-status","Sun 1:00 PM@ NO","-","491.5","-","-","-","-","-","-","-","-","-","-","-"
"2773","A. Brown","A. Brown","WR","","","","injury-status","BYE","-","682.7","-","-","-","-","-","-","-","-","-","-","-"
"2774","D. Harper","D. Harper","WR","","","","injury-status","BYE","-","999.0","-","-","-","-","-","-","-","-","-","-","-"
"2775","J. Jones","J. Jones","WR","MIN","6","","injury-status","Mon 8:15 PM@ CHI","-","451.5","-","-","-","-","-","-","-","-","-","-","-"
"2776","T. James","T. James","WR","","","","injury-status","BYE","-","999.0","-","-","-","-","-","-","-","-","-","-","-"
"2777","K. Sheets","K. Sheets","WR","","","","injury-status","BYE","-","999.0","-","-","-","-","-","-","-","-","-","-","-"
"2778","J. Kibodi","J. Kibodi","RB","","","","injury-status","BYE","-","555.0","-","-","-","-","-","-","-","-","-","-","-"
"2779","M. Tipton","M. Tipton","WR","NO","11","","injury-status","Sun 1:00 PMvs ARI","-","694.3","-","-","-","-","-","-","-","-","-","-","-"
"2780","T. Griffin","T. Griffin","WR","","","","injury-status","BYE","-","545.5","-","-","-","-","-","-","-","-","-","-","-"
"2781","R. Keyton","R. Keyton","WR","","","","injury-status","BYE","-","999.0","-","-","-","-","-","-","-","-","-","-","-"
"2782","J. Johnson","J. Johnson","WR","","","Ques","injury-status questionable","BYE","-","677.0","-","-","-","-","-","-","-","-","-","-","-"
"2783","J. Gill","J. Gill","WR","","","Ques","injury-status questionable","BYE","-","426.5","-","-","-","-","-","-","-","-","-","-","-"
"2784","Z. Heins","Z. Heins","TE","","","","injury-status","BYE","-","999.0","-","-","-","-","-","-","-","-","-","-","-"
"2785","L. Johnson","L. Johnson","WR","","","","injury-status","BYE","-","999.0","-","-","-","-","-","-","-","-","-","-","-"
"2786","L. Benson","L. Benson","TE","","","","injury-status","BYE","-","671.4","-","-","-","-","-","-","-","-","-","-","-"
"2787","J. Plumlee","J. Plumlee","QB","","","IR","injury-status ir","BYE","-","654.0","-","-","-","-","-","-","-","-","-","-","-"
"2788","D. Edwards","D. Edwards","RB","","","","injury-status","BYE","-","678.0","-","-","-","-","-","-","-","-","-","-","-"
"2789","C. Bradley","C. Bradley","QB","","","IR","injury-status ir","BYE","-","685.5","-","-","-","-","-","-","-","-","-","-","-"
"2790","J. Foreman","J. Foreman","WR","","","Ques","injury-status questionable","BYE","-","688.0","-","-","-","-","-","-","-","-","-","-","-"
"2791","C. Bauman","C. Bauman","QB","","","","injury-status","BYE","-","651.0","-","-","-","-","-","-","-","-","-","-","-"
"2792","T. Washington","T. Washington","WR","MIA","12","","injury-status","Sun 1:00 PM@ IND","-","612.4","-","-","-","-","-","-","-","-","-","-","-"
"2793","C. Johnson","C. Johnson","WR","","","","injury-status","BYE","-","562.5","-","-","-","-","-","-","-","-","-","-","-"
"2794","T. Palmer","T. Palmer","WR","ARI","8","","injury-status","Sun 1:00 PM@ NO","-","349.7","-","-","-","-","-","-","-","-","-","-","-"
"2795","R. Flournoy","R. Flournoy","WR","DAL","10","","injury-status","Thu 8:20 PM@ PHI","-","999.0","-","-","-","-","-","-","-","-","-","-","-"
"2796","B. Means","B. Means","WR","NO","11","IR","injury-status ir","Sun 1:00 PMvs ARI","-","653.5","-","-","-","-","-","-","-","-","-","-","-"
"2797","A. Morris","A. Morris","RB","","","","injury-status","BYE","-","373.9","-","-","-","-","-","-","-","-","-","-","-"
"2798","R. Griffin","R. Griffin","QB","","","","injury-status","BYE","-","669.4","-","-","-","-","-","-","-","-","-","-","-"
"2799","D. Miller","D. Miller","RB","NYG","14","","injury-status","Sun 1:00 PM@ WAS","-","499.1","-","-","-","-","-","-","-","-","-","-","-"
"2800","C. Smyth","C. Smyth","K","NO","11","","injury-status","Sun 1:00 PMvs ARI","-","633.7","-","-","-","-","-","-","-","-","-","-","-"
"2801","L. Rees-Zammit","L. Rees-Zammit","RB","","","Ques","injury-status questionable","BYE","-","647.3","-","-","-","-","-","-","-","-","-","-","-"
"2802","K. Milton","K. Milton","RB","CIN","10","","injury-status","Sun 1:00 PM@ CLE","-","468.9","-","-","-","-","-","-","-","-","-","-","-"
"2803","K. Slovis","K. Slovis","QB","ARI","8","","injury-status","Sun 1:00 PM@ NO","-","369.8","-","-","-","-","-","-","-","-","-","-","-"
"2804","J. Baker","J. Baker","WR","PHI","9","","injury-status","Thu 8:20 PMvs DAL","-","667.0","-","-","-","-","-","-","-","-","-","-","-"
"2805","C. Schrader","C. Schrader","RB","LAR","8","","injury-status","Sun 4:25 PMvs HOU","-","680.6","-","-","-","-","-","-","-","-","-","-","-"
"2806","J. Wilson","J. Wilson","WR","PHI","9","IR","injury-status ir","Thu 8:20 PMvs DAL","-","659.8","-","-","-","-","-","-","-","-","-","-","-"
"2807","B. Rice","B. Rice","WR","","","","injury-status","BYE","-","697.8","-","-","-","-","-","-","-","-","-","-","-"
"2808","J. Polk","J. Polk","WR","NE","14","IR","injury-status ir","Sun 1:00 PMvs LV","-","681.5","-","-","-","-","-","-","-","-","-","-","-"
"2809","A. Smith","A. Smith","WR","CAR","14","","injury-status","Sun 1:00 PM@ JAX","-","447.3","-","-","-","-","-","-","-","-","-","-","-"
"2810","B. McCoy","B. McCoy","WR","","","","injury-status","BYE","-","689.2","-","-","-","-","-","-","-","-","-","-","-"
"2811","H. Hatten","H. Hatten","WR","","","","injury-status","BYE","-","999.0","-","-","-","-","-","-","-","-","-","-","-"
"2812","D. Holker","D. Holker","TE","","","","injury-status","BYE","-","999.0","-","-","-","-","-","-","-","-","-","-","-"
"2813","T. Knox","T. Knox","TE","","","Ques","injury-status questionable","BYE","-","307.0","-","-","-","-","-","-","-","-","-","-","-"
"2814","T. McLachlan","T. McLachlan","TE","CIN","10","IR","injury-status ir","Sun 1:00 PM@ CLE","-","999.0","-","-","-","-","-","-","-","-","-","-","-"
"2815","E. All","E. All","TE","CIN","10","PUP","injury-status pup","Sun 1:00 PM@ CLE","-","999.0","-","-","-","-","-","-","-","-","-","-","-"
"2816","J. McClellan","J. McClellan","RB","","","","injury-status","BYE","-","615.3","-","-","-","-","-","-","-","-","-","-","-"
"2817","J. Jordan","J. Jordan","RB","HOU","6","","injury-status","Sun 4:25 PM@ LAR","-","573.2","-","-","-","-","-","-","-","-","-","-","-"
"2818","J. Brooks","J. Brooks","RB","CAR","14","PUP","injury-status pup","Sun 1:00 PM@ JAX","-","678.2","-","-","-","-","-","-","-","-","-","-","-"
"2819","D. Johnson","D. Johnson","RB","","","","injury-status","BYE","-","493.5","-","-","-","-","-","-","-","-","-","-","-"
"2820","F. Gore","F. Gore","RB","BUF","7","","injury-status","Sun 8:20 PMvs BAL","-","683.2","-","-","-","-","-","-","-","-","-","-","-"
"2821","B. Watson","B. Watson","RB","","","Ques","injury-status questionable","BYE","-","481.0","-","-","-","-","-","-","-","-","-","-","-"
"2822","J. Travis","J. Travis","QB","","","NA","injury-status na","BYE","-","664.3","-","-","-","-","-","-","-","-","-","-","-"
"2823","M. Pratt","M. Pratt","QB","","","Ques","injury-status questionable","BYE","-","682.0","-","-","-","-","-","-","-","-","-","-","-"
"2824","S. Hartman","S. Hartman","QB","WAS","12","","injury-status","Sun 1:00 PMvs NYG","-","507.1","-","-","-","-","-","-","-","-","-","-","-"
"2825","D. Leary","D. Leary","QB","","","","injury-status","BYE","-","620.0","-","-","-","-","-","-","-","-","-","-","-"
"2826","C. Cota","C. Cota","WR","","","","injury-status","BYE","-","999.0","-","-","-","-","-","-","-","-","-","-","-"
"2827","A. Dykes","A. Dykes","RB","","","","injury-status","BYE","-","636.3","-","-","-","-","-","-","-","-","-","-","-"
"2828","A. Davis","A. Davis","WR","","","","injury-status","BYE","-","999.0","-","-","-","-","-","-","-","-","-","-","-"
"2829","L. Pitts","L. Pitts","TE","","","","injury-status","BYE","-","519.5","-","-","-","-","-","-","-","-","-","-","-"
"2830","L. Pettway","L. Pettway","TE","","","","injury-status","BYE","-","286.0","-","-","-","-","-","-","-","-","-","-","-"
"2831","T. Clinton","T. Clinton","RB","","","","injury-status","BYE","-","626.3","-","-","-","-","-","-","-","-","-","-","-"
"2832","W. Taulapapa","W. Taulapapa","RB","","","","injury-status","BYE","-","474.4","-","-","-","-","-","-","-","-","-","-","-"
"2833","M. Wright","M. Wright","WR","","","Ques","injury-status questionable","BYE","-","999.0","-","-","-","-","-","-","-","-","-","-","-"
"2834","M. Trickett","M. Trickett","K","","","","injury-status","BYE","-","532.9","-","-","-","-","-","-","-","-","-","-","-"
"2835","N. Williams","N. Williams","WR","","","","injury-status","BYE","-","999.0","-","-","-","-","-","-","-","-","-","-","-"
"2836","E. Lee","E. Lee","WR","","","","injury-status","BYE","-","647.0","-","-","-","-","-","-","-","-","-","-","-"
"2837","G. Maag","G. Maag","WR","","","","injury-status","BYE","-","574.5","-","-","-","-","-","-","-","-","-","-","-"
"2838","M. Carter","M. Carter","WR","","","","injury-status","BYE","-","500.0","-","-","-","-","-","-","-","-","-","-","-"
"2839","I. Gathings","I. Gathings","TE","","","Ques","injury-status questionable","BYE","-","665.5","-","-","-","-","-","-","-","-","-","-","-"
"2840","C. Chrest","C. Chrest","WR","","","","injury-status","BYE","-","528.0","-","-","-","-","-","-","-","-","-","-","-"
"2841","J. Kapp","J. Kapp","WR","","","","injury-status","BYE","-","578.0","-","-","-","-","-","-","-","-","-","-","-"
"2842","J. Bonds","J. Bonds","WR","","","","injury-status","BYE","-","675.5","-","-","-","-","-","-","-","-","-","-","-"
"2843","J. Stephens","J. Stephens","TE","DAL","10","IR","injury-status ir","Thu 8:20 PM@ PHI","-","999.0","-","-","-","-","-","-","-","-","-","-","-"
"2844","P. Fant","P. Fant","TE","DAL","10","","injury-status","Thu 8:20 PM@ PHI","-","314.0","-","-","-","-","-","-","-","-","-","-","-"
"2845","J. Cropper","J. Cropper","WR","DAL","10","","injury-status","Thu 8:20 PM@ PHI","-","999.0","-","-","-","-","-","-","-","-","-","-","-"
"2846","D. Durden","D. Durden","WR","","","Ques","injury-status questionable","BYE","-","302.0","-","-","-","-","-","-","-","-","-","-","-"
"2847","J. Barbon","J. Barbon","WR","","","","injury-status","BYE","-","675.0","-","-","-","-","-","-","-","-","-","-","-"
"2848","B. Cobbs","B. Cobbs","WR","","","","injury-status","BYE","-","999.0","-","-","-","-","-","-","-","-","-","-","-"
"2849","B. Johnson","B. Johnson","WR","","","","injury-status","BYE","-","291.0","-","-","-","-","-","-","-","-","-","-","-"
"2850","B. Thompson","B. Thompson","WR","","","","injury-status","BYE","-","301.0","-","-","-","-","-","-","-","-","-","-","-"
"2851","J. Murray","J. Murray","TE","","","Ques","injury-status questionable","BYE","-","666.0","-","-","-","-","-","-","-","-","-","-","-"
"2852","A. Aune","A. Aune","QB","","","","injury-status","BYE","-","615.5","-","-","-","-","-","-","-","-","-","-","-"
"2853","A. Jeffery","A. Jeffery","WR","","","","injury-status","BYE","-","683.2","-","-","-","-","-","-","-","-","-","-","-"
"2854","Z. Ojile","Z. Ojile","RB","","","","injury-status","BYE","-","699.5","-","-","-","-","-","-","-","-","-","-","-"
"2855","E. Merriweather","E. Merriweather","RB","","","Out","injury-status out","BYE","-","681.0","-","-","-","-","-","-","-","-","-","-","-"
"2856","G. Holmes","G. Holmes","WR","","","","injury-status","BYE","-","578.0","-","-","-","-","-","-","-","-","-","-","-"
"2857","D. Drummond","D. Drummond","WR","ATL","5","","injury-status","Sun 1:00 PMvs TB","-","512.0","-","-","-","-","-","-","-","-","-","-","-"
"2858","A. Graham","A. Graham","RB","","","","injury-status","BYE","-","505.5","-","-","-","-","-","-","-","-","-","-","-"
"2859","J. Shenker","J. Shenker","TE","","","","injury-status","BYE","-","605.8","-","-","-","-","-","-","-","-","-","-","-"
"2860","T. Wolff","T. Wolff","K","","","","injury-status","BYE","-","674.0","-","-","-","-","-","-","-","-","-","-","-"
"2861","T. Harrison","T. Harrison","WR","","","","injury-status","BYE","-","523.0","-","-","-","-","-","-","-","-","-","-","-"
"2862","J. Matthews","J. Matthews","WR","","","","injury-status","BYE","-","485.0","-","-","-","-","-","-","-","-","-","-","-"
"2863","K. Leach","K. Leach","TE","","","","injury-status","BYE","-","694.0","-","-","-","-","-","-","-","-","-","-","-"
"2864","T. Grimes","T. Grimes","WR","","","","injury-status","BYE","-","612.3","-","-","-","-","-","-","-","-","-","-","-"
"2865","C. Beasley","C. Beasley","WR","","","","injury-status","BYE","-","683.0","-","-","-","-","-","-","-","-","-","-","-"
"2866","D. Daniels","D. Daniels","WR","","","","injury-status","BYE","-","674.7","-","-","-","-","-","-","-","-","-","-","-"
"2867","N. Adkins","N. Adkins","TE","DEN","12","Out","injury-status out","Sun 4:05 PMvs TEN","-","660.8","-","-","-","-","-","-","-","-","-","-","-"
"2868","I. Bowser","I. Bowser","RB","","","","injury-status","BYE","-","480.0","-","-","-","-","-","-","-","-","-","-","-"
"2869","R. Miller","R. Miller","WR","TB","9","","injury-status","Sun 1:00 PM@ ATL","-","409.0","-","-","-","-","-","-","-","-","-","-","-"
"2870","K. Warner","K. Warner","WR","","","","injury-status","BYE","-","270.0","-","-","-","-","-","-","-","-","-","-","-"
"2871","T. Barber","T. Barber","WR","","","","injury-status","BYE","-","290.0","-","-","-","-","-","-","-","-","-","-","-"
"2872","T. Taula","T. Taula","TE","TB","9","","injury-status","Sun 1:00 PM@ ATL","-","268.0","-","-","-","-","-","-","-","-","-","-","-"
"2873","R. Brown","R. Brown","RB","","","","injury-status","BYE","-","610.6","-","-","-","-","-","-","-","-","-","-","-"
"2874","B. Burmeister","B. Burmeister","WR","","","","injury-status","BYE","-","700.0","-","-","-","-","-","-","-","-","-","-","-"
"2875","N. Henderson","N. Henderson","QB","","","","injury-status","BYE","-","447.7","-","-","-","-","-","-","-","-","-","-","-"
"2876","S. Ryan","S. Ryan","WR","","","","injury-status","BYE","-","659.8","-","-","-","-","-","-","-","-","-","-","-"
"2877","B. Walker","B. Walker","TE","","","","injury-status","BYE","-","694.0","-","-","-","-","-","-","-","-","-","-","-"
"2878","O. Wright","O. Wright","RB","","","","injury-status","BYE","-","677.0","-","-","-","-","-","-","-","-","-","-","-"
"2879","D. Demus","D. Demus","WR","","","","injury-status","BYE","-","650.0","-","-","-","-","-","-","-","-","-","-","-"
"2880","T. Vokolek","T. Vokolek","TE","ARI","8","","injury-status","Sun 1:00 PM@ NO","-","456.0","-","-","-","-","-","-","-","-","-","-","-"
"2881","J. Lumpkin","J. Lumpkin","TE","","","","injury-status","BYE","-","657.0","-","-","-","-","-","-","-","-","-","-","-"
"2882","J. Mims","J. Mims","RB","TEN","10","","injury-status","Sun 4:05 PM@ DEN","-","539.5","-","-","-","-","-","-","-","-","-","-","-"
"2883","T. Shavers","T. Shavers","WR","BUF","7","","injury-status","Sun 8:20 PMvs BAL","-","675.0","-","-","-","-","-","-","-","-","-","-","-"
"2884","J. Blackman","J. Blackman","QB","","","","injury-status","BYE","-","680.3","-","-","-","-","-","-","-","-","-","-","-"
"2885","D. Davis","D. Davis","WR","","","Ques","injury-status questionable","BYE","-","281.0","-","-","-","-","-","-","-","-","-","-","-"
"2886","C. Coleman","C. Coleman","WR","","","","injury-status","BYE","-","272.0","-","-","-","-","-","-","-","-","-","-","-"
"2887","K. Case","K. Case","WR","","","","injury-status","BYE","-","262.0","-","-","-","-","-","-","-","-","-","-","-"
"2888","T. Adams","T. Adams","WR","","","","injury-status","BYE","-","506.0","-","-","-","-","-","-","-","-","-","-","-"
"2889","T. Greaney","T. Greaney","TE","","","","injury-status","BYE","-","260.0","-","-","-","-","-","-","-","-","-","-","-"
"2890","C. Cota","C. Cota","WR","","","","injury-status","BYE","-","690.3","-","-","-","-","-","-","-","-","-","-","-"
"2891","K. Thompson","K. Thompson","WR","","","","injury-status","BYE","-","269.0","-","-","-","-","-","-","-","-","-","-","-"
"2892","J. Vann","J. Vann","WR","","","","injury-status","BYE","-","329.0","-","-","-","-","-","-","-","-","-","-","-"
"2893","T. Luther","T. Luther","WR","","","","injury-status","BYE","-","344.1","-","-","-","-","-","-","-","-","-","-","-"
"2894","E. Jenkins","E. Jenkins","TE","PHI","9","","injury-status","Thu 8:20 PMvs DAL","-","273.0","-","-","-","-","-","-","-","-","-","-","-"
"2895","B. Westfield","B. Westfield","WR","","","","injury-status","BYE","-","696.5","-","-","-","-","-","-","-","-","-","-","-"
"2896","Z. Scott","Z. Scott","RB","MIN","6","Ques","injury-status questionable","Mon 8:15 PM@ CHI","-","628.8","-","-","-","-","-","-","-","-","-","-","-"
"2897","R. Jones","R. Jones","TE","","","","injury-status","BYE","-","566.2","-","-","-","-","-","-","-","-","-","-","-"
"2898","T. DeVito","T. DeVito","QB","NE","14","","injury-status","Sun 1:00 PMvs LV","-","674.3","-","-","-","-","-","-","-","-","-","-","-"
"2899","C. Chrest","C. Chrest","WR","","","","injury-status","BYE","-","429.0","-","-","-","-","-","-","-","-","-","-","-"
"2900","D. Hagans","D. Hagans","RB","","","","injury-status","BYE","-","640.3","-","-","-","-","-","-","-","-","-","-","-"
"2901","J. King","J. King","WR","","","","injury-status","BYE","-","596.7","-","-","-","-","-","-","-","-","-","-","-"
"2902","B. Russell","B. Russell","TE","SEA","8","","injury-status","Sun 4:05 PMvs SF","-","660.0","-","-","-","-","-","-","-","-","-","-","-"
"2903","J. Ngata","J. Ngata","WR","","","","injury-status","BYE","-","251.0","-","-","-","-","-","-","-","-","-","-","-"
"2904","H. Hall","H. Hall","RB","","","","injury-status","BYE","-","580.9","-","-","-","-","-","-","-","-","-","-","-"
"2905","A. Cruickshank","A. Cruickshank","WR","","","","injury-status","BYE","-","695.6","-","-","-","-","-","-","-","-","-","-","-"
"2906","T. Pitts","T. Pitts","WR","","","Ques","injury-status questionable","BYE","-","636.4","-","-","-","-","-","-","-","-","-","-","-"
"2907","D. Caffrey","D. Caffrey","TE","","","","injury-status","BYE","-","261.0","-","-","-","-","-","-","-","-","-","-","-"
"2908","R. Burns","R. Burns","RB","CHI","5","","injury-status","Mon 8:15 PMvs MIN","-","452.9","-","-","-","-","-","-","-","-","-","-","-"
"2909","S. Jackson","S. Jackson","WR","LV","8","","injury-status","Sun 1:00 PM@ NE","-","374.0","-","-","-","-","-","-","-","-","-","-","-"
"2910","C. Smith","C. Smith","RB","","","","injury-status","BYE","-","511.3","-","-","-","-","-","-","-","-","-","-","-"
"2911","M. Hippenhammer","M. Hippenhammer","WR","","","","injury-status","BYE","-","547.4","-","-","-","-","-","-","-","-","-","-","-"
"2912","P. Murtagh","P. Murtagh","TE","DEN","12","","injury-status","Sun 4:05 PMvs TEN","-","516.8","-","-","-","-","-","-","-","-","-","-","-"
"2913","J. Saylors","J. Saylors","RB","DET","8","","injury-status","Sun 4:25 PM@ GB","-","526.8","-","-","-","-","-","-","-","-","-","-","-"
"2914","I. Winstead","I. Winstead","WR","","","","injury-status","BYE","-","437.5","-","-","-","-","-","-","-","-","-","-","-"
"2915","C. Trahan","C. Trahan","TE","","","","injury-status","BYE","-","421.3","-","-","-","-","-","-","-","-","-","-","-"
"2916","C. Tyler","C. Tyler","RB","","","","injury-status","BYE","-","659.0","-","-","-","-","-","-","-","-","-","-","-"
"2917","T. Lindsey","T. Lindsey","WR","","","","injury-status","BYE","-","395.2","-","-","-","-","-","-","-","-","-","-","-"
"2918","N. Gindorff","N. Gindorff","TE","","","","injury-status","BYE","-","665.3","-","-","-","-","-","-","-","-","-","-","-"
"2919","G. Hebert","G. Hebert","TE","","","","injury-status","BYE","-","676.5","-","-","-","-","-","-","-","-","-","-","-"
"2920","J. Hall","J. Hall","WR","","","","injury-status","BYE","-","461.5","-","-","-","-","-","-","-","-","-","-","-"
"2921","M. Cooper","M. Cooper","RB","","","","injury-status","BYE","-","629.2","-","-","-","-","-","-","-","-","-","-","-"
"2922","H. Ahlers","H. Ahlers","QB","","","","injury-status","BYE","-","328.2","-","-","-","-","-","-","-","-","-","-","-"
"2923","T. Morgan","T. Morgan","QB","","","","injury-status","BYE","-","394.8","-","-","-","-","-","-","-","-","-","-","-"
"2924","C. McDonald","C. McDonald","TE","","","","injury-status","BYE","-","660.0","-","-","-","-","-","-","-","-","-","-","-"
"2925","H. Pearson","H. Pearson","RB","","","","injury-status","BYE","-","699.5","-","-","-","-","-","-","-","-","-","-","-"
"2926","D. Watts","D. Watts","WR","","","","injury-status","BYE","-","700.0","-","-","-","-","-","-","-","-","-","-","-"
"2927","J. Honigford","J. Honigford","TE","","","","injury-status","BYE","-","582.5","-","-","-","-","-","-","-","-","-","-","-"
"2928","M. Flowers","M. Flowers","WR","","","","injury-status","BYE","-","643.9","-","-","-","-","-","-","-","-","-","-","-"
"2929","J. Marshall","J. Marshall","WR","","","","injury-status","BYE","-","653.0","-","-","-","-","-","-","-","-","-","-","-"
"2930","K. Harris","K. Harris","WR","","","Ques","injury-status questionable","BYE","-","456.5","-","-","-","-","-","-","-","-","-","-","-"
"2931","Z. Malone","Z. Malone","WR","","","","injury-status","BYE","-","697.0","-","-","-","-","-","-","-","-","-","-","-"
"2932","D. Arias","D. Arias","WR","","","","injury-status","BYE","-","482.0","-","-","-","-","-","-","-","-","-","-","-"
"2933","R. Awatt","R. Awatt","RB","","","","injury-status","BYE","-","641.5","-","-","-","-","-","-","-","-","-","-","-"
"2934","K. Laborn","K. Laborn","RB","","","","injury-status","BYE","-","537.7","-","-","-","-","-","-","-","-","-","-","-"
"2935","J. Colletto","J. Colletto","RB","","","","injury-status","BYE","-","620.1","-","-","-","-","-","-","-","-","-","-","-"
"2936","S. Wyatt","S. Wyatt","WR","","","","injury-status","BYE","-","690.5","-","-","-","-","-","-","-","-","-","-","-"
"2937","D. Winn","D. Winn","QB","","","","injury-status","BYE","-","355.9","-","-","-","-","-","-","-","-","-","-","-"
"2938","T. DeMorat","T. DeMorat","QB","","","","injury-status","BYE","-","678.0","-","-","-","-","-","-","-","-","-","-","-"
"2939","Z. Bowens","Z. Bowens","WR","","","","injury-status","BYE","-","596.8","-","-","-","-","-","-","-","-","-","-","-"
"2940","J. Sample","J. Sample","WR","","","","injury-status","BYE","-","541.3","-","-","-","-","-","-","-","-","-","-","-"
"2941","B. Tremayne","B. Tremayne","WR","CAR","14","","injury-status","Sun 1:00 PM@ JAX","-","505.0","-","-","-","-","-","-","-","-","-","-","-"
"2942","C. Sims","C. Sims","TE","","","","injury-status","BYE","-","646.3","-","-","-","-","-","-","-","-","-","-","-"
"2943","T. Hudson","T. Hudson","WR","","","","injury-status","BYE","-","576.0","-","-","-","-","-","-","-","-","-","-","-"
"2944","C. Dunn","C. Dunn","K","","","","injury-status","BYE","-","510.1","-","-","-","-","-","-","-","-","-","-","-"
"2945","T. Brown","T. Brown","K","","","","injury-status","BYE","-","683.2","-","-","-","-","-","-","-","-","-","-","-"
"2946","L. Taylor","L. Taylor","TE","","","Ques","injury-status questionable","BYE","-","688.0","-","-","-","-","-","-","-","-","-","-","-"
"2947","E. Cooks","E. Cooks","WR","PHI","9","","injury-status","Thu 8:20 PMvs DAL","-","689.4","-","-","-","-","-","-","-","-","-","-","-"
"2948","O. Martin","O. Martin","WR","","","","injury-status","BYE","-","652.5","-","-","-","-","-","-","-","-","-","-","-"
"2949","J. Jenkins","J. Jenkins","WR","","","","injury-status","BYE","-","618.0","-","-","-","-","-","-","-","-","-","-","-"
"2950","P. Wilson","P. Wilson","WR","","","","injury-status","BYE","-","552.7","-","-","-","-","-","-","-","-","-","-","-"
"2951","M. Ezeike","M. Ezeike","TE","","","","injury-status","BYE","-","690.0","-","-","-","-","-","-","-","-","-","-","-"
"2952","T. Hoosman","T. Hoosman","RB","","","","injury-status","BYE","-","682.5","-","-","-","-","-","-","-","-","-","-","-"
"2953","T. Bynum","T. Bynum","WR","","","","injury-status","BYE","-","524.2","-","-","-","-","-","-","-","-","-","-","-"
"2954","E. Dotson","E. Dotson","RB","","","","injury-status","BYE","-","677.4","-","-","-","-","-","-","-","-","-","-","-"
"2955","J. Wilson","J. Wilson","TE","","","","injury-status","BYE","-","647.0","-","-","-","-","-","-","-","-","-","-","-"
"2956","S. Barnett","S. Barnett","WR","","","","injury-status","BYE","-","696.0","-","-","-","-","-","-","-","-","-","-","-"
"2957","S. Davis","S. Davis","WR","","","","injury-status","BYE","-","368.4","-","-","-","-","-","-","-","-","-","-","-"
"2958","S. Thompson","S. Thompson","RB","","","","injury-status","BYE","-","682.2","-","-","-","-","-","-","-","-","-","-","-"
"2959","C. McClelland","C. McClelland","RB","","","","injury-status","BYE","-","438.8","-","-","-","-","-","-","-","-","-","-","-"
"2960","T. Hilton","T. Hilton","WR","","","","injury-status","BYE","-","661.2","-","-","-","-","-","-","-","-","-","-","-"
"2961","M. Lewis","M. Lewis","TE","","","","injury-status","BYE","-","656.1","-","-","-","-","-","-","-","-","-","-","-"
"2962","K. Jackson","K. Jackson","WR","","","","injury-status","BYE","-","454.8","-","-","-","-","-","-","-","-","-","-","-"
"2963","B. Potter","B. Potter","K","","","","injury-status","BYE","-","647.2","-","-","-","-","-","-","-","-","-","-","-"
"2964","J. Byrd","J. Byrd","WR","","","","injury-status","BYE","-","608.0","-","-","-","-","-","-","-","-","-","-","-"
"2965","M. Pottebaum","M. Pottebaum","RB","","","","injury-status","BYE","-","672.0","-","-","-","-","-","-","-","-","-","-","-"
"2966","B. Sims","B. Sims","TE","GB","5","","injury-status","Sun 4:25 PMvs DET","-","674.8","-","-","-","-","-","-","-","-","-","-","-"
"2967","C. Johnson","C. Johnson","WR","","","","injury-status","BYE","-","650.2","-","-","-","-","-","-","-","-","-","-","-"
"2968","M. Knowles","M. Knowles","WR","","","","injury-status","BYE","-","597.5","-","-","-","-","-","-","-","-","-","-","-"
"2969","J. Podlesny","J. Podlesny","K","","","","injury-status","BYE","-","670.0","-","-","-","-","-","-","-","-","-","-","-"
"2970","T. Thomas","T. Thomas","WR","","","","injury-status","BYE","-","557.0","-","-","-","-","-","-","-","-","-","-","-"
"2971","K. Allen","K. Allen","WR","","","","injury-status","BYE","-","545.3","-","-","-","-","-","-","-","-","-","-","-"
"2972","A. Martinez","A. Martinez","QB","SF","14","","injury-status","Sun 4:05 PM@ SEA","-","622.5","-","-","-","-","-","-","-","-","-","-","-"
"2973","R. Burns","R. Burns","RB","","","","injury-status","BYE","-","595.5","-","-","-","-","-","-","-","-","-","-","-"
"2974","J. Wayne","J. Wayne","WR","HOU","6","","injury-status","Sun 4:25 PM@ LAR","-","619.2","-","-","-","-","-","-","-","-","-","-","-"
"2975","A. Green","A. Green","WR","","","Ques","injury-status questionable","BYE","-","398.8","-","-","-","-","-","-","-","-","-","-","-"
"2976","C. Dowell","C. Dowell","WR","","","","injury-status","BYE","-","584.8","-","-","-","-","-","-","-","-","-","-","-"
"2977","J. Brooks","J. Brooks","WR","DAL","10","","injury-status","Thu 8:20 PM@ PHI","-","660.3","-","-","-","-","-","-","-","-","-","-","-"
"2978","G. DuBose","G. DuBose","WR","","","Ques","injury-status questionable","BYE","-","496.9","-","-","-","-","-","-","-","-","-","-","-"
"2979","S. Gostkowski","S. Gostkowski","K","","","","injury-status","BYE","-","665.6","-","-","-","-","-","-","-","-","-","-","-"
"2980","R. Bullock","R. Bullock","K","","","","injury-status","BYE","-","584.2","-","-","-","-","-","-","-","-","-","-","-"
"2981","S. Clifford","S. Clifford","QB","","","","injury-status","BYE","-","698.0","-","-","-","-","-","-","-","-","-","-","-"
"2982","D. Prince","D. Prince","RB","NE","14","IR","injury-status ir","Sun 1:00 PMvs LV","-","613.9","-","-","-","-","-","-","-","-","-","-","-"
"2983","M. Landers","M. Landers","WR","","","Ques","injury-status questionable","BYE","-","542.3","-","-","-","-","-","-","-","-","-","-","-"
"2984","A. O'Connell","A. O'Connell","QB","LV","8","IR","injury-status ir","Sun 1:00 PM@ NE","-","682.0","-","-","-","-","-","-","-","-","-","-","-"
"2985","T. Dye","T. Dye","RB","","","","injury-status","BYE","-","696.0","-","-","-","-","-","-","-","-","-","-","-"
"2986","A. Perry","A. Perry","WR","DEN","12","","injury-status","Sun 4:05 PMvs TEN","-","697.0","-","-","-","-","-","-","-","-","-","-","-"
"2987","D. Thompson-Robinson","D. Thompson-Robinson","QB","","","","injury-status","BYE","-","700.0","-","-","-","-","-","-","-","-","-","-","-"
"2988","X. Valladay","X. Valladay","RB","MIN","6","","injury-status","Mon 8:15 PM@ CHI","-","645.0","-","-","-","-","-","-","-","-","-","-","-"
"2989","M. Cunningham","M. Cunningham","WR","","","","injury-status","BYE","-","625.3","-","-","-","-","-","-","-","-","-","-","-"
"2990","A. Quevedo","A. Quevedo","K","","","","injury-status","BYE","-","664.0","-","-","-","-","-","-","-","-","-","-","-"
"2991","S. Bennett","S. Bennett","QB","LAR","8","","injury-status","Sun 4:25 PMvs HOU","-","688.5","-","-","-","-","-","-","-","-","-","-","-"
"2992","T. Benjamin","T. Benjamin","WR","","","","injury-status","BYE","-","682.6","-","-","-","-","-","-","-","-","-","-","-"
"2993","M. Sanu","M. Sanu","WR","","","","injury-status","BYE","-","580.5","-","-","-","-","-","-","-","-","-","-","-"
"2994","M. Jones","M. Jones","WR","","","","injury-status","BYE","-","685.9","-","-","-","-","-","-","-","-","-","-","-"
"2995","M. Ibrahim","M. Ibrahim","RB","","","","injury-status","BYE","-","286.0","-","-","-","-","-","-","-","-","-","-","-"
"2996","R. Tannehill","R. Tannehill","QB","","","","injury-status","BYE","-","579.7","-","-","-","-","-","-","-","-","-","-","-"
"2997","L. Miller","L. Miller","RB","","","","injury-status","BYE","-","410.0","-","-","-","-","-","-","-","-","-","-","-"
"2998","B. Bolden","B. Bolden","RB","","","","injury-status","BYE","-","560.4","-","-","-","-","-","-","-","-","-","-","-"
"2999","N. Foles","N. Foles","QB","","","","injury-status","BYE","-","674.0","-","-","-","-","-","-","-","-","-","-","-"
"3000","M. Duggan","M. Duggan","QB","","","","injury-status","BYE","-","636.6","-","-","-","-","-","-","-","-","-","-","-"
"3001","J. Wayne","J. Wayne","WR","","","","injury-status","BYE","-","485.0","-","-","-","-","-","-","-","-","-","-","-"
"3002","J. Mingo","J. Mingo","WR","DAL","10","IR","injury-status ir","Thu 8:20 PM@ PHI","-","671.2","-","-","-","-","-","-","-","-","-","-","-"
"3003","B. Willis","B. Willis","TE","SF","14","","injury-status","Sun 4:05 PM@ SEA","-","594.9","-","-","-","-","-","-","-","-","-","-","-"
"3004","R. Bell","R. Bell","WR","DET","8","","injury-status","Sun 4:25 PM@ GB","-","598.9","-","-","-","-","-","-","-","-","-","-","-"
"3005","C. Tune","C. Tune","QB","GB","5","","injury-status","Sun 4:25 PMvs DET","-","336.0","-","-","-","-","-","-","-","-","-","-","-"
"3006","K. McIntosh","K. McIntosh","RB","SEA","8","IR","injury-status ir","Sun 4:05 PMvs SF","-","663.0","-","-","-","-","-","-","-","-","-","-","-"
"3007","J. Haener","J. Haener","QB","NO","11","","injury-status","Sun 1:00 PMvs ARI","-","688.0","-","-","-","-","-","-","-","-","-","-","-"
"3008","C. Peoples","C. Peoples","RB","","","","injury-status","BYE","-","660.3","-","-","-","-","-","-","-","-","-","-","-"
"3009","C. Latu","C. Latu","TE","PHI","9","","injury-status","Thu 8:20 PMvs DAL","-","586.8","-","-","-","-","-","-","-","-","-","-","-"
"3010","I. Smith-Marsette","I. Smith-Marsette","WR","NYG","14","","injury-status","Sun 1:00 PM@ WAS","-2","676.0","1","5","-","-","-","-","-","-","-","-","-"
"3011","C. Patterson","C. Patterson","RB","","","","injury-status","BYE","-2","690.6","3","12","-","1","-","7","-","-","-","-","-"